:020000040000fa
:10000000f8ff03207dcf0200ef750200c78b0200ce
:10001000dfad0200dfb202004bcc020000000000a6
:10002000000000000000000000000000f36d02006e
:1000300077a3020000000000f36d0200f36d0200e0
:10004000f36d0200f36d0200f36d0200f36d020028
:10005000f36d0200f36d0200f36d0200f36d020018
:10006000f36d0200f36d0200f36d0200f36d020008
:100070001d510300b9490300f36d0200f36d020046
:10008000f36d0200f36d0200b53b0300f36d020057
:10009000f36d0200f36d0200f36d0200f36d0200d8
:1000a000f9dc0000f36d0200f36d0200f36d020055
:1000b000f36d0200f36d0200f36d0200a7870300e9
:1000c000b1870300f36d0200f36d0200f36d0200cf
:1000d000f36d0200f36d0200f36d0200f36d020098
:1000e000f36d0200f36d020000000000000000004c
:1000f00000000000f36d0200f5f60100f5f60100c6
:10010000f5f60100f5f60100790f0300790f030001
:10011000790f0300790f0300f36d0200f36d020005
:10012000f36d0200f36d0200f36d0200f36d020047
:10013000f36d0200f36d0200f36d0200f36d020037
:10014000f36d0200f36d0200f36d0200f36d020027
:10015000f36d0200f36d0200f36d0200f36d020017
:10016000f36d0200f36d0200f36d0200f36d020007
:10017000f36d0200f36d0200f36d0200f36d0200f7
:10018000f36d0200f36d0200f36d0200f36d0200e7
:100190008d5b0300f36d0200f36d0200f36d02004e
:1001a000f36d0200f36d0200f36d0200f36d0200c7
:1001b000f36d0200f36d0200f36d0200f36d0200b7
:1001c000f36d0200f36d0200f36d0200f36d0200a7
:1001d000f36d0200f36d0200f36d0200f36d020097
:1001e000f36d0200f36d0200f36d0200195d030070
:1001f000a1980100f36d0200f36d0200f36d02009f
:10020000f36d0200f36d0200f36d0200f36d020066
:10021000f36d0200f36d0200f36d0200f36d020056
:10022000f36d0200f36d0200f36d0200f36d020046
:10023000f36d0200f36d0200f36d0200f36d020036
:10024000f36d0200f36d0200f36d0200f36d020026
:10025000f36d0200f36d0200f36d0200f36d020016
:04026000f36d020038
:020000040000fa
:10026400f8b500bff8bc08bc9e4670475937030078
:10027400f8b500bff8bc08bc9e467047353703008c
:020000040000fa
:08028400ec5b01000100000029
:020000040000fa
:10028c00b8fb00201c00000000000000300401201e
:10029c00010000000000000090040120d4000000c8
:1002ac0001000000600c03000000000000000000d2
:1002bc000000000000000000000000000000000032
:1002cc000000000000000000000000000000000022
:1002dc000000000000000000000000000000000012
:1002ec000000000000000000000000000000000002
:1002fc0000000000000000000000000000000000f2
:10030c0000000000000000000000000000000000e1
:10031c0000000000000000000000000000000000d1
:10032c0000000000000000000000000000000000c1
:10033c0000000000000000000000000000000000b1
:10034c0000000000000000000000000000000000a1
:10035c000000000000000000000000000000000091
:10036c000000000000000000000000000000000081
:10037c0000000000000000008d04012001000000be
:10038c0001000000ff000000e482002004000000d7
:10039c000000000038f40020800000000000000085
:1003ac00a8f800204400000000000000e8820020b3
:1003bc00d0110000000000002c04012001000000fe
:1003cc000000000094ee002004000000000000007b
:1003dc004cfc0020100000000000000080ec00200d
:1003ec000c01000000000000b7fb00200100000021
:1003fc000000000034f400200400000000000000a5
:10040c0070f7002050000000000000000cf70020e6
:10041c00040000000000000030f10020a4000000e7
:10042c000000000038f600207400000000000000fe
:10043c0060fc00201000000000000000d0dd002057
:10044c00180200000000000014f3002090000000cf
:10045c00000000001cd900208002000000000000f9
:10046c002cf90020040000000000000034fb0020e8
:10047c0004000000000000005cfc002004000000f0
:10048c00000000004cfd00200400000000000000f3
:10049c00280001201800000000000000e0fc0020f3
:1004ac000c00000000000000f0fb00201800000011
:1004bc0000000000d4fb00201c0000000000000025
:1004cc0040000120040000000000000049fc002056
:1004dc0001000000000000004400012004000000a6
:1004ec0000000000d8050120040000000200fffffe
:1004fc00640501202800000001000000bb0103007e
:10050c00d10101004b020100330203007c02030005
:10051c00dd030300de030300e0030300e10301003d
:10052c00b322010008fc00201800000000000000ad
:10053c00480001200c0000000000000016040120ff
:10054c000200000000000000540001200400000024
:10055c0000000000c8be0020d00700000000000012
:10056c0058000120100000000000000018040120b9
:10057c0002000000000000006800012008000000dc
:10058c000000000038fc00201100000000000000fa
:10059c0098fb00201f0000000000000070000120ec
:1005ac0004000000000000001a04012002000000fa
:1005bc00000000007400012010000000000000008a
:1005cc001c04012002000000000000008400012037
:1005dc0008000000000000001e04012002000000c2
:1005ec00000000008c000120100000000000000042
:1005fc00150401200100000000000000dc050120b2
:10060c000400000001000000640000009c000120b8
:10061c001000000000000000ecfc00200c000000aa
:10062c000000000070fc0020100000000000000022
:10063c002d04012001000000000000002004012016
:10064c000400000000000000ac00012004000000c9
:10065c000000000080fc00201000000000000000e2
:10066c00b00001200c0000000000000028fd00205c
:10067c000a00000000000000bc0001201c0000006b
:10068c000000000024040120020000000000000013
:10069c00d800012008000000000000002e040120fa
:1006ac00010000000000000060f80020480000007d
:1006bc0000000000d0050120060000000200ffff32
:1006cc00e00001200c0000000000000026040120c6
:1006dc000400000000000000ec0001200c000000f1
:1006ec00000000002f0401200100000000000000a9
:1006fc00f8000120040000000000000098ef00202a
:10070c00d800000000000000e8f9002034000000d0
:10071c0000000000fc0001200400000000000000ac
:10072c003104012001000000000000000001012044
:10073c000400000000000000eccc0020400600008b
:10074c0000000000f8fc0020180000000000000071
:10075c00a4f3002090000000000000000401012020
:10076c000c000000000000009cdb002034020000a4
:10077c000000000068e70020680100000000000095
:10078c0032040120010000000000000038fb0020b2
:10079c0060000000000000002a040120020000009c
:1007ac0000000000330401200100000000000000e4
:1007bc001cfa00202c00000000000000c89e002045
:1007cc000010000000000000ecf8002040000000c9
:1007dc000000000034fd00201000000000000000ac
:1007ec00100101200400000000000000340401206e
:1007fc000100000000000000c8ae0020000800004e
:10080c00000000001401012008000000000000009e
:10081c0070f00020c00000000000000044fd00202b
:10082c00080000000000000010fd00200c0000007b
:10083c0000000000c8b60020000800000000000006
:10084c003504012002000000000000001c01012002
:10085c00080000000000000030f9002040000000fb
:10086c0000000000d4f10020a000000000000000f7
:10087c009e050120020000000100000001000000a4
:10088c0024010120100000000000000037040120aa
:10089c0001000000000000008ced002008010000a9
:1008ac000000000074fa0020280000000000000086
:1008bc00ecfa0020240000000000000034010120ac
:1008cc00040000000000000010fb002024000000c9
:1008dc00000000008c050120120000000100000047
:1008ec0030303a30343a32353a30313a30323a30bc
:1008fc0033000000a00501201000000001000000e2
:10090c00010100002d050300a535030000000100c6
:10091c00acf600206000000000000000380101204f
:10092c000800000000000000140401200100000079
:10093c000000000000000020e45e00000000000049
:10094c00400101200c00000000000000b8940020c1
:10095c00100a00000000000098c600205406000099
:10096c00000000003804012002000000000000001c
:10097c004c0101200c0000000000000050fd002084
:10098c0008000000000000005801012004000000d5
:10099c000000000048fa00202c00000000000000bd
:1009ac005c010120040000000000000058fd002044
:1009bc00080000000000000060010120040000009d
:1009cc00000000003a0401200700000000000000b5
:1009dc009cfa0020280000000000000064010120a7
:1009ec000400000000000000410401200100000090
:1009fc000000000060fd0020080000000000000066
:100a0c0068010120080000000000000042040120e1
:100a1c00050000000000000068fd00200800000038
:100a2c00000000004704012002000000000000004c
:100a3c0070fd00201000000000000000700101207b
:100a4c000400000000000000490401200200000026
:100a5c000000000080fd00200800000000000000e5
:100a6c007401012004000000000000004b04012070
:100a7c0001000000000000007801012008000000c7
:100a8c00000000004c0401200100000000000000e8
:100a9c002206012003000000010000000807ff00ef
:100aac002cd30020ee050000000000008001012086
:100abc000c000000000000001000012006000000e7
:100acc0000000000250601200100000001000000cc
:100adc0001000000e8df0020000200000000000020
:100aec001ad90020020000000000000032fd002096
:100afc0002000000000000008c0101200400000036
:100b0c00000000004d040120010000000000000066
:100b1c00900101200400000000000000d605012017
:100b2c000200000001000000be1500008e04012030
:100b3c000200000001000000ffff000094010120f2
:100b4c00200000000000000020fc00201800000025
:100b5c0000000000b40101200400000000000000af
:100b6c0088fd0020200000000000000010f700208d
:100b7c00600000000000000090fc0020100000004d
:100b8c00000000004e0401200200000000000000e4
:100b9c00a0fc00201000000000000000a8fd0020b8
:100bac001800000000000000b80101200400000043
:100bbc0000000000500401200200000000000000b2
:100bcc00c0fd0020080000000000000052040120bd
:100bdc000200000000000000d0e8002040010000ee
:100bec0000000000bc010120080000000000000013
:100bfc00540401200100000000000000c401012089
:100c0c000800000000000000550401200100000055
:100c1c0000000000cc0101200400000000000000d6
:100c2c00560401200200000000000000c8fd002056
:100c3c00200000000000000058040120010000000a
:100c4c0000000000e8fd002008000000000000008b
:100c5c00590401200100000000000000b005012033
:100c6c00100000000100000000000028000000003f
:100c7c0028000000000000002606012001000000f2
:100c8c000100000002000000e0050120040000004b
:100c9c0001000000200000002706012001000000d8
:100cac000100000001000000f0fd00201800000011
:100cbc0000000000b0fc002010000000000000004c
:100ccc0008fe00200800000000000000d0010120f8
:100cdc00200000000000000010fe0020600000005a
:100cec00000000005a040120010000000000000078
:100cfc00f0010120080000000000000070fe002040
:100d0c000800000000000000f801012004000000b1
:100d1c000000000078fe0020100000000000000021
:100d2c005b0401200100000000000000fc01012018
:100d3c00080000000000000088fe002010000000e9
:100d4c00000000005c040120020000000000000014
:100d5c000402012008000000000000005e040120d5
:100d6c00010000000000000098fe002008000000b8
:100d7c00000000005f0401200300000000000000e0
:100d8c00a0fe00200800000000000000e45e00202f
:100d9c0000240000000000000c02012004000000f0
:100dac0000000000a8fe0020080000000000000069
:100dbc00100201200800000000000000b0fe00201e
:100dcc0008000000000000001802012004000000d0
:100ddc000000000098ee0020000100000000000060
:100dec001c0201200800000000000000b8f40020e4
:100dfc008000000000000000e40501200800000055
:100e0c000100000020000000040000002806012062
:100e1c00010000000100000001000000ec050120b1
:100e2c00080000000100000088130000c80000004a
:100e3c002906012001000000010000000100000053
:100e4c00c0fc0020100000000000000038f500205d
:100e5c00800000000000000062040120010000007e
:100e6c0000000000e8e1002000020000000000008b
:100e7c00b8fe002008000000000000002402012041
:100e8c000800000000000000c4fa00202800000048
:100e9c00000000002c0201200400000000000000f3
:100eac00e8e300200002000000000000c0fe00206b
:100ebc000800000000000000f40501200400000000
:100ecc0001000000485f030018060120020000002a
:100edc0001000000010000002a06012001000000b2
:100eec0001000000010000001a06012006000000ad
:100efc00010000000100ffffffff0000c0f7002011
:100f0c0050000000000000006304012001000000fc
:100f1c00000000001600012002000000000000008c
:100f2c00300201200800000000000000c8fe002074
:100f3c002800000000000000380201202c000000f6
:100f4c0000000000f0fe002008000000000000007f
:100f5c006402012004000000000000006404012071
:100f6c0001000000000000006802012004000000e5
:100f7c0000000000650401200100000000000000da
:100f8c006c0201200400000000000000f8fe0020ac
:100f9c001800000000000000700201200800000092
:100fac0000000000660401200100000000000000a9
:100fbc0078020120080000000000000010ff002053
:100fcc00080000000000000067040120030000007e
:100fdc00000000008002012004000000000000005e
:100fec006a040120010000000000000018ff00202e
:100ffc0008000000000000006b040120030000004a
:10100c00000000008402012010000000000000001d
:10101c0020ff002010000000000000006e040120e2
:10102c00010000000000000030ff0020080000005c
:10103c00000000006f04012001000000000000000f
:10104c009402012008000000000000007004012040
:10105c0001000000000000009c02012004000000c0
:10106c0000000000710401200100000000000000dd
:10107c001e0001200200000000000000a002012060
:10108c00040000000000000038ff002018000000e1
:10109c0000000000a4020120040000000000000079
:1010ac0050ff002008000000000000007204012026
:1010bc000100000000000000a80201200400000054
:1010cc000000000058ff0020080000000000000095
:1010dc00ac02012004000000000000007304012099
:1010ec00010000000000000060ff0020080000006c
:1010fc0000000000b002012004000000000000000d
:10110c00e8e500208001000000000000b40201208e
:10111c00040000000000000068ff00200800000030
:10112c0000000000b80201200800000000000000d0
:10113c0070ff002008000000000000007404012073
:10114c000100000000000000c00201201800000097
:10115c000000000078ff00201800000000000000d4
:10116c00d80201200400000000000000f805012056
:10117c000800000001000000d0070000e803000098
:10118c00c0050120080000000200ffff000601203e
:10119c000800000001000000320000008000000088
:1011ac0008060120040000000200ffff7504012066
:1011bc000100000000000000dc0201200c00000017
:1011cc0000000000260001200200000000000000ca
:1011dc00e80201200c000000000000004afc002086
:1011ec0002000000000000000404012002000000c6
:1011fc000000000074f20020a000000000000000bd
:10120c00f40201200c000000000000000604012084
:10121c000200000000000000760401200100000024
:10122c000000000090ff00200800000000000000fb
:10123c0000030120040000000000000077040120de
:10124c00010000000000000098ff002008000000d2
:10125c000000000004030120040000000000000056
:10126c00780401200200000000000000a0ff002014
:10127c0008000000000000007a04012001000000ba
:10128c00000000000803012008000000000000001e
:10129c007b0401200200000000000000100301206c
:1012ac0004000000000000007d040120010000008b
:1012bc0000000000140301201000000000000000da
:1012cc007e0401200100000000000000a8ff0020a7
:1012dc0008000000000000002403012004000000ae
:1012ec0000000000080401200200000000000000c3
:1012fc00280301200800000000000000b0ff0020bf
:10130c000800000000000000300301200400000071
:10131c0000000000b8ff00200800000000000000e2
:10132c007f040120010000000000000034030120b4
:10133c000400000000000000c0ff002008000000b6
:10134c0000000000380301200c0000000000000029
:10135c00c8ff00200800000000000000440301202a
:10136c000400000000000000d0ff00200800000076
:10137c00000000002b06012001000000010000000d
:10138c00010000000c060120040000000200ffff19
:10139c004803012008000000000000008004012028
:1013ac0001000000000000005003012010000000ac
:1013bc00000000000a0401200200000000000000f0
:1013cc0081040120010000000000000060030120e6
:1013dc000400000000000000820401200200000054
:1013ec0000000000640301200c000000000000005d
:1013fc0010ea0020700200000000000070030120c1
:10140c000400000000000000d8ff002008000000cd
:10141c000000000074030120080000000000000020
:10142c002c0601200100000001000000010000005a
:10143c007c030120080000000000000070f900206f
:10144c00780000000000000084030120340000003c
:10145c00000000000c04012004000000000000004b
:10146c008404012001000000000000001004012091
:10147c0002000000000000008504012001000000b3
:10148c000000000018000120060000000000000011
:10149c00b80301200400000000000000e0ff002061
:1014ac000800000000000000bc0301200800000040
:1014bc0000000000e8ff0020080000000000000011
:1014cc00c403012004000000000000008604012079
:1014dc0001000000000000002000012006000000b8
:1014ec000000000087040120010000000000000043
:1014fc00120401200200000000000000d0fc0020bb
:10150c001000000000000000c803012004000000cf
:10151c0000000000f0ff00200800000000000000a8
:10152c002d06012001000000010000000100000058
:10153c00200601200200000001000000ffff000057
:10154c00b8f5002080000000000000008804012095
:10155c000100000000000000f8ff0020080000005f
:10156c0000000000cc03012004000000000000007b
:10157c00000001200800000000000000d003012042
:10158c000800000000000000890401200100000098
:10159c0000000000d803012004000000000000003f
:1015ac0010060120040000000100000032000000c1
:1015bc002e060120020000000100000001010000c5
:1015cc00c805012008000000010000000100000017
:1015dc0000000000dc0301200800000000000000f7
:1015ec000800012008000000000000008a0401200f
:1015fc000100000000000000e403012008000000ce
:10160c00000000008b04012002000000000000001c
:10161c00ec0301200c000000000000001406012067
:10162c00040000000100000001000000f80301208c
:10163c00040000000000000010f800205000000022
:10164c0000000000fc03012004000000000000006a
:10165c000004012004000000000000001cfd00201c
:10166c000c00000000000000000000000000000062
:10167c0066666666666666666666666666666666fe
:020000040000fa
:04168c000120704782
:020000040000fa
:101690002de9f04fa9b005460c46022840f32682fa
:1016a0009b49606836f0dbfa002800f0a580032d26
:1016b00041f307809749606836f0d1fa002800f0be
:1016c000e6809549606836f0cafa002800f0cc81bf
:1016d00066689249304636f0c2fa002800f00e8261
:1016e0008f49304636f0bbfa002800f00f828d4952
:1016f000304636f0b4fa002840f0e482022d1cddba
:10170000a6688949304636f0aafa002800f01e8201
:101710008649304636f0a3fab0fa80f67609032df2
:1017200040f31c82e06831f0d8fc0146431e622b76
:1017300000f20e8230462df02ffe7d4b18787d4b47
:101740001b6800937c4b1b687c4a7d49002808bfbe
:101750000a467c4900202df053f97b4bd3e9003435
:10176000cde90a34234306d0784bd3e9006756ea23
:10177000070340f0f681764900202df041f9754bc2
:101780001b680593744b1b680493744b1b6803938d
:10179000734b1b680293734b1b68019300200090ee
:1017a000714b1b68714a126871492df029f9714b10
:1017b000d3e90045b5f1ff3f08bfb4f1ff3f00f0aa
:1017c00047826d4b1e6850a3d3e90023204629466b
:1017d00034f086f8cde902234ba3d3e90023204659
:1017e000294634f07df8cde90001324663490020f6
:1017f0002df006f9012483e000221146a06836f09e
:1018000009fc0646032d0adc012512a831f020fe52
:10181000044658b95a492df0f3f8012470e000222b
:101820001146e06836f0f6fb85b2eee7554b1968d5
:101830000131196000237001f70e801b67eb03076d
:101840007a0242ead0524fea402e17461eeb0600bb
:1018500043eb07074fea871e4eea906e8201101a8b
:101860006eeb0707801947eb0303129a821813984f
:1018700040eb030328461ff0c1fa2df0c3fd009092
:1018800033462a46404900202df0baf838e0a068d7
:1018900028f064f906460f4600221146e06836f04b
:1018a000b9fb8046042d14dc4ff00109002200230f
:1018b000cde9102356ea070313d0b8f1000f1ad070
:1018c00010a831f0c5fd002868d130492df098f8f6
:1018d00015e000221146206936f09cfb1ffa80f9c2
:1018e000e4e7a2682a4900202df08af8294900205f
:1018f0002df086f803e0284900202df081f801241e
:10190000204629b0bde8f08f00ca9a3b00000000d5
:101910001c45000064450000a44600001447000078
:101920003047000050470000f443000034470000f7
:1019300073040120ac02012000060120d443000002
:10194000e44300008447000048ff002088ff002097
:10195000184800009c02012070020120d4020120de
:10196000d0020120b002012098020120940201203f
:1019700040480000c005012038020120084900004d
:1019800024450000d80201203c450000004600002c
:101990006c45000094450000c44500001098b24b0f
:1019a000c01811994ff0000343eb010132463b464a
:1019b000801947eb010133f093ff00fb07f301fbb4
:1019c0000631a0fb06450d44a84b1968013119608a
:1019d000cdf81080cde9024500220023cde9002397
:1019e00032463b46484618f081fa82464a46a049ac
:1019f00000202df005f8304639462ef007fda8fbf3
:101a0000062308fb0733171943eb050650462df054
:101a1000f9fc089092a3d3e900233846314633f00d
:101a20005fffcde906238ea3d3e900233846314674
:101a300033f056ffcde9040189a3d3e90023204602
:101a4000294633f04dffcde9022385a3d3e90023d6
:101a50002046294633f044ffcde90001424685493e
:101a600000202cf0cdff4ae7a06828f077f8064662
:101a70000f46032d0edc012556ea070311d1a2689b
:101a80007d4900202cf0bcff7c4900202cf0b8ffe1
:101a9000012435e700221146e06836f0bbfa85b232
:101aa000eae7774b19680131196000240494002299
:101ab0000023cde90223cde9002332463b462846e8
:101ac00018f014fa80462a466e4920462cf098fffa
:101ad000304639462ef09afc40462df093fc0246e3
:101ae000694920462cf08cff012409e702283ff4c5
:101af000efad022d00f0ef80002401e72af014fb87
:101b0000624900202cf07cff0124f9e6022d0edd55
:101b1000a4685f49204636f0a2f8a8b15d49204686
:101b200036f09df8b0fa80f040095b4b18705a4bc4
:101b300019785a4a5a4b002908bf1a4659490020b9
:101b40002cf05eff0124dbe60120eee70126e6e54e
:101b5000554900202cf054ff0124d1e6534b19685d
:101b6000e8e5534bd3f80080d3f804904fea89039b
:101b70004fea880043ea987110eb080041eb090135
:101b8000cb0043ea5073c200b2eb080063eb0901db
:101b90000b0143ea1073020112eb080043eb090149
:101ba0000b0143ea1073020110461946dde90a45ac
:101bb00022462b4633f094fe82466b01600143ead5
:101bc000d461001b61eb05018b0043ea9073820036
:101bd00019461019cde90a4545eb0101cb0043ea4e
:101be0005073c2001046194632463b4633f078fe29
:101bf0000546304ba3fb0a235b09642202fb13a2b8
:101c0000039202934fea49134fea481043ead8611e
:101c1000b0eb080061eb09018b0043ea907382008e
:101c200012eb080043eb0901cb0043ea5073c200fa
:101c30001046194632463b4633f052fe0190cdf82d
:101c400000802b460a9a1c4900202cf0d9fe96e50c
:101c50001a4b1a681a4900202cf0d2fe01244fe6d4
:101c600000ca9a3b00000000ffc1eb0bf805012001
:101c700038460000544600006c450000a8460000ad
:101c8000fc050120e4460000044700001c4700005a
:101c9000f4430000344700006c040120a843000016
:101ca000bc430000384700005847000000060120f0
:101cb00060ff00201f85eb51bc4700003802012067
:101cc000dc480000022d7ff714afb249606835f0a0
:101cd000c6ff002839d06668af49304635f0bfffef
:101ce000002840f0d580032d57dc032d00f08a80ba
:101cf000aa4c01260025aa49204635f0b0ff00284d
:101d000000f0aa80a749204635f0a9ff002800f07e
:101d1000a380a549204635f0a2ff002840f0b180fd
:101d2000a24b53f825300421187833f041f90028ec
:101d300050d09f4a0123ab4011780b4313709d4b49
:101d400000200021c3e900016ce0a5689a492846fb
:101d500035f085ffe8b19949284635f080ffb0faa3
:101d600080f0400929f0ccf9a4689349204635f069
:101d700076ff80b19149204635f071ff8e4a884b3d
:101d8000002818bf1a468e4900202cf039fe012485
:101d9000b6e50120e6e7884af5e700221146e0684b
:101da00036f038f90646451e012d24d8a46882492c
:101db000204635f054ff28b18049204635f04fffca
:101dc000002898d1794b53f825300421187833f046
:101dd000eff8d0b9754b53f825301c78204636f013
:101de0001ffa30f087ff03462246764900202cf088
:101df00007fe012484e50246734900202cf000fe12
:101e000001247de501260025d0e7694a012101fa78
:101e100005f0137823ea00031370644b53f8250090
:101e200033f0e0f8614b53f825301a78604b1b789b
:101e3000eb4013f0010f5c4b18bf1c46019400925d
:101e4000624a634b002d08bf1346324661490020a9
:101e50002cf0d6fd012453e55549012303fa05f280
:101e60000b7823ea02030b70504f002157f825002e
:101e700033f0b8f857f825300421187835f0e8fa2f
:101e8000d0e72246544900202cf0bafd012437e562
:101e90005249304635f0e3fe70b35149304635f0d3
:101ea000defe002849d1022d43dda6684d493046ab
:101eb00035f0d5fe20b34c49304635f0d0fe002831
:101ec00037d1032d0edde4683b49204635f0c7fecf
:101ed000002800f0bf823949204635f0c0fe0028b6
:101ee00000f0b882002036f0fdfa2d4a3f4900206c
:101ef0002cf086fd012403e528f08afc0124ffe490
:101f0000032d0ddde4682c49204635f0a8fe70b1a4
:101f10002a49204635f0a3feb0fa80f0400900e0df
:101f2000012035f09ffd1ef0affb0124e8e4012005
:101f3000f7e71ef0a9fb0124e2e42d49304635f015
:101f40008efe002840f0aa83022d0bdd00221146f0
:101f5000a06836f05ff8a0f10802264b9a4212d82a
:101f6000254b1860244b1a68244900202cf048fdaa
:101f7000234bd3e90023134348d1224900202cf0fe
:101f80003ffd0124bce4204900202cf039fd012450
:101f9000b6e400bf3849000058490000fc43000087
:101fa000f84300008c4900001044000028ff002086
:101fb0006e04012030ff0020f4430000344700008d
:101fc0003c490000ec4900005c490000004400006e
:101fd00008440000cc490000904900000c4a000071
:101fe000144a0000184a0000204a0000244a000059
:101ff0003c4a000038420f0004060120904a0000cd
:1020000040ff0020d04a0000444a0000ac4b1b684f
:10201000ac4ad2e900455b08a3fb040103fb0511b0
:10202000a5a3d3e9002333f05bfc0246a6490020b8
:102030002cf0e6fca1e7a549a06835f010feb0fa47
:1020400080f35b09a24a13700028a24aa24b18bf72
:102050001a46a24ba249002818bf0b46a1490020ee
:102060002cf0cefc01244be414a825f0edfb9e4b94
:1020700018789e4b19789e4b9e4a002908bf13463c
:102080009d4a9e49002808bf0a469d4900202cf021
:10209000b7fc9df850009df85110bdf852300093e8
:1020a0008c4b8d4a012918bf1346964a9649002841
:1020b00008bf0a46954900202cf0a2fcdde9180172
:1020c0002ef0a4f9924900202cf09afc914b1b6849
:1020d00001931c9b00931b9b1a9a8f4900202cf0a4
:1020e0008ffc8e4b1b688e4a12688e4900202cf0a4
:1020f00087fc8d4b1b6802938c4b1b6801938c4ba8
:102100001b6800938b4b1b688b4a12688b4900201d
:102110002cf076fc8a4b1b68002b00f01882884b51
:102120001b68072b00f2ce81854b19680c461a6894
:102130000b46844900202cf063fc834900202cf0de
:102140005ffc002c40f0cb8101e2804bd3e90023ff
:10215000b9eb04006aeb050129f022f802467c493c
:1021600000202cf04dfc80e2239c2346794900207e
:102170002cf046fc1d9ee5171f9fddf878904fea76
:10218000e67b4fea4b1c73014cead6629b1b62eb69
:102190000b024fea820c4cea937c4fea830e1eeb53
:1021a00006004ceb0b01cb0043ea5073c200104613
:1021b000194622462b4628f0f3ff80464feae97b7a
:1021c0004fea4b1c4fea49134cead962b3eb0903bf
:1021d00062eb0b024fea820c4cea937c4fea830ecf
:1021e0001eeb09004ceb0b01cb0043ea5073c2001d
:1021f0001046194622462b4628f0d2ff0390cdf810
:1022000008904feae77a4fea4a1c7b014cead76212
:10221000db1b62eb0a024fea820c4cea937c4fea2a
:10222000830e1eeb07004ceb0a01cb0043ea507310
:10223000c2001046194622462b4628f0b1ff0190f5
:10224000009743463246444900202cf0d9fb209e9b
:10225000219fddf888b04ff0000a5a4653463046b9
:10226000394633f03dfb804689467a01730142eae4
:10227000d6619b1b61eb07018a0042ea93729800ca
:102280001146801947eb0101cb0043ea5073c200ad
:10229000104619465a46534633f022fb22462b4637
:1022a00033f01efbcde9000142464b462b49504618
:1022b0002cf0a6fbdde100bf00ca9a3b0000000045
:1022c0000406012040ff0020b84a0000dc4a00005c
:1022d000700401201844000058440000204400000d
:1022e000fc430000e44a00006c0401207204012059
:1022f000f4430000f8430000a8430000bc43000082
:10230000004b00006044000064440000204b0000cb
:10231000d04a000050020120544b0000400201202e
:1023200058020120a04b0000a4020120c00201209d
:10233000c4020120c8020120cc020120e84b0000a9
:10234000b4020120444c00007c4c000088ff0020b7
:102350007c4e0000b44e0000f04e0000344f0000f0
:10236000414a4249096801910092042240490020f3
:102370002cf046fb3f4b18783f4b1b683f4a4049c7
:10238000002808bf0a463f4900202cf039fb3e4b8d
:10239000d3e9002310461946002a73f1000449dbf3
:1023a0003a4cd4e90067002a73f10003384c394bea
:1023b000a8bf1c46384b1b68384a12680692384a38
:1023c0001268059204934ff47a72002333f088fa6e
:1023d000cde90201009432463b46324900202cf000
:1023e0000ffb314bd3e9000150ea010326d12f4bfb
:1023f0001c78e4b22e4b1d682e49d1e9006718a362
:10240000d3e90023d1e9000133f06afacde90223d0
:1024100013a3d3e900233046394633f061facde9fe
:1024200000012b462246244900202cf0e9fa012421
:10243000fff766ba504263eb4301b1e74ff47a729b
:10244000002333f04dfa02460b461c4900202cf0c5
:10245000d7facce7012036f045f8194a46e500bf27
:1024600000ca9a3b00000000a4440000740201204e
:10247000884f00006904012078020120d844000040
:10248000f0440000c84f000068ff002050ff00200b
:10249000144500001845000004060120b802012080
:1024a000bc0201200850000070ff002068040120d9
:1024b0008002012010ff00209050000064500000b6
:1024c000f4430000864b1a680823864900202cf04c
:1024d00097fa854900202cf093fa08231c46002621
:1024e000274600bf06eb4604804b03eb0414d4f8e8
:1024f00028c0d4e902abd4e90001cde90a01d4e94e
:102500000601d4e90423cde90c23d4e90689d4e9f2
:102510000823b8eb020469eb030504940595dde993
:102520000c45021b61eb050302920393dde90a01ee
:10253000baeb00026beb0103009201936346324653
:102540006b4900202cf05cfa0136be42cad3694bbd
:1025500019685868002301f001021343664b674a6b
:1025600008bf1346029300910190654b1a686549b4
:1025700000202cf045fa644b1a68644900202cf0c6
:102580003ffa634b1b680193624b1b680093624bdd
:102590001b68624a1268624900202cf031fa614bd4
:1025a0001968586844014a0144ead163521a63eb3e
:1025b00000039c0044ea9274950023466a1840eb9d
:1025c0000303d90041ea5271d00002460b46564936
:1025d000d1e9000128f0e4fd0346544a1268544949
:1025e00000202cf00dfa33f08bf881468a46514bcf
:1025f000d3e90045231a0e9365eb01030f934e4b6d
:102600001a784e4e4e4b002a08bf1e464d4b1a7884
:102610004a4f4b4b002a08bf1f464b4b19684b4a89
:102620004b4bb1f1ff3f0cbf904698463d4bd3e971
:102630000023dde90e0128f0b3fd02900e9b01930b
:10264000cdf800803b463246424900202cf0d8f9b4
:10265000414b1b784bb1414a4ff0ff33dde90e018e
:10266000904271eb0303fff670ad229a002a7ff4cb
:102670007bad3b4b1a683b4900202cf0c1f93a4b2b
:102680001b683a4a1278002a7ff46aae384a1078fa
:10269000384a3949002808bf0a4662e6022d06dd9d
:1026a0003649606835f0dbfa00283ff4c4ac3449a1
:1026b000606835f0d4fa00283ff4d6ac0024fff768
:1026c0001fb93049606835f0cafa00287ff400a8c5
:1026d000a06827f043fa06460f460125fff7ccb95c
:1026e000b4020120444c00007c4c0000e8e50020ce
:1026f000c44c000058ff0020684400007c440000e7
:1027000048020120f44c00004c020120484d00001a
:10271000d8fe0020e0fe0020d0fe00203002012084
:102720007c4d000088ff0020c8fe002034020120fc
:10273000e04d000078ff0020740401206044000098
:10274000644400006d040120080601209444000048
:102750009c440000204e000063040120402bfeff3b
:1027600064020120604f00007c0201206704012008
:102770006a040120ac440000cc440000d44a0000ac
:08278000f84a0000a446000025
:020000040000fa
:102788002de9f04f8db00f210a2033f053fd029050
:1027980010f0010f40f05d85029b13f0020f40f02e
:1027a8007c850db0bde8f08fd9f8187007f11002dc
:1027b800059213f4007f21d1fb6809933b690a93c2
:1027c80000228df82c2006238df82d30330a43ea99
:1027d8000623adf82e300c2109a82cf011fbc043bc
:1027e80083b2d9f8202012f0040f30d03246414687
:1027f80048462af061ff002840f09a8640462cf0af
:102808009bfe98f80ca04fea1a1a4fea8a03049321
:10281800d9f81ca0baf80220002a00f08c86fd899d
:10282800bb891d44baf800301d445540adb2c74bb2
:10283800d3f800c0bcf1000f00f08086d9f828e07a
:10284800c34b1b68039300239b4610460ee01a46b1
:10285800314640462cf0d4facde7b4f872208242d3
:102868002fd001331bb21c469c452fd9039a52f82e
:102878002440002cf5d094f876200b2af1d094f857
:1028880077100129edd8a16c09b18e45e9d1002a4c
:10289800e3d0b4f87220aa42e3d1daf80010226e2d
:1028a8009142ded1216cfa689142dad1012184f893
:1028b8007710c4f848e0059a204632f0e9f8a346b4
:1028c80022e0bbf1000f08bfa346cae7bbf1000f27
:1028d80000f08380fb68cbf8403001218bf877103b
:1028e800cbf848e0059a584632f0d2f8abf8725067
:1028f800baf80030abf86030baf80230abf86230a2
:10290800dbf80030cbf81030d9f8102093890499ff
:102918005b1a938198f80d40d8f80870d8f80450dd
:102928009bf83f3013f0400f5bd19bf875306ff385
:1029380000038bf875309bf87630002b69d0012b9b
:1029480000f09e801436049aa6eb020a1ffa8afa4f
:10295800aaf1140292b2059214f0010206921abf6b
:10296800aaf1130a1ffa8af2059a039214f0020fc9
:1029780003d0039a013292b20392dbf81c60dbf8b1
:1029880020209642c0f0aa80dbf81810dbf814006b
:10299800091aa6eb020aa1eb0a0a1ffa8af20492a4
:1029a800dbf85820a5eb020a039a002a00f0a98058
:1029b800049a002a00f0a080baf1000fc0f29680b5
:1029c8009245c0f0a780039a04998a1a8a45c0f2f2
:1029d800a180924540f39e808ee06ff00e0100f0da
:1029e80034bc00238bf879309bf83e3013f0020f8b
:1029f8009bd133f023fdbbf87020564b1b6803fbbb
:102a080002f3554aa2fb032300eb9310cbf82400f2
:102a18008be714f0040f1ad114f0100f1dd114f025
:102a2800020f27d00135cbf85850404626f06af8f7
:102a3800abf86a00584631f036f90122122158469f
:102a480009f078fe02238bf876300026e6e30021b1
:102a580058461df073fd0026e0e3cbf854700022c1
:102a68000421584609f066fe002158461df066fd0f
:102a78000026d3e3002158461df060fd0026cde373
:102a880014f0040f40f0c98314f0100f00f0a08573
:102a9800dbf85460b74205d114f0020f40f05585b9
:102aa8000026bbe3cbf8547001220421584609f0f4
:102ab80041fecbf854600026b0e333f0bffcbbf80e
:102ac8007020244b1b6803fb02f3234aa2fb032359
:102ad80000eb9313cbf8243000f056bda2eb060aa6
:102ae8000af1ff3a1ffa8af2049259e703990a4653
:102af800514400293ff768af14f0040f1fd0002697
:102b08008ce3baf1000f05d0baf1000ff4db049a98
:102b18009245f1da14f0060f20d114f0100f00f0ee
:102b28009083023b072b00f2cc81dfe813f02900e9
:102b38003e003e003e003e00ca013e00bd010122ab
:102b48001021584609f0f6fd002667e3e40001204d
:102b5800e0000120e8000120d34d621014f0040fba
:102b680008d09bf83f3043f002038bf83f304ff416
:102b7800006600e00026002158461df0dffc4de30a
:102b8800dbf85460b74205d103238bf876304ff455
:102b980080760be0cbf8547001220421584609f0e6
:102ba800c9fdcbf85460002638e30026dbf8101086
:102bb800dbf808305a1a13d4dbf854003b1a9b1a76
:102bc800002b1dddbbf8742002f40172042a01d128
:102bd800012b0cd000221021584609f0abfd1de353
:102be800dbf80430dbf800001b1a1a44e4e7013074
:102bf800cbf854009bf8753043f002038bf875301e
:102c0800dbf85430dbf80c20881a914249d2dbf803
:102c18000420dbf80010521afb1a0344d318079358
:102c2800002b07dddbf80430dbf800209b1a079a3d
:102c38009a4246d9dbf83830002b40f0a280dbf806
:102c48000c20dbf808309a4200f0d980b8f80e3032
:102c5800bbf86e209a4238bfabf86e30dbf85420d0
:102c6800b8f80e303b449b1a9bb2bbf8641031b9dc
:102c78002bb19bf83e1041f040018bf83e10abf8a9
:102c880064309bf87630042b00f0f080062b40f07f
:102c98001981974240f0c282002158461df04efc2f
:102ca800bce2fb1a03440793002b07dddbf8043072
:102cb800dbf800001b1a0798984202d99142bed04f
:102cc800b8e740f2dc53cbf8343033f0b7fbdbf82d
:102cd8003420c44b1b6803fb02f3c34aa2fb032343
:102ce80000eb9313cbf838309bf83e306ff3451365
:102cf8008bf83e30dbf80c10079b0b44cbf80c30fc
:102d0800dbf8102091420ed893421cd99a1adbf8ae
:102d180054100a44cbf85420cbf81030dbf80420c8
:102d2800934224d313e0dbf80410dbf80000091aff
:102d38000a44934207d99a1adbf854100a44cbf88c
:102d48005420cbf81030dbf80420934205d3dbf88d
:102d58000010511a5b1acbf80c30dbf81030934294
:102d680005d3dbf80010521a9a1acbf810209bf8fa
:102d78007630032b02d0082b7ff461af46f00406af
:102d88005de733f05bfbdbf83830c31a002bfff646
:102d980056afdbf834305b00b3f57a4f28bf4ff4f9
:102da8007a43cbf8343033f049fbdbf834208d4bd1
:102db8001b6803fb02f38c4aa2fb032300eb93136b
:102dc800cbf83830dbf81010dbf80c20881adbf869
:102dd80054301b1acbf85430914207d2dbf8041058
:102de800dbf80000091a5b1acbf85430cbf8102036
:102df8009bf83e3043f080038bf83e301fe79bf88a
:102e08003f3013f0010f19d113f0400f06d19bf892
:102e18003e306ff341038bf83e3017e733f00efb7b
:102e2800bbf870206f4b1b6803fb02f34ff47a72f8
:102e3800b3fbf2f30344cbf82430e8e7dbf8543073
:102e48009f427ff403af9bf8743013f0040f3ff4f4
:102e5800fdae9bf83e306ff341038bf83e309bf894
:102e68003f306ff300038bf83f30efe6974203d013
:102e780014f0200f35d0d1e19bf8743013f0040f13
:102e8800f6d033f0dbfa574b1a6841f2883303fb6c
:102e980002f34ff47a72b3fbf2f30344cbf8303009
:102ea80005238bf87630e3e7dbf8543001339f4293
:102eb80001d00026b2e1002158461df03ffb002654
:102ec800ace1002614f0200f40f0a8819bf8762092
:102ed800a2f10803dbb2012b40f2a081062a00f020
:102ee8009d81059a002a3fd0baf1000f7edd059b2f
:102ef8005344049a934203dda2eb0a039bb2059361
:102f080098f80c301b0908eb83030893dbf81c10b6
:102f1800dbf81830059a52440a44934280f0f48052
:102f28005a1a0132b2eb0a0200f1df801ffa82f866
:102f380001240094434608a80246514448462bf011
:102f480065f90490059aa2eb080300949bb208aabd
:102f5800dbf8141048462bf059f9049b034498b247
:102f6800059b834200f0d980039bcbb19bf8763058
:102f7800033bdbb2022b84bfdbf81c30cbf82030dc
:102f88009bf83e3013f0100f40f0fa809bf83e306b
:102f980043f010038bf83e3013f0080f00f0f68072
:102fa800069b002b00f03a81dbf858300133039a76
:102fb8002a44934240f03281cbf8583046f4806678
:102fc8009bf83f3043f004038bf83f309bf8763092
:102fd800023b032b00f20781dfe813f0ec00f50059
:102fe800fe001501e8000120d34d621098f80c305e
:102ff8001b09caeb830343440893524493b2049acf
:103008009a4228bf1a469246dbf81c10dbf81830a3
:103018008a18934259d25b1a01330493bdf8108081
:1030280001240094434608aa48462bf0eff805907f
:10303800aaeb080300949bb208aadbf814104846d0
:103048002bf0e4f8059a024490b2049baaeb030320
:10305800dbf814201344504586d1dbf8581051444e
:10306800cbf85810cbf81c309bf87620033ad2b234
:10307800022a98bf46f40076dbf85c20b2f1ff3fe5
:103088003ff472afa2eb0a0acbf85ca0bbf8682049
:1030980012eb0a0224d4baf1000f3ff765af1144ce
:1030a800cbf858101344cbf81c30dbf818209342a7
:1030b80006d9dbf81410521ad2431344cbf81c304b
:1030c8004ff0ff33cbf85c304ee7012300935346b3
:1030d80008aa48462bf09af8dbf81c305344bae7a4
:1030e8004ff0ff33cbf85c303ee70af1ff30dbf8f6
:1030f80014209b1ac01a01230093059b08aa0144b7
:1031080048462bf083f82be701230093059b08aa78
:10311800514448462bf07af822e7dbf85c30b3f1eb
:10312800ff3f15d09a4519d2059a02eb0a01bbf860
:103138006820d018814205d88b4203d8a0eb0a0337
:103148009bb20593059babf86830cbf85ca00be706
:10315800cbf85ca0059babf8683005e7bbf86820a6
:103168001a4405980146514491427ff6fdae9245b6
:103178003ff6faaeaaeb03031844abf86800f3e68f
:1031880001221021584609f0d5fa09e7dbb243f0cd
:1031980008038bf83e3033f051f9b14b1a686423b9
:1031a80003fb02f34ff47a72b3fbf2f30344cbf858
:1031b8002c30f5e609238bf8763001221121584688
:1031c80009f0b8fa2ae008238bf876309bf87530b6
:1031d80013f0010f07d021e0dbf854309f4208d0ec
:1031e80006238bf8763001221021584609f0a2fafe
:1031f80014e000221021584609f09cfa0021584694
:103208001df09cf90ae000221021584609f092fab4
:10321800002158461df092f900e00026bbf87a20fc
:10322800324000f08e81dbf87c40002c00f08b816e
:10323800dbf88030d9f82810bbf93c00a047022100
:1032480003e00026eae76ff00d010a22484632f053
:10325800d3f80a2034f036fb814600283ff49caab4
:10326800b9f82c60132eeed9d9f81c8098f80c30d8
:103278001b09042b0bd9b6eb830f0bdbd9f82030d5
:1032880013f400343ff490aa6ff00e01dde76ff0fd
:103298000d01dae76ff00d01d7e7724b1b68002bc1
:1032a8003ff47faa00252b46dff8bc91dff8bca1cc
:1032b800dff8b081e6e033f0c1f8a36ac01a00284d
:1032c800a8bf1026f4e033f0b9f8e36ac01a002862
:1032d800c0f2f48094f87630052b00f08a8110262d
:1032e80087f001023146204609f024faeee033f077
:1032f800a5f8236bc01a0028c0f2e580012214212a
:10330800204609f017fa002120461df017f9b1e010
:1033180094f83e6006f001060121204626f0d2ff0f
:1033280094f83e3043f0010384f83e304ff4805265
:10333800002120462ef0ccfb002e40f09b8094f814
:103348003e306ff3000384f83e300a2384f8763069
:1033580090e033f073f8636ac01a0028c0f28a80dc
:1033680094f876104b1e082b00f28280dfe803f0f9
:103378000541556080688080700094f87830032b90
:1033880040f22b81042384f87830354b1a684ff4c7
:103398007a7303fb02f3aafb03239b091b01236532
:1033a8000221002694f87830013384f87830236db0
:1033b8005b0023652069e268831a9bb2904204d2bd
:1033c80060682768c01b03449bb2606dc01a6065c3
:1033d800b4f864000344a4f8643022610022204653
:1033e80009f0a8f9002e45d0002120461df0a6f8c6
:1033f80040e094f87830022b40f2f18094f83e6077
:1034080006f001031e46002b18bf1421002fc9d156
:103418000122204609f08ef9e4e794f87830042b6d
:1034280040f2df80042384f8763011210026ede78e
:1034380094f87830042b40f2d68014210126e5e771
:1034480094f87830042b40f2d08014210126dde76f
:1034580094f87830042b40f2ca8014210126d5e76d
:10346800e8000120e4000120e0000120d34d6210b3
:10347800002e5ad101352db22b46d8f8002095429e
:10348800bff48fa9d9f8002052f82340002cf1d0be
:1034980094f876300b2bedd094f83e3013f0c0063c
:1034a8001abfdf091026002713f0040f7ff403afbb
:1034b80094f83e3013f0080f7ff405af94f8763097
:1034c800052b3ff414af002e7ff40aaf94f83e307a
:1034d80013f0020f7ff43daf94f83f3013f0400f24
:1034e800c8d094f87630032bc4d132f0a7ff636ab2
:1034f800c01a0028bedb94f8792094f884309a42e8
:103508003ff406af02221021204609f013f932f0e9
:1035180095ffb4f870203b4b1b6803fb02f3aafb32
:10352800032300eb93106062a4e7314600266de7a1
:103538006ff0090189e66ff00e0186e66ff00e0163
:1035480083e6022181e602217fe60135cbf8585057
:10355800b8f80e30abf86e30abf86430404625f062
:10356800d1faabf86a00584630f09dfb01221021d1
:10357800584609f0dff803238bf876309bf83f3084
:1035880013f0400f7ff499aa9bf83e306ff3410384
:103598008bf83e304ff4807640e60135cbf8585032
:1035a800b8f80e30abf86e30abf86430404625f012
:1035b800a9faabf86a00584630f075fb01221221cf
:1035c800584609f0b7f802238bf87630002625e62e
:1035d80014f0020fe1d1002620e60221e1e61221d3
:1035e800dfe61021dde61121dbe61021d9e6112105
:1035f800d7e632f023ff236bc01a0028bff67eae51
:0836080010266de6e800012028
:020000040000fa
:103610002de9f04f2ded028b9bb00f21212032f0d0
:103620000dfe002800f0b8867d4b1b68002b40f390
:10363000b3867c4c0026dff820929fed7b8ab9e3ad
:10364000d4f8c4305d6894f8d1202ab3227c012ad2
:1036500042d0022a61d1b4f93830b3f1ff3f25d00e
:103660000023724a4ff40071b4f9380032f0c4f903
:10367000d4f8bc200221b4f938001ff04dfa30b95b
:10368000d4f8c4301b681b6869492846984706214e
:1036900020462ef055f886e31b681b6865492846ce
:1036a0009847012120462ef04bf87ce304f180027c
:1036b000618a012026f05cff2087b0f1ff3fcfd167
:1036c000d4f8c4301b681b685b4928469847012121
:1036d00020462ef035f866e304f18002618a01206d
:1036e00035f057f8a087b0f1ff3f0ad00023534ac6
:1036f0004ff4807132f0e4fa032120462ef020f8d6
:1037000051e3d4f8c4301b681b684d4928469847dc
:10371000012120462ef014f845e31b681b68494937
:1037200028469847012120462ef00af83be3d4f8ba
:10373000c430d3f804b03b4be31adb1003ebc302f5
:1037400003eb4203c3eb432303eb8343c3f1000ac0
:1037500097e0d4f8c4301b681b683b49584698472b
:10376000042120462df0ecff1de3b4f93c0033f0ba
:10377000abf918e30133c4f89430284633f0b5f9b7
:1037800002460b46d4e9080114f0c3ffc4e908015e
:10379000002f19dba36ae26a511c8b4231d093429d
:1037a00020dc616b01f1010161632cd020e0d4f8d1
:1037b000c4301b685b68254958469847236b013b1a
:1037c000a26a1344236391e07f42a76232f03afe7b
:1037d000c4f88c00002384f8cc30042120462df05e
:1037e000afffd7e75b1a226b13442363a36ae3623c
:1037f0000c3dadb2002d44d0dff858804ff4c867bf
:1038000036e0934206d1d4f8c4301b681b681049d7
:1038100058469847a36ae26a9342e9dde7e700bfaa
:103820000001012098ef002000007a441d7c030075
:10383000b42301006c23010090230100077c0300e6
:10384000dc230100002401001824010038240100b9
:1038500064240100eccc0020e8f900203a464146ff
:10386000b4f93c0022f070faa5f5c865adb245b1d7
:10387000b5f5c86ff2d22a46d149b4f93c0022f01e
:1038800063fab4f93c0032f03dfd05460b2878d9c7
:103890000c224946b4f93c0022f056fa0c287ff479
:1038a00058afd9f800301f0e47ea03671a0202f436
:1038b0007f0217431b0a03f47f431f43a762d4f818
:1038c0009430002b7ff456af002ffff64eaf01234c
:1038d000c4f89430d4f8c4301b685b685246b949c8
:1038e00058469847a26a002a7ff461afa36ae36250
:1038f00005a9b4f93c0021f079fab4f93c0034f0a0
:1039000017fc33f0dffa069dd4f8c4301b68628ad6
:103910000292020e0192c0f3074200925f68c0f368
:103920000723c2b2a8495846b847d4f8c4301b6828
:10393000bdf8582002922a0e0192c5f30742009268
:103940005f68c5f30723eab2a0495846b8476564e3
:10395000bdf85830a4f8643032f074fdc4f8880023
:10396000c4f8a800a36ac4f89c30d4f89430c4f812
:103970009830236bc4f8a030b4f93c0033f0a4f8bd
:103980007fe7d4f894304bb994f8cf30012b40f056
:103990000a82042120462df0d3fe04e232f052fdcb
:1039a000d4f8a830c31a22689342edd9d4f89420f1
:1039b000d4f898309a4212d1d4f8c4301b681b68ee
:1039c00083495846984732f03dfdc4f88c000023e7
:1039d00084f8cc30042120462df0b2fed4e700213b
:1039e000204613f007fbcfe7b4f93c0032f08afc25
:1039f00038b994f8cf304bb1092120462df0a0fe04
:103a0000d1e1b4f93c0033f05ff8cce10521204668
:103a10002df096fec7e194f8cd30002b00f0bd806c
:103a2000b4f93c0032f06efc002840f0be8094f8ff
:103a3000cc305a1c84f8cc200a2b00f2bb808021a9
:103a4000b4f93c0034f0fafe002800f0ac81e36adf
:103a50005b421a0e42ea0362190201f47f010a4333
:103a60001b0a03f47f431343c9f800300025c9f84b
:103a70000450c9f808508023c9f80c30c9f8105018
:103a8000d4e9080132f086ff020e42ea0062030226
:103a900003f47f031a43030a03f47f431343c9f873
:103aa000143032f0e3fcd4f88c10d4f88830c91a02
:103ab000b1fbf0f31a0e42ea03621f0207f47f071c
:103ac0003a431f0a07f47f473a43c9f8182000fb1e
:103ad000131307ee103ab8ee477a27ee087a07ee8e
:103ae000900af8ee676ac7ee267a67ee887afceeef
:103af000e77a17ee903a1a0e42ea0362190201f4cd
:103b00007f010a431b0a03f47f431343c9f81c30a7
:103b1000236b1a0e42ea0362190201f47f010a4381
:103b20001b0a03f47f431343c9f82030636b1a0e5a
:103b300042ea0362190201f47f010a431b0a03f4fb
:103b40007f431343c9f82430e36a1a0e42ea036242
:103b5000190201f47f010a431b0a03f47f43134354
:103b6000c9f82830c9f82c50c9f8305034224946d9
:103b7000b4f93c002ef07cfd4c273a46294605a8b6
:103b800034f020fa3a4605a9b4f93c002ef070fd55
:103b9000b4f93c0014f09cfc05e10221204613f02e
:103ba00029fa012384f8cd303ae7b4f93c0032f029
:103bb0008bfff8e0092120462df0c2fdf3e000bfa5
:103bc000eccc00209c240100684802009c480200c4
:103bd0008424010094f8cf30012b26d0b4f93800aa
:103be00032f06dfd002800f0de803822002105a8ab
:103bf00034f0e8f905a9b4f938002af092fa04f192
:103c0000400705ad0fcd0fc70fcd0fc70fcd0fc7a5
:103c100095e8030087e80300072120462df090fd7a
:103c2000b4f9380032f040fabde0092120462df009
:103c300087fdb8e0d4f8c4305f68b4f9380034f0d8
:103c40002afa0546002865d0a36a002b49d1bd4b4e
:103c5000e31adb1003ebc30203eb4203c3eb432382
:103c600003eb8343d4f8c4201268d2f804805a428c
:103c7000b5493846c04732f0e5fbc4f88800c4f8bf
:103c8000a800a36ac4f89c30b4f9380034f058fa9c
:103c900033f018f9d4f8c4301b68628a0292020e1d
:103ca0000192c0f307420092d3f80480c0f30723c7
:103cb000c2b2a6493846c047d4f8c4301b68b4f82d
:103cc0006420029294f84720019294f846200092d2
:103cd000d3f8048094f8453094f844209c49384641
:103ce000c047a36a0133a362d4f894200132c4f818
:103cf0009420e362284632f0f8fe02460b46d4e9ef
:103d0000080114f006fdc4e90801dff848824ff409
:103d1000c8671ce0b4f9380032f0c6f920b9b4f92c
:103d2000380033f065ffd8b132f08cfbc4f88c005a
:103d3000082120462df004fd35e03a464146b4f90d
:103d4000380023f089f9a5f5c865adb245b1b5f5e0
:103d5000c86ff2d22a467f49b4f9380023f07cf9c3
:103d6000a36a63b994f8cf30012b1cd108212046f7
:103d70002df0e6fc32f066fbc4f88c0013e032f064
:103d800061fbd4f8a830c31a22689342ead9002113
:103d9000204613f02ff9e5e794f8cd30c3b309219d
:103da00020462df0cdfc0136d8346b4b1b68b34256
:103db00040f3f28294f8ce30012bf4d0023b102b6a
:103dc00000f2e58201a252f823f000bf4136000064
:103dd0002f370000e9390000173a0000d53b0000fa
:103de000353c0000993d0000213e0000bd3e000032
:103df000e93e0000d9400000bf41000043420000fe
:103e000069430000e93f0000d94200007f43000001
:103e10000221204613f0eef8012384f8cd30bee7ee
:103e2000d4f8c4305f68237c012b29d0022b2cd01e
:103e3000444be31adb1003ebc30203eb4203c3eb77
:103e4000432303eb83435d42d4f8c4301b685b68b3
:103e50002a4642493846984720462ef01dfa94f8e3
:103e6000d130012b19d0d4f8c4301b685b682a46c6
:103e70003b4938469847012120462df061fc92e7e6
:103e8000b4f93c002ef086fdd2e7b4f9380030f0ea
:103e90005bf84ff6ff732387cae794f8cf30002b07
:103ea000e1d1d4f8c4301b685b682a462d493846f6
:103eb0009847022120462df043fc74e7d4f8c8004f
:103ec00033f077fb032808d10b2120462df038fc76
:103ed00032f0b8fac4f8ac0065e704f14401d4f854
:103ee000c8002ff0b4f8efe7d4f8c4305d6894f858
:103ef000cf20012a17d0d4f8c80033f05afb03288a
:103f00001bd094f8443003f0f003e02b2ed1237c37
:103f1000012b64d0237c022b7ff445af0c2120467b
:103f20002df00efc3fe71b681b680f492846984799
:103f3000012120462df004fc35e70022a267a4f8f9
:103f40007c20e4e798ef00209c24010068480200f0
:103f50009c480200eccc002000010120c824010094
:103f60002c250100f82401004c25010004f1780201
:103f700004f14401d4f8c80027f0aeffb8b1d4f87a
:103f8000c4301b6894f87d20039294f87c20029240
:103f900094f87b20019294f87a2000925f6894f85c
:103fa000793094f87820bf492846b847afe732f017
:103fb00049fad4f8ac30c71a32f058fa00eb800056
:103fc00087427ff6f0aed4f8c4301b681b68b64950
:103fd0002846984732f036fac4f8ac00e3e61021e0
:103fe00020462df0adfb95e7d4f8c4305d6804f1b0
:103ff0004402618a012034f0d1fba087b0f1ff3f79
:104000005ed00023a94a4ff4807131f059fee26876
:104010000521b4f93c000df0b3fa30b9d4f8c4303e
:104020001b681b68a2492846984702220621b4f95a
:104030003c000df0a5fa30b9d4f8c4301b681b68f9
:104040009c4928469847d4f8c810b4f93c002bf096
:104050006aff05a9b4f93c0020f0c8febdf85a304b
:10406000a4f87e30d4f8c4301b681b6892492846f7
:104070009847d4f8c4301b68628a029294f84720ab
:10408000019294f8462000925f6894f8453094f8c5
:1040900044208a492846b847112120462df050fb7c
:1040a00032f0d0f9c4f88800d4f884300344c4f85e
:1040b00090304ff4c8625521814833f083ff72e697
:1040c000d4f8c4301b681b687e49284698470121f4
:1040d00020462df035fb66e6d4f8c4305d6800223a
:1040e000618a012033f0a6fa6087b0f1ff3f51d01a
:1040f0000023754a4ff4007131f07efcd4f8803013
:10410000002b53d104f1440300220121b4f93a00f9
:104110002df00bfd4ff48063a4f87e30d4f8c4304a
:104120001b681b68644928469847d4f8c4301b684c
:10413000628a029294f84720019294f846200092f5
:104140005f6894f8453094f8442060492846b847a1
:104150000d2120462df0f4fad4f8b8200321b4f94b
:104160003a001ef0d9fc30b9d4f8c4301b681b6883
:104170004f4928469847b4f93a0031f026fc32f00e
:1041800061f9c4f8ac004ff4c86254214c4833f0d4
:1041900019ff08e6d4f8c4301b681b684c49284650
:1041a0009847012120462df0cbfafce504f180036d
:1041b000628a0121b4f93a0023f06efca2e794f878
:1041c000cf30012b19d0d4f8c4305f68b4f93a006d
:1041d00032f075fab0b1b4f93a0031f065ff32f05f
:1041e00031f9c4f88800d4f884300344c4f890301e
:1041f0000e2120462df0a4fad5e50f2120462df002
:104200009ffad0e532f01ef9d4f8ac30c51a32f07e
:104210002df900eb800085427ff6c5adb4f93a0078
:104220002ff092fe4ff6ff736387d4f8c4301b68fb
:104230001b682849384698470f2120462df080fa00
:10424000b1e520460cf0defd01280bd002287ff4fa
:10425000aaad0f2120462df073fa32f0f3f8c4f81e
:104260008c00a0e5164f00bfb4f8b0508db1b5f585
:10427000c86f28bf4ff4c8652a463946b4f93a00da
:104280001af0b0feb4f8b0301b1aa4f8b030854272
:10429000ead9b4f93a0032f025fa204618f098f835
:1042a00081e500bfac2501006c250100077c0300ff
:1042b000d82501000026010054a401002826010091
:1042c000eccc0020dc2301001d7c030060260100f3
:1042d0009023010098260100227d0b21b4f93c00b7
:1042e0000df04ef920460cf08dfd01280bd0022870
:1042f0007ff459ad122120462df022fa32f0a2f8b7
:10430000c4f88c004fe5b4f8b05015b30027dff8bf
:1043100094a0a846b5f5c86f28bf4ff4c8684246b8
:104320005146b4f93c002ef0a3f90744bfb22d1a50
:10433000adb2804501d1002debd1b4f93c0014f0b1
:10434000c7f840b900221146b4f93c002ff090fca8
:1043500029e52f46f1e7b4f8b030df1ba4f8b070c0
:10436000204618f035f81ee520462af00ffbb4f978
:104370003a002ff0e9fd4ff6ff73638713e52046ff
:104380002af004fbb4f93c002ef004fb0be50121fc
:1043900020462df0d5f906e51bb0bdec028bbde83b
:0843a000f08f00bfeccc0020ff
:020000040000fa
:1043a8004531202854433120636f6d70617265294f
:1043b800000000004320285359535f54494d4520bd
:1043c80063616c6c6261636b290000006f6e20286a
:1043d8005345542f434c5229000000006f66662055
:1043e80028746f67676c6529000000006f6e000015
:1043f8006f66660000000000504332310000000084
:104408005041313600000000626c696e6b0000009c
:10441800465245450000000020203c2d2066697268
:10442800657320776974686f75742061207573618e
:10443800626c652074696d65626173652c204e4fee
:10444800542073796e6368726f6e697a65640000d0
:104458005354524943540000796573006e6f00004d
:104468006f6464202d207072652d6c6576656c20f4
:104478004c4f57004556454e202d207072652d6cc7
:104488006576656c20484947480000006e6f6e6588
:10449800000000006c6976650000000068656c64c7
:1044a8000000000057414e5445442c2068656c6458
:1044b80020627920736f6d656f6e6520656c73651a
:1044c800000000006e6f7420696e2075736500002f
:1044d8006772696420706172697479202873796ed3
:1044e80063656429000000004c4f43414c20544f41
:1044f80047474c4520286e6f206d617374657220a4
:104508007265666572656e63652900002d0000009e
:104518002b00000066697265000000005b54524978
:10452800475d206e6f2074696d65626173650d0a61
:10453800000000005b545249475d2073636865645e
:10454800756c652069643d257520696e20256c753c
:10455800206d733a2025730d0a000000627572738e
:10456800740000005b545249475d2063616e6e6fb2
:10457800742072656164206120706572696f6420bf
:1045880066726f6d20272573270d0a0020202020d2
:104598002020207462617365206275727374203cf8
:1045a80032307c32306d737c35303075733e203c50
:1045b8006e3e205b69645d0d0a0000005b54524941
:1045c800475d206e203d2030206d65616e7320753b
:1045d8006e6c696d69746564202d2075736520277c
:1045e8007462617365207065722720666f7220742b
:1045f8006861740d0a0000005b545249475d206ee3
:104608006f20757361626c652074696d6562617392
:1046180065202d2063616e6e6f7420636f6d7075f9
:10462800746520612073746172740d0a00000000c3
:104638005b545249475d2062757273742069643d0a
:104648002575206576657279200000002c20706839
:1046580061736520302c20256c752070756c73652e
:10466800732c0d0a2020202020202073746172747e
:1046780020256c6c752e2530396c6c7520732020c4
:1046880020656e6420256c6c752e2530396c6c7530
:1046980020733a2025730d0a00000000706572002f
:1046a80020202020202020746261736520706572ac
:1046b800203230207c2032306d73207c2035303021
:1046c80075732020202862617265206e756d6265a1
:1046d80072203d206d73290d0a0000005b54524979
:1046e800475d20706572696f6469632069643d2560
:1046f8007520657665727920000000002c207068ae
:1047080061736520303a2025730d0a0063616e637a
:10471800656c00005b545249475d2063616e6365b8
:104728006c6c65640d0a00006877000031000000b9
:104738005b545249475d206261636b656e643a2041
:1047480025730d0a0000000070756c736500000089
:104758005b545249475d2064757479206d75737494
:1047680020626520312e2e3939202525202d2072f2
:104778006566757365640d0a000000005b54524954
:10478800475d2070756c73653a202573202020647e
:104798007574792061736b65643a20256c752025e2
:1047a80025202020636c616d7065643a20256c7546
:1047b8000d0a00005b545249475d206163686965d2
:1047c8007665643a20706572696f6420256c75207f
:1047d8007469636b732028256c75206e73292020fb
:1047e800206869676820256c75207469636b73207d
:1047f80028256c75206e7329202020647574792013
:10480800256c752e2530326c752025250d0a000083
:104818005b545249475d2061636869657665643a0f
:10482800206e6f20706572696f642061726d6564b7
:10483800207965740d0a00005b545249475d206d6c
:1048480063303a20256c752020206d63313a20258d
:104858006c752020207761746368646f673a20253f
:104868006c752020206f6e652d73686f74207374cb
:104878006f70733a20256c752020205359535f546c
:10488800494d4520726570616972733a20256c75cf
:1048980020286c61737420256c75207469636b73b0
:1048a80029202020667265652d72756e2073746fdd
:1048b800707065643a20256c752020204f4e455352
:1048c800484f5420736b69707065643a20256c7585
:1048d8000d0a00005b545249475d2062757273747b
:1048e80020646f6e653a20256c75202020656e6403
:1048f8003a20756e6c696d697465640d0a00000074
:104908005b545249475d20627572737420646f6e00
:10491800653a20256c75202020656e643a20256c48
:104928006c752e2530396c6c7520730d0a000000eb
:1049380070696e005b545249475d20504431302005
:10494800746f67676c653a2025730d0a00000000d4
:104958006c6564005b4c45445d206e6f204c45449b
:104968002025752c206f6e6c792031202850433219
:10497800312920616e642032202850413136290dba
:104988000a000000300000005b4c45445d20756e55
:104998006b6e6f776e20272573270d0a7573616715
:1049a800653a207462617365206c6564206f6e7c63
:1049b8006f66667c626c696e6b205b317c325d0d64
:1049c8000a0000005b4c45445d204c454425752099
:1049d8002825732c2070696e202575293a202573a7
:1049e8000d0a00005b4c45445d2070696e202575fa
:1049f8002069732068656c642062792027257327f5
:104a08000d0a000070696e730000000065700000f8
:104a18006f666665720000006c6f67005b45505ded
:104a2800206672616d65206c6f673a2025730d0ae8
:104a380000000000736c6577000000005b54524969
:104a4800475d20736c6577203c646976696465729c
:104a580020382e2e313030303030303e2020207338
:104a6800746570203d20706572696f642f64697683
:104a78006964657220706572206772696420706f5e
:104a8800696e740d0a0000005b545249475d20733b
:104a98006c65773a20706572696f642f256c752094
:104aa800706572206772696420706f696e740000a7
:104ab80020202068616c6620706572696f642069c7
:104ac8006e20256c752073000d0a00006d6f6465fb
:104ad8000000000066726565000000005b545249e2
:104ae800475d206d6f64653a20257325730d0a00b4
:104af80074726967000000005b545249475d206288
:104b080061636b656e643a20257320202050443120
:104b1800303a2025730d0a005b545249475d2061e5
:104b2800726d65643a2025732020206d6f64653aa4
:104b3800202573202020616374696f6e3a202575e3
:104b4800202020706572696f643a20005b545249d6
:104b5800475d2066697265643a20256c75202020bf
:104b6800726566757365643a20256c75202020731c
:104b78006b697070656420706572696f64733a2040
:104b8800256c75202020726561726d206c6f7374be
:104b98003a20256c750d0a005b545249475d207315
:104ba80074616c6c73207265636f766572656420de
:104bb8006279207761746368646f673a20256c7541
:104bc80020202073746f7070656420627920686f8c
:104bd8006c646f7665723a20256c750d0a000000ca
:104be8005b545249475d206d61737465722073741c
:104bf8006172743a2074616b656e20256c75202093
:104c0800207061737420256c752020206f66662dd6
:104c18006772696420256c75202020616273656e57
:104c28007420256c752020206c6f63616c2070687f
:104c380061736520256c750d0a0000005b545249ac
:104c4800475d206c6172676520736b6970733a20e9
:104c5800256c752020202862756666657220736849
:104c68006f777320746865206c61737420256c7588
:104c7800290d0a005b545249475d2020206e2020f0
:104c8800706572696f647320202064287469636b8f
:104c98002920202020202064286e7329202020200d
:104ca800202020206e6f775f6e73202d206e657830
:104cb800745f6265666f72650d0a00005b54524945
:104cc800475d202025326c75202025386c75202002
:104cd8002531306c6c6420202531316c6c642020c7
:104ce8002531346c6c640d0a000000005b54524995
:104cf800475d206564676573207768696c65206126
:104d0800726d696e6720286f7574736964652074a5
:104d180068652067726964293a20256c752020200f
:104d28006669727374206772696420696e64657855
:104d380020256c6c7520282573290d0a00000000b9
:104d48005b545249475d206c6576656c20636f72d1
:104d58007265637465642061667465722072652d7e
:104d680064657269766174696f6e3a20256c750d99
:104d78000a0000005b545249475d20636f756e74ea
:104d88006572206d697372656164733a20256c756c
:104d98002020206c61737420256c642020206d69ac
:104da8006e20256c642020206d617820256c64209d
:104db8007469636b732020283332373638203d20de
:104dc80068616c66207468652031362d62697420cc
:104dd80077726170290d0a005b545249475d206f54
:104de80075746167657320287472696767657220d6
:104df800646964206e6f742072756e293a20256c80
:104e0800752020206c6f6e6765737420256c642094
:104e18006d730d0a000000005b545249475d206322
:104e28006861696e3a207374616765323d25732045
:104e38002068775f70656e64696e673d2573202012
:104e480073797374696d655f74696d65723d2573f7
:104e580020207461726765742d6e6f773d256c64d0
:104e6800207469636b732028256c64207573290d81
:104e78000a0000005b545249475d205354414c4c92
:104e880045443a2061726d656420627574207468c7
:104e98006520696e7374616e7420697320256c6473
:104ea80020757320676f6e650d0a00005b545249c8
:104eb800475d206c6174656e657373206f766572eb
:104ec80020256c752066697265732c207469636b84
:104ed800732028256c64207469636b73203d20312e
:104ee800207573293a0d0a005b545249475d20200a
:104ef800206c61737420256c642028256c64206ef6
:104f080073292020206d696e20256c642028256c6b
:104f180064206e73292020206d617820256c642020
:104f280028256c64206e73290d0a00005b545249d1
:104f3800475d2020206d65616e207c6c6174657c06
:104f480020256c6c75207469636b732028256c6c44
:104f580075206e73290d0a005b545249475d206421
:104f6800656d6f20616374696f6e203120286973e5
:104f7800722920686974733a20256c750d0a00003f
:104f88005b545249475d20616374696f6e202575d3
:104f9800202867726964204c454431292068697467
:104fa800733a20256c752020204c4544313a202541
:104fb80073202020627573793a20256c750d0a00dc
:104fc8005b545249475d20202070686173652066f4
:104fd800726f6d3a202573202020666972657320f0
:104fe800776974686f757420677269642072656682
:104ff8006572656e63653a20256c750d0a000000c0
:105008005b545249475d2067726964207068617318
:10501800653a20256c6c75206e73202020736c65b2
:105028007720646562743a202573256c6c75207549
:10503800732020207261746520706572696f642f17
:10504800256c7520202072756e7320256c752020c4
:1050580020646f6e6520256c750d0a005b545249fb
:10506800475d2020206c6173742073746172742012
:10507800617420256c6c75207573206f66206465db
:1050880062740d0a000000005b545249475d2020fd
:10509800207068617365206269743a202575202044
:1050a80020746f67676c65732073696e636520731e
:1050b800746f703a20256c752020206c6173742001
:1050c8006772696420706f696e743a20256c6c751c
:0c50d8002e2530396c6c7520730d0a0019
:020000040000fa
:1050e4006f6666006f6e000054433320636f756e05
:1050f40074696e6700000000544333204e4f5420ff
:1051040073657420757000004f4e00002020202825
:10511400646961676e6f73746963206d6f64652081
:105124002d207768696c652069742072756e732c04
:10513400205448495320626f61726427732063725c
:105144006f73732d6d6561737572656d656e742013
:105154006973206e6f74206d65616e696e67667524
:105164006c2900006f6b00004641494c45442028df
:105174006e6f2074776f2073616d706c657320633c
:105184006c6f736520746f676574686572290000bd
:105194002028737562747261637465642900000069
:1051a4002020445754204f4646202d20676170200c
:1051b4004e4f5420737562747261637465640000a9
:1051c400757000004e4f5420534554205550000034
:1051d400636f756e7420636865636b3a20607065f5
:1051e400657220636f756e74207265736574602ccc
:1051f400206e65696768626f75722060706565729c
:105204002067656e203c6e3e6000000063616c693f
:1052140062726174656400004e4f542063616c696e
:10522400627261746564000070726573656e740007
:105234004d495353494e4720286e6f7468696e6711
:105244002061726d6564290070656572000000005c
:10525400736563005b504545525d206361707475ee
:1052640072653a2025730d0a0000000072657365ab
:10527400740000005b504545525d2073746174698d
:10528400737469637320636c656172656420286359
:10529400616c6962726174696f6e206b65707429e8
:1052a4000d0a0000636f756e740000005b50454585
:1052b400525d206576656e7420636f756e746572d9
:1052c400207a65726f656420287261772073746137
:1052d4007465202575290d0a000000005b504545c2
:1052e400525d206576656e74732073696e63652004
:1052f4007265666572656e63653a202575202020a7
:105304007261772073746174652025752020206391
:105314006861696e3a2025730d0a00005b504545ab
:10532400525d20636f756e74657220697320313627
:1053340020626974202d20612073616d706c65207a
:105344006f66206d6f7265207468616e2036353526
:105354003335206576656e7473206973206e6f74bf
:1053640020756e616d626967756f75732e0d0a0025
:105374006d6972726f7200005b504545525d20503a
:105384004431302069732068656c64206279202779
:10539400257327202d206074626173652070696e07
:1053a400206f6666602066697273742e0d0a0000b1
:1053b4005b504545525d20455854494e542575204f
:1053c40063616e6e6f742062652073657420746f00
:1053d40020626f7468206564676573202d206d6991
:1053e40072726f72696e67204e4f5420656e6162ef
:1053f4006c65642e0d0a00005b504545525d206dbe
:105404006972726f722050443131202d3e20504415
:1054140031303a20257325730d0a00005b50454551
:10542400525d206d6972726f723a202573202020bc
:105434006d6972726f7265642065646765733a2082
:10544400256c750d0a0000005b504545525d2060d7
:1054540074626173652070656572206d6972726f24
:1054640072206f6e60206e65656473206074626183
:1054740073652070696e206f66666020666972735a
:10548400742e20204d656173757265642066726f99
:105494006d206f7574736964653a207374696d75f2
:1054a4006c7573206f6e20746865206e656967681b
:1054b400626f75722773206368616e6e656c2c0d64
:1054c4000a5b504545525d20726573706f6e73655b
:1054d400206f6e20746865206f776e206f6e652074
:1054e4002d2074686520646966666572656e6365ff
:1054f40020697320746865206c6174656e6379201b
:1055040066726f6d206564676520746f204953521d
:1055140020656e7472792e0d0a00000067656e00b6
:105524005b504545525d206e206d75737420626535
:1055340020312e2e2575202874686520666172201e
:1055440073696465277320636f756e74657220696f
:105554007320313620626974290d0a005b50454579
:10556400525d2073706163696e67206174206c659d
:10557400617374202575207573202d2073686f72f4
:10558400746572206973206e6f742063617272692e
:105594006564206279207468652077726974652077
:1055a400697473656c660d0a000000005b50454524
:1055b400525d2073656e64696e6720256c7520707a
:1055c400756c73657320256c75207573206170612b
:1055d4007274206f6e20504431302028626c6f63e7
:1055e4006b7320256c75206d73290d0a0000000073
:1055f4005b504545525d20746865206379636c6532
:1056040020636f756e74657220284457542920698d
:1056140073206e6f742072756e6e696e67202d2014
:10562400776974686f75742069742074686572652d
:10563400206973206e6f2074696d652062617365e3
:1056440020666f72207468652070756c73652077ae
:10565400696474682e0d0a005b504545525d205004
:105664004431302069732068656c64206279202796
:10567400257327202d206074626173652070696e24
:10568400206f6666602066697273742c2074686586
:105694006e2072657472792e0d0a00005b504545c8
:1056a400525d2073656e743a20256c75207269739f
:1056b400696e672065646765730d0a0063616c0039
:1056c4005b504545525d20726563616c696272612d
:1056d4007465643a20257320202064656c746133fa
:1056e40032203d2030782530386c580d0a000000f7
:1056f4005b504545525d202020256c75206f662047
:1057040025752073616d706c6573206b6570742ce6
:105714002073707265616420256c75207469636bf5
:10572400732c20256c7520646973636172646564ed
:105734002020207265616420676170206d6178208b
:10574400256c75206379636c657325730d0a0000fd
:105754005b5345435d206f776e20677269642061f7
:105764006761696e737420746865206f776e207347
:1057740065636f6e642028315050532c206e6f2067
:105784007769726520696e766f6c766564290d0a97
:10579400000000005b5345435d207365636f6e64d6
:1057a40020656467657320736f206661723a2025f3
:1057b4006c750d0a00000000534543005b534543dc
:1057c4005d204974206e6565647320424f54483ae5
:1057d40020616e2061726d6564206772696420289f
:1057e400747269677065722920616e6420656467ec
:1057f4006573206f6e2050433132202874626173c8
:105804006520707073292e0d0a0000005b53454318
:105814005d2054686973206e756d626572207465cd
:105824006c6c7320796f7520574849434820626f28
:1058340061726420686173206d6f766564202d2029
:105844007468652063726f73732d6d65617375720f
:10585400656d656e742063616e6e6f742e0d0a0043
:105864005b504545525d20696e707574205044311b
:10587400312028455854312070696e20362c20453b
:105884005854494e543629202020636861696e3a81
:10589400202573202020636170747572653a202579
:1058a400730d0a005b504545525d206576656e7444
:1058b4007320696e205443333a2025752028736978
:1058c4006e6365207265666572656e636529202066
:1058d4002025730d0a0000005b504545525d20638e
:1058e400617074757265733a20256c75202020648c
:1058f40069736361726465642c206e6f20677269da
:10590400642061726d65643a20256c7520202065e1
:1059140072726174612072652d72656164733a20dc
:10592400256c7520286d617820256c75206c6f6f4f
:105934007073290d0a0000005b504545525d2064d8
:10594400656c74613332203d2030782530386c58d2
:1059540020202825732c20256c752f257520736134
:105964006d706c65732c2073707265616420256c96
:1059740075207469636b732c20256c752077696cb2
:10598400642c20726561642067617020256c752029
:105994006379636c65732073756274726163746593
:1059a40064292020206772696420726566657265c7
:1059b4006e63653a2025730d0a0000005045455278
:1059c400000000005b504545525d204e4f20454489
:1059d40047452e20204361626c6520746865206e03
:1059e40065696768626f7572277320455854312062
:1059f40070696e203520746f2070696e20362068bf
:105a04006572652c2067726f756e6420636f6e6ead
:105a140065637465642c20616e6420746865206e0f
:105a240065696768626f75720d0a5b504545525d22
:105a3400206d7573742062652064726976696e677f
:105a440020612067726964202874726967706572c6
:105a5400292e2020436865636b20776974686f750d
:105a640074206669726d776172653a207079746822
:105a74006f6e20736372697074732f746573745fcf
:105a8400706565725f776972696e672e70790d0a49
:105a9400000000005b504545525d20526561642062
:105aa400626f746820626f617264733a2028412dba
:105ab40042292f32206973207468652074727565d9
:105ac400206f66667365742c2028412b42292f327f
:105ad40020746865207061746827732070726f7019
:105ae40061676174696f6e2064656c61792e0d0a5b
:045af400000000bfef
:020000040000fa
:105af8002de9f04f8bb08e4bd3e90023134321d00f
:105b08008c4b1b78022b00f05382032b00f02a8366
:105b1800012b22d0884b1b78002b40f0c383854b88
:105b28001b78002b40f0c383844b1b78013b052b6b
:105b380000f2bd83dfe813f0c303cf03d903f503f5
:105b48007604800432f088fc794b7d4aa2fb002061
:105b58008009186000225a60d2e77a4b1b78002b24
:105b680051d1794b1b78002b34d100200090774b12
:105b78000122774909682ef0d5f8024630b17549f7
:105b8800002028f039ff2ff0c1f9c3e72ff0b4fd4a
:105b9800714f674b1c685d68231945eb05021b199b
:105ba80045eb0202d60046ea53764feac30c32466a
:105bb8001ceb040345eb0202d40044ea5374dd00f5
:105bc80022462b1841eb02023b607a605e4b0122b1
:105bd8001a709fe72ff090fd5f4a13685268c31a46
:105be800069361eb02030793dde90634002b74f199
:105bf80000038fdb564b1a685849002028f0fcfe3a
:105c08002ff084f986e7564b1b78002b6ed0544b47
:105c180000221a70534b1b78002b37d10023454aba
:105c28001370494a1370444b1b78002b3ff47caf28
:105c38002ff062fd4c4a13685268b0eb030861eb21
:105c48000209b8f1000f79f10003fff668af0024ec
:105c5800394b1c704549204628f0cefe3c4b444a3f
:105c68001a60444b1c60444b1c60444b4ff4604228
:105c78001a60434b01221a70424b1c70314b1c7046
:105c8800314b1c702b4b02221a7010e33e4b1b68e1
:105c980003f0400213f0800f15d1002abed0c3f3e1
:105ca800c2033a4a13703a4a1278002a00f0e9838c
:105cb800384a12789a4200f2f183374a12789a42a7
:105cc80080f0e383dfe303f00700344a136801330d
:105cd8001360334b18702cf09dff024631490020a9
:105ce80028f08afe154b05221a7097e72e4b1b7871
:105cf800002b00f003811b4b1b78002b00f0f08079
:105d08002a4a137820490868294941f823000133b1
:105d1800dbb21370092b4fd8264a52f823200c4bbc
:105d28001a600023074a1370074a137006e200bf7f
:105d380080fd00204a04012041040120490401207b
:105d4800d34d62103a0401203b040120fd73030087
:105d58005c010120f477000058fd00202078000045
:105d6800470401203c04012060fd0020148000004d
:105d7800fb08030074010120780101207c01012047
:105d88004b0401204c04012064010120440401203b
:105d98004204012046040120450401206c01012031
:105da80043040120487800003e0401203f040120fc
:105db8009cfa0020ac6503000023a94a1370a94a85
:105dc8001370a94a1370a94a136854689168069118
:105dd800d5681069918a41ea004008909069918bd2
:105de80041ea0046099692f82060978c03f4004037
:105df800c3f3c0339e4a9f49002808bf0a469e49fc
:105e0800002028f0f9fdc5f307229c49002028f05e
:105e1800f3fd099b089a9a49002028f0edfd0699a0
:105e280011f0ff0223d114f4806f25d14ebb77bb4c
:105e380014f0200f31d114f0100f33d114f0400fab
:105e480035d114f0800f37d114f0080f39d114f080
:105e5800040f3bd114f4006f3dd140f6fc431c42c3
:105e68007ff458ae8749002028f0c6fd52e68649df
:105e7800002028f0c1fdd6e78449002028f0bcfda9
:105e8800d4e732468249002028f0b6fdcfe73a46eb
:105e98008049002028f0b0fdcae77f49002028f09b
:105ea800abfdc8e77d49002028f0a6fdc6e77c4980
:105eb800002028f0a1fdc4e77a49002028f09cfdc5
:105ec800c2e77949002028f097fdc0e7774900200c
:105ed80028f092fdbee77649002028f08dfdbce74a
:105ee800744b1a687449002028f086fd00235c4a28
:105ef80013705c4a13705c4a137094e66f4b1b78fe
:105f0800002b41d06e4b1b686a4a12686d4900200d
:105f180028f072fd6c4b1b78a3b1694b1a686b4b68
:105f280019680a406a4b1b680b409a4215d00191c8
:105f38000092604a12686749002028f05dfd624bb4
:105f480000221a705b4b1a68634b9a420ed00023ea
:105f5800454a1370434a137065e600911346554a43
:105f680012685e49002028f047fde8e7544b1c689a
:105f7800c4f3423420462df099fd03462246584981
:105f8800002028f039fde2e74a4b1a6855490020fd
:105f980028f032fd4c4b1b78002bd8d0454b1a68a3
:105fa8005149002028f028fd474b00221a70cee7ff
:105fb8004e4b1b78002b40f0a7802a4b1b78002bf8
:105fc80037d1002001904a4b00930123494a1268b7
:105fd800384909682df0eafb024630b146490020ed
:105fe80028f00afd2ef092ff94e52ff085fb434f31
:105ff800434b1c685d68231945eb05021b1945ebeb
:106008000202d60046ea53764feac30c32461ceb2e
:10601800040345eb0202d40044ea5374dd0022462f
:106028002b1841eb02023b607a600e4b01221a707a
:1060380070e52ff061fb314a13685268c61a61ebac
:106048000207002e77f10003fff664ad194b1a68ba
:106058002c49002028f0d0fc2ef058ff5ae500bf4c
:106068003e0401203b0401204a0401209cfa002040
:10607800d8770000e4770000787800009c7800006a
:10608800f47800001c7d000038790000a079000039
:106098001c7a0000b47a0000387b0000847b000082
:1060a800c87b00000c7c0000447c0000907c000051
:1060b800e47c00005c0101204c7d00003c040120d0
:1060c80064010120807d00004c0401207c01012036
:1060d80078010120e47d0000fb080300ac7d00008e
:1060e8002c7e0000487e0000707e00003a040120eb
:1060f800397f030074010120a87e000058fd0020ac
:1061080080fd0020d47e0000a34b1b78e3b1a34b95
:106118001b68a34a1268a349002028f06dfca24b13
:1061280000221a70a14b1b78c3b1a04b1a7001232f
:106138009f490b709f490a709f4a13709f4b1b78a9
:10614800002b3ff4ecacb2e0954b1a689c49002058
:1061580028f052fc954b00221a70e0e7964b00227b
:106168001a7060e5934b1b78002b54d18e4b1b782b
:10617800002b3ad100200290924b01930123009307
:10618800914b1b68854a1268854909682df008f803
:10619800024630b18d49002028f02efc2ef0b6fec4
:1061a800b8e42ff0a9fa8a4f8a4b1c685d68231956
:1061b80045eb05021b1945eb0202d60046ea537669
:1061c8004feac30c32461ceb040345eb0202d40031
:1061d80044ea5374dd0022462b1841eb02023b606f
:1061e8007a60714b01221a7094e42ff085fa784a8c
:1061f80013685268c41a61eb0205002c75f100039c
:10620800fff688ac664b1a687349002028f0f4fb47
:106218002ef07cfe7ee4604b1b78ebb16f4b1b6865
:1062280001935e4b1b680093674b1b685c4a1268be
:106238006b49002028f0e0fb5b4b00221a705b4b97
:106248001b789bb1594b1a70012359490b70594956
:106258000a70594a13702ae0514b1a6861490020a4
:1062680028f0cafb514b00221a70e5e75e4b1b78f9
:106278007bb100235c4a137001225c490a705c49b7
:106288000b7047495b4808604a490b704a4b1a70c3
:106298000de0494b00221a70484b1b78002b7ff405
:1062a800c7ac41e4444b1b78002b3ff4c1ac524bc4
:1062b8001b78002b40f0ca800bb0bde8f08f4f4b25
:1062c8001a7812014ff47f614d4829f061fd4d4b5a
:1062d80002221a70ebe74ff4f85211464a4829f0a7
:1062e80057fd484b03221a70e1e74ff480421146ec
:1062f800464829f04dfd434b04221a702ff0fcf953
:10630800434bc3e900013d4b1a78ff2a04d04149a9
:10631800002028f071fbcae73f49002028f06cfbf9
:10632800c5e72ff0e9f93a4a13685268c31a04938b
:1063380061eb02030593dde90434002b74f10003db
:10634800b5db334d234b1c685e687701630147ea70
:10635800d4621b1b62eb0602970047ea93774fea69
:10636800830c3a461ceb040346eb0202d40044ead1
:106378005374de002246331841eb02022b606a6038
:10638800264b01221a7026482ef0befa00288ed11c
:10639800224b00221a708ae73c0401207401012074
:1063a8005c010120fc7e00003b0401204b0401201d
:1063b8004c0401203a0401204a0401204104012030
:1063c8002c7f00001974030060010120547f000035
:1063d80058fd002080fd0020807f0000680101201a
:1063e800a87f0000ec7f0000400401203e0401204b
:1063f8003f04012003ca04004804012024060120a8
:10640800aa00040049040120ac000400a000040014
:1064180068fd0020908000004c80000047040120a7
:10642800a100040000224ff480411e4829f0b0fc6e
:106438001d4b06221a703ae74ff48042114619485c
:1064480029f0a6fc184b04221a7030e72ff054f9f3
:10645800164a13685268b0eb030a61eb020bbaf1f3
:10646800000f7bf10003fff627af104c104a1368aa
:106478005268181842eb0101206061601af020fc94
:106488001ae70c4a13700c4a13700c4b01221a704d
:106498000b4a136801331360fff7c0bb054a13703a
:1064a8000be400bfa00004004904012070fd002097
:1064b80078fd002046040120450401204204012003
:0464c800700101203e
:020000040000fa
:1064cc0030b585b0044690f990305bb194f99030ba
:1064dc00022b00f02c8494f80431002b40f08c84b7
:1064ec0005b030bd32f0bcf9af4b18702378012bde
:1064fc0004bf0023237094f8d430042b00f21184d1
:10650c00dfe813f005008b00d90008010c0394f9a7
:10651c000830b3f1ff3f57d094f8fc20012a22d069
:10652c0051b229b1022a43d0ff2384f89030dce029
:10653c0003f01f01c3f34a1303f5020000f580704a
:10654c000022012303fa01f1c00131f05fff32f0a8
:10655c008ff92df04dfdc4f8dc0094f8fc300133bc
:10656c0084f8fc30cfe032f083f92df041fdd4f803
:10657c00dc30984200f0c78094f9083003f01f0219
:10658c0001219140c3f34a1303f5020000f580701a
:10659c000a46c00131f03aff32f06af92df028fdbd
:1065ac00c4f8dc0094f8fc30013384f8fc30aae029
:1065bc0032f05ef92df01cfdd4f8dc30c31a062b3a
:1065cc0094bf002501258fe094f8fc302bb1012bf2
:1065dc0016d0ff2384f8903087e000230193734a90
:1065ec00009201220321d4f8ec0030f0a9fa002823
:1065fc0000f0898094f8fc30013384f8fc3082e0a0
:10660c0000230193694b009301231a460321d4f80c
:10661c00ec0030f095fa054666e0d4f8ec0094f8fe
:10662c00fc30042b43d8dfe813f005008003130083
:10663c0080033300002200925d4b012130f018fde5
:10664c00002860d094f8fc30013384f8fc305ae018
:10665c00d4f8e4309a0ac3f30913b2f5f87f01d1e8
:10666c001b2b07d05349002028f0c4f9ff2384f8d2
:10667c0090303ae0002200924d4b4f4930f0f8fc3c
:10668c00002840d094f8fc30013384f8fc303ae018
:10669c00d4f8e43003f00f0384f8fe302bbb4749e9
:1066ac00002028f0a7f9ff2384f890301de0ff2389
:1066bc0084f8903027e094f8fc10c1f120020023fc
:1066cc0000933f4b92b23f4800eb0111d4f8ec0021
:1066dc0023f0def894f8fc500544edb284f8fc503d
:1066ec00202d14bf002501256db1002384f8fc304a
:1066fc0094f8d4300133dbb284f8d430052b04bfca
:10670c00022384f8903001232370274b187832f041
:10671c00abf8dbe6d4f8ec0094f8fc302e2b00f24e
:10672c00e481dfe813f02f002f002f002f002f0043
:10673c00e201e201e201e201e201590059005900d3
:10674c0059005900e201e201e201e201e2017f009d
:10675c007f007f007f007f00e201e201e201e201a5
:10676c00e2019a00f901ac00f901c200f901d8006c
:10677c00f901ee00f90104012c0149016d019201ae
:10678c00b701d7010093402303aa0521204622f02c
:10679c0015fa05460028a7d0039babb10a2384f851
:1067ac00fc300025a0e700bfb7fb0020e719020072
:1067bc00b95b030044d7020094000a006cd70200b6
:1067cc00f57c03001ca70100ca49002028f012f92f
:1067dc00ff2384f8903087e70a3bdbb200931f233a
:1067ec0003aa0421204622f0e9f9054600283ff4cb
:1067fc007baf039b13f0100f18bf43f0e0035bb2a9
:10680c0084f8f03013f1050f04db142384f8fc300a
:10681c00002569e7b749002028f0ecf8ff2384f83d
:10682c00903061e7143bdbb200931f2303aa0821cd
:10683c00204622f0c3f9054600283ff455af039bd0
:10684c0013f0100f18bf43f0e0035bb284f8f13083
:10685c001e2384f8fc30002546e700230093a64b4a
:10686c000122a64930f004fc054600283ff43caf59
:10687c0094f8fc30013384f8fc30002534e7d4f86c
:10688c00e430a4f8f230002300939b4b01229c4986
:10689c0030f0eefb054600283ff426af94f8fc30b0
:1068ac00013384f8fc3000251ee7d4f8e430a4f85a
:1068bc00f43000230093904b0122924930f0d8fb26
:1068cc00054600283ff410af94f8fc30013384f8ef
:1068dc00fc30002508e7d4f8e430a4f8f6300023a7
:1068ec000093854b0122884930f0c2fb05460028f5
:1068fc003ff4faae94f8fc30013384f8fc300025f8
:10690c00f2e6d4f8e430a4f8f830002300937a4b84
:10691c0001227e4930f0acfb054600283ff4e4ae82
:10692c0094f8fc30013384f8fc300025dce6d4f814
:10693c00e430a4f8fa3094f9f0309bb203f1090278
:10694c0091b203f10e0292b2120142ea8122b4f822
:10695c00f23003f00f031a43002301930093012339
:10696c0092b2664930f0ecf8054600283ff4bcae14
:10697c0094f8fc30013384f8fc300025b4e694f92b
:10698c00f13028339bb2b4f8f420c2f3090242ea86
:10699c008322002301930093012392b2584930f0d3
:1069ac00cff8054600283ff49fae94f8fc30013335
:1069bc0084f8fc30002597e694f9f0309bb25a1d10
:1069cc0091b2b4f8f62022f47c5222f03f0242ea53
:1069dc00012212b292b209331a430023019300939d
:1069ec00012392b2474930f0abf8054600283ff43a
:1069fc007bae94f8fc30013384f8fc30002573e650
:106a0c0094f9f0309bb203f1090291b2b4f8f8207a
:106a1c0022f47c5222f03f0242ea012212b292b2dc
:106a2c000e331a43002301930093012392b236498b
:106a3c0030f086f8054600283ff456ae94f8fc304a
:106a4c00013384f8fc3000254ee694f9f0309bb20b
:106a5c0003f1110291b2b4f8fa2022f47c5222f024
:106a6c003f0242ea012212b292b216331a430023b9
:106a7c0001930093012392b2244930f061f805464a
:106a8c0000283ff431ae94f8fc30013384f8fc302c
:106a9c00002529e694f8fe5000230193009301236e
:106aac0045f6217243f631719d4218bf0a461849ca
:106abc0030f046f8054600283ff416ae94f8fe3048
:106acc00012b3ff411ae94f8fc30013384f8fc3008
:106adc00002509e600230193009301234ff4404263
:106aec000c4930f02df80546fee5ff2384f8903074
:106afc000025f9e584d70200b95b0300840004008b
:106b0c008a000400ad000400ae000400af000400d5
:106b1c00d0000400e00004000025e5e5d4f8ec000a
:106b2c0094f8fc30092b00f2f880dfe813f00a002f
:106b3c0025003a004c005f007e009500b400cd00ab
:106b4c00ea00637e1bb9042384f8fc30dbe5a17ded
:106b5c00627d00230193b54b0093012342ea01228d
:106b6c00b3492ff0edff00283ff4cdad94f8fc3085
:106b7c00013384f8fc30c6e5e17d227e00230193cd
:106b8c00aa4b0093012342ea0122aa492ff0d8ff15
:106b9c0000283ff4b8ad94f8fc30013384f8fc3095
:106bac00b1e500230193a14b009301238322a24959
:106bbc002ff0c6ff00283ff4a6ad94f8fc3001334b
:106bcc0084f8fc309fe500230193984b009301233c
:106bdc004ff4004299492ff0b3ff00283ff493add6
:106bec0094f8fc30013384f8fc308ce594f8953043
:106bfc0094f89420120442ea036294f892301a43f7
:106c0c0094f8931000230193884b0093012342eadc
:106c1c0001228b492ff094ff00283ff474ad94f8b7
:106c2c00fc30013384f8fc306de594f8971094f83f
:106c3c009620002301937d4b0093012342ea01220d
:106c4c0080492ff07dff00283ff45dad94f8fc30b7
:106c5c00013384f8fc3056e594f8973094f896207c
:106c6c00120442ea036294f894301a4394f8951093
:106c7c00002301936d4b0093012342ea01227249d8
:106c8c002ff05eff00283ff43ead94f8fc3001334a
:106c9c0084f8fc3037e5a37e002b4ff00003019302
:106cac00624b00934ff0010314bf102200224ff0ef
:106cbc0001112ff045ff00283ff425ad94f8fc306e
:106ccc00013384f8fc301ee5e17e49f2260249f2dc
:106cdc002623002918bf1a46237f0bb142f4807279
:106cec0000230193514b0093012304212ff028ff23
:106cfc0000283ff408ad94f8fc30013384f8fc30e4
:106d0c0001e500230193514b009301230c224ff416
:106d1c0080312ff015ff0546e6e4ff2384f8903010
:106d2c00e3e4ff2384f89030ede40025dce4637e9b
:106d3c0063bbd4f8e830002b4dd194f90750c5f360
:106d4c004a1000f5020000f58070c00131f000fe21
:106d5c0005f01f0520fa05f515f0010f7ff4bbab0c
:106d6c0031f07efd3a4b18702378012b04bf0023c1
:106d7c0023700021d4f8ec000bf03afe01232370b1
:106d8c00334b187831f070fdfff7a5bb31f070fd77
:106d9c002df02ef9d4f8e030c31ab3f57a7fc8d3ae
:106dac00c4f8e00031f05cfd294b18702378012bfe
:106dbc0004bf0023237000230093264b0122264995
:106dcc00d4f8ec0030f054f901232370204b1878e0
:106ddc0031f04afdade731f04bfd2df009f9d4f857
:106dec00e830c01a6328a8d90023c4f8e830d4f8d6
:106dfc00ec0031f0a5fca0e731f032fd144b18701b
:106e0c002378012b04bf00232370002384f8043162
:106e1c000121d4f8ec000bf0ebfd012323700c4b9b
:106e2c00187831f021fdfff75bbb00bff57c030048
:106e3c0002ca040005ca04008700040001ca040049
:106e4c0024000100250001002200010065770300e9
:0c6e5c00b7fb0020db69030003ca040040
:020000040000fa
:106e68006f6e00004f464600000000002020287486
:106e78006865206465666563742070617373657303
:106e8800207468726f756768202d20666f72207491
:106e980068652074656574682068616c66206f6633
:106ea8002074686520616363657074616e63652032
:106eb80072756e2900000000504431302020286e81
:106ec80065656473202774626173652070696e203c
:106ed8006f66662720616e64206e6f2061726d6533
:106ee8006420747269676765722900005041313601
:106ef8002f4c454432202028776f726b73205749f6
:106f0800544820616e2061726d65642074726967ef
:106f18006765723b20277462617365206c6564271e
:106f2800206d757374206265206f66662900000005
:106f38006f666600616363657074656400000000d5
:106f48005245465553454400315050530000000007
:106f580050545020706169727300000072756e6e33
:106f6800696e67004e4f542052554e4e494e472089
:106f78002d2076616c75657320766f69640000005a
:106f880070707300666978005b5050535d207772ab
:106f9800617020636f7272656374696f6e3a202541
:106fa8007325730d0a0000005b5050535d20696e15
:106fb8006a656374696e672061206c6f73742077eb
:106fc80072617020282d2564207469636b732920f1
:106fd800696e746f20746865206e657874202575f5
:106fe8002065646765287329202d202777726170d2
:106ff8002066697827206d7573742072697365201f
:10700800627920257520616e6420276f75746c691c
:1070180065727327206d757374207374617920709d
:1070280075740d0a000000006d61726b00000000ad
:107038006c6564005b5050535d2049535220706961
:107048006e206d61726b65723a2025730d0a00001f
:10705800636c61696d0000005b4549435d20636caa
:1070680061696d20455854494e54256c753a202560
:10707800730d0a005b4549435d20636c61696d656a
:10708800643a2030782530386c58202020726566a4
:10709800757365643a20256c750d0a00646961672b
:1070a800000000005b444941475d20636f6e6669dc
:1070b8006775726174696f6e2c20726561642062f5
:1070c80061636b3a0d0a00005b444941475d20202b
:1070d800205443322e4354524c4120202530386ce2
:1070e8007820202843415054454e303d426974323f
:1070f800342c204d4f44453d426974333a322c209c
:10710800454e41424c453d42697431290d0a000003
:107118005b444941475d2020205443322e45564365
:1071280054524c2025303478202020202020285408
:107138004345493d426974352c2045564143543de9
:10714800426974323a30290d0a0000005b44494113
:10715800475d20202045565359532e4348414e4ef3
:10716800454c5b25755d202530386c7820202045fe
:10717800565359535f555345525b5443325f4556f6
:10718800555d20256c750d0a000000005b444941df
:10719800475d2020204549432e45564354524c20f4
:1071a8002530386c782020204549432e4153594ecc
:1071b8004348202530386c782020204549432e4309
:1071c8004f4e46494731202530386c780d0a00006b
:1071d8005b444941475d206e202063633020206373
:1071e800636275665f707265207c20616674657283
:1071f8002077616974696e673a20636362756620f7
:10720800636330207c206166746572205245414476
:1072180053594e433a20636362756620206428639d
:1072280063627566292020636f756e7420207374fd
:107238007320696e740d0a005b444941475d20253f
:107248006c7520202535752020253575207c202556
:10725800357520253575207c202535752020253667
:1072680075202025357520202530327820253032ac
:10727800780d0a005b444941475d207374696c6c62
:107288002070656e64696e673a20256c75206564a8
:107298006765730d0a0000005b444941475d206142
:1072a800726d656420666f7220256c752065646751
:1072b8006573202d2063616c6c20616761696e20a5
:1072c800696e20256c7520730d0a00005b505053c1
:1072d8005d2066656564696e6720746865207469f9
:1072e8006d65626173653a2025732020286d6f648f
:1072f800656c20636c6561726564290d0a00000085
:107308005b5050535d2075736167653a2074626104
:10731800736520707073207c2074626173652070bf
:107328007073206f6e7c6f66660d0a005b50505359
:107338005d2065646765733a202575202020647296
:107348006f707065642028746f6f206c6174652994
:107358003a2025752020207375626d697474656400
:107368003a20257520202072656164206661696c69
:10737800733a2025750d0a005b5050535d206665f1
:107388006564696e673a20257320202074696d65ed
:107398006261736520736f757263653a2025730d9a
:1073a8000a0000005b5050535d207365636f6e6484
:1073b8002d6e756d626572206d69736d6174636899
:1073c80065733a2025752020206c617374206f66e0
:1073d8006620627920256420730d0a005b505053a3
:1073e8005d206361707475726520757365643a20f9
:1073f800257520202072656a656374656420617351
:1074080020696d706c61757369626c653a202575c9
:10741800202020286c696d697420257520746963a3
:107428006b73292020206e6f742072656164793a2d
:1074380020257520286d6178202575206c6f6f7068
:1074480073290d0a000000005b5050535d2054431f
:10745800322d3e5443302072656164206761703a72
:10746800206c61737420256c752020206d696e2056
:10747800256c752020206d617820256c7520637936
:10748800636c657320202028313230204d487a20e3
:107498002d3e20382e33206e73207065722063795c
:1074a800636c653b206f6e6c79207468652053505f
:1074b80052454144206d617474657273290d0a0048
:1074c8005b5050535d204d43303a2074696d656fb1
:1074d8007574732025752020206c61737420776182
:1074e8006974202575207370696e732020202830f8
:1074f800207370696e73203d207468652063617025
:10750800747572652077617320616c726561647946
:10751800207468657265290d0a0000005b5050539d
:107528005d2064656c74613a206c61737420257504
:1075380020206d696e20257520206d6178202575c5
:10754800207469636b732020283630203d20312059
:1075580075733b206d65617375726564207472750f
:1075680065206c6174656e6379206973207e33359c
:10757800290d0a005b5050535d20656467652069da
:107588006e74657276616c207673203120733a20b0
:107598006c61737420252b6c6420206d696e202526
:1075a8002b6c6420206d617820252b6c6420746915
:1075b800636b732020283d20252b6c64202e2e2001
:1075c800252b6c64207573292020206f7665722026
:1075d8003130302075733a2025750d0a00000000ff
:1075e8005b5050535d2073616d65207365636f6eea
:1075f8006420696e20435055206379636c6573205d
:1076080028445754293a206c61737420256c7520de
:10761800206d696e20256c7520206d617820256ca1
:107628007520202073707265616420256c75206355
:1076380079636c65732020204457542025730d0a04
:10764800000000005b5050535d2077726170206627
:1076580069783a20257520636f7272656374696f63
:107668006e732020206c617374206572726f7220b3
:10767800252b6c6c64207469636b73202020286a46
:10768800756d702076732070726576696f757320da
:10769800656467653a206472696674206973207e40
:1076a80039302c206120777261702069732036355b
:1076b800353336290d0a00005b5050535d206c614c
:1076c8007374207365636f6e643a202575202020db
:1076d8002d3e20256c6c75206e730d0a000000008d
:1076e8005b5050535d206e6f206564676520796537
:1076f800742e202027746261736520707073206f68
:107708006e2720656e61626c657320746865205011
:1077180048593b206966206974206973206f6e2080
:10772800616e64207374696c6c206e6f7468696e26
:107738006720617272697665732c20737573706542
:107748006374207468650d0a5b5050535d2068614e
:10775800726477617265206d6f6420285233372018
:107768002f206d696b726f425553203133202d3ea7
:107778002050433132292e202042792068616e64de
:107788003a206c616e5f726d77203078303030410e
:10779800303038382030783033303020307830315d
:1077a8003030203b206c616e5f77726974652030e1
:1077b8007830303041303233392030783030303121
:1077c8000d0a000065696300696e6a6563740000ec
:020000040000fa
:1077d800696e2072616e6765000000004f55542085
:1077e8004f462052414e4745000000004c414e385c
:1077f8003635582052656164206661696c6564207d
:10780800746f2073746172743a20726573756c7446
:107818003d25640a0d0000004c414e38363558208d
:10782800526561642074696d656f757420666f7246
:1078380020616464723d3078253038580a0d0000a4
:107848005b5351495d206572726f723a202573202f
:107858002d207265636f766572696e6720285351b3
:1078680049454e206f66662f6f6e290a0d0000008d
:107878005b504c43415d206c696e6b3a2025732048
:1078880028504c43415f5354532e5053543d257553
:10789800290a0d005b504c43415d20636f6f726491
:1078a800696e61746f72206379636c65206c656eb4
:1078b8006774683a20257520285052535354532e24
:1078c8004d415849442c206d61792064696666658c
:1078d800722066726f6d206f7572206f776e204e02
:1078e8004f44455f434e54290a0d00005b504c43fa
:1078f800415d2073696e6365206c617374206368f1
:1079080065636b3a20256c75207472616e736d69be
:1079180074206f70706f7274756e69746965732cfa
:1079280020256c7520424541434f4e730a0d0000d7
:107938005b504c43415d206c617374207472616ebe
:10794800736d69742d6f70706f7274756e69747968
:10795800206576656e742061742049442025752061
:1079680028535453332e455252544f49442c2075b2
:107978006e72656c6961626c65206966206d756cf4
:107988007469706c65206576656e74732062656cc9
:107998006f77290a0d0000005b504c43415d20655c
:1079a80076656e743a20504859534943414c2054e7
:1079b80052414e534d495420434f4c4c4953494f23
:1079c8004e2028535453312e5458434f4c29202dc0
:1079d800206e6f74206120504c43412061646472b2
:1079e800657373696e6720636f6e666c6963742c68
:1079f8002061207265616c20656c656374726963cf
:107a0800616c2d6c61796572206661756c740a0d04
:107a1800000000005b504c43415d2065786365734e
:107a28007369766520636f6c6c6973696f6e732018
:107a380073696e6365206c61737420636865636b3a
:107a48003a2025752028535441545331302e584339
:107a58004f4c202d204d41432d6c6576656c2c20b4
:107a6800646174617368656574207761726e7320f0
:107a7800746869732063616e20626520636f6e6647
:107a88007573656420627920504c43412773206fd9
:107a9800776e206c6f676963616c20636f6c6c69cb
:107aa80073696f6e73290a0d000000005b504c4328
:107ab800415d20636f7272757074656420747261c1
:107ac8006e736d697373696f6e732073696e636526
:107ad800206c61737420636865636b3a2025752098
:107ae8002854315350435344494147322e434f524f
:107af8005458434e54202d20746865206461746185
:107b080073686565742d7265636f6d6d656e646508
:107b18006420706879736963616c20636f6c6c6949
:107b280073696f6e20636f756e746572290a0d0034
:107b38005b504c43415d206576656e743a20756ee6
:107b4800657870656374656420424541434f4e20f3
:107b58007265636569766564202d20636865636b6b
:107b680020666f722061207365636f6e6420636f97
:107b78006f7264696e61746f720a0d005b504c43da
:107b8800415d206576656e743a20424541434f4e0b
:107b9800207265636569766564206265666f7265e3
:107ba800206f7572206f776e207472616e736d69c5
:107bb80074206f70706f7274756e6974790a0d0035
:107bc8005b504c43415d206576656e743a20667261
:107bd800616d652072656365697665642064757298
:107be800696e67206f7572206f776e207472616e90
:107bf800736d6974206f70706f7274756e697479c3
:107c08000a0d00005b504c43415d206576656e743b
:107c18003a20656d70747920504c43412063796334
:107c28006c65202d206e6f206e6f64652074726104
:107c38006e736d69747465640a0d00005b504c4383
:107c4800415d206576656e743a20756e657870655d
:107c58006374656420636172726965722073656e0e
:107c6800736520647572696e672041434d412074c5
:107c7800696d6520736c6f742028535453312e55e9
:107c88004e435253290a0d005b504c43415d206519
:107c980076656e743a20504c43412073796d626f5b
:107ca8006c73206465746563746564207768696cb7
:107cb8006520504c43412069732064697361626c8c
:107cc8006564206c6f63616c6c7920285354533160
:107cd8002e504c434153594d290a0d005b504c43db
:107ce800415d206576656e743a20504c434120739f
:107cf8007461747573206368616e67656420736965
:107d08006e6365206c61737420636865636b0a0d2c
:107d1800000000005b504c43415d206e6f20504cca
:107d28004341206576656e7420666c6167732073c5
:107d3800696e6365206c61737420636865636b0aa0
:107d48000d0000005b504c43415d2073746174204a
:107d580072656164206661696c6564206174206184
:107d68006464723d307825303858202d2061626f68
:107d78007274696e670a0d004c414e3836355820ca
:107d880052656164204f4b3a20416464723d3078fb
:107d9800253038582056616c75653d307825303867
:107da800580a0d005b5645524946595d20504153cb
:107db8005320616464723d307825303858206d61f5
:107dc800736b65643d30782530385820286d6173b1
:107dd8006b20307825303858290a0d005b564552fb
:107de8004946595d204641494c20616464723d30e2
:107df80078253038582065787065637465643d303f
:107e0800782530385820676f743d307825303858d9
:107e180020286d61736b20307825303858290a0d79
:107e2800000000005b544553544d4f44455d206e9f
:107e38006f77202575202d2025730a0d000000007e
:107e48004c414e3836355820526561642066616968
:107e58006c656420666f7220616464723d307825b9
:107e68003038580a0d0000005b5645524946595da6
:107e7800204641494c20616464723d307825303891
:107e880058202d20726561646261636b20646964a7
:107e9800206e6f7420636f6d706c6574650a0d00d9
:107ea8004c414e38363558205772697465206661e2
:107eb800696c656420746f2073746172743a2072ff
:107ec8006573756c743d25640a0d00004c414e388d
:107ed8003635582057726974652074696d656f75f9
:107ee8007420666f7220616464723d307825303882
:107ef800580a0d004c414e3836355820577269746f
:107f080065204f4b3a20416464723d307825303803
:107f1800582056616c75653d3078253038580a0d03
:107f2800000000004c414e383635582057726974ad
:107f380065206661696c656420666f72206164649f
:107f4800723d3078253038580a0d00004c414e38c3
:107f580036355820524d57206661696c6564207427
:107f68006f2073746172743a20726573756c743d16
:107f780025640a0d000000004c414e383635582063
:107f8800524d572074696d656f757420666f722045
:107f9800616464723d3078253038580a0d0000005d
:107fa8004c414e3836355820524d57204f4b3a20c9
:107fb800416464723d307825303858204d61736bc8
:107fc8003d3078253038582056616c75653d3078dd
:107fd800253038582046696e616c3d307825303838
:107fe800580a0d004c414e3836355820524d57200e
:107ff8006661696c656420666f7220616464723db5
:108008003078253038580a0d000000005b5445537d
:10801800544d4f44455d206175746f2d72657665ca
:1080280072743a20726573746f72696e67206e6f2e
:10803800726d616c206f7065726174696f6e0a0d84
:10804800000000005b5351495d206d6f6e69746fcd
:1080580072696e6720616c6c206e6f64657320288e
:10806800776569676874656429202d2027737169ad
:10807800272073686f777320746865207265706f46
:1080880072740a0d000000005b5351495d206d6f4a
:108098006e69746f72696e67206e6f6465202575ee
:1080a800202d2027737169272073686f77732074d8
:0c80b8006865207265706f72740a0d001c
:020000040000fa
:0480c40000207047e1
:020000040000fa
:1080c8002de9f04fa3b0a84bd3e90023134313d0f5
:1080d800a64b1b78002b00f0e483a54b1b78dbb183
:1080e800a44b1b78042b00f2d883dfe813f01200ae
:1080f80051003f005c03c20330f0aef99e4ba3fb76
:10810800003080090021984bc3e9000150ea0103bf
:10811800ded123b0bde8f08f2df0eefa974a136850
:108128005268c41a61eb0205002c75f1000311dadc
:10813800904b1b78042b00f2b08301a252f823f075
:108148001b8100009381000075810000af8700004b
:108158007b8800000024854b1c708949204626f046
:108168004bfc844b1c70874b1c70d2e7864b1a68fb
:10817800864b1b689a4200f00d83854b1b78002bb9
:1081880040f00d8302230b933de1784b1b786bb1d4
:10819800774b1b78002bbcd0744b00221a707d4b98
:1081a8001b784bb1734b02221a70b2e7c0221146fa
:1081b800042024f089faace77749104626f01cfc25
:1081c8000023704a13706b4a1370a2e77349d1e910
:1081d800000182457beb0101bcbf7049c1e900abde
:1081e8006f49d1e90001504571eb0b01bcbf6c49e7
:1081f800c1e900ab6b49baeb02026beb0c060a60f3
:108208004e605ce1674bd3e90067674b18782bf049
:108218006dfc664bd3e90023cde906230490cde934
:108228000267cde900ab089a6149002026f0e4fb1b
:108238004de10494cdf814900295cdf80c80dde959
:108248000c23cde90023089a5a49002026f0d4fbd4
:1082580042e1594b1b786bb9584a4b0143ead0634a
:10826800440114605360514b18605960524b01220d
:108278001a7075e1514a16685468730943eac46371
:108288006711c31a61eb07019b1941eb04041360e2
:108298005460464a5b0943eac4636411136054603e
:1082a8005ee1daf100006beb4b0182e10ff2a80806
:1082b800d8e90078874278eb010345db404b1b681f
:1082c800022b0cd91aeb02004beb09010322002305
:1082d800801944eb010122f05fff82468b4620a4ff
:1082e800d4e90034dde908128b4274eb0203c0f2d2
:1082f800258254465d46baf1000f7bf10003c0f2b7
:108308002182304b1b68304a1268934206d3274ab1
:10831800d2e9006756ea070240f019822b4bd3e9ed
:108328000023a242ab41c0f22482972c75f10003ce
:10833800c0f228824ff496720023a242ab4151da70
:10834800032027f0c9f94de0002027f0c5f91d4b9f
:108358001a681f4b1a6045e080e7c63f000000001e
:1083680000e1f50500000000e8fd002051040120af
:108378005204012057040120d34d6210c0fd002093
:10838800885b020054040120c0010120bc010120c7
:108398004e04012053040120b05b0200a0fd002020
:1083a80098fd002088fd002055040120b8fd00201c
:1083b800dc5b0200205c020050040120a8fd0020c4
:1083c800b4010120c4010120b8010120b805012031
:1083d800cc010120ba4b1b68ba4a12689b1a0f2bb2
:1083e80000f204810b9b013b0b9300f0d381b64b49
:1083f8001a68b64b1b689a4200f0cc81b44b1b78c4
:10840800002b40f0cc81b04e336803eb830318adea
:10841800b04c04ebc3040fcc0fc50fcc0fc594e8c8
:10842800030085e80300bdf8601008911a9dddf887
:108438006c801c9cddf87490dde91e23cde91023c7
:10844800dde92023cde90c233368013303f007036a
:108458003360631b69eb08029f4913eb010a42f181
:10846800ff3b9e49d1e9002316461f46cde90e671a
:108478009b4b1a6812925a6813929a480268d0f86d
:1084880004c0c0e900ab9848c0e900670d60c1f8b6
:1084980004801c60c3f80490944b08991960884bb9
:1084a8001b68002b7ff492ae914ac2e900ab914a57
:1084b800c2e900ab904a00200021c2e90001013363
:1084c8007f4a13608d4b1b78002b7ff49bae8c4b3f
:1084d8001b78002b7ff4adae2a464346dde90c013c
:1084e8002ff0b0fadde90e1251ea020338d0854bbd
:1084f8001b78002b34d16b1a149368eb0203159385
:10850800dde91467012e77f1000329db129be41ad9
:10851800139b69eb03037c4a10685268201a63ebcb
:108528000203801b63eb0703784aa0fb020102fbee
:10853800031132463b4622f02ffe754bc3181693a3
:1085480041f100031793734a0023dde91667bb4224
:1085580008bfb242bff47dae6f4a1368013313609f
:108568000023684a1370684b00210022c3e90012f7
:108578006a4b9e68dc681e615c611a68d3f80490d7
:108588009a60c3f80c90c3e900ab654b1b68022bdb
:1085980002d8013362490b60624b1b78002b3ff411
:1085a80021af50465946baf1000f7bf10003fff6a0
:1085b80078aecde908015c4b93f800e0aef1030317
:1085c800dbb2012b7ff672aebef1040f00f2de8043
:1085d80001a353f82ef000bfdd83000013860000ce
:1085e80037860000c5820000c58200004f4bd3e9e2
:1085f8000001404261eb41011df012fc00283ff4ec
:10860800f1ae012027f068f8ece640f6cc60dde931
:10861800102328184ff0000148eb01011ff0acf8b7
:1086280000283ff4dfae022027f056f8dae64ff4d0
:1086380096720023dde9080182428b4119da1ea4f3
:10864800d4e90034dde908128b4274eb020326db1f
:108658001b4b1b68364a1268934205d3334ad2e94a
:10866800004554ea050208d15046594621f07efdde
:10867800b8e6032027f030f8b4e62e4a126813440f
:108688002b4a13602c49630843eac5736a100868cb
:108698004968c01a61eb02011df0c2fba2e640f670
:1086a800cc60dde9102328184ff0000148eb0101e8
:1086b8001ff062f896e600bfffe0f5050000000035
:1086c800c4010120cc010120c0010120bc0101200e
:1086d8004e040120d0e8002034f1ffffd0fd002037
:1086e800e0fd002090fd0020d8fd0020c8010120f9
:1086f80098fd0020a0fd002088fd002059040120dd
:108708005804012056040120c8fd002000ca9a3be5
:10871800404b4c00809698009c01012020fc0020d2
:10872800b40101202706012055040120b8fd0020ce
:10873800b8010120e0050120b0fd0020022026f04c
:10874800cbff4fe6daf100046beb4b05d9e55d4a48
:10875800126813445c4a13605c49730843eac773a0
:108768007a1008684968c01a61eb02011df058fbcd
:10877800dbe54fea5a0040eacb704fea6b0121f083
:10878800f5fcd2e5042026f0a7ff2be6002026f012
:10879800a3ff27e64e4b1b78002b3ff4baac4d4b9a
:1087a80003221a70b5e44c4b1b78002b47d14b4b76
:1087b8001978474b1b788b4209d80023444a137019
:1087c800464a1370464b1a78424b1a70a1e40020af
:1087d800444b1870444b18700190444b009301238c
:1087e800434a52f82120434c54f821102af0deff66
:1087f80000287ff48eac384b01221a702cf07cffd5
:108808003d4e3e4b1c685d68231945eb05021b195c
:1088180045eb0202d70047ea53774feac30c3a46c2
:108828001ceb040345eb0202d40044ea5374dd0058
:1088380022462b1841eb02023360726069e4294b2f
:108848001b78002b3ff465ac234b00221a70264b93
:108858001b7823b1214a13780133137059e41f4b55
:108868001a78244b53f822202549002026f0c4f812
:10887800f0e7194b1b7853b11a4b1b78002b3ff4c8
:1088880048ac0023144a1370124a137041e4c02202
:108898000021042023f018ff3be40e4b00221a703d
:1088a80037e40c4b1b78042bf7d801a252f823f0bd
:1088b8001b8100009381000075810000af870000d4
:1088c80097880000e0050120b8010120b0fd0020d4
:1088d8004e04012057040120510401204f040120b7
:1088e800260601205204012053040120617f030061
:1088f800a0fc002090fc0020c0fd0020e8fd002026
:04890800485c0200c5
:020000040000fa
:10890c003150505300000000505450006f66660008
:10891c003f000000554e494e495400004c4f434b0c
:10892c0045440000484f4c444f564552000000004f
:10893c00414e43484f524544000000007965730096
:10894c006e6f0000696e6a65637400005b5442418f
:10895c0053455d20696e6a6563743a206e6f206db5
:10896c006f64656c20796574202d206e6f74686956
:10897c006e6720746f20646973747572620d0a00df
:10898c005b54424153455d20696e6a6563743a20bd
:10899c00256c752070616972287329206174204cd4
:1089ac003d256c6c75207769746820252b6c6c6484
:1089bc00206e73206572726f722028736f757263ec
:1089cc0065202573290d0a005b54524143455d20f7
:1089dc007265636f7264696e67206f6666202862c9
:1089ec007566666572206b657074290d0a0000004f
:1089fc005b54524143455d207265636f7264696ece
:108a0c0067206f6e0d0a00006d7300005b545241bd
:108a1c0043455d20256c75206d7320697320746f40
:108a2c006f2066617374202d203230206d73206da1
:108a3c00696e696d756d0d0a000000005b54524142
:108a4c0043455d20696e74657276616c20256c758a
:108a5c00206d73202d3e20256c752073206f6620b1
:108a6c00686973746f72792c206275666665722002
:108a7c00636c65617265640d0a000000636c65616e
:108a8c00720000005b54524143455d20636c65618c
:108a9c007265640d0a0000005b54524143455d2031
:108aac00646f6e652028256c752073616d706c6524
:108abc0073290d0a000000005b54524143455d20b0
:108acc006e6578743a2074626173652074726163a8
:108adc006520256c750d0a006e6f77005b54424162
:108aec0053455d204c3d256c6c75202d3e20256c2e
:108afc006c75206e73202028256c6c752e253039f2
:108b0c006c6c752073290d0a000000005b54424107
:108b1c0053455d206e6f206d6f64656c20796574b4
:108b2c000d0a0000617400005b54424153455d2006
:108b3c00256c6c75206e73202d3e204c3d256c6c85
:108b4c0075202d3e20256c6c75206e7320202865b9
:108b5c0072726f7220256c6c64206e73290d0a0082
:108b6c006761696e000000005b54424153455d2013
:108b7c006761696e3a20736c6f706520646976204a
:108b8c00256c752020206f66667365742064697689
:108b9c0020256c752020202864656661756c742016
:108bac002575202f202575290d0a00005b544241a4
:108bbc0053455d206761696e3a2065787065637412
:108bcc00656420312e2e3130303030302c20676fe0
:108bdc007420256c6420256c640d0a005b544241a2
:108bec0053455d206761696e3a20736c6f70652028
:108bfc0064697620256c752020206f666673657419
:108c0c002064697620256c752020207365740d0a0c
:108c1c00000000005b54424153455d206761696e62
:108c2c00205b3c736c6f70655f6469763e203c6fb3
:108c3c0066667365745f6469763e5d0d0a000000bc
:108c4c0073796e636d7367005b54424153455d20cd
:108c5c0073796e636d7367203c6e733e2066726f22
:108c6c006d2031303020746f203130303030303066
:108c7c0030202d207265667573656420726174688e
:108c8c006572207468616e20677565737365642ef8
:108c9c000d0a00005b54424153455d2073796e63ad
:108cac006d73673a20257320202074687265736891
:108cbc006f6c6420256c64206e732c2025752073da
:108ccc00616d706c657320696e206120726f772006
:108cdc002020276c6f737427207468726573686f1b
:108cec006c64202575206d730d0a00007265736528
:108cfc00740000005b54424153455d206d6f646508
:108d0c006c20636c65617265640d0a005b544241b2
:108d1c0053455d20756e6b6e6f776e207375626355
:108d2c006f6d6d616e6420272573270d0a0000009e
:108d3c0075736167653a207462617365207c206e7f
:108d4c006f77207c206174203c6e733e207c2072f7
:108d5c0065736574207c2074726967207c20666959
:108d6c007265203c6d733e205b69645d207c2070d5
:108d7c006572203c6d737c4e6d737c4e75733e201a
:108d8c005b69645d207c2063616e63656c207c2074
:108d9c006877206f6e7c6f6666207c2070696e2011
:108dac006f6e7c6f6666207c206d6f6465207374bb
:108dbc00726963747c66726565207c2073796e635e
:108dcc006d7367205b6f6e7c6f66667c3c6e733e6a
:108ddc005d207c206c6564206f6e7c6f66667c62a7
:108dec006c696e6b205b317c325d0d0a00000000fb
:108dfc005b54424153455d2073746174653a202580
:108e0c0073202020757361626c653a2025732020d5
:108e1c00206167653a20256c6c75206d730d0a0016
:108e2c005b54424153455d207175616c6974793aac
:108e3c0020257320282575292020206d61737465e9
:108e4c007220726566206167653a20006e657665f2
:108e5c0072000000256c6c75206d7300202020734f
:108e6c0065656e3a20256c752020206f66662d7422
:108e7c00696d656c696e653a20256c752020206cd7
:108e8c00617374206465763a20256c6c64206e7373
:108e9c000d0a00005b54424153455d2070616972bc
:108eac00733a20256c7520202077696e6e6572737d
:108ebc003a20256c752f257520202072656a656314
:108ecc007465643a20256c752020207265616e6390
:108edc00686f72733a20256c750d0a005b54424121
:108eec0053455d20656d657267656e6379207265ab
:108efc002d616e63686f72733a20256c752020208b
:108f0c0072656a656374696f6e7320696e20612087
:108f1c00726f773a20256c752f25752020206c6197
:108f2c0073742074726967676572696e6720726505
:108f3c0073696475616c3a20252b6c6c64206e73bc
:108f4c000d0a00005b54424153455d206f75746cf3
:108f5c00696572733a20256c752072656a65637455
:108f6c0065642028252b6c6c64202e2e20252b6c00
:108f7c006c64206e7329202020666f7263656420f8
:108f8c007468726f7567683a20256c752020206ca8
:108f9c00696d697420256c6c64206e730d0a000079
:108fac005b54424153455d206f75746c696572204a
:108fbc0072756e733a20256c752020206f70656e6b
:108fcc00696e6720726573696420666972737420b8
:108fdc00252b6c6c642020206c61737420252b6c09
:108fec006c642020206d696e20252b6c6c64202015
:108ffc00206d617820252b6c6c64206e730d0a003b
:10900c005b54424153455d20686f6c646f766572aa
:10901c003a20656e747269657320256c752020206a
:10902c00746f74616c20256c75206d732020206c1e
:10903c006f6e6765737420256c75206d730d0a0057
:10904c005b54424153455d206761696e3a20736cf5
:10905c006f70652064697620256c752020206f6602
:10906c00667365742064697620256c750d0a0000a2
:10907c005b54424153455d20736c6f70653a2025fb
:10908c006c6420707062207673206e6f6d696e61f7
:10909c006c2020207132343a20256c6c75202020f5
:1090ac00626173656c696e653a20256c6c75206d18
:1090bc00730d0a005b54424153455d206c6173741f
:1090cc0020726573696475616c3a20256c6c642040
:1090dc006e7320202077696e6e65722073707265d6
:1090ec0061643a20256c6c75206e730d0a000000cb
:1090fc005b54424153455d20626c6f636b3a202593
:10910c006c752f25752073616d706c65730d0a007d
:08911c0074726163650000bf7d
:020000040000fa
:049124000846704742
:020000040000fa
:109128002de9f04fa1b00c4615461146204602f035
:10913800e9fc10b121b0bde8f08f2946204602f0c5
:10914800a3f90028f6d12946204610f093fa002802
:10915800f0d12946204609f0e7fd0028ead1294642
:1091680020460df06ffa0028e4d129462046f8f78a
:109178008bfa0028ded1022c40f3c780b849686812
:109188002ef069fd002844d06e68b64930462ef0ae
:1091980062fd002800f0ca80b34930462ef05bfd1e
:1091a800002800f01781022c06ddb04968682ef00f
:1091b80052fd002800f038816e68ad4930462ef027
:1091c8004afd002840f0b181022c00f09781032c61
:1091d80040f3a68100221146a8682ef021ff04461c
:1091e80000221146e8682ef01bff0346611ea14ac3
:1091f800914200f28f81411e914200f28b819e4a7a
:1092080014609e4a106022469d49002025f0f4fb18
:1092180090e700221146a8682ef0eefe09908b46d2
:10922800032c0adc2cf068fa80468a4600220023c8
:10923800cde90a234ff0010913e000221146e8683e
:109248002ef0e4fe81462cf057fa80468a4600222a
:109258000023cde90a2309f1ff33402b28bf4ff043
:1092680001090aaa404651462df06cfb002848d057
:10927800844b1978844b854a012918bf13460493f7
:10928800099b0293cdf80cb0cdf80080cdf804a06e
:109298004a467f49002025f0affbb9f1000f3ff4a3
:1092a80049af002425467b4b1a68596804fb01f135
:1092b80002fb0511a2fb04230b4412eb080743eb46
:1092c8000a0600220023cde90c230caa38463146b1
:1092d8002df038fb00283ff42daf0c9b099ad318ca
:1092e8000d9a4beb0202009301923a4633466549c8
:1092f800087800f0e9fa013445f10005a145d2d813
:1093080018e7654925f078fb14e7022c00f0438242
:1093180010a818f09df99df84030032b00f26581e4
:10932800dfe813f065015d015f016101ae685b492b
:1093380030462ef090fcb8b1594930462ef08bfcdf
:10934800c0b1032c04dd5749a8682ef084fcc0b1d5
:10935800ac68554920462ef07efc78b300221146b1
:1093680020462ef053fe1fe2504b1870504925f04e
:1093780043fbdfe64d4b01221a704e4925f03cfbba
:10938800d8e600221146e8682ef040fe044613286d
:1093980005d802464849002025f02efbcae6474b6f
:1093a80018602af0cbff22024ff47a73b2fbf3f372
:1093b80022464349002025f01ffbbbe62af0beffea
:1093c8004049002025f018fbb4e63f49002025f06d
:1093d80013fbafe62cf090f906460f460ea82af0cc
:1093e80033f8e0b1dde90e451ba3d3e9002320469d
:1093f80029462cf071facde9042317a3d3e90023f9
:10940800204629462cf068facde90201cde900454d
:1094180032463b462d49002025f0eefa8ae62c49d3
:10942800002025f0e9fa85e600221146a8682ef00a
:1094380028fc04460d460caa1bf06efa30b10eaaa1
:10944800dde90c012df07efa002843d120490020e7
:1094580025f0d2fa6ee600bf00ca9a3b0000000071
:10946800508900001c910000e48a0000308b000045
:109478006c8b00009f860100e8050120e4050120af
:10948800e88b00005c0401200c89000014890000ae
:109498008c890000a0fe002058890000188900006f
:1094a80054f10100148a0000888a0000290601206e
:1094b800d4890000fc890000188a0000f00501200a
:1094c800488a0000908a0000c48a0000e88a0000e8
:1094d800188b00000e9b0f9a181b62eb0501049075
:1094e800059102930392dde90c23cde9002322467e
:1094f8002b46b449002025f07ffa1be62023019370
:1095080004230093b04b1b68b04a1268b04925f099
:1095180073fa0fe62246af49002025f06dfa09e6f6
:10952800ad49002025f068fa04e6ac4930462ef033
:1095380092fb00283dd1022c23ddac68a8492046c7
:109548002ef089fb48b1a74920462ef084fb48b984
:10955800a54b00221a70a34a1ae0a34b01221a70e5
:109568009f4a15e00022114620462ef059fda0f131
:1095780064029e4b9a4217d89d4b18609d4b01225e
:109588001a70994b1978964a964b002908bf1a46c3
:1095980040f6b833019308230093954b1b6896490e
:1095a800002025f029fac5e59449002025f024fa81
:1095b800c0e5934930462ef04efb48b132469149fa
:1095c800002025f019fa9049002025f015fab1e598
:1095d80010f09eff8d49002025f00efaaae58c4c6c
:1095e80006e08c4c04e08c4c02e08c4c00e08c4c87
:1095f8002ef002fedde91a23cde90023894b8a4ac1
:10960800002808bf134622468849002025f0f4f9af
:1096180027f03efa04460d462bf0acfc844b53f879
:1096280020602bf0a7fc034632468249002025f033
:10963800e3f9b5f1ff3f08bfb4f1ff3f00f0a680a2
:1096480022462b467c49002025f0d6f97b4bd3e9ee
:109658000023cde900237a4b1b687a4a12687a49bd
:10966800002025f0c9f9149b0293139b0193102342
:109678000093129b119a7549002025f0bdf9744b8f
:10968800d3e90023cde9022308230093714b1b681b
:10969800714a12687149002025f0aef947f230523c
:1096a8000023cde906236e4b1b6804936d4bd3e969
:1096b8000023cde902236c4bd3e90023cde9002335
:1096c8006a4b1a686a49002025f096f9694bd3e974
:1096d8000023cde90623684bd3e90023cde9042311
:1096e800664bd3e90023cde90223654bd3e9002378
:1096f800cde90023634b1a686349002025f07cf903
:10970800624bd3e9004522462b466149d1e9000165
:109718002cf0e2f807465f4b1e6822462b465e494e
:10972800d1e900012cf0d8f800903b4632465b495d
:10973800002025f061f9244b1b68244a1268584917
:10974800002025f059f9574a0023dde918012cf0cb
:10975800c3f8cde90201dde91623cde90023159a06
:109768005149002025f048f9dde91e23cde9002301
:10977800dde91c234d49002025f03ef920234c4a01
:1097880012684c49002025f037f9d3e44a490020f3
:1097980025f032f95ae76e68484930462ef05bfaf0
:1097a80000287ff4f9ac0020202114f095f9024636
:1097b80000287ff40aae424b1a68424925f01cf98a
:1097c800b8e400bf348b0000e4050120e80501205f
:1097d800748b0000b88b0000208c00004c8c0000bb
:1097e80054f1010018890000280601201c969800f1
:1097f800ec05012061040120a08c0000548c0000bd
:10980800f88c0000188d00003c8d0000008d0000d1
:109818003c89000028890000308900001c8900006c
:1098280020890000488900004c890000fc8d000058
:10983800108203002c8e0000608e000078fe00204d
:10984800f8010120fc010120688e0000a08e0000b4
:1098580070fe002000020120e0010120e88e0000d7
:10986800d801012040fe002048fe0020d40101203c
:10987800508f000060fe002068fe002058fe002087
:1098880050fe0020f4010120ac8f0000a0fe002053
:1098980020fe0020ec01012010fe00200c900000aa
:1098a8004c90000040420f007c900000c0900000e7
:1098b800d0010120fc900000588e00001c9100008f
:0898c80014020120a48a000033
:020000040000fa
:1098d0002de9f04f99b014461d46229fddf88ca06b
:1098e000064660b9844a136801331360834b1b78c2
:1098f00063b9834bc3e90045824b01221a70824b46
:109900001b78b34226d019b0bde8f08f2046294617
:1099100024f060fec01b61eb0a017c4b18605960ab
:109920007b4b10eb03084ff0000341eb030970a3de
:10993000d3e900234b4508bf424504d2754a13685a
:1099400001331360dbe76e4bc3e900456d4b012229
:109950001a70d4e7704a1368013313606f4bc3e980
:109960000045664b93f80080b8f1000f30d02046d8
:10997000294624f02ffec31b029361eb0a030393d5
:10998000674bdde90212c3e90012664b1b78002b1e
:1099900047d0654b1b78002b43d013460a46084638
:1099a0001946002a73f1000c32db604b1a68d3179a
:1099b00082428b4132db5e4a136801331360072b0e
:1099c0002fd9594b00221a705a4b03221a7028e0e3
:1099d000eff3108272b6584bc3e90045574b1f6036
:1099e000c3f804a082f310880123444a1370544a38
:1099f0001360544bc3e900459f60c3f80ca00022dc
:109a000000235149c1e900234549c1e900237ae710
:109a1000524263eb430310461946c6e7444b00220b
:109a20001a603b4bdde90201c31804934ff00003b9
:109a300041eb030305932ea3d3e90023dde90401e1
:109a40008b4208bf824280f09580404a1368013300
:109a500013603f4a136801331360072b7ff653af3f
:109a60003c4a1368013313603b4bdde90212c3e942
:109a700000120026364b1e600823009313460a4648
:109a80003649304624f0bcff4ff4807231463448ea
:109a90002ef098fa8022314632482ef093fa324b5b
:109aa0001e60324b1e60eff3108272b6224bc3e988
:109ab0000045224b1f60c3f804a082f310880123e5
:109ac0000e4a13701e4a13601e4bc3e900459f6087
:109ad000c3f80ca0002200231b49c1e90023104950
:109ae000c1e9002307490e702149c1e900230ae7b3
:109af00000e1f50500000000fc0101205d040120eb
:109b000080fe00205b0401205c04012078fe002020
:109b100080f0fa02f8010120dc01012028fe00207b
:109b200030fe00202806012060040120ec05012001
:109b3000080201205f040120f0fd0020f8fd002054
:109b4000d0010120b0fc002008fe0020e801012027
:109b500000020120e001012070fe002038190300fe
:109b600098ee0020b8f40020200201201c02012001
:109b700038fe00209a4b00221a60b8f1020f00f064
:109b80008380984b00221a60974b1b6843b1974a19
:109b9000d2e90001dde90289804579eb01020adaa8
:109ba000934ac2e900459760c2f80ca08f4adde9ec
:109bb0000201c2e9000101338b4a1360012e0cbf80
:109bc000012220229342fff49eae884bd3e9004548
:109bd000dff854c2dcf80060864f07eb0617844bb1
:109be0000fcb87e80f00844b03ebc603c3e90045a6
:109bf000013606f00f06ccf80060804b1b680f2b77
:109c000002d801337d4a1360774b00221a607b4be8
:109c10001c68012c7ff677aea6eb040e0ef00f0e3b
:109c200006f10f0303f00f03724a02eb0311d1e9af
:109c30000001cde90c0102eb0e12d2e900678f4260
:109c400008bf8642bff45fae6a4a02eb0313d3e952
:109c50000201cde90e0102eb0e12d2e9028989451b
:109c600008bf8045bff44fae032c40f291816308da
:109c7000069300230a930b93089309931d460493bc
:109c800018469c46029389e05c4b1b680f2b7ff6bd
:109c900078af47f23053dde90201c31806934ff065
:109ca000000341eb030307934ef660220023dde936
:109cb00006018b4208bf8242bff463af494a136872
:109cc00001331360012b06d0082b1ed94c4a1368b0
:109cd0000133136058e74b4a1368013313604a4b52
:109ce0001b787bbb494bdde90212c3e90012484bec
:109cf000c3e90012474bc3e90012434b01221a701b
:109d0000454bdde90212c3e90012444a13680133ee
:109d10001360434bd3e90023dde9020182428b410a
:109d2000bcbf3f4bc3e900013e4bd3e90023dde953
:109d30000201904271eb0303bff6e5ad394bc3e975
:109d40000001e0e5334bd3e90023dde90201824263
:109d50008b41bcbf2f4bc3e900012d4bd3e900233e
:109d6000dde90201904271eb0303bcbf284bc3e95c
:109d70000001c5e7089911eb0a010891099941eb27
:109d80000b0109910a998a180a920b9a43eb020275
:109d90000b9200bf0cf1010c644547d00ceb0e0395
:109da00003f00f03134a02eb03131a68b2eb060a1f
:109db0005a6862eb070b9a68db68b2eb080263eb48
:109dc000090306998c45d5d210eb0a00029941eba4
:109dd0000b010291ad18049a43eb02020492d9e7f9
:109de00000020120f0010120d001012008fe002026
:109df000b0fc002098ee0020b8f400201c020120e6
:109e0000d8010120f40101205a04012050fe002055
:109e100068fe002060fe002058fe0020d4010120d2
:109e200040fe002048fe0020200201200299069af0
:109e300000232bf055fd83468a46069be11a0291ca
:109e40000a460023089809992bf04afd16eb0b0ce3
:109e5000cdf840c047eb0a0ccdf844c0089030184c
:109e60001290099147eb01061396dde91067dde9d1
:109e700012018f4208bf8642bff445ad069a002307
:109e8000284604992bf02cfd07460d46029a002324
:109e90000a980b992bf024fd18eb0702149249eb5a
:109ea0000502159218eb0002169249eb0102179277
:109eb000dde91423dde916894b4508bf4245bff4af
:109ec00022ad089bb3eb0b0b099b63eb0a09c71b85
:109ed00061eb05055a464b46384629462bf000fdf6
:109ee00011461e065a464b46080646ea11212bf03b
:109ef000f7fc06468a465a464b46384629462bf01a
:109f0000effc0b0643ea10230206b0184aeb0301ec
:109f10000f2c68d9374e3468d6f804804ff000090a
:109f2000354b1a684b46001b61eb080121f038f9ec
:109f3000001941eb080130607160304b1f605d60bb
:109f4000dde90c0124f046fb04460d462c4b1a6853
:109f50004b46dde90e67801b61eb070121f020f91c
:109f6000231a0e9365eb01030f93eff3108372b680
:109f7000244adde90c01c2e90001234adde90e01b2
:109f8000c2e9000183f31088204b02221a70bae460
:109f9000dde90c128c1b62eb0706dde90e12b1eb5a
:109fa000080762eb090522463346384629462bf05e
:109fb00097fc11464fea036c2246334608064ceaea
:109fc00011212bf08dfc80468946224633463846c7
:109fd00029462bf085fc0b0643ea1023020618ebfa
:109fe000020049eb0301034b18605960034b1f60eb
:109ff0005d60bae790fe0020e805012000fe002029
:10a00000e4050120f0fd0020f8fd00205d040120a2
:020000040000fa
:10a010005478204279746520436f756e742d6c6f8f
:10a02000776572203332626974732854784f544cc8
:10a030004f2900008b8503005478204279746520f5
:10a04000436f756e742d757070657220313662695c
:10a0500074732854784f54484929000095850300ab
:10a060005478204672616d657320772f6f2065727a
:10a07000726f722854784654434e542900000000f1
:10a08000000000009f85030054782042726f6164d5
:10a0900063617374204672616d657328547842431e
:10a0a000465429000000000000000000a9850300bc
:10a0b0005478204d756c74696361737420467261c5
:10a0c0006d65732854784d46542900000000000047
:10a0d00000000000b385030054782050617573655b
:10a0e000204672616d6573285478504654290000eb
:10a0f000000000000000000000000000bd8503001b
:10a1000054782036342d62797465204672616d650d
:10a110007328547842465436342900000000000069
:10a1200000000000c785030054782036352d3132f9
:10a13000372062797465204672616d6573285442d8
:10a14000465431323729000000000000d185030059
:10a150005478203132382d323535206279746520bb
:10a160004672616d65732854424654323535290074
:10a1700000000000db8503005478203235362d3591
:10a1800031312062797465204672616d657328549f
:10a19000424654353131290000000000e5850300b6
:10a1a0005478203531322d31303233206279746564
:10a1b000204672616d657328544246543130323303
:10a1c00029000000ef850300547820313032342d0f
:10a1d000313531382062797465204672616d65735e
:10a1e000285442465431353138290000f98503009e
:10a1f0005478204672616d6573203e3d20313531c3
:10a2000038206279746528475442463135313829ff
:10a210000000000003860300547820556e646572c8
:10a2200072756e204672616d6573206e6f74205476
:10a230005865642854785455522900000d8603004f
:10a2400054782053696e676c6520436f6c6c69733a
:10a25000696f6e204672616d65732854785343466a
:10a260002900000017860300547820322d31352054
:10a27000436f6c6c6973696f6e204672616d6573b4
:10a280002854784d43462900000000002186030031
:10a29000547820313620436f6c6c6973696f6e207f
:10a2a0004672616d65732854784543434e542900c6
:10a2b000000000002b8603005478206c6174652038
:10a2c000436f6c6c6973696f6e204672616d657364
:10a2d0002854784c43434e5429000000358603002f
:10a2e0005478204465666572726564204672616dbb
:10a2f000657328547844544629000000000000008b
:10a30000000000003f8603005478204361727269a8
:10a3100065722053656e7365206572726f72204698
:10a3200072616d657328547843534529498603004b
:10a330005278204279746520436f756e742d6c6f6e
:10a34000776572203332626974732852784f524ca9
:10a350004f2900005386030052782042797465200b
:10a36000436f756e742d7570706572203136626939
:10a3700074732852784f5248492900005d860300c3
:10a380005278204672616d657320772f6f20657259
:10a39000726f722852784652434e542900000000d2
:10a3a000000000006786030052782042726f6164eb
:10a3b00063617374204672616d65732852784243fd
:10a3c00046522900000000000000000071860300d2
:10a3d0005278204d756c74696361737420467261a4
:10a3e0006d6573202852784d465229000000000008
:10a3f000000000007b860300527820506175736571
:10a40000204672616d6573285278504652290000cb
:10a41000000000000000000000000000858603002e
:10a4200052782036342d62797465204672616d65ec
:10a43000732852784246523634290000000000004a
:10a44000000000008f86030052782036352d31320f
:10a45000372062797465204672616d6573285442b5
:10a46000465231323729000000000000998603006f
:10a470005278203132382d3235352062797465209a
:10a480004672616d65732854424652323535290053
:10a4900000000000a38603005278203235362d35a7
:10a4a00031312062797465204672616d657328547c
:10a4b000424652353131290000000000ad860300cc
:10a4c0005278203531322d31303233206279746543
:10a4d000204672616d6573285442465231303233e2
:10a4e00029000000b7860300527820313032342d25
:10a4f000313531382062797465204672616d65733b
:10a50000285442465231353138290000c1860300b3
:10a510005278204672616d6573203e3d20313531a1
:10a520003920627974657328544d58424652290087
:10a5300000000000cb8603005278204672616d65f2
:10a5400073203c2036342062797465732852785524
:10a55000465229000000000000000000d5860300dc
:10a560005278204672616d6573203e203135313856
:10a570002062797465732852784f46522900000092
:10a5800000000000df8603005278206572726f724f
:10a59000204672616d6573203e203135313820626e
:10a5a000797465732852784a52290000e9860300bd
:10a5b000527820435243206572726f722046726156
:10a5c0006d6573285278464353452900000000000a
:10a5d00000000000f38603005278204c656e67741b
:10a5e00068206669656c64206572726f72204672bd
:10a5f000616d65732852784c46464529fd860300f7
:10a6000052782073796d626f6c206572726f722060
:10a610004672616d657328527852534529000000d7
:10a620000000000007870300527820616c69676ea4
:10a630006d656e74206572726f72204672616d6511
:10a64000732852784145290000000000118703005b
:10a650005278205265736f75726365204572726f10
:10a660007220285278525245290000000000000054
:10a67000000000001b8703005278206f766572721d
:10a68000756e206572726f72204672616d657328f7
:10a690005278524f45290000000000002587030032
:10a6a00052782049504864722043686b73756d205e
:10a6b0006572726f72204672616d657328527849b7
:10a6c000484345292f8703005278205443502043a4
:10a6d000686b73756d206572726f72204672616d62
:10a6e00065732852785443452900000039870300d8
:10a6f0005278205544502043686b73756d20657205
:10a70000726f72204672616d6573285278554345a9
:08a7100029000000438703004b
:020000040000fa
:10a718002de9f04f8db0d0f850a00a68436d846dd4
:10a7280083ea040e0eea0a0e8eea040ed84bc46cb5
:10a7380023440a9213449e440aeb7e6e4e68436d8e
:10a748008aea030707ea0e075f40d24b856d2b4460
:10a75800009633441f440eeb37578b681a468aea33
:10a768000e053d4085ea0a05cb4b446d2344019212
:10a7780013441d4407ebf535cb681c468eea0706e3
:10a788002e4086ea0e06c54b5344029423441e44c9
:10a7980005ebb6260b691c4687ea050333407b4068
:10a7a800bf4a039422449644734406eb73694a698a
:10a7b800134685ea060404ea09046c40b94a04937e
:10a7c8001a4417443c4409eb34548b6986ea09025d
:10a7d80022407240b44f05931f443d442a4404eb81
:10a7e800f232cf6989ea040808ea020888ea090807
:10a7f800ae4d06973d442e44b04402ebb8280f6a8c
:10a8080084ea020c0cea080c8cea040ca84d0797a1
:10a818003d4409eb05039c4408eb7c6c4d6a82ead5
:10a82800080909ea0c0989ea0209a24b08952b4490
:10a838001c44a1440ceb39598b6a88ea0c0e0eeac9
:10a84800090e8eea080e0993a3f524434f3b1a44d8
:10a85800964409ebfe3eca6a16468cea090505eae3
:10a868000e0585ea0c05944b1344984445440eebb9
:10a87800b525d1f8308089ea0e072f4087ea090705
:10a888008e4b43449c44674405eb7767d1f834c04a
:10a898008eea05033b4083ea0e03894a62449144e9
:10a8a8004b4407eb3353d1f8389085ea07041c4032
:10a8b8006c40844a4a449644744403ebf434d1f817
:10a8c8003ce087ea030222407a407f4971440d4404
:10a8d8002a4404ebb22284ea020b0bea030b8bea4c
:10a8e800040b7a49009d29440f44bb4402ebfb6bdf
:10a8f80082ea0b07274057407549059d29440b44b8
:10a908001f440bebf7578bea0703134083ea0b034b
:10a9180070490b9631440c44234407ebb34387ea50
:10a92800030505ea0b057d406b490a9c21440a444e
:10a93800154403eb353583ea05023a405a40674926
:10a94800049e31448b445a4405ebf26285ea0201c5
:10a9580019406940624c099e34442744394402eb4b
:10a96800f15182ea01042c4054405e4f77443b4445
:10a978001c4401ebb44481ea040313404b405a4f92
:10a98800039e37443d442b4404eb333384ea030be2
:10a998000bea010b8bea040b544d089e35442a44fc
:10a9a800934403ebfb6b83ea0b0727405f40504a55
:10a9b8004a4411440f440bebf7578bea07051d4037
:10a9c80085ea0b054b4a02990a441444254407ebcf
:10a9d800b54587ea050202ea0b027a404649079e16
:10a9e80031440b441a4405eb323285ea02033b40fa
:10a9f8006b40424961448b445b4402ebf36382ea57
:10aa08000301294051403e4c019e344427443944b7
:10aa180003ebf15183ea010414405c40394f069e70
:10aa280037443d442c4401ebb44481ea040b0bea5f
:10aa380003054d40344f47443a44154404eb35353b
:10aa4800049fa7f5b822a2f2be6213448bea050b55
:10aa58005b4405eb337384ea05025a402b4f079e8b
:10aa680037443944114403eb715185ea030b8beaef
:10aa7800010b274a0b9f3a4414445c4401eb3444cd
:10aa880083ea01076740234a4a4415442f4443e0b8
:10aa980078a46ad756b7c7e8db702024eecebdc1cc
:10aaa800af0f7cf52ac68747134630a8019546fda7
:10aab800d8988069aff7448bbed75c892211906b18
:10aac800937198fd8e4379a62108b44962251ef634
:10aad80040b340c0515a5e26aac7b6e95d102fd6ca
:10aae8005314440281e6a1d8c8fbd3e7e6cde1219f
:10aaf800d60737c3870dd5f4ed145a4505e9e3a900
:10ab0800f8a3effcd9026f678a4c2a8d81f671870a
:10ab180022619d6d0c38e5fd04eb772781ea04027c
:10ab28007a40944d009e35442b44134407eb33730d
:10ab380084ea07025a40904d039e35442944114443
:10ab480003eb715187ea030b8bea010b8b4a069dd5
:10ab58002a441444a34401eb3b4b83ea010282eaf2
:10ab68000b02874c099d2c4427443a440beb722274
:10ab780081ea0b045440834d65442b44234402eb83
:10ab880033738bea02075f407f4c0a9e34442144aa
:10ab98000f4403eb775782ea03057d407b49029c0b
:10aba80021448b445d4407eb354583ea070b8bea68
:10abb800050b7749059c21440a44934405eb7b2bfc
:10abc80087ea050484ea0b04724a08990a44134484
:10abd8001c440beb347485ea0b0161406e4b434413
:10abe8001f44394404eb71518bea04034b406b4a10
:10abf800724415441d4401eb354584ea01026a405c
:10ac0800674b019f3b449b445a4405eb722262ea1e
:10ac180001036b40634f37443c44234402ebb36366
:10ac280063ea050b8bea020b5f4c069f3c44214408
:10ac38008b4403ebbb5b6bea02075f405b4949440b
:10ac48000d442f440beb774767ea030484ea0b04af
:10ac58005749049d29440a44144407ebf42464ea40
:10ac68000b057d40534a424413441d4404ebb5652b
:10ac780065ea070888ea04084f4b02990b449b448d
:10ac8800d84405ebb85868ea04036b40099aa2f562
:10ac98008016a6f683363e44334408eb734363ead2
:10aca800050989ea08094549009e31440c44a14434
:10acb80003ebf92969ea08065e40414a07990a4404
:10acc80015442e4409ebb66666ea030181ea0901d8
:10acd8003c4a72449044414406ebb15161ea09048c
:10ace8007440394a059d2a4413441c4401eb7444ba
:10acf80064ea06054d40354b634499444d4404ebe2
:10ad0800f52565ea01076740314a039b1a44164452
:10ad1800374405ebb76767ea04036b402d4a0b9e7f
:10ad280032441144194407ebb15161ea05067e40eb
:10ad3800294a019b1a441444344401eb7444c36cfb
:10ad48003b44c36464ea07074f40244b089a134402
:10ad58001d442f440aeb040505ebf7250565436df3
:10ad68001c444465836d1944816500200db0bde81d
:10ad7800f08f00bf44eabea4a9cfde4b604bbbf600
:10ad880070bcbfbec67e9b28fa27a1ea8530efd4e7
:10ad9800051d880439d0d4d9e599dbe6f87ca21fd3
:10ada8006556acc4442229f497ff2a43a72394abe1
:10adb80039a093fcc3595b6592cc0c8fd15d848517
:10adc8004f7ea86fe0e62cfe144301a3a111084ea4
:10add800827e53f735f23abdbbd2d72a91d386eba0
:020000040000fa
:10ade800b14b834240f03f83b04b93f90020531e90
:10adf800dbb2012b00f237832de9f04f87b0ac4b63
:10ae08001b685bb1012a1ad0a94b1c68a64b1b888a
:10ae1800002b00f01a830025a34e7be0a54b1b688e
:10ae280002a89847002800f3f38220b9029810b1cd
:10ae380005f0dcf9ece29d4b00221a70e8e29e4b2b
:10ae48001b68b3f1ff3fdfd19c4a002105202cf09d
:10ae58008bfa994b1860b0f1ff3f2ed02bf002fb14
:10ae680000eb800303f2e733954aa2fb03239b0917
:10ae78004ff47a7606fb03f3b3fbf0f6914b1e60b2
:10ae88000225914c04e001351034282d00f0d482bd
:10ae98002368002bf7d0b4f90a20002af3d0214602
:10aea800a8b22bf0b3f90028edd106f5a673b3fbd1
:10aeb800f6f306fb03f6854b1e602df0c7fa88b93a
:10aec8001ff0aafa794bff221a702df0bffa00285a
:10aed80000f09e822df0b4fa4ff0ff327c4923f047
:10aee8008bfd95e22df0acfa05227a4923f084fd1a
:10aef800e6e7032304222146304624f01dfe94f899
:10af0800433043f0800384f843300135743431888a
:10af18008d424bdae06c0028f7d0636c9b69984748
:10af280094f8433013f0400fefd0636c5b69e06c2a
:10af380098470028dddb0228e7d10023029303931a
:10af48000493059340f2dc53adf81230636c1b6c2c
:10af580002a9206d98470298e063bdf80c30a4f868
:10af68004030bdf80e30003318bf012394f8432059
:10af780063f3451284f84320bdf81230a4f8663014
:10af88009df8153084f868309df8143084f86930dd
:10af980094f8423043f0400384f84230d3b203f0cf
:10afa800bf0343f0800384f84330aee73f4b93f987
:10afb8000030012b25d0002025f070fb464b1b6884
:10afc80033b9464b1a68464b1b68134300f020827e
:10afd800414b1b68002b40f089804ff000083f4b25
:10afe8001b68002b00f08e813c4b00221a60304b0e
:10aff8001c682d4b1b88002b00f01a811646394f10
:10b00800e8e02b4b1e68002900f025823246002517
:10b018002b46012706e007fa03f005430133743293
:10b02800994212d092f8430000f00c04042cf2d19b
:10b0380010f0800f00f0ec8192f8420010f0400f01
:10b04800ecd007fa03f00543e8e7012202fa03f31c
:10b05800013bab4200f0ff81134b1b88abb10024ce
:10b0680044f24008104f0ae00323042231463846d0
:10b0780024f062fd013474363b889c4205dab6f848
:10b08800423018ea030ff5d0eee7084bff221a709a
:10b098002df0dcf9002800f0bb812df0d1f92a460b
:10b0a800114923f0a9fcb3e1d4fb002049fc00209e
:10b0b8003c00012040000120d805012075610300f3
:10b0c800d34d6210340001203cd90020300001200b
:10b0d8006c5602003c560200280001204400012062
:10b0e8002c00012020f30020dc5602000025b34b81
:10b0f8001d602df0b1f904462af0fefa06460f4607
:10b1080022462b462af0e8fbad4b1860ad4aa2fb5d
:10b11800043292092b46304639462af0ddfbaa4b09
:10b128001860aa4b1b68aa4a12689b1aab4204dd36
:10b13800a64a13604ff0010851e703f24d13a34ae2
:10b148001360a44b1c68a44b1b88002b00f06a8179
:10b158000025a14e0ee094f86a3043f0020360f334
:10b16800820360f3000384f86a300135743433884d
:10b178009d420fda94f8423013f0400ff5d0636c1b
:10b188005b6a206d984794f86a3003f0010398428f
:10b19800e1d1eae74ff0010821e74ff0010823e782
:10b1a800002503e08c6238462cf019fa636c5b6b5f
:10b1b8002a462946206d984701460028f2d1874a39
:10b1c80013680133136029e001367434824b1b88fd
:10b1d800b3422ddd94f8423013f0400ff4d0b4f8a8
:10b1e8006250636c5b6d206d98470543adb22df0de
:10b1f80039fbb4f8623023ea0503a4f862302df075
:10b2080035fbb4f864302b43a4f86430636c1b6dd1
:10b218002946206d984715f0160fc1d194f8433090
:10b2280013f0200fd0d0636c9b6b206d9847cbe751
:10b238004ff0000bdff8b09109f10c07dff8aca173
:10b248000af10803019310e040f606039c422ad055
:10b25800b4f5006f20d04ff6ff739c421fd0012237
:10b268006ff00c0128462af0c7f838462bf0b8ffd3
:10b27800054600283dd06b699b891c0a44ea0324d3
:10b28800a4b2a86a866d002eded0c36d2246294678
:10b29800b0470028e9d1d7e7019c012605e00af16b
:10b2a8001004022601e0002654462b6a23f47c137e
:10b2b8002b62626813432b62608800eb40002946ca
:10b2c80009eb80002cf08bf9012303fa06f616ea45
:10b2d8000b0fcad14bea060b6388414800eb0310f9
:10b2e800038943f001030381002201212bf0fafeb8
:10b2f800bbe72df0b7fa3a4a138b23f00103138307
:10b308002df0b4fa334b1b68334a108820b300225f
:10b3180040f286651446334e09e0316801313160e8
:10b328000ee0a3f8644001327433824214d093f8db
:10b33800421011f0400ff6d0b3f864100d42ecd172
:10b3480093f86a1011f0020febd093f86a106ff3bc
:10b35800410183f86a10e4e7b8f1000f67d1204d86
:10b3680005f1300405f5247545e01344a3812389cc
:10b3780043f0020323810022022120462bf0b2fe73
:10b388001034ac420fd02368002bf9d0b4f90a204e
:10b39800002af5d03168a3895b1a9bb219b200293b
:10b3a800e3dda181ece72df05dfa0d4a138923f066
:10b3b800020313812df05afad1e700bf28000120bb
:10b3c80034fb0020d34d62102cf9002030000120fe
:10b3d800340001203c000120d4fb00204cfd00205b
:10b3e8001cd900205cfc002014f30020ec6b030047
:10b3f8001034ac4209d054f8103c34f8082c002b17
:10b40800f6d0002af4d09847f2e7174b1b6813b917
:10b4180007b0bde8f08f00224ff4807113482bf07d
:10b4280061fef5e7124b1b68002b7ff4b6ae114c9a
:10b43800114e04f51875a6e706f5a673b3fbf6f3e7
:10b4480006fb03f60d4b1e60dee40d4b93f900304e
:10b45800012b7ff4b0ad0a4b02221a700949002073
:10b468002af01af9a7e570472c0001202cd90020f2
:10b47800440001203cd90020340001203000012084
:08b4880049fc0020ac56020053
:020000040000fa
:10b490002de9f04395b0012840f36f810c46054635
:10b4a000b84960682cf0dbfb002840f08482b64984
:10b4b00060682cf0d4fbb0fa80f6760982e2b348db
:10b4c0002cf034ffb2482cf031ff0020b14b186053
:10b4d000b14b1860b14b1860b14b1860b14923f003
:10b4e0008ffa01264ae129f0fffd0246ae4b188093
:10b4f000ae49002023f084fa01263fe1ac49e06820
:10b500002cf0adfb002836d002210a2029f050fd96
:10b51000e0b10321062022f055fb18b3a54b4ff4f0
:10b520008062c3f89421c3f888210022a24b1a60dc
:10b53000a24b01211970a24b83f812234ff48022f1
:10b54000c3f880211a609f4a9f4b2fe00a202cf0fd
:10b5500067fe27f0cffb02469c49002023f050fafb
:10b5600001260be106229a4923f04afa02210a2019
:10b570002bf06efff4e7924b4ff48022c3f880204b
:10b58000bff34f8fbff36f8f8c4b00221a70894b24
:10b590004ff48062c3f8942102210a202bf058ff57
:10b5a0000121062022f00efb814a8a4b8a490020a5
:10b5b00023f026fa0126e1e000221146e0682cf093
:10b5c00029fd0746042d1fdc421e44f61f639a42e4
:10b5d0002ed8642505fb07f3804aa2fb03239b09b1
:10b5e00000932b463a467e49002023f009fa2cf0be
:10b5f00037ff7c4ca4fb0034a40c64002cf078ffd3
:10b60000f0b10cbb0126b9e00022114620692cf0f4
:10b6100001fd05467a1e44f61f639a4208d80328a6
:10b62000d8d804227049002023f0eaf90126a5e0c9
:10b6300044f620626d49002023f0e2f901269de0e6
:10b640006b4923f0ddf9dde702210a2029f0b0fc87
:10b65000064670b36d0804fb05f8b8f1000f08bf8b
:10b66000a046544b4ff48062c3f89421c3f888215c
:10b6700040462cf093fc0024dff838914ff48065ad
:10b68000c9f8985140462cf089fcc9f894514046bd
:10b690002cf084fc0134a742f0d8564c27600221dc
:10b6a0000a202bf0d5fe22685349002023f0a8f988
:10b6b00064e00a202cf0b4fd27f01cfb02464f4941
:10b6c000002023f09df99de714f0f6fd4c4b18780f
:10b6d0004c4b1b684c4a4d49002808bf0a464c4950
:10b6e000002023f08df94b4b1c684b4b1d684b4bd6
:10b6f0001e684b4b1f682cf0fbfe4a4b4a4a002841
:10b7000008bf134603930297019600952123224612
:10b710004649002023f074f901262fe0002200237f
:10b72000cde9082308a906a826f0e6fe4049002036
:10b7300023f066f92cf0f4fe02463e49002023f087
:10b740005ff90aa912481af08ffadde908230aa95d
:10b7500039481df0c1f89df8283023b13749002041
:10b7600023f04ef90ae03649002023f049f9f5e7c5
:10b770003449002023f044f9fce00026304615b09f
:10b78000bde8f0834c5200005452000010ea002043
:10b7900048eb002058030120680301206c030120be
:10b7a00078030120785200000a040120b052000002
:10b7b000e450000000800041640301208304012064
:10b7c00000e100e00c510000105100007c5300002b
:10b7d000b453000000380200fc530000d34d621047
:10b7e000b055000083de1b43605500002455000067
:10b7f000f455000060030120a05600005c560000d4
:10b80000800401205c030120685100006c5100009d
:10b81000c45600004c0301205003012054030120b2
:10b820004803012094510000a4510000f456000088
:10b830005457000098570000bc57000010580000f3
:10b84000c0570000c8590000824b01221a70824a7a
:10b850008249002023f0d4f801268fe77d4b002297
:10b860001a707f4af4e7032d40f38a807d49a0686f
:10b870002cf0f5f900283ff441ae032d06dd7a499e
:10b88000a0682cf0ecf900283ff496ae7749a06848
:10b890002cf0e5f900283ff417af002e7ff43eafff
:10b8a00000220023cde9082308a906a826f024fedb
:10b8b00005466f4b1878674b1978674b684a002923
:10b8c00008bf13466b4a6c49002808bf0a466b49fb
:10b8d000002023f095f829f007fc694b1a88821a9a
:10b8e000684b1878684b6949002808bf0b4692b22c
:10b8f0006749002023f084f8664b1b680193664b70
:10b900001b680093654b1b68654a126865490020f7
:10b9100023f076f8644b1978644b1b68644a12680c
:10b9200064480468644806686448654f002d08bf91
:10b9300038460590049603940292212201920093c6
:10b94000604b614a002908bf1346604a126860498b
:10b95000002023f055f80aa95e481af085f9dde9c0
:10b9600008230aa95c481cf0b7ff4d4b1b68002b4d
:10b970003ff4feae5949002023f042f80126fde6cf
:10b980003849a0682cf06bf900287ff47faf544b46
:10b990001978c9b2534b1b685348314a002918bf64
:10b9a00002465249002023f02bf85149002023f091
:10b9b00027f80126e2e64f4960682cf050f901268d
:10b9c000002844d1022d7ff768afa7682249384686
:10b9d0002cf045f900283ff437af214938462cf0c8
:10b9e0003ef900283ff43aaf434938462cf037f986
:10b9f00000283ff464ad414938462cf030f9002866
:10ba00007ff431af032d06dd3b49e0682cf027f9c8
:10ba100000283ff468ad29f067fb194b1c88041b14
:10ba2000a4b229f061fb174b1978354b174a00294e
:10ba300008bf13460093034622463249002022f0f5
:10ba4000dfff3149002022f0dbff012696e60026c9
:10ba500094e600bf2c060120e85000005852000078
:10ba6000e45000007453000020550000c056000050
:10ba700082040120c4510000c85100006458000035
:10ba80000a04012081040120d4510000fc50000070
:10ba9000a8580000780301206c03012068030120ee
:10baa00058030120dc580000800401204c030120d1
:10bab0005003012054030120480301202c520000b0
:10bac00034520000105200001c5200005c030120a0
:10bad0003c59000010ea0020c0590000985a0000ac
:10bae00083040120640301200c5100002054000055
:10baf0004c5400005452000070520000a852000044
:0cbb0000ec500000e05200002053000058
:020000040000fa
:10bb0c00012840f3a3822de9f04f89b00d4604467d
:10bb1c00944968682cf09df8002840f09982032c19
:10bb2c0056dd9149a8682cf094f8002833d08f4941
:10bb3c00a8682cf08ef8002800f00c81032c4add4c
:10bb4c008b49a8682cf085f8002800f08381ae683a
:10bb5c00884930462cf07df8002800f0ab818649ee
:10bb6c0030462cf076f8002800f0c5818349304629
:10bb7c002cf06ff80446002800f04e8280493046c5
:10bb8c002cf067f8002800f047827e49002022f054
:10bb9c0031ff01205de27a49e8682cf05af8003058
:10bbac0018bf0120784b18701978c9b21a78d2b224
:10bbbc007648774b002a18bf03467048754a00290f
:10bbcc0018bf02467449002022f014ff012040e205
:10bbdc00032c00f05682032c00f03e826f4b1a6847
:10bbec006f4b1b6801936f4b1b6800936e4b1b686c
:10bbfc006e49002022f0fefe6d4b1a785f4c604bb4
:10bc0c00002a08bf1c462cf05bfc6a4b6a4a0128d0
:10bc1c0018bf134622466949002022f0ebfe684b00
:10bc2c001b68684a12686849002022f0e3fe674be3
:10bc3c001a68674b1b686749096867480088029057
:10bc4c00019141f2707100916449002022f0d2fe02
:10bc5c00634b1a68634b1b68b3f1ff3f1abf614b10
:10bc6c001b6800236049096800916049002022f09c
:10bc7c00c1fe5f4b1a685f4b1b885f49002022f0a6
:10bc8c00b9fe5e4b1a885e4b1b885e490988009191
:10bc9c005d49002022f0aefe5c4b1b685c4a1568c7
:10bcac005c4ad2e9006756ea070208bf01265a4ae5
:10bcbc0012685a49096803914ff47a7101fb05f433
:10bccc0094fbf6f4029401fb03f191fbf6f1019164
:10bcdc0000955349002022f08dfe524b1d68524bab
:10bcec001e68524a176812681b689a4240f2a68175
:10bcfc004e4b1c684c4b1b68e41a2cf0f3fb4c4b62
:10bd0c004c4a002808bf134602930194009733460f
:10bd1c002a464949002022f06dfe484b1a68484bd0
:10bd2c00d3e90001cde900014649002022f062fe72
:10bd3c00454bd3e90023cde90023444b1a68444911
:10bd4c00002022f057fe154b1b68002b00f0788169
:10bd5c0001207ee100221146e8682cf055f90346db
:10bd6c0097e100bf886f00008c6f0000d077000057
:10bd7c0030700000cc770000a4700000686e0000ea
:10bd8c00386f0000087300002b060120706e000055
:10bd9c00746e00006c6e0000906f000000030120b8
:10bdac003403012040030120fc0201203473000005
:10bdbc007a040120506f0000586f0000807300005f
:10bdcc00380301203c030120ac730000e402012085
:10bddc00e0020120dc02012026000120e4730000b7
:10bdec00080301200c0601200c03012050740000f4
:10bdfc002803012008040120c87400000604012057
:10be0c00040401204afc0020247500001c030120be
:10be1c0018030120c8ff0020140301202003012077
:10be2c007c750000e8020120f0020120ec020120e8
:10be3c00646f00006c6f0000e87500004403012083
:10be4c00d0ff00204c760000a8ff00202403012026
:10be5c00c0760000ec68944920462bf0fafed0b96d
:10be6c00924b4ff480329a619a60914b02221a7075
:10be7c008f4b1b78dbb2012b1ad08d4b1a78d3b2b7
:10be8c008c4a8d49022b18bf0a468c49002022f09f
:10be9c00b1fd0120dde08a4920462bf0dafe18b90d
:10beac00834b01221a70e3e7814b00221a70dfe703
:10bebc00844aeae78449e8682bf0cbfe002840f07e
:10becc00d380042c10dc632400220121e0b21df08d
:10bedc0097fe7e4b7e4a002808bf134622467d49ba
:10beec00002022f087fdbfe00022114628692cf0cb
:10befc008bf80446e8e7032c37dc0526764b1b68e9
:10bf0c001bb9764b1b68002b7ad07549002022f0a8
:10bf1c0071fd744c22687449002022f06bfde2889c
:10bf2c007249002022f066fd714a936ad2f8d8213a
:10bf3c00009201226f49002022f05cfd6e498a6854
:10bf4c008b69096a00916d49002022f053fd6c4900
:10bf5c00002022f04ffd604b1b68002b4ad00024c0
:10bf6c002146684ddff8c8b117e000221146e86899
:10bf7c002cf04af8431e082b34bf06460826bde7b2
:10bf8c0003eb830205eb8202918804eb840405eb3e
:10bf9c008404a288891a89b21c4604eb840305eb3d
:10bfac00830235f823305088d788b2f808e0b2f80d
:10bfbc000480b2f80c9092f80ea0d27b0792cdf8c8
:10bfcc0018a0cdf814900491cdf80c80cdf808e0b1
:10bfdc000197009022465946002022f00bfd631c6d
:10bfec003d4a12689a4205d9082b03d0002bc7d1c1
:10bffc000021d1e7394b1a684349002022f0fafca2
:10c00c000020354b1860354b1e60731c32463f497f
:10c01c0022f0f0fc01201ce0b4fa84f0400926f078
:10c02c00f3fe3b4b1978264a234b002908bf1a46ce
:10c03c003849002022f0defc01200ae000245ce6f6
:10c04c003549002022f0d6fc012002e00020704788
:10c05c00002009b0bde8f08fae68304930462bf0b7
:10c06c00f8fd00287ff47bad2cf05afa04462cf036
:10c07c005dfa034622462a49002022f0bbfc01202f
:10c08c00e7e72849a8682bf0e4fd012300287ff49a
:10c09c0055ad254a136000934ff48032234900209c
:10c0ac0022f0a8fc0120d4e7387000000080004189
:10c0bc007d040120f46e0000386f00003c7000001d
:10c0cc00686e0000c06e0000587000003c6f0000ed
:10c0dc00486f000060700000f8020120f40201209b
:10c0ec00ac70000000a00141d0700000187100007d
:10c0fc0000e00041547100000028004094710000e1
:10c10c00d871000074f200207c720000a072000054
:10c11c007a040120d4720000e8760000cc7700008d
:10c12c007c700000d077000010030120b06f00007d
:04c13c00407200004d
:020000040000fa
:10c140002de9f04f8db0824689460023089309936c
:10c150000a930b9343680393aa4b1968002940f391
:10c16000b8829346a84b93f8ce30012b00f0b882ea
:10c170000023a54d0133d8358b4200f0aa8295f8f3
:10c18000ce20012af6d1a04beb1adb1003ebc30241
:10c1900003eb4203c3eb432303eb8343daf80020b2
:10c1a00054685a4299490398a047002485f8d14021
:10c1b00002232b7485f8cf4041f289336b82944b74
:10c1c000ab612af053f904906c6000eb80035b00d4
:10c1d000ab6028602c75c5f8c4a0284626f05cf832
:10c1e000b9f1010fc8bf012411dc95f8d130002b43
:10c1f00000f0e581012b00f01d820db0bde8f08f4d
:10c20000012385f8d1300134e4b24c45edda5bf816
:10c21000246002227f4930462bf028f90028efd015
:10c2200005227d4930462bf021f90028e8d0022272
:10c230007a4930462bf01af928b105227849304660
:10c240002bf014f910b901232b74dce70222754995
:10c2500030462bf00bf930b10522734930462bf0f4
:10c2600005f900285cd101232b741c44e4b25bf86f
:10c27000246030462bf032fcc7b207f1ff38b044df
:10c280006a4940462bf0ebfcb8b1694940462bf0b7
:10c29000e6fc00283dd14ff47a7807f1ff3cbcf171
:10c2a000000f33dd00273a464ff0010e3b46059460
:10c2b0007146b64644460e46f4e15d4940462bf0d1
:10c2c000cefc00285b4b0cbf4ff47a789846e4e72d
:10c2d00002eb820200eb4202303aede12346059c7c
:10c2e00003fb07f3424501d208fb02f208920993cf
:10c2f000daf80010981800904e684f49daf80400f8
:10c30000b047089b099a1344ab617ce700221346af
:10c31000eae7012208a930461ff028fe089bf3e750
:10c320000222464930462bf0a1f828b105224449a3
:10c3300030462bf09bf850b90134e4b2012208a931
:10c340005bf824001ff012fe089bab615be7022242
:10c350003c4930462bf08af828b105223a4930464c
:10c360002bf084f8b8b9002385f8d1300134e4b259
:10c37000042208a95bf824001ff0f8fd089b85f84b
:10c380004430099b85f845300a9b85f846300b9b65
:10c3900085f8473037e702222c4930462bf066f803
:10c3a00028b105222a4930462bf060f878b90134cb
:10c3b000e4b2012208a95bf824001ff0d7fd089b16
:10c3c000049a02fb03f3ab6000236b601be70222bd
:10c3d000204930462bf04af830b105221e4930463c
:10c3e0002bf044f8002839d10134e4b2012208a925
:10c3f0005bf824001ff0bafd089b6b600023ab6064
:10c4000001e700bf0001012098ef0020eca401002b
:10c410008096980010a3010014a3010020a301003e
:10c4200024a301002ca3010030a301003ca30100c0
:10c4300040a3010040420f0044a3010060a301009b
:10c4400064a3010070a3010074a3010080a3010094
:10c4500084a301008ca3010090a301000222a14942
:10c4600030462bf003f830b105229f4930462af0c0
:10c47000fdff002836d10134e4b25bf82400437894
:10c48000782b17d0012208a91ff070fd9df820001d
:10c490000246202820d018d9a0281ad0c0281ed1a2
:10c4a00010232b75daf800305e682b7d8f490398d6
:10c4b000b047a8e683788df81f30c3788df81e301a
:10c4c000bdf81e0027f050fce2e740b900232b75b1
:10c4d000e8e720232b75e5e708232b75e2e7002327
:10c4e0002b75dfe70222824930462af0bfff28b1d0
:10c4f0000522804930462af0b9ff58b90134e4b228
:10c50000012208a95bf824001ff030fd089ba5f864
:10c51000d23078e60222784930462af0a7ff28b1c7
:10c520000522764930462af0a1ff68b90134e4b209
:10c53000012208a95bf824001ff018fd089b049a4b
:10c5400002fb03f32b605ee602226d4930462af0bf
:10c550008dff28b106226b4930462af087ff50b97b
:10c560000134e4b2012208a95bf824001ff0fefcac
:10c57000089b6b8247e60222634930462af076ff29
:10c5800038b10522614930462af070ff00287ff457
:10c590003aae0134e4b2012208a95bf824001ff08e
:10c5a000e5fc089b332b01d9eb602ce6d5f8c430b1
:10c5b0001b685b6834225649039898471de60021a2
:10c5c00005f180002af0eaf8c5f8c80010b32b7c0a
:10c5d000022b2ad0012b06bfab8907ee103a9fed44
:10c5e0004d7added047ab8ee676aab69db0807eed9
:10c5f000903af8ee677ab8ee477ac7ee876ac6eee9
:10c60000267afceee77ac5ed217a0a21284625f044
:10c6100097f8f2e5daf800301b683f49039898472d
:10c620002bf0b8fec5f8c800d1e7b5f8d23007ee58
:10c63000103ad6e7daf800301b683849039c2046e8
:10c640009847daf800301b683549204698472b7c1c
:10c65000012b0fd02b7c022b13d0d5f8c4301b68d4
:10c660005b686a8a2f49039898470221284625f07b
:10c6700067f8c2e5daf800301b682b490398984741
:10c68000e8e7daf800301b68284903989847e4e7a0
:10c690002e2802d108fb02f200260133dbb26345eb
:10c6a000bff61cae1ef80300a0f13001c9b2092983
:10c6b000eed8002e7ff40cae002eeed107eb8707ec
:10c6c00000eb4700a0f130071949a1fb0401cc0899
:10c6d000e3e7daf800301b681649039898478ce5c1
:10c6e000154d50e598a301009ca30100a4a30100ef
:10c6f000d0a30100d4a3010074540200dca3010004
:10c70000e8a30100eca30100f4a30100f8a30100d9
:10c7100000a40100000000002ca4010054a40100aa
:10c7200090a40100b4a40100aca40100b0a40100d5
:0cc73000cdccccccc0a4010098ef0020c0
:020000040000fa
:10c73c0090f87730012b40f0cb822de9f04786b092
:10c74c0004460e469146c26c002a60d0136a13f060
:10c75c00080f5cd143f008031362c76c002f56d04e
:10c76c000023a7f85630a7f85430bb64a7f86e30f6
:10c77c00a7f86c303b663a6913603a69938116f0fe
:10c78c00010f07d094f83f3043f0010384f83f3099
:10c79c0006f0fe0694f83e3003f023036ff34513c6
:10c7ac0084f83e3094f87730012b0cbffd690025de
:10c7bc002b7b6ff307132b7316f0060f59d016f063
:10c7cc00020f00f01c8102238df8143004238df825
:10c7dc00153094f87730012b34d00020030a43ea4b
:10c7ec000023adf81630a4f86c002b7bc3f30312b6
:10c7fc00013262f307132b7394f87730012b04bfcb
:10c80c00059b6b61636d6bb34ff00008f9e0b64ba1
:10c81c0004221421782029f037fa0746002800f06a
:10c82c005a82b24b8360c4600123a0f87030a0f828
:10c83c005830036a43f008030362e36c002b9ed16b
:10c84c00e0649ce7a36c2bb1a06c2af0f1fc1438cb
:10c85c0080b2c3e7204626f046ff0028f4d16ff0e3
:10c86c00030089e120461bf0ddfc60654ff00008f9
:10c87c00c7e0b4f86a80a26823699a4200f0348257
:10c88c00b4f86430002b00f0aa8094f87730012bb8
:10c89c002dd0b4f86c30984528bf9846a368216910
:10c8ac008b423cd95b1ab4f864a09a4528bf9a46cf
:10c8bc00d04506d294f83e3043f0800384f83e30e5
:10c8cc00c24694f87730012b16d023695344236168
:10c8dc0094f83f3013f0010f00f08380b4f864300b
:10c8ec0053457ed0d0457cd046f0010679e02cf043
:10c8fc002bf80028d2d1cce70023bb6459b11ffa26
:10c90c008af3a7f85630a7f8543039653b6907f11c
:10c91c0048021a60d9e73b6900221a60d5e76268c1
:10c92c00521a206813441b1ab4f864a09a4528bf05
:10c93c009a46d04506d294f83e3043f0800384f8f2
:10c94c003e30c2461346524528bf5346baeb03024b
:10c95c002cd094f877c0bcf1010f0ad02369534452
:10c96c00236162689342b3d32168521a9b1a2361e4
:10c97c00aee7a0b192b2a7f86e20a7f86c20b8660b
:10c98c0007f16002ba6469b19bb2a7f85630a7f8f8
:10c99c00543039653b6907f148021a60dee7002222
:10c9ac00ba64f0e73b6900221a60d7e794f8772065
:10c9bc00012ad3d10022ba6451b19bb2a7f85630e8
:10c9cc00a7f8543039653b6907f148021a60c5e78e
:10c9dc003b6900221a60c1e74ff0000a7ee74ff076
:10c9ec00000a1ffa8af8baf1000f0ad0b4f86430c2
:10c9fc00a3eb0803a4f8643046f0080606e04ff0f9
:10ca0c00000816f0030f45d04ff0000a19f0010f83
:10ca1c000dd0002384f87830354b1a684ff47a73b4
:10ca2c0003fb02f3334aa2fb03239b09236529f082
:10ca3c0003fd236d1844606294f83e3043f002030a
:10ca4c0084f83e30b4f862302b80b4f860306b80e0
:10ca5c00636d6b60a36dab602b7b6ff303032b7368
:10ca6c006e7300236b822b82636d5344636516f0e7
:10ca7c00020f4dd016f0100f04bf0023ab6094f8da
:10ca8c00743013f0080f37d06b68013b6b604ff0bc
:10ca9c0004093fe019f0020f0ad094f87930013301
:10caac0084f87930636d013b63654ff0010ac9e787
:10cabc0094f83e3013f0020f13d019f0010f08d187
:10cacc0094f878302bb1013b84f87830236d5b08f7
:10cadc00236529f0b1fc236d184460624ff0000a05
:10caec00b0e74ff0000aade70600200091610200ac
:10cafc00e8000120d34d6210636d0133636594f837
:10cb0c00743043f0080384f874304ff0040901e0ea
:10cb1c004ff0000916f0010f05d094f8743043f073
:10cb2c00040384f8743016f0100f05d094f87530a7
:10cb3c0043f0010384f87530e369226a934223d3ee
:10cb4c00a1696069091a9b1acb1a9bb2eb81a4f8f4
:10cb5c006630284622f0eefc2b7bc3f30312053221
:10cb6c0062f307132b7394f87730012b10d0b8f1c4
:10cb7c00000f7ed14ff0ff3094f87730012b00f08e
:10cb8c00a28006b0bde8f087d31a013b9bb2dde76b
:10cb9c00236c23b90025b8f1000f6dd06ae0204654
:10cbac0026f0a1fd05460028f5d009f11409636ca7
:10cbbc00bb63236cfb63a36c3b643a6993894b4462
:10cbcc009381fd6900232b82a36c93f8683013f0da
:10cbdc00010f18d094f885308df8053094f8863014
:10cbec008df8043000258df8065009eb080201abd6
:10cbfc0092b20621384614f0f9fb3d6038462bf012
:10cc0c00e7fb0546c7e7bb6b0293fb6b0393002264
:10cc1c008df8102006238df8113009eb08039bb218
:10cc2c00190a41ea0323adf812300c2102a822f0b4
:10cc3c00e5f8c24392b24946284622f0dff8c343d6
:10cc4c009bb2b8f1000f07d139690a8a22f00802a9
:10cc5c000a82db432b82bde739690a8a42f008025b
:10cc6c000a824246396d384620f024fdc3439bb2fc
:10cc7c00efe70025a36babb1002d3ff47baf16f0b3
:10cc8c00040f2bd0e56f5db3b4f87a3013f0080fb6
:10cc9c0028d0d4f880300822a16cb4f93c00a84705
:10ccac0000206ee740f2dc53636329f0c5fb626b36
:10ccbc00124b1b6803fb02f3114aa2fb032300eb8c
:10cccc009310a063d8e73b6a23f008033b6258e754
:10ccdc006ff0010070476ff0020052e7002050e740
:10ccec0000204ee700204ce794f83f3013f0010f82
:10ccfc007ff472ae4ff0000883e600bfe80001201d
:04cd0c00d34d621091
:020000040000fa
:10cd100082b02de9f04f89b012ac84e80c009df888
:10cd200058900f2968d90278437843ea02231bb24e
:10cd300040f66502934264d1037b012b61d1437bb2
:10cd4000012b5ed1837b012b5bd8037945792d04c0
:10cd500045ea0365c3791d43837945ea0325072d19
:10cd600058d9a5f10803103989b28b4252d804462c
:10cd70008378c67846ea032636b2b7b2837a90f84b
:10cd80000b8048ea0328083dadb2042f47d0052f99
:10cd900054d0072f00f0a380062f00f0be80032d93
:10cda00040f2498190f808b0437a0793037c90f8e9
:10cdb000119049ea032990f812a0baf1000f40f04f
:10cdc0003f81079b43ea0b2b48ea0b41a14b1f8095
:10cdd000a14ba3f80080a14ba3f80090022e00f015
:10cde000f581032e00f07781012e00f055819c4ad9
:10cdf00013680133136008e0994a13680133136024
:10ce000003e0974a13680133136009b0bde8f04f9f
:10ce100002b07047924a136801331360f5e78d4bf7
:10ce200004221a80179b0293cdf80490159b00935f
:10ce300012ab0ecb40461cf05ffae6e700202bf069
:10ce4000c7f9844b05221a800d2d0cd958b1062242
:10ce5000014604f110002af009fb48b1814a136829
:10ce600001331360d1e77e4a136801331360cce7c6
:10ce7000a67de57d237e617e090441ea0361e37eb0
:10ce80001943a37e41ea0321237f03f001042346d3
:10ce9000080e002260f30702080c60f30f22080a54
:10cea00060f3174261f31f62002900f0aa8129464e
:10ceb000304629f03ffb294630461ff0ebf80020b2
:10cec00027f00afd684a13680133136032462b4687
:10ced0006649674d002814bf08462846a1e1032d86
:10cee0000ad9047c44b12bf0d3fa844204d05d4ac1
:10cef00013680133136088e75e49002021f080fd4c
:10cf0000bff34f8f5c49ca6802f4e0625b4b134386
:10cf1000cb60bff34f8f00bffde74e4b06221a8058
:10cf2000032d04d84e4a1368013313606de7037c68
:10cf3000ff2b02d05bb319f003fa667cff2e29d1d8
:10cf4000a07cff2835d1e07cff2838d1042d02d900
:10cf5000207dff2839d1062d4bd9637da57d45ea7b
:10cf600003254ff6ff739d4203d0002d33d121f0ee
:10cf7000f5fd434a136801331360424b1b78002bc5
:10cf80004dd0227c637ca07ce17c247d40e029f0b4
:10cf9000cbfcd2e7003618bf01262bf097fa012808
:10cfa00014bf00200120b042cad0304625f032ff25
:10cfb000c6e7003018bf01201ef0a2f8c3e700301a
:10cfc00018bf01202bf0a6fac0e7003018bf0120df
:10cfd0002bf094fabfe728461bf03afd0028c8d191
:10cfe000294a1368013313602a46284921f008fdb5
:10cff000bfe7234a136801331360224b1b7873b1d8
:10d00000227c637ca07ce17c042d98bfff24bcd8eb
:10d010000294019100901e49002021f0f1fc179b21
:10d020000293cdf80490159b009312ab0ecb4046b3
:10d030001cf062f9e9e60a4a136801331360e4e67a
:10d040002bf026fa82453ff4bcae124a1368013336
:10d050001360dae60e040120100401200c04012004
:10d0600090030120880301208c03012078eb01004c
:10d070008ceb0100eceb010000ed00e00400fa0590
:10d08000b80301202d060120a003012018ec0100a7
:10d0900064ec01009c0301200b2d04d86d4a136839
:10d0a00001331360b1e6227d637d1b0443ea026312
:10d0b000e27d1343a07d257e627e120442ea056272
:10d0c000e57e2a43a47e42ea042243ea002348463e
:10d0d00013f094fe68e0132d6ed91b2d71d994f8ce
:10d0e000243094f82560360446ea036694f8273025
:10d0f0001e4394f8263094f8282094f82900000460
:10d1000040ea026094f82b20104394f82a2040ea69
:10d11000022046ea03261f2d56d994f82c3094f8a5
:10d120002d502d0445ea036594f82f301d4394f8e3
:10d130002e3045ea0325227d637d1b0443ea02630a
:10d14000e27d134394f816c094f818e0627e12044e
:10d1500042ea0e6294f81be042ea0e0294f81ae0ea
:10d16000049502900396257f607f000440ea0560e5
:10d17000e57f2843a57f40ea052094f8206094f8d5
:10d1800021502d0445ea066594f82360354394f850
:10d19000224045ea04240094019042ea0e2243ea28
:10d1a0000c2348460cf0a2fe2b4b187098b12b4a6a
:10d1b00013680133136013e0264a136801331360c8
:10d1c00023e600200646a6e70025b4e72bf07efb09
:10d1d000214b00221a70224a136801331360002089
:10d1e000204b1b78002b3ff410ae22f00bf901907e
:10d1f000cdf800804b463a461b49002021f000fc48
:10d2000003e600222946304629f094f929463046a3
:10d210001ef040ff154a13680133136032462b4657
:10d2200013481449144d002c14bf0c462c4601948d
:10d2300000901249002021f0e3fb179b0293cdf8e8
:10d240000490159b009312ab0ecb40461cf054f893
:10d25000dbe500bf9003012084040120bc03012012
:10d26000840301202d060120bcec01008c03012069
:10d2700088eb0100a8eb0100b4eb0100c4eb010056
:020000040000fa
:10d280002de9f04f8fb004460d46cde90245a8497f
:10d29000d1e90001221a65eb0103b2f1004f73f1ed
:10d2a000ff31bcbf4ff000424ff0ff33a1494ff0b8
:10d2b000ff300860a049002008701046b2f1004f0e
:10d2c00073f10003a8bf6ff0004006469b4b186047
:10d2d0009b4b196800292cd19a4b18609a4b186007
:10d2e0009a4886eae677a7ebe677d0e90023d419d7
:10d2f00043ebe775c0e900450131914b1960944a51
:10d30000136801331360934b188827f09ffe40b1d8
:10d310004278dab14768836832468f49d1e9000123
:10d32000b8478e4bd3e90023134320d10fb0bde89b
:10d33000f08f844b1b689842c4bf824b1860824bad
:10d340001b689842bcbf804b1860c9e7824bd3e989
:10d350000001834bc3e90001824b1e607d4b1b889b
:10d360009bb2814a1380814b01221a70d9e77a4b14
:10d37000d3e900237949d1e9000112eb000a43eb1c
:10d38000010b7b4bd3e90023511c009143f10003b7
:10d390000193784b1b781bb92af032ff00287dd00f
:10d3a0002af02eff0790002800f0f880724bd3e996
:10d3b0000023134332d1714bd3e9002313432dd003
:10d3c000664bd3e900016d4bd3e90067420842ea9e
:10d3d000c1724b08bb4208bfb2426bd25f4bd3e96c
:10d3e00000236649d1e90001841a089461eb030324
:10d3f0000993614adde90834c2e9003460490b68e9
:10d4000001330b60d2e90023002a73f1000357dbdc
:10d41000594bd3e900235b49c1e90023564bd3e9bb
:10d420000023134300f0b880534bd3e90023002ab4
:10d4300073f100034bdb504bd3e90067474bd3e953
:10d440000001514b1a680023994208bf904245d30e
:10d4500028f046fa33463a46b94208bfb0423cbfcc
:10d4600003460a464449d1e90001012871f100014f
:10d4700037dbbaeb030a6beb020b3f4ed6e9000138
:10d48000b0eb030861eb0209c6e900893a4bd3e926
:10d490000023134336d0002307937fe03b4a1368f1
:10d4a000013313603a4b01221a7024f0ffff29f078
:10d4b00091f83be7314bd3e90034cde9083498e7e4
:10d4c0002d4bd3e90023524263eb4303a3e72a4bde
:10d4d000d3e90067764267eb4707afe701200021f9
:10d4e000b8e71aeb030a4beb020b234ed6e9000117
:10d4f0001b180a9342eb01030b93dde90a34c6e9da
:10d500000034c3e71d4b00200021c3e90001134b89
:10d51000d3e900235046594628f0e2f9cde900014d
:10d520001c4a1368013313602bf00cf836e000bf7f
:10d5300078ff0020080601206304012084020120f6
:10d5400090020120880201208c02012020ff00208f
:10d550003c0201201600012080ff002040ff002037
:10d5600038ff0020a00201201e00012071040120cc
:10d5700018ff00207004012068ff002050ff0020e9
:10d58000bc02012070ff002004060120400201209f
:10d590006b040120b8020120002307930caadde9e7
:10d5a000020129f0d3f900285bd0dde90c675f4563
:10d5b00008bf564568d3754b186852465b46002134
:10d5c000dff8e4c10130dde9004500bfdce9008996
:10d5d00012eb080243eb0903013445f1000500ebaf
:10d5e000010e01319f4208bf9642efd2cde90045be
:10d5f0006648c0f800e0092929d9dff8ece1def837
:10d60000000000f0070c6248d0e900894fea4c00a6
:10d61000054660445f4c04eb0010c0e90089dde979
:10d620000289c0e90289dff87081d8e90089c0e980
:10d630000489c0e90667c0e908abac4404eb0c1ce4
:10d64000ccf82810def800100131cef80010504957
:10d65000dde90245c1e900454f49c1e9006792464d
:10d660009b464e4bd3e900239b4508bf92450ed203
:10d67000dde9004514f10803049345f10003059327
:10d68000474edde904891be052465b46dfe7454a29
:10d690001368013313601ef047fd47e6424bd3e9a0
:10d6a00000231aeb020a4beb030b013445f1000592
:10d6b000364a136801331360a94508bfa0454ad014
:10d6c00032465046594617f02bf90028e6d0374b22
:10d6d000c3e900abd6e9000118f09efe0028ddd0ba
:10d6e00020462946cde90001314bc3e90001002362
:10d6f00004f0010252ea03012e492f4808bf0146f7
:10d700002e4801600799f9b12d490978e1b12d49f9
:10d710000978c9b12c490978b1b952ea03010cbfa3
:10d72000012018462949d1f89011c1f380211343f3
:10d730000cbf204b204b4ff480621a60884203d00c
:10d74000234a136801331360dde900011cf0b6fac7
:10d75000204b01221a701f4b1b781bb91e4a1368fd
:10d76000013313601d4b1b78002b7ff4dfad1c4b86
:10d7700040225a71144b1b781bb10f4b4ff480623f
:10d780001a60184a136801331360cfe54402012080
:10d7900000ff0020e8e50020f8fe0020c005012081
:10d7a00078ff00203802012040ff002080ff002089
:10d7b00018ff00209881004194810041a8020120b7
:10d7c0006c040120720401207304012000800041d8
:10d7d0004c02012063040120500201206d0401204d
:0cd7e000003c004070020120b402012057
:020000040000fa
:10d7ec002de9f04f8db000f58852d37e177e1432a0
:10d7fc009279013ad21ad2b2ba4280f0748200f510
:10d80c00885b0bf1140bcdf81cb083468fe0ff2e18
:10d81c0042d199f84130ff2b21d0284627f0acfc9f
:10d82c00002843d041f2cc1301220bf80320002333
:10d83c0041f2cb120bf8023041f2bc122bf8023041
:10d84c000bf58d531a68042158461df0d7f80bf5cb
:10d85c008e532a78c2f3401203f8092f51e099f83d
:10d86c004230ff2bd9d199f84330ff2bd5d1012170
:10d87c0041f2cc130bf80310002341f2cb120bf83e
:10d88c00023041f2bc122bf802300bf58d531a68a2
:10d89c0058461df0b3f8dae7284627f06dfc00284f
:10d8ac00c0d1334616f0400f00f0f98041f2cc1392
:10d8bc0001220bf80320002341f2cb120bf80230ab
:10d8cc0041f2bc122bf802300bf58d531a6806216d
:10d8dc0058461df093f8bae741f2cc1301220bf82d
:10d8ec000320002341f2cb120bf8023041f2bc12a0
:10d8fc002bf802300bf58d531a68072158461df092
:10d90c007df8002341f2bc122bf8023041f2cc120c
:10d91c000bf80230079ad3790133dbb2d371177944
:10d92c009279013ad21ad2b2ba4280f0dc81013f2c
:10d93c003b40079a126841f27a0101fb03231a4615
:10d94c00039341f27803d25a002ae3d0984ba3fbfd
:10d95c0002139b0903eb0313a2eb83039bb2099302
:10d96c00002bd7d10892039b03f63c07b9467ce009
:10d97c000bf58d531b68009300231a461946584625
:10d98c0020f09af9bde741f2ca1301220bf80320eb
:10d99c000bf58d531968584625f026ff98e003f0d7
:10d9ac000f039f0094f842201346c2f38011069196
:10d9bc00002900f0088102f03f0303f10108d309ac
:10d9cc0002934745c0f0038141f2bc133bf803209e
:10d9dc001ffa88f54ab941f2b81300212bf803104d
:10d9ec000bf58d530020e3e9020141f2b8113bf82d
:10d9fc0001302b442bf801300bf58d531b68009331
:10da0c002b462146584620f046ff41f2bc1a3bf803
:10da1c000a102944029b1a1c18bf012289b25846cd
:10da2c0023f0bef800232bf80a30c7f1400a1ffa86
:10da3c008afa41f2cb131bf80330002b00f0d48090
:10da4c00002e40f0da8041f2cc131bf80330002b8f
:10da5c0000f0948009f14409039ba9eb0303a3f69e
:10da6c003c03089a9342bff455af09f140054c466c
:10da7c0099f84060002e7ff4caae99f841303bb95a
:10da8c0099f8423023b999f84330002b3ff4efaeac
:10da9c00284627f071fb00287ff4c4ae3346c3f34d
:10daac00401341f2c9120bf80230002b3ff414afb3
:10dabc0094f84230db0904937ff45aaf41f2ca1355
:10dacc001bf8033023b994f84030db097ff45bafcb
:10dadc0094f84130c3f30016002e7ff460af13f0be
:10daec00200f67d194f8423013f0400f62d141f20d
:10dafc00cc1300220bf80320ace741f2cc1301222b
:10db0c000bf80320002341f2cb120bf8023041f248
:10db1c00bc122bf802300bf58d531a6802215846b3
:10db2c001cf06cff96e741f2cc1301220bf803209a
:10db3c00002341f2cb120bf8023041f2bc122bf84d
:10db4c0002300bf58d531a68032158461cf056ff12
:10db5c0080e741f2bc133bf80310002241f2cb10da
:10db6c000bf800202bf803205144029b9a1a18bf83
:10db7c00012289b2584623f013f86be741f2cb131c
:10db8c0001220bf8032041f2cc1300220bf80320e6
:10db9c00e11941f2bc133bf80320002a4cd085e07c
:10dbac0002f03f0303f10108d309029337460ee05c
:10dbbc00f1f0f0f094f842201346c2f38011069174
:10dbcc000029edd10f46db0902934ff04008a8eb7a
:10dbdc00070a1ffa8afa002e3ff42baf41f2cb133f
:10dbec001bf80330002b88d141f2cc131bf8033007
:10dbfc00002b7ff425af002e95d0b84508d841f204
:10dc0c00cc131bf80330002b7ff424af002eb5d0bf
:10dc1c0094f84330db09049341f2cb1301220bf847
:10dc2c00032041f2cc1300220bf80320e11941f23e
:10dc3c00bc133bf8032052b941f2b81300222bf865
:10dc4c0003200bf58d500023e0e90223099a049b75
:10dc5c0063b341f2a8100beb000c0b780024cde958
:10dc6c0004344c782304049c43ea0463cc790025e7
:10dc7c00cde904458c7843ea0423cd780026cde920
:10dc8c000a560c79049e46ea04664c7946ea044628
:10dc9c008c7946ea04240a9d2b434bf80040ccf8bf
:10dcac0004300831aaf1080a1ffa8afa41f2b810b6
:10dcbc003bf8003053442bf800300bf58d531b68a8
:10dccc0000935346584620f0e6fdb84503d9069b11
:10dcdc00002b7ff43eaf41f2bc133bf803108a4497
:0cdcec002bf803a0b6e60db0bde8f08fe9
:020000040000fa
:10dcf8002de9f04f89b03e4b1b78dbb2012b49d0a0
:10dd08003b4b1b78dbb2022b47d03a4b1b68002bee
:10dd180030d0394b1a6802f007023849c87ac0b2c5
:10dd280002eb8204364b03eb84039873887ac0b203
:10dd3800d873098e89b25980324890f82e10c9b22a
:10dd4800197490f82f10c9b25974f02300bf013b21
:10dd5800fcd12b4b9100881803eb8000f024448100
:10dd6800264d2c8ea4b2c480a88b80b20a4403eb43
:10dd780082031881214bdb7a13f0100f35d1002371
:10dd88001e490133ca7a12f0100f0bd1b3f5807f08
:10dd9800f7d109e02af050fab7e71b4b4ff480326d
:10dda800da61b2e7ff2b03d918490a6801320a6021
:10ddb8009bb2174a1380114a136913f0400ffbd125
:10ddc8000e4b9c8ba4b24ff6ff739c422ed10023be
:10ddd8000a494ff6ff7201339bb28c8ba4b294426e
:10dde80018d1b3f57a6ff6d115e00023e0e700bf4c
:10ddf8007d040120f4020120f802012000a0014165
:10de080074f2002000e00041008000412803012056
:10de18000804012053b17b490a6801320a607a4a32
:10de2800128892b29a423cbf774a1380774b1022ed
:10de38009a7280225a711a46136913f0100ffbd197
:10de4800dff818a2daf804b0704b9d8aadb227f05b
:10de580053fc06460f46daf80430a3eb0b036c4a72
:10de6800136012686b4b1b689a4203d2684b1a689e
:10de7800684b1a60664b1a68674b1b689a4203d94d
:10de8800634b1a68644b1a60644b4ff480525a61b2
:10de9800634b1b6833b36348026802f00702624ba6
:10dea800910001eb020c4fea8c0c03eb0c0e23f8eb
:10deb8000c40dff858c1bcf830c01ffa8cfcaef833
:10dec80004c0aef80c50dff898c1bcf800c01ffac7
:10ded8008cfcaef812c0036801330360504a136823
:10dee800013b13602c1ba4b2504b1c80504b1b6889
:10def8003bb14f4a1368013b1360b6f5803647f1d2
:10df0800ff3724f05fff50ea01032dd0430843eaae
:10df1800c1734a08b6eb030867eb0209454b1b7847
:10df2800002b56d0444bd3e90001444b1b78c3b1b6
:10df3800b8eb0003049369eb01030593404bdde95b
:10df48000401c31806934ff0000341eb0303079342
:10df580047f6fe720023dde906018b4208bf8242c4
:10df68003ed2354bc3e90089304b1b889bb241f246
:10df78007072934276d82d490a8892b20023b01a5b
:10df8800009067eb030301932e4bdde90045c3e9dd
:10df980000452d4a1368013313600b882b4a1288f9
:10dfa8009bb2934203d90b889bb2284a13801f4b1c
:10dfb8001b88274a12889bb2934204d3244b1b88a0
:10dfc8009bb2002b55d1194b1b889bb2204a13805a
:10dfd8004fe0194bc3e90089164b01221a70c3e7b9
:10dfe8001c4a1368013313601b4bdde90412c3e9b3
:10dff8000012114bc3e9008916f5803647f1000776
:10e00800b2e700bfdc0201202600012000a0014188
:10e01800080301200c0601200c0301200028004001
:10e02800f4020120f802012074f200200604012005
:10e038001003012079040120a0ff00202b060120f5
:10e04800ff3f010090ff0020e40201204afc00206d
:10e058000404012044030120d0ff0020001000e048
:10e06800080401204b4bc3e900674b4a136801338e
:10e0780013604a4b5a684a4b1b789bb1494b1b6843
:10e08800d31a49490b604949096819b147490968d0
:10e09800994201d945490b604549096899423cbff5
:10e0a80043490b603f4b1a603d4b1b78002b49d00e
:10e0b800404bd3e9000150ea010343d0354bd3e983
:10e0c80000673d4bd3e90023b51a67eb03064c0103
:10e0d800430144ead0621b1a62eb0102940044ea4d
:10e0e80093749f0022463b1841eb0202d40044ea95
:10e0f8005374df00eb1b029366eb040303932f4b6f
:10e10800dde902451c602e4b1b786bbb2d4b1c6058
:10e118002d4b1c602a4b01221a700a22002327f07b
:10e12800dbfbdde90234984271eb040206db404276
:10e1380061eb4101834274eb010303da234a13685c
:10e1480001331360134bd3e900011b4bc3e90001f2
:10e158000123134a13701e4a13701e4a13680133b1
:10e16800136009b0bde8f08f174b1a68d317dde9c3
:10e178000245a242ab41bcbf134b1c60114b1a684d
:10e18800d317dde90245944275eb0303bcbf0d4b81
:10e198001c60c2e790ff0020e0020120001000e0b0
:10e1a8007b0401202c030120e8020120f002012059
:10e1b800ec020120c8ff0020b0ff0020140301205a
:10e1c8007e0401201c0301201803012020030120e4
:08e1d800760401200003012080
:020000040000fa
:10e1e0002de9f04f2ded028bd2e9008997b0cde9f2
:10e1f0000c138b6808930b690f90d1e900b6149348
:10e20000cd68002200234046494626f029fc40b94b
:10e210001bf0040f32d11bf00803059330d02023ec
:10e2200003e089f0004399462d232b70089b03f1ee
:10e23000ff3a012305934c4929f0004300208b420b
:10e2400008bf80451fd10d9b413b192b059b94bff7
:10e25000464947492b4418462af07af9284629f0be
:10e260003dfccdf800b00246089b0f9829461ff0f0
:10e27000e5f917b0bdec028bbde8f08f2b23d4e796
:10e28000ddf820a0d7e7994208bf404509d20d9b91
:10e29000413b192b059b94bf364937492b441846ff
:10e2a000dae7002200234046494626f0cfff9fede3
:10e2b0002c7b8ded027b48b300240d982af044f8a6
:10e2c000002ec3b20993c0f2d781672b5ad1002e1a
:10e2d00008bf0126231d02dbb442c0f2c6816527b8
:10e2e00061e09ded067b8ded027b01340022234b26
:10e2f000dde9020113f048fa42464b46cde906013a
:10e3000026f092fb0028ecd000271fe00446ede742
:10e3100014f5967f11da87b90022194b4046494619
:10e3200013f032fa002280468946154bdde90201de
:10e3300013f02afacde902010127dde902010022ea
:10e340000e4b0bf0bdfbcde90201013cdde90223e0
:10e350004046494626f084fb0028d9d1ade700bfee
:10e36000000000000000f03f0000f07f808203000a
:10e3700084820300888203008c8203000000244012
:10e3800000005043099f662f06f101060bd1002cb7
:10e3900004da9fedbd7b8ded027b0024099b672b8a
:10e3a00018bf361966279ded027bcde906898dedf4
:10e3b0000a7b00230e93dde90a23dde906010bf059
:10e3c0007ffb41ec100b19f047f851ec100bb0ee4d
:10e3d000408af0ee608a24f0dff9b0ee480af0eef1
:10e3e000680a069b1093079b159083f000431193d6
:10e3f0009ded0a1b9ded102b27f0c2fd53ec102b59
:10e4000083f000430793dde90a01a34b8ded060a73
:10e4100000220bf055fb0e9b01339e42cde90a0111
:10e420000e93c8d100229d4b13f0aef9cde90a013d
:10e4300002460b46dde9060126f012fb002840f0fb
:10e440008180dde90a23dde9060126f0fffe10b137
:10e45000159bda0776d5dde90a23404649460af0de
:10e4600058f90022cde906018b4bdde9020113f0da
:10e470008bf9dde90623cde90a0125f0f9ff002833
:10e4800065d0662f04f1010465d10136a146a9ebe0
:10e4900006034ff00008059e1093cdf80880109bee
:10e4a000994540f08180029b002b00f0c880a8199c
:10e4b0000022652f027029d1149b1499013b9442cc
:10e4c000ea54c1f1030ebcbf644201220a21002cb0
:10e4d00040f0bc800eeb030cbcf1000f00f3b680e3
:10e4e000002a03f1ff3114bf2d222b226a540d9a0a
:10e4f000023b413a192a05eb030198bf45279e428a
:10e500000f70aaf1020a01da2af022f80bf00303d5
:10e51000022b7ff4a3aebaf1000f7ff79fae28461f
:10e5200029f0dcfa05eb0a03059a824240f3998050
:10e53000059b2b4418465246302129f043fd002309
:10e5400008938be69fed527b8ded0a7b83e79ded73
:10e55000027b8ded0a7b652f14bfa1464ff00009a9
:10e5600095e7029a52b9b9f1000f07da0e992e22f7
:10e570006a54012201360af1ff3a029205eb0801c2
:10e58000aa193144302001e002f8010b9142fbd17d
:10e5900008eb06023033aaeb080808f1ff3a561cd4
:10e5a000ab544ff0000828e00c9b0e961b69053b0e
:10e5b000b3427ff678afdde90a23dde906010bf00f
:10e5c0007ffa41ec100b18f047ff51ec100bb0ee46
:10e5d000408af0ee608a24f0dff80bf01002092880
:10e5e0000346a8bf09230243bbd1099a672ab8d1c1
:10e5f000b9f1000fc2da08f10108069b1293079bdc
:10e60000b0ee480af0ee680a83f0004313939dede4
:10e610000a1b9ded122b27f0b3fc53ec102b83f05b
:10e6200000430793dde90a0100221b4b8ded060a2a
:10e630000bf046fa09f1ff39cde90a012fe71bf08b
:10e64000100f1ebf2e23ab55013630e7b4fbf1fc93
:10e65000013b01fb1c443034ec540af1ff3a6446a0
:10e6600035e72a5c1a5401385ee7002cbff69aaef3
:10e67000662788e606262de6099b672bfad01f46fb
:10e68000062680e6aff30080000000000000f03fa7
:10e6900000000000000000000000244000001440c2
:020000040000fa
:10e6a0002de9f04f95b0cde912030b68089392ed78
:10e6b000007b4b680a938b6809930b690d93cc68b8
:10e6c0000022002351ec170b8ded047b26f0c8f9d6
:10e6d00040b9089b580734d4089b13f0080732d080
:10e6e000202306e0dde9042181f00043cde9042385
:10e6f0002d232370099b01275a1edde90403dff84f
:10e70000f8b223f000414ff0000a594508bf5045c8
:10e710001bd1139b413b192b04eb070094bfb0495d
:10e72000b04929f015ffaf4829f0d8f9089b0093ac
:10e730000246099b129821461ef080ff15b0bde8e5
:10e74000f08f2b23d5e7099ad7e7139b8b45a3f1cd
:10e75000410308bf82450b9309d2192b04eb070034
:10e7600094bfa149a14929f0f3fea048dce730217c
:10e77000e1550b997b1c1a2934bf58217821e154ab
:10e78000931e079300220023dde90401023726f0df
:10e790005dfd002800f07b819fed8f7b8ded027b7e
:10e7a00000250a9bdde90289002bdde904abb8bf37
:10e7b00018230e93002642464b46504659460bf00e
:10e7c0007ff941ec100b18f047fe42464b4651ece6
:10e7d000100b8ded100b12f0d7ff02460b46504682
:10e7e00059462af07ff8824b82468b46404649467e
:10e7f000002212f0c9ff731c0c930a9b002b804669
:10e80000894606da002200235046594626f01efdae
:10e8100028b90e9bb34200f3408101330c930022d0
:10e82000744b4046494612f0afff80468946024687
:10e830000b465046594626f013f9002840f02f8128
:10e8400042464b465046594626f000fd30b1dde9c0
:10e85000100123f0a1ffc10740f1218142464b4640
:10e86000dde9040109f055ffcde90401dde90421ea
:10e8700021f00043604900208b4208bf82423ff4f0
:10e8800048af4ff000083e46c246c1460d9b053bcf
:10e89000b342b34633d9dde90223dde904010bf0cd
:10e8a0000ff941ec100b18f0d7fd51ec100b8ded6a
:10e8b0000e0b23f071ff002840f0f680b9f1000f35
:10e8c00000f0f28008f10108dde90223dde90e0124
:10e8d00012f05aff02460b46dde904012af002f865
:10e8e000434bcde904010022dde9020112f04cffa7
:10e8f0000c9b09f101094b45cde90201c6d1baf1e2
:10e90000000f1ed1b8f1000f00f015810a9b002bfb
:10e9100040f31181089bda0700f10d81a3192e2223
:10e920001a7008eb06022244302100bf03f8011fd1
:10e930009a42fbd1079b46446fea080843440136dc
:10e9400007930d9b0d990022a019013b954202707f
:10e95000b8bf6d42e254c1f1020eb8bf01224ff0c0
:10e960000a08002d40f0d7800eeb030cbcf1010f1c
:10e9700000f0d180002a03f1ff3114bf2d222b2299
:10e9800062540b9a023b1a2a04eb030134bf502253
:10e9900070229e420a7001da29f0dafd089b03f02a
:10e9a0000303022b14d1079ba3f10208b8f1000f57
:10e9b0000edd204629f092f804eb0803b84280f2fd
:10e9c000b68042463021e01929f0fcfa0023099371
:10e9d0002046a9e6aff30080000000000000f03ff1
:10e9e0007082030074820300788203007c8203003b
:10e9f0000000b03f000020400000f07fcde9028918
:10ea00000135dde902231046194609f082fe8046f1
:10ea1000894602460b46dde9040126f021f800286c
:10ea2000ecd0dff82cb1dff82c914ff0000a4ff05a
:10ea30000008dde90223dde9040126f011f80028d1
:10ea40003ff4afae52465b46dde9020112f09cfe98
:10ea50000022002326f0fafb78b142464b46dde95e
:10ea6000020112f091fe4246cde902014b46dde97a
:10ea7000040112f089fecde90401dde902015246ec
:10ea80005b4612f081fe013dcde90201d1e79fed29
:10ea90002e7b05468ded027bb3e70c9e8be64ff097
:10eaa00000084ff00009d9e6baf1000f0bd1b9f117
:10eab000000f08d02e2304f80b30079b013b0136d2
:10eac00007934ff0010a04eb0803a21933443021e5
:10ead00002e000bf02f8011b9a42fbd1079b06eb44
:10eae000080ba3eb08080b9b0928d4bf3030573024
:10eaf000192b06d840f02003613b192b01d829f0cf
:10eb00002afc08f1ff330bf1010604f80b00079310
:10eb10004ff00008d8e60799b5fbf8fc013b08fb6d
:10eb20001c5530350139e5540791654619e7225cdb
:10eb30001a54013842e7089bdb067ff502af2e230b
:10eb4000a3550136fde600bf000000000000f03fc5
:08eb50000000e03f000050430b
:020000040000fa
:10eb58002de9f04f8fb041f2c613c35c0393002b2d
:10eb680040f02e820691834641f2c6130122c25418
:10eb780041f2c713c35c0293002b00f0188241f2e4
:10eb8800b013c35c002b40f0108200f58853597e07
:10eb98001a7e1433db79cb1adbb2934280f00d82f4
:10eba800013a0a4041f21413c35841f27a0101fbb9
:10ebb8000231089141f278030022ca5241f2c3138c
:10ebc800c35c03eb03139b0040f63c029a4228bf48
:10ebd8001a4605920a91002b00f0b0810027aee09a
:10ebe8000a98c4190494013a0a4002ebc2020c9232
:10ebf80041f20c135bf803300d9303eb820a0023f8
:10ec0800c351c35d63f07f03c355637843f02003aa
:10ec1800637041f2c2121bf80230591c0bf8021043
:10ec280003f00103c25d42ea8313c35541f2ba13ec
:10ec38003bf803307bb9637843f0100363709af8ac
:10ec480023302bb303f00303e27842ea8313e37023
:10ec5800029b0b9301e0039b0b9341f2ba133bf821
:10ec68000320baf82030a3eb02091ffa89f9b9f199
:10ec7800400f28bf4ff04009c9f1400189b2079100
:10ec88009a4200f0a48000250997ddf8108004e07e
:10ec9800029b0b93e1e7a94533d90bf58e573a78d8
:10eca8000aebc20241f2be163bf806109489641ab8
:10ecb800a3b2a9eb0504a4b29c4228bf1c46281d98
:10ecc800936822461944404428f0dafb2544adb243
:10ecd8003bf806301c44a4b22bf806403b780aebfc
:10ece800c3029289a242d6d100212bf80610013323
:10ecf800dbb23b709af822209a4204bf3b46197057
:10ed0800c9e7099f079b002b61d141f2ba123bf872
:10ed180002304b449bb22bf80230baf820209a42ba
:10ed28005ed0049c204626f029fa00f00100e37822
:10ed38000343e3704437bfb2059b9f420bd20bf5e8
:10ed48008853997c1a7c0c335b79013b5b1adbb2e4
:10ed58009342fff445af41f27803089ad752002f47
:10ed680000f0ec8041f2c4131bf803502db3ad0141
:10ed780040f63b039f4220d800244026ddf820803f
:10ed880008eb0700802308f80730002141708170e4
:10ed9800c1703246043029f011f941f2780338f88d
:10eda80003704437bfb228f803704034a4b2a542b8
:10edb80003d940f63b039f42e2d941f27803089a0f
:10edc800d35a002b40f0c180039b0293efe009f176
:10edd8000400079a0021049b184429f0eff894e7ef
:10ede80009f1ff3303f03f0304998a78134343f092
:10edf80040038b7041f2ba1300222bf80320daf893
:10ee080004406cb10d9b0c9a53f82230baf82020bc
:10ee1800daf808100bf58d50006800905846a047a6
:10ee28000bf58852937c0133dbb293740b9a002a5a
:10ee38007ff477af0bf58852117c0c325279013a86
:10ee4800d21ad2b28a42bff46caf01390b4003eb3d
:10ee5800c30341f20c125bf8022002eb830abaf8f2
:10ee68002020b2f5806f3ff65caf09f103039bb237
:10ee780023f0030189b20791c1f140091ffa89f90a
:10ee8800b9f1000f3ff44daf4a457ff64aafc3f3df
:10ee9800830304994a78134343f010034b709af89c
:10eea80023302bb103f00303ca7842ea8313cb70f3
:10eeb8004ff000080997049f01e0c1453cd90bf5c4
:10eec8008e5632780aebc20241f2be153bf80510a5
:10eed80093895b1a9bb2a9eb0804a4b29c4228bf91
:10eee8001c46079b181d4044936822461944384421
:10eef80028f0c6fa41f2ba123bf8023023442bf844
:10ef08000230a0441ffa88f83bf8053023449bb22e
:10ef18002bf8053032780aebc20189899942ccd1a5
:10ef280000212bf80510531cdbb233709af822200d
:10ef38009a42c2d13170c0e7099ff2e6069b002bc6
:10ef480044d100270ee7002711e70bf588535a7eb6
:10ef580001325a7641f2b0131bf803303bb10bf57e
:10ef680088535a7e013a5a76039b02931fe041f276
:10ef780078030898c35a41f2b01201210bf8021025
:10ef88000bf58d5212680092014600f63c0241f2e0
:10ef9800c1101bf8000021f053fb029038b941f270
:10efa800b01300220bf80320d9e7039b029341f228
:10efb800c61300220bf8032004e0039b0293f6e734
:10efc8000023029302980fb0bde8f08f41f2c413fa
:10efd8001bf80350002db6d141f2c3131bf80330c0
:0cefe800002b0cbf402580250027c5e64b
:020000040000fa
:10eff4002de9f041a2b0c74bb3f90030b3f1ff3fa4
:10f004000ed0c54b1b787bbbc24bb3f9000027f075
:10f0140077f90246002840f0fd8022b0bde8f08177
:10f02400002027f0c1fd0028f7d028f095f800282b
:10f03400f3d0002241f69021012029f0a8fbb54b22
:10f044001880b0f1ff3fe8d00022114602f096fa92
:10f05400b24b01221a7041f690234ff61072b04958
:10f0640000201ff0cbfcd8e726f048fb04460d46f1
:10f07400ac4bd3e90023994208bf9042c4d300208b
:10f0840027f092fd002800f0938027f019ff060e68
:10f0940046ea0066c0f3072346ea0346c0f3074086
:10f0a40056ea002600f08480362200210deb02008f
:10f0b40028f086ffff238df834308df83530812316
:10f0c4008df8363030238df83b3097490a88531c2d
:10f0d4009bb20b80110a8df83e108df83f2013b9b6
:10f0e400914b01221a8001238df840308df8413074
:10f0f40002228df8422010228df84b208df84c30de
:10f104008df84f20ff218df850108df851208df887
:10f1140053308df854308df857108df85b300c2334
:10f124008df85f3009238df8613004238df8623047
:10f13400330e8df8643026fa02f38df86530330a05
:10f144008df866308df8676011238df869301a23c5
:10f154008df86a3090238df86b30744bb3f900301e
:10f16400b3f1ff3f0bd0714bb3f9000022f06af901
:10f1740037283cd86e4a13680133136018e0e02343
:10f184008df8243000238df825308df826300120a9
:10f194008df8270009aa47f21a7129f0fdfa634b8a
:10f1a4001880b0f1ff3fded1614a13680133136068
:10f1b4005c4e604b1868014600274301c20e1b1abf
:10f1c40062eb0702900040ea93704fea830c024618
:10f1d4001ceb010347eb0202d10041ea5371d80052
:10f1e4000a46031945eb0202336072600ce73822c9
:10f1f4000da94e4bb3f9000023f038fa3828b9d1e1
:10f204004a4bb3f9000009f061f94b4a1368013322
:10f214001360cde7b0f5007f28bf4ff400723d4c7a
:10f2240092b24649b4f9000016f08cfd054600235d
:10f2340005930693079308930da9b4f9000015f0fc
:10f24400d3fd20b1169b0593bdf8788001e041f60b
:10f254009028304bb3f9000027f034fc0f2d04d86c
:10f264002e4a936801339360d7e60023adf8123039
:10f274002a4a536801335360304c2378667846ea4f
:10f284000326adf82460a378e77847ea0327adf8ae
:10f294002670201d28f0d6fc0b90227a637a43ea6c
:10f2a4000223adf82830a37a94f80bc04cea032c5f
:10f2b400adf82ac0237b8df8303094f80de08df83a
:10f2c40031e0a17b8df83210e27b8df833200728e2
:10f2d4003ad9a0f10802103daa4235d84ff610726f
:10f2e400964205d1bdf8304040f20112944230d02c
:10f2f4000a498a6801328a60114a1278002a3ff466
:10f304008caecdf800e032460e4900201ff076fbab
:10f3140083e600bf1e0601202a060120c4fa00204d
:10f32400c09a0200b8fe00201a0601201c06012023
:10f33400240201202c02012028020120e8e10020ff
:10f3440062040120f49a0200434a936801339360f3
:10f3540063e601294fd8a0f1080399b23e4b1f84fc
:10f36400a3f822c041f202039f4249d100243b4b3f
:10f374003b4a1a603b4b03ebc4030df112020092ab
:10f384005d684ff4f873384a3848a8470546324b4d
:10f3940083f82400364b1b78bbb1bdf82620bdf89a
:10f3a4002a3000284ad02d490f682e4901ebc401a8
:10f3b4008e7830493048002e08bf014602910197eb
:10f3c40000952e4900201ff019fb264b03ebc404c3
:10f3d400a378002b34d19df83230012b30d0cdf8f6
:10f3e400048005ab0093bdf812301f4a294609a8d2
:10f3f40017f064ff11e6184a9368013393600ce632
:10f404000124184a32f83430bb42b0d00134222ce3
:10f41400f8d1114b9a6901329a61032283f82420ae
:10f42400134b1b788bb9cdf8048005ab00930023f4
:10f434001a46032109a817f041ffeee5104fb4e77f
:10f44400054a536901335361e7e53a460d49002003
:10f454001ff0d4fae7e700bfc4fa0020f405012046
:10f46400485f0300d8350200f8e30020f8e10020eb
:10f4740062040120b09a0200bc9a0200209b0200a0
:08f48400ac9a0200409b02005b
:020000040000fa
:10f48c00b64b1b7803b970472de9f04f8db026f0c1
:10f49c0031f904460d46b24a136801331360b14b7f
:10f4ac001b78abb1b04bd3e9002352ea03010fd068
:10f4bc00ae49d1e90001014304bfac49c1e90045a3
:10f4cc00ab49d1e900018d4208bf844280f08480b1
:10f4dc00a54b196858684b1840eb00025b1840ebc1
:10f4ec0002024fea021c4cea137c4fea031ebeebed
:10f4fc0001036ceb00024feac20c4cea537c4fea5e
:10f50c00c30ebeeb01066ceb0007fb0043ea56731f
:10f51c00f20016461f46974a13685268e31a029384
:10f52c0065eb02030393dde902239f4208bf964279
:10f53c0080f0e980894b1b78032b09d0874b032281
:10f54c001a708d4a1368013313608c4bc3e9004564
:10f55c008b4b1b78002b40f037818a4b1b78012b8f
:10f56c0000f05081022b00f08581032b00f08f817d
:10f57c00854a13685268e31a049365eb02030593fa
:10f58c00794b18685e687101430141ead0621b1a1d
:10f59c0062eb0602910041ea93719f000a463b1808
:10f5ac0046eb0202110141ea13711801b0eb030a98
:10f5bc0061eb020b4fea4b1343eada634fea4a1250
:10f5cc0092469b46dde904239b4508bf9245c0f05b
:10f5dc0068810db0bde8f08fdff894c16b49d1f8ac
:10f5ec0000e0aefb02890efb039918eb040045eb1f
:10f5fc000901ccf80000ccf80410654909680991a0
:10f60c0001ebc1094fea8909624901eb0908574925
:10f61c0008684968201a65eb010126f05bf95d4921
:10f62c0041f809005c4b1b68c8f80430564b1b684a
:10f63c00c8f80830594b1b68c8f80c30584b1b687d
:10f64c00c8f81030574b1b68c8f81830564b1b685d
:10f65c00c8f81c30414b1b7888f8203025f088fc0a
:10f66c0088f821000023c8f81430504b1a68002a7f
:10f67c0036d04f4b1b68a3eb020e0ef00f034d4917
:10f68c0001ebc301d1e90089012a3ad903f1010c3c
:10f69c0002eb030e40464946cde90a450cf00f0338
:10f6ac00444a02ebc303d3e90023424573eb09043c
:10f6bc00bcbf90469946904271eb0304bcbf104608
:10f6cc0019460cf1010cf445e8d1dde90a45099b1a
:10f6dc0003ebc3022f4b03eb8203a0eb0800586132
:10f6ec002b4a13680133dbb21360334b1b68ff2bbf
:10f6fc0002d80133304a1360304a13680133136067
:10f70c00e6e64046e3e7154b1b78032b7ff420af6e
:10f71c001a4a13685268e31a069365eb02030793bf
:10f72c00274a13685168dde906679b1947eb01010d
:10f73c0013605160234bd3e90023bb4208bfb24294
:10f74c003cbf204bc3e90067184b1b68012b8cbfd7
:10f75c0002220122014b1a70fae600bf5d0401205f
:10f76c000c02012029060120a0fe0020b0fe002082
:10f77c00a8fe002028fe0020ec01012018fe00202d
:10f78c00280601205f040120f0fd0020f005012077
:10f79c0010020120e45e002090fe0020f8fd002005
:10f7ac0030fe0020dc010120e40101201c020120bc
:10f7bc0020020120b8f400201402012018020120bc
:10f7cc0020fe002010fe002021f060f940f6b83237
:10f7dc0000238b4208bf82421dd23c4b1b78002b6e
:10f7ec007ff4bbae3a4b1b68002b3ff4b6ae374be5
:10f7fc0001221a700023374a1370374a1360374bb3
:10f80c00c3e900450020364b187040f6b832354934
:10f81c001ff0f0f8ace62d4b1b78002b3ff49dae9f
:10f82c002e4bd3e90023ab4208bfa24203d2a01a4d
:10f83c0065eb030101e0002001462b4bd3e90023cb
:10f84c0026f048f8294b18600023204a1370214aef
:10f85c0001211170204a1360254b1b7853b9254b9d
:10f86c00197841f288334cf25032012918bf1346f3
:10f87c00214a136000201a4b1870082300931e4b6a
:10f88c001b681a4a12681d491ff0b4f870e6002074
:10f89c00134b18700823184a126819491ff0aaf85c
:10f8ac0066e6204629461ef08ffeeff3108372b6f3
:10f8bc00144ac2e90045144ac2e9000183f31088d6
:10f8cc00124a13680133136083e600bf5e04012003
:10f8dc00fc010120600401200802012098fe002098
:10f8ec005f04012080e20100a0fe00200402012040
:10f8fc00610401205c040120ec05012004e30100fb
:10f90c00b0e30100f0fd0020f8fd0020e40101202f
:020000040000fa
:10f91c004c414e3836357820646961676e6f73746c
:10f92c0069637320636f6d6d616e64733a0a0d00c9
:10f93c0020206c616e5f7265616420203c616464a0
:10f94c00723e202020202020202020202020202d2e
:10f95c00205265616420204c414e38363558207257
:10f96c0065676973746572202868657820616464c2
:10f97c0072657373290a0d0020206c616e5f7772bb
:10f98c00697465203c616464723e203c76616c75e0
:10f99c00653e20202020202d205772697465204c54
:10f9ac00414e38363558207265676973746572201c
:10f9bc002868657820616464722c206865782076ec
:10f9cc00616c7565290a0d0020206c616e5f726d8b
:10f9dc0077203c616464723e203c6d61736b3e2009
:10f9ec003c76616c3e20202d20526561642d6d6f3c
:10f9fc00646966792d7772697465202b207665723f
:10fa0c006966793a206e65773d286f6c64267e6d49
:10fa1c0061736b297c76616c0a0d00002020746583
:10fa2c0073746d6f6465205b302e2e345d205b73b8
:10fa3c0065636f6e64735d202020202d2049454541
:10fa4c00452054582074657374206d6f64652c20a8
:10fa5c007665726966696564206279207265616495
:10fa6c006261636b20286e6f20617267203d20738a
:10fa7c00686f77290a0d00002020706c63615f6e3f
:10fa8c006f6465205b69645d20202020202020208d
:10fa9c00202020202020202d204765742f73657492
:10faac0020504c4341206e6f646520494420286ee1
:10fabc006f20617267203d2073686f7720637572c9
:10facc0072656e74290a0d002020706c63615f737f
:10fadc007461742020202020202020202020202031
:10faec00202020202020202d20504c4341206275c6
:10fafc0073206865616c74682062656c6f7720494f
:10fb0c00502d6672616d65206c6576656c20286c75
:10fb1c00696e6b2f6e6f6465732f544f2b4245418a
:10fb2c00434f4e20636f756e74732f6576656e74dc
:10fb3c0073290a0d000000002020737169205b6e90
:10fb4c006f64657c616c6c7c6f66665d2020202028
:10fb5c00202020202020202d205369676e616c20ee
:10fb6c005175616c69747920496e64696361746f55
:10fb7c00722c20636f6e74696e756f757320286eae
:10fb8c006f20617267203d2073686f7720726570fb
:10fb9c006f7274290a0d0000202073716920726540
:10fbac00706f7274203c7365633e7c6f66662020b8
:10fbbc00202020202020202d206175746f2d707244
:10fbcc00696e742074686520737169207265706f3a
:10fbdc007274206576657279203c7365633e207380
:10fbec002c206f722073746f7020646f696e6720a5
:10fbfc00736f0a0d000000000a0d41646472657396
:10fc0c0073203d20284d4d53203c3c20313629207b
:10fc1c007c206f66667365742e204d4d5320332007
:10fc2c003d2050485920504d412f504d442c204dd3
:10fc3c004d532034203d2076656e646f72207370b6
:10fc4c006563696669632e0a0d0000004578616d75
:10fc5c00706c653a206c616e5f72656164203078ff
:10fc6c00303030344341303220202028504c434136
:10fc7c005f4354524c313a204e4f44455f434e54ef
:10fc8c003c3c38207c204e4f44455f4944290a0daa
:10fc9c00000000004578616d706c653a20746573e6
:10fcac00746d6f646520312033302020202020209b
:10fcbc002020202874657374206d6f646520312cae
:10fccc00206175746f2d726576657274206166742f
:10fcdc0065722033302073290a0d00004578616d60
:10fcec00706c653a2073716920616c6c2020202047
:10fcfc002020202020202020202020286d6f6e69bd
:10fd0c00746f7220616c6c20504c4341206e6f6498
:10fd1c0065732c2077656967687465642061766506
:10fd2c0072616765290a0d004578616d706c653ae2
:10fd3c0020737169207265706f72742035202020d9
:10fd4c0020202020202020287072696e7420746876
:10fd5c0065207265706f72742065766572792035d6
:10fd6c0020732c20737461727473206d6f6e6974c0
:10fd7c006f72696e67206966206e656564656429bb
:04fd8c000a0d00005c
:020000040000fa
:10fd9000ac4b1b68002b40f021822de9f04fbbb02b
:10fda000a94b1c6814b1dff8dcb2a2e0a74911f836
:10fdb000012fa7481df09ef838b1a34b1c68002cfa
:10fdc000f1d101203bb0bde8f08fa24b1b78002b96
:10fdd000f3d128f03ffb012803d89e4b01221a7073
:10fde000ebe728f031fb9c491ef00afef5e7002303
:10fdf00063759a4e04f1120803273a46316840466b
:10fe000026f0fcfb002800f0e7810c365e45f4d1bb
:10fe10000023238269e00d283ad00a2838d0082828
:10fe200000f070817f2800f0a0811b2800f0bd81c8
:10fe3000e26904f12008a2eb08034f2b00f3bf8115
:10fe4000a369d31a00f0b781d01a00bf12f8011cc1
:10fe500002f801198242f9d1e269511ce1610021e5
:10fe60005170a26901327e4904f1720027f030fc22
:10fe7000214601f8717f336828469847a3691f70af
:10fe8000a3690133a361e26993422ed9e3612ce0b7
:10fe900004f1200ae369534555d033687149284677
:10fea0009847e36900211970c4f818a0c4f81ca091
:10feb00020220deb020028f085f867680497512294
:10fec000514610a828f04afb082208a910a81df0e6
:10fed00039fd039000283bd123681b6862493846ee
:10fee00098473368614928469847a468002c3ff436
:10fef00068af26686568f368284698470028f4d0fc
:10ff00003369284698470746b4f91030002b82d051
:10ff1000e218907401331db22582032d3ff467afc0
:10ff2000022de2dde668b3689d42ded1316804f15e
:10ff3000120027f094fe18b973683146204698479e
:10ff400000232382d1e73368494928469847cce704
:10ff5000039b002b05dc23681b68464904989847df
:10ff6000bfe7d4f8cc30d4f8d070bb4239d07a682f
:10ff7000c4f8d0201360d4f8cc30d4f8d0205a6024
:10ff80005122514607f1080028f0e8fad4f8cc30a5
:10ff900073b33b60d4f8d0307b601f60d4f8cc30b2
:10ffa0005f60c4f8cc700023c4f8d430504622f00f
:10ffb000e5f9ddf82090304f07f12408396848460c
:10ffc00027f04dfed8b10c374745f7d12b4b03f145
:10ffd0001802d83305930696cdf81ca0a246914688
:10ffe00057e00022c4f8cc20c4f8d0201f46c7e751
:10fff000c4f8cc70c4f8d0703f607f60d3e7039b37
:020000040001f9
:10000000082b06dd23685b6808221d490498984781
:1000100067e77b6808aa03992046984761e754463a
:10002000069edaf800305b68082215490498984764
:1000300057e75446069e7b6808aa0399504698479e
:100040004fe700bf180101203cfd002010010120f6
:10005000fc7e030034040120c01f0200b42a030008
:10006000a8200200f8c40200e41f0200842002005d
:100070004484030054200200bc68030070f0002098
:100080001c200200fc2a030009f11809059b4b45be
:1000900032d04c4659f8146c002ef5d059f8087c33
:1000a0009fb15122079925a828f058fa59f8043c25
:1000b0000093512325aa51463046b847f8b9082283
:1000c00008a925a81df03efc0390039b082ba6dc85
:1000d00054f8147c54f8184c002cd5d0ddf820804e
:1000e00000263968404627f0bafd0028a1d0013625
:1000f0000c37a642f5d1c7e75446069e2be7544677
:10010000069eeee6a16904f1200399427ff6edae6a
:10011000e36999421ed24a1e5b1a06d0581e01445a
:10012000507802f8010b8a42fad1a269013aa26121
:10013000e269511ee161002102f8011c04f171071e
:10014000a2692749384627f0c3fa3368394628465a
:100150009847cae63368234928469847a369013b74
:10016000a361e369013be361bfe6e369a2699342ee
:100170007ff6bbae511c5b1a05d0d018517802f83f
:10018000011b9042fad1e269511ee161002102f89f
:10019000011c04f17107a2691349384627f098fa47
:1001a00033683946284698479fe64ff01b03a374ef
:1001b0000123238299e6002384f8723058e63368dd
:1001c0000a4928469847c4f81880c4f81c80336848
:1001d00007492846984788e6e660a3e6012070476d
:1001e00088200200942002009c200200b02002001f
:0401f0008420020065
:020000040000fa
:020000040001f9
:1001f4002de9f04f8db08468002c00f0c48145686f
:10020400002d00f0c681ab6a002b00f0c581c668e2
:10021400002e00f0c481d0f810b0bbf1000f00f044
:10022400c181dff84cc307460fcface80f0097e855
:1002340003008ce803003388012b00f0ca81abf182
:10024400020233460833b2f1ff3f2ed0013a198837
:100254000129f7d15b6804930021049827f0acfdd1
:100264000746b34b986018b3049b1a78b04b1a73c3
:100274008368742221469847ae4b186048b32246df
:100284002946384625f0a2f80390002838d128f0f2
:10029400dff868bb032428f0dbf8002840f06c8109
:1002a4001af0bcf8002303936fe100230493d3e70f
:1002b40028f0cef808b90124ede728f0c3f8049b30
:1002c4002bb11a789c491ef099fb0124e3e7002224
:1002d400f8e728f0bdf808b90224dce728f0b2f802
:1002e400742202fb04f295491ef088fb0224d2e733
:1002f40028f0a8f83a4692491ef080fb0324cae786
:100304008b4b1c80c3f804b08a4bd3f80080002cbc
:1003140040f36181a9464ff0000a00224146484655
:1003240011f022fd034690b10af1010a08f17408a4
:1003340009f138095445f0d17e4ad2f800907c4a3c
:100344005088c84600218e469a468c4622e028f002
:100354007ff820b928f07cf840b904249be728f002
:1003640071f8524677491ef049fbf3e728f06af822
:10037400224675491ef042fb04248ce7013080b20a
:10038400d446013374329c4203d0556c8d42f8d16b
:10039400f4e7059dd8f844100ef1010e08f1740835
:1003a400744503d0424673460595eee7614609b1ac
:1003b4005f4b58805e4b5b88002b40f0148109f141
:1003c40074004ff0010c864610e028f03bf8584bbf
:1003d4005a885e491ef012fb05245ce7884619e042
:1003e400644524dd0cf1010c0ef1740e73465ef8c5
:1003f4005c0c0028f4d06246644518dddef8181061
:100404008842ebd0013274339442ebd0996988422c
:10041400f8d1884628f01cf808b906243be728f0f0
:1004240011f842464a491ef0e9fa062433e700234c
:10043400484a13600793089309930a930b933c4b20
:100444001b8833b309f16c084ff0000a059400bf10
:1004540028f80cac18f8013c0caa02eb830959f8f3
:10046400144c00943c4a52f823303c4a072140463d
:1004740027f01ff9002388f80630013449f8144c9a
:100484000af1010a08f17408294b1b889a45dfdb3d
:10049400059c4ff420720021314827f091fd314b27
:1004a40000221a60304b049a07ca83e80700dff879
:1004b400c48008f19009404628f064f908f10c085a
:1004c400c845f8d11a4b00221a761a4bd3f800a06b
:1004d40094426add5346a2461446b0461e4618e0ce
:1004e40027f0b0ff4a4621491ef088fa0724d2e6d5
:1004f4000f4880f81990066144615b4642462946dc
:1005040008f024fa002862d0013474363835a24544
:100514004bd0286a24f02aff814600f0fd03012b0a
:10052400e6d027f095ff0028dad10724b3e600bf10
:10053400d4fb00203c000120ac740100dc740100f9
:100544001c7501005075010094750100d4750100fb
:100554001876010038000120f87d03005c76010064
:100564001cd900202c000120e0fc0020647601004e
:10057400f0fb002014f3002027f064ff22461d49fd
:100584001ef03cfa8ce60023039303980db0bde8fb
:10059400f08f00230393f8e700230393f5e7002388
:1005a4000393f2e700230393efe7bb6938469847c8
:1005b4000446b0f5006fe8d227f04aff0128e4d9d9
:1005c40027f040ff22460c491ef018fadde7082404
:1005d40061e633463ee6094bd3f80090084b5b884e
:1005e400002b3ff424af27f033ff00287ff4edae57
:1005f400052450e6c4760100987601003c000120f1
:04060400d4fb002003
:020000040000fa
:020000040001f9
:100608002de9f04fedb000230546164603910493fb
:100618009946039b1b78002b62d00023cde9053354
:1006280007930aab089303a980232846099325f06a
:1006380024fa0446039b1a780ab1252a40d1049863
:10064800204404901a78252a31d15a1c0024039298
:1006580007945a782a2a04bf02330393039808bfe1
:10066800012422f036fd01460790284627f062fa59
:10067800039b1a78303a092a48d903a823f0b8fe10
:10068800039b8046187827f05bfe672861dc6528a5
:1006980080f2c680612800f0c3803adc252800f08b
:1006a800ef805b2800f00c81039b013303937b1cd4
:1006b80040f0f980b9f1000f08bf4ff0ff390fe0a3
:1006c800eb6bea6c93420fd25a1cea631f78039bc8
:1006d8001b78bb420ed0eb6c13b1eb6b013beb63a9
:1006e80048466db0bde8f08f284620f051fe074619
:1006f8000130ecd1049b01330493039b03a901331c
:100708002846039325f0b9f9044493e7013303938a
:10071800aee7632800f098806428c5d104ab05aa29
:100728002aa9284628f026f90028c0f26a81039be6
:1007380001330393002c40f0b68033460122414632
:100748002aa81df031fc0028044667da0134b1d02c
:10075800c6e7702841d00bdc6e2850d02fdc692802
:10076800a2d104ab05aa2aa9284628f003f9dbe799
:10077800752813d0782829d0732895d1b8f1800f1f
:1007880092d1039b01330393002c77d133681a1d50
:1007980032601b680093012204ab68e004ab05aa31
:1007a8002aa9284628f0e6f80028c0f22a81039be7
:1007b80001330393002c76d133462246bfe704abbe
:1007c80005aa2aa9284628f0d5f8ede704ab05aa1a
:1007d8002aa9284615f092fbe6e704ab05aa2aa940
:1007e800284615f08bfb0028c0f20b81039b0133d0
:1007f8000393002c57d133462246f021a0e7039bf0
:10080800049a01330393d317cde92a23002c4ad144
:100818003346224641462aa81df0c6fba144f8e605
:1008280004ab05aa2aa9284628f0a4f80028c0f293
:10083800e880039b01330393002c34d132464146b0
:100848002aa822f073fb7ee7b8f1800f7ff42caf63
:10085800079b0bb901230793039b013303935cb9ef
:1008680033681a1d32601b680093002204ab05a987
:10087800284628f081f866e70023f5e7002389e792
:10088800b8f1800f7ff410af039bea6c0133039338
:10089800eb6b934209d25a1cea631878252808d1d1
:1008a800049b013304930024b8e7284620f070fd28
:1008b800f4e7eb6c002bf6d0eb6b013beb63f2e754
:1008c800b8f1800f7ff4f0ae002c39d133681a1dcf
:1008d8003260d3f80080039b5a1c03925a785e2a30
:1008e8000cbf012700272aac08bf023340f20112cf
:1008f8003946204608bf039327f060fb0023237086
:10090800039b1a782d2a1ed101330393c7f10103e3
:1009180084f82e30c7f10107039a13785d2b1bd199
:10092800b8f1000f5cd1eb6bea6c934264d25a1cad
:10093800ea631f78e3195b78002b59d19a463ae0ad
:100948004ff00008c7e75d2ae4d101330393c7f1ec
:10095800010384f85e30dde7002be1d02d2b06d0b3
:10096800039b13f8012b039322445770d4e7049b8d
:100978001b78002bf4d05d2bf2d0531c0393029b01
:100988001b7851788b42ebda0133e754f9e700bf63
:1009980008f80b70049b013304930bf1010bea6b0d
:1009a800eb6c9a42da461ed2531ceb631778e319b4
:1009b8005b78002becd1eb6c13b1eb6b013beb6379
:1009c800039b01330393baf1000f3ff46daeb8f106
:1009d800000f3ff469ae002308f80a3001241de730
:1009e8004ff0000bdbe7284620f0d2fc0746dee795
:1009f800049b0133049396e7284620f0c9fc074678
:080a080098e70446a2e600bfd6
:020000040000fa
:020000040001f9
:100a10002de9f04f242985b006460f46144601d82b
:100a2000012903d1b64b16221a6050e0f36bf26c29
:100a3000934220d25a1cf26318782028f6d0a0f1f5
:100a40000903042bf2d92b2801d02d281bd1f36bdd
:100a5000f26c2d284ff0ff3a18bf4ff0000a934276
:100a60000dd25a1cf2631878f26c7fb1102f4ed160
:100a700030280dd04be0304620f08efcdde73046cc
:100a800020f08afcf0e74ff0000aede730283dd176
:100a9000f36b934222d25a1cf263187840f0200381
:100aa000782b2ad1f36bf26c93421bd25a1cf2635f
:100ab0001878944b03445b780f2b40f2c180f36ca1
:100ac000002b00f09581f36b84b1023bf3630024ab
:100ad00000252046294605b0bde8f08f304620f0bd
:100ae0005bfcdbe7304620f057fce2e7013bf363b9
:100af0000021304627f022f8e9e7002f00f0eb80d4
:100b00000a2f40f09e8000247f4d1ae00a277d4b7b
:100b100003445b78bb42f3d312b1f36b013bf36345
:100b20000021304627f00af87ce70a2303fb04047f
:100b3000f26bf36c9a42a4f130046bd2531cf36352
:100b40001078a0f13003092b01d8ac42edd9002573
:100b5000a0f1300109293dd86c4b4ff09932ab42de
:100b600008bfa24217d34fea850ca3001b194cea19
:100b7000947245eb020213eb03086fea0103009342
:100b80004ff0ff33019342eb0209dde900234b45af
:100b900008bf424542d25b4b184498464278ba425d
:100ba00018d2f36bf26c934280f00a815a1cf26304
:100bb000187840444378bb42f3d3514b0e9922221c
:100bc0001a60dde90e45002301f00102134318bf4e
:100bd0004ff0000af36c13b1f36b013bf363dde9f3
:100be0000e239d4208bf9442c0f0fa800e99002364
:100bf00001f00102134340f0e780baf1000f40f02a
:100c0000e3803f4b22221a600f9b11f1ff3443f126
:100c1000ff355ee7304620f0bffb92e718eb01049a
:100c20004ff0000349eb0305f26bf36c9a4203d2d9
:100c3000531cf36310788be7304620f0adfb87e759
:100c400010277c1e3c402f4d40f0b48017237b437f
:100c5000c3f342132b4493f801b12b185b789f42e6
:100c600002d9b4f1006f38d34ff0ff33cbf120013c
:100c7000abf1200223fa0bf803fa01f148ea01086c
:100c800023fa02f2002548ea020823fa0bf91d4b69
:100c9000034459788f427ff67eafa94508bfa0452f
:100ca000fff479afabf1200004fa00f005fa0bf283
:100cb000cbf12003024324fa03f342ea0305f26b6b
:100cc000f36c04fa0bf09a4241ea000414d2531c6c
:100cd000f3631078dbe70827b3e704fa0bf41c434f
:100ce000f26bf36c9a4203d2531cf3631078b4e7af
:100cf000304620f051fbb0e7304620f04dfbc6e710
:100d0000f8030120003902009899991999999919c5
:100d100004fb0734f26bf36c9a4247d2531cf36323
:100d200010782b185b789f4202d9334a9442efd94e
:100d30000025324b034459788f427ff62caf4ff099
:100d400000084ff0000965b1a4fb07234ff0000c29
:100d50001a466346e5fb07231bb14ff001084ff02d
:100d6000000958ea09037ff416af5ffa81f86feac9
:100d7000080102914ff0ff310391dde902bca7fbae
:100d8000042307fb05339c4508bf93454ff000093a
:100d9000fff401af12eb080443eb0905f26bf36caf
:100da0009a4209d2531cf3631078c2e7304620f010
:100db000f3fab6e70024b4e7304620f0edfab8e7de
:100dc000304620f0e9faf4e6dde90e23ab4208bf35
:100dd000a24205d20a4b22221a60dde90e4578e6ce
:100de000baf1ff3f7ff475ae644265eb450570e6ee
:100df000002c7ff46cae7be6c6711c070039020044
:040e0000f8030120d2
:020000040000fa
:020000040001f9
:100e04002de9f0410446d0f8c4305f6825f018fba2
:100e1400d4f89030834200f2c081054694f8cf6044
:100e24008eb9a36823b1d4f88820134483420ad32b
:100e3400606858b126f042fb02460b46d4e908012b
:100e440023f0f0fd10b1012384f8d030a36a73b904
:100e5400c4f88850c4f8a850c4f89c30d4f894203e
:100e6400c4f89820226bc4f8a02084f8cc30d4f8bd
:100e740084301d44c4f89050237c012b2ad0022bcb
:100e840040f0b980b4f93a0027f003f9e0b9b4f9b5
:100e94003a0025f007f948b1d4f8c4301b681b6840
:100ea400c24938469847012384f8cf30b4f93a0050
:100eb40026f0d8fbb4f8d2308342c0f09c80002ed8
:100ec40040f09980354669e1b4f93a0025f01bfcfd
:100ed400002563e1b4f93c0025f012fa38b9b44bab
:100ee4001868002849dd0023b2499c4627e0b4f97c
:100ef4003c0025f0e7fd002550e10d7d202d02d0ba
:100f040015f0ef0f16d191f8d4509db1013281f84c
:100f1400d520002542e10d7d102d0bd191f8d45040
:100f240045b1013281f8d520002537e1032a08bff5
:100f340081f8d5c00133dbb2d83183421dda8c424b
:100f4400f8d091f8d520022af0d8257d082dd4d0e8
:100f5400202de0d0002de9d191f814e0bef1200f4e
:100f640002d0bef1100fe5d191f8d4e0bef1000f2c
:100f7400e0d0013281f8d52010e1a189b4f93c0018
:100f840027f05afce36898422dd294f8d430013308
:100f940084f8d430d4f8b43043b125f051fad4f8fd
:100fa400b430c31a002b14da0025f7e025f048fa10
:100fb400054625f059fa642303fb00f303f2e733f3
:100fc4007d4aa2fb032305eb9313c4f8b430002538
:100fd400e4e0d4f8c4301b685b68e26877493846bb
:100fe40098470225dae00023c4f8b43094f8d430ea
:100ff400013b84f8d43094f8d010237c012b00f00a
:101004008b80022b00f08c8000231d46002018608a
:101014004ff080725a60b4f812c04fea0c2202f406
:101024007f0242ea0c629a60d860a269100e40ea1c
:1010340002604fea022c0cf47f0c40ea0c00120a06
:1010440002f47f4202431a61606800286cd0020ee9
:1010540042ea00624fea002c0cf47f0c42ea0c02d4
:10106400000a00f47f4002435a61002970d094f8ca
:10107400cc30a26a9b1a1a0e42ea0362190201f4e6
:101084007f010a431b0a03f47f4313432b6025f0bb
:10109400d7f9804625f0e8f9b8fbf0f31a0e42ead6
:1010a4000362190201f47f010a431b0a03f47f431c
:1010b40013436b60d4f88c20d4f88830d31ab3fb74
:1010c400f0f200fb12324ff47a7303fb02f2b2fb2c
:1010d400f0f003fb00f0030e43ea0063020202f4a3
:1010e4007f021343000a00f47f401843a860257c64
:1010f400012d3ad0022d54d1b4f8d230343ba4f8a7
:10110400b03034222e49b4f93a000df069ff342886
:1011140049d0feb1012541e0294d05f10c0375e7e5
:10112400274b03f1180571e7a2682648a0fb0220ab
:10113400c0084042020e42ea00624fea002c0cf45e
:101144007f0c42ea0c02000a00f47f4002438be762
:10115400a36a90e7d4f8c4301b681b681a49384660
:101164009847236b0133236318e0e368343ba4f806
:10117400b03034221249b4f93c0021f077fa342813
:101184000cd0d4f8c4301b681b680f493846984704
:10119400236b01332363022500e000252846bde8c4
:1011a400f0810125fae70125f8e700bf6cfc020095
:1011b4000001012098ef0020d34d6210a0fc020032
:0c11c400e8f90020cdcccccc284802007b
:020000040000fa
:020000040001f9
:1011d00055736167653a206d69696d203c6e657471
:1011e0006978206e3e203c61646420613e202d20a1
:1011f00053657420746865206e6574776f726b2018
:10120000696e7465726661636520696e64657820d5
:10121000616e642050485920616464726573730d77
:101220000a00000055736167653a206d69696d2099
:101230003c737461727420723e203c656e6420724f
:101240003e202d205365747320746865207374618b
:10125000727420616e6420656e64207265676973c4
:101260007465722028646563696d616c2920666ffe
:101270007220612064756d70206f700d0a0000008f
:1012800055736167653a206d69696d203c726561cf
:1012900064207269783e202d20526561647320724b
:1012a0006567697374657220726978202864656364
:1012b000696d616c290d0a0055736167653a206d8f
:1012c00069696d203c77726974652072697820774e
:1012d000646174613e202d205772697465732072b9
:1012e0006567697374657220726978202864656324
:1012f000696d616c292077697468203136206269d4
:101300007420646174612028686578290d0a0000e2
:1013100055736167653a206d69696d203c64756d30
:10132000703e202d2044756d707320616c6c2072ae
:101330006567697374657273205b7253746172744c
:101340002c2072456e645d0d0a00000055736167c4
:10135000653a206d69696d203c73657475703e2037
:101360002d20506572666f726d7320746865205011
:1013700048592073657475700d0a000055736167d4
:10138000653a206d69696d2077726974655f736d68
:101390006920726978207764617461202d20457816
:1013a00074656e6465642033322062697420534d25
:1013b00049207772697465207573696e6720726958
:1013c0007820286865782920616e642077646174cc
:1013d0006128686578290d0a00000000557361676f
:1013e000653a206d69696d20726561645f736d692e
:1013f00020726978202d20457874656e64656420bc
:1014000033322062697420534d4920726561642033
:101410007573696e67207269782028686578290d70
:101420000a00000064756d7000000000736574753b
:10143000700000006d69696d2073657475702066b9
:1014400061696c65643a202564210d0a0000000082
:101450006d69696d2073657475702073756363655c
:1014600073733a25640d0a00726561640000000020
:10147000726561645f736d69000000007772697462
:101480006500000077726974655f736d6900000024
:10149000616464006d69696d2077726974653a20d2
:1014a0006d697373696e672077446174610d0a001a
:1014b0006d69696d3a205365742041646420746fce
:1014c0003a2025640d0a00006e65746978000000fa
:1014d0006d69696d3a20496e636f7272656374203d
:1014e000496e7465726661636520696e6465780d26
:1014f0000a0000006d69696d3a20536574204e65dd
:1015000074776f726b20496e7465726661636520d3
:10151000696e64657820746f3a2025640d0a0000b6
:1015200073746172740000006d69696d3a205365cf
:10153000742053746172742052656720746f3a206e
:1015400025640d0a00000000656e64006d69696d18
:101550003a2053657420456e642052656720746f8d
:101560003a2025640d0a00006d69696d3a20556eb8
:101570006b6e6f776e206f7074696f6e0d0a00006e
:020000040000fa
:020000040001f9
:1015800070b50c46154624f0a9fe002800f03b81fa
:10159000064614f4004f40f0998114f4804f40f057
:1015a0005881c4f30d040f2c00f22f81dfe814f0f2
:1015b000100021003e004f006d0087008d0091005b
:1015c0009500a000a400fc0004010f0115012001fa
:1015d000002300e00123b5fa85f56d0996f8402057
:1015e00065f3820286f84020002b40f0268101201e
:1015f0000ae1002302e0022300e00123b5fa85f5a9
:101600006d0996f8402065f3c30286f84020002b50
:1016100000f0fd80012b14bf0023012396f83f202a
:1016200063f3410286f83f200120ede00023b5fa84
:1016300085f56d0996f8402065f3041286f8402080
:10164000002b40f037810120dee00223efe705f0b8
:10165000030596f8403065f3010386f8403055b134
:101660004ff0ff33736196f8413043f0010386f881
:1016700041300120c8e00022726196f8413062f3e7
:10168000000386f841300120bee096f8413013f0a7
:10169000020f40f0be80003518bf0125c3f3800360
:1016a000ab4201d10120afe0304623f0d9fe96f8dd
:1016b000413065f3820386f841300120a4e03046d2
:1016c00023f0cefe358201209ee086f83d500120b9
:1016d0009ae086f86250012096e0003518bf012597
:1016e00096f8423065f3000386f8423001208be023
:1016f00086f86350012087e0002d00f08c802b7865
:1017000013f0010f12d06a7896f8403062f3c303e9
:1017100086f840306a78dbb262f3041386f8403012
:101720006a78dbb262f3820386f840302b7813f0dc
:10173000020f03d06b78c3f3400373642b7813f06c
:10174000040f08d06b78c3f3800396f8482063f346
:10175000000286f848202b7813f0080f08d06b7829
:10176000c3f3c00396f8482063f3410286f848208b
:101770002b7813f0100f08d06b78c3f3001396f892
:10178000422063f3820286f842202b7813f0200f68
:1017900043d06b78c3f3401396f8422063f3c3023f
:1017a00086f8422001202fe0b6f8483065f3c803e0
:1017b000a6f84830012027e0003518bf012596f82b
:1017c000493065f3410386f8493001201ce00035bb
:1017d00018bf01257564012016e0003518bf0125ea
:1017e00096f8483065f3000386f8483001200be096
:1017f000b5fa85f56d0996f8493065f3820386f8e8
:101800004930012000e0002070bd0020fce70120ed
:10181000fae70020f8e70020f6e70120f4e70020cf
:10182000f2e70020f0e7b5fa85f56d0996f840304b
:1018300065f3820386f840300223012b14bf002396
:10184000012396f83f2063f3000286f83f20012031
:10185000dae7c4f30d040f2ce1d801a353f824f008
:1018600027180100f71501004b1601004f16010063
:101870008b160100bf160100cb160100d316010024
:10188000db160100f1160100f9160100a91701008d
:10189000b9170100cf170100db170100f117010094
:1018a000b5fa85f56d0996f8403065f3041386f8ae
:1018b00040300123012b14bf0023012396f83f2061
:1018c00063f3820286f83f2001209de7c4f30d04f4
:1018d0000f2ca6d801a353f824f000bfd5150100a2
:1018e000fb150100a11801004f1601008b16010025
:1018f000bf160100cb160100d3160100db16010054
:10190000f1160100f9160100a9170100b91701002d
:0c191000cf170100db170100f1170100e8
:020000040000fa
:020000040001f9
:10191c002de9f04184b0c24b9c7d14f0010f40f0d6
:10192c008a8014f0020440f06c814d68eb68002b47
:10193c0000f06a818e68002e00f06981b369002b7b
:10194c0000f06881f369002b00f06781b44fd0225e
:10195c000021381d26f030fb4ff0ff333b61fb605c
:10196c00eb68bb616b68fb61ab683b62b5f930300f
:10197c00a7f8c8302b697b626b69bb62ab69fb62f1
:10198c00eb693b63eb8ea7f8d030eb8e03f00103d1
:10199c00002b0cbf2246022287f8d220eb8e03f0dc
:1019ac000103002b14bf6ff003034ff0ff33b84655
:1019bc00c7f8cc3090370fce0fc70fce0fc70fce56
:1019cc000fc796e8030087e803000121404622f088
:1019dc00a1fd0221404622f09dfd98f89c307bb37e
:1019ec00d8f898205389002b00f01e81d3893f2b07
:1019fc0040f21d81414600bfb3f5c06f28bf4ff4c4
:101a0c00c0633f3323f03f03d3810134e4b291f838
:101a1c009c30a34214d904eb8402d1f8983003eb28
:101a2c0082025389002b00f00581d3893f2be3d828
:101a3c004ff0ff3400e01c46204604b0bde8f081b6
:101a4c00774826f0fefa002800f0f780744b2a46ff
:101a5c0052f8380fc3f890009288a3f894201b6baf
:101a6c002bb101216f489847002800f0e9806c4c9d
:101a7c0000223f21204624f041f8d4f8a8602789a1
:101a8c003368d4f8ac1038469847b0f1ff3f00f0fb
:101a9c00fc80e0607369032138469847b0f1ff3f42
:101aac0000f0f38022462061d4f8ac301989009103
:101abc00b4f8a010adf80410997a8df806100f2127
:101acc008df807101b690293f36a34326946984704
:101adc000028c0f2da80524c20461bf0b1f8b4f862
:101aec00c03013f0020f7ed14d4bb3f8c0209110d3
:101afc00d30403f08063500100f040000343500412
:101b0c0000f00050034301f48070034301f08000a7
:101b1c00034301f040010b4302f00101002914bf03
:101b2c0000212021d01100f010001843931203f073
:101b3c00080303433a4c1943204626f0cbf82046c1
:101b4c00f6f7bafa002840f0a08020460ef01cf9f7
:101b5c00002840f09a80204612f0def8002840f071
:101b6c00948094f89c3073b100242d4e3746e1b22a
:101b7c0038461df00bf9002865d1013496f89c20ed
:101b8c00e3b29a42f3d8264e3f21304623f0ccffe5
:101b9c003f21304623f0deff304625f06ff9344606
:101bac002f6a6d6a00223f21304623f0a7ff3f21a8
:101bbc00304623f0b9ff0023a6f84e30a6f84c307f
:101bcc00a6f85230a6f850307765b565b27d42f074
:101bdc000102b2750122327533674ff0ff32726722
:101bec00b366f36628e74ff0ff324ff0ff33cde9d1
:101bfc00002300238df80c30694609480af05cff7d
:101c0c0072e74ff0ff3417e74ff0ff3414e74ff053
:101c1c00ff3411e74ff0ff340ee74ff0ff340be7c2
:101c2c0090040120f00401204ff0ff3404e74ff042
:101c3c00ff3401e74ff0ff34fee64ff0ff34fbe6d4
:101c4c004ff0ff34f8e6144c3f21204623f06cff94
:101c5c003f21204623f07eff204625f00ff92e6a07
:101c6c006d6a00223f21204623f048ff3f21204689
:101c7c0023f05aff0023a4f84e30a4f84c30a4f8fb
:101c8c005230a4f850306665a565034809f0ecffa6
:0c1c9c004ff0ff34d0e600bf90040120a0
:020000040000fa
:020000040001f9
:101ca80070b584b001293add0d4616465468a54939
:101cb800204625f0d0ff002839d0a349204625f03a
:101cc800caff002843d0a149204625f0c4ff0028b8
:101cd80044d09f49204625f0beff002841d09d49a9
:101ce800204625f0b8ff00286cd1022d0fdd002218
:101cf8001146b06826f094f9421e974b9a425bd879
:101d0800964b1860964b1b681844964b1860202316
:101d1800924a1268944900201cf06efe05e009f012
:101d2800d5fb924900201cf067fe04b070bd904bb3
:101d38001b781bb18f491cf05ffef6e714f0fcfa24
:101d48000028f2d08c4900201cf056feede724f064
:101d5800e7fd8a4900201cf04ffee6e709f0b6fbd4
:101d6800e3e7022d1addb4687649204625f073ffb3
:101d7800002800f0cd808249204625f06cff0246fd
:101d8800b0fa80f040097f4b1b78834206d07d4b28
:101d98001870002a00f0c4807b4a06e0794b197855
:101da800684a794b002908bf1a46784900201cf078
:101db80023febae7634af8e70246754900201cf09b
:101dc8001bfeb2e77349204625f045ff10bb022de4
:101dd8000bdd00221146b06826f022f96e4b9842be
:101de80012d8c1176d4bc3e900016d4b1b680293f4
:101df80028220023cde90023684bd3e90023694951
:101e080000201cf0f9fd90e70246674900201cf00d
:101e1800f3fd8ae76549204625f01dff78b164493e
:101e2800204625f018ff48b36249204625f013ffe5
:101e3800002846d0604900201cf0defd75e7022d21
:101e480010ddb4683f49204625f005ff38b14c49fc
:101e5800204625f000ffb0fa80f0400900e001209c
:101e6800564b1870554b1978364a374b002908bf1e
:101e78001a46534900201cf0bffd56e7022d0edd1f
:101e8800b4683049204625f0e6fec0b13c492046fa
:101e980025f0e1feb0fa80f040094a4b1870494b32
:101ea8001a78284c284b002a08bf1c4626f0d4fa7a
:101eb80003462246444900201cf09efd35e70120d8
:101ec800ebe7274b1860414b1860414b1860414bba
:101ed8001860414b1860414b1860002200234049ac
:101ee800c1e900233f49c1e900233f49c1e9002373
:101ef8003e4b18603e4b1860294b18603d4b1860ec
:101f0800164b1a68174b1a603b491cf075fd0ce715
:101f18001c4b1b78002b7ff44daf1a4b01221a7013
:101f2800364b00221a700e4b1a68324b1a60002288
:101f380000233349c1e900233249c1e90023014a9a
:101f480033e700bfe04d0100e44d0100c059010036
:101f5800c8590100e85901009f860100e0050120e9
:101f6800c4010120b80101201c5a01000c590100cc
:101f7800540401206c59010088590100ac59010032
:101f8800d059010027060120f4580100d459010056
:101f9800f0590100585a0100a0860100b805012037
:101fa800a4010120905a0100605a0100d45a01008e
:101fb800f45a0100385b01005c5b01005904012000
:101fc800d85a010058040120f85a01009401012050
:101fd800ac010120a801012098010120b0010120d5
:101fe800e0fd0020d0fd0020d8fd00209c0101204c
:101ff800a0010120cc010120405b01005504012013
:08200800a8fd0020b8fd002036
:020000040000fa
:020000040001f9
:102010002de9f04f8db09df858b0d0f8a450079539
:102020002c6a14f0010f1abf01242c6200240594bd
:10203000002900f078810b930a92089104460beb7b
:102040000b139a0006921046d4f88c301344d3f840
:1020500004a00beb8b02920011460992d4f8982051
:10206000575a9d8f002f00f060810aebc5035af884
:10207000352012f0010f00f05881002201920292e7
:1020800090461646cdf80cb08346c8e0ddf80cb09b
:102090006a1c92b2974200f2568102950123019385
:1020a0000022d4f88c30069908460b449a87ed003c
:1020b000d4f88c300b445b682b445b680b990b6045
:1020c0000a9b1946019b0b60d4f88c301a18d2f881
:1020d00004a053f80090d4f8983009995a185b5a24
:1020e0000493b2f80e80029b59f82320089b1a60d3
:1020f00055446f6894f8b130002b40f0a680019be6
:10210000002b40f02481012015e15a6812f4804f21
:102110000fd1019a013292b201925b6813f4004f21
:1021200066d0ddf80cb06a1c92b2974298bf0022cc
:10213000b7e7029b019a9e18731e93fbf7f607fb05
:102140001636002eb8bff619b6b2ddf8049001e0dd
:10215000013eb6b209f1ff391ffa89f94ff6ff7354
:1021600099452cd00496d4f88c3053f80b3053f8a2
:1021700026008368c1689847d4f88c3053f80b3038
:10218000002243f82620236b1bb1052104f15c00db
:102190009847d4f88c305b445a68049952f831302f
:1021a00003f0030342f83130236b1bb1062104f125
:1021b0005c009847002ecbd17e1eb6b2cae7019bc9
:1021c000029a039920460ef0e3fc08f1ff381ffa4b
:1021d00088f81db97d1eadb2002609e0013dadb203
:1021e000002605e001232a46039920460ef0d0fc84
:1021f0000135adb2af4298bf002508f1010292b29d
:102200004745c0f09280974240f28f800aebc503a9
:102210005af8351011f0010f00f0878090461a68c7
:1022200032f00302ded0002e7ff46faf5a6812f452
:10223000804fddd05b6813f4004f7ff427af029529
:102240000123019398461e46d2e76b6803f44003ce
:10225000b3f5000f0bd0b3f5400f0dd0b3f5800fe1
:102260007ff44daf136a43f48073136247e7136a38
:1022700043f44073136242e7136a43f4a0631362aa
:102280003de7013eb6b24ff6ff739e423dd0dbf80c
:1022900000301b694246b84528bf3a469a81dbf8b0
:1022a00000301b69a3f80e80b84594bfa7eb080760
:1022b00000270395002349f82530236b1bb1052126
:1022c00004f15c009847039a5af8323003f0030394
:1022d0004af83230236b1bb1062104f15c009847a9
:1022e000002fced00135adb2049bab4298bf002584
:1022f000dbf800301b6959f8252012691a60dbf8f9
:1023000000301a6912681a61bbe7ddf824b0089b37
:102310001b68069a1a61019b029a594620460ef0e4
:1023200037fc002007e001200ae0d4f88c30069a40
:1023300013449d870120059b13b10123079a136263
:102340000db0bde8f08f029501230193a9e6c7f314
:102350000d07089a13681b690693019b5e1eb6b2af
:0c236000029dcdf824b0934691e700bf29
:020000040000fa
:020000040001f9
:10236c0069706572663a20556e737570706f727411
:10237c00656420436f6e66696775726174696f6e10
:10238c000d0a000069706572663a204372656174cb
:10239c00652054435020736f636b657420666169cc
:1023ac006c65640d0a00000069706572663a205312
:1023bc006574206f662052582062756666657220bf
:1023cc0073697a65206661696c65640d0a000000aa
:1023dc0069706572663a2043726561746520554474
:1023ec005020736f636b6574206661696c65640d56
:1023fc000a00000069706572663a2050726f746f43
:10240c00636f6c206572726f720d0a006970657271
:10241c00663a2055445020476574204172726179a8
:10242c00204661696c65640d0a0000006970657274
:10243c00663a202d20466972737420706b74206983
:10244c0064203d20256c64202873686f756c6420b3
:10245c0062652030290d0a0069706572663a205257
:10246c00656376206475706c696361746564207053
:10247c006b740d0a0000000069706572663a205298
:10248c00782074696d6564206f75740d0a00000006
:10249c000d0a69706572663a20696e7374616e63b9
:1024ac00652025642073657373696f6e2073746186
:1024bc0072746564202e2e2e0d0a00000d0a6970b0
:1024cc0065726620696e7374616e63652025643a6b
:1024dc0020527820646f6e652e20536f636b657489
:1024ec0020636c6f7365642e0d0a00006970657251
:1024fc006620696e7374616e63652025643a2052a0
:10250c006561647920666f7220746865206e6578e9
:10251c00742073657373696f6e2e0d0a00000000d2
:10252c00697065726620696e7374616e63652025cf
:10253c00643a20636f6d706c657465642e0d0a00cf
:10254c0069706572663a20636c69656e7420736598
:10255c007373696f6e20636c6f7365642e0d0a0064
:10256c0069706572663a2041525020756e61626cda
:10257c006520746f207265736f6c76652074686566
:10258c00204d41432061646472657373206f662033
:10259c0072656d6f746520736964652e0d0a000099
:1025ac00202020202d2052656d6f74654e6f646560
:1025bc00204d41433a202578202578202578202568
:1025cc00782025782025780d0a0000006970657246
:1025dc00663a20536574206f6620545820627566e5
:1025ec006665722073697a65206661696c65640d35
:1025fc000a00000069706572663a20536574206f9a
:10260c00662054582071756575696e67206c696d0c
:10261c006974206661696c65640d0a006970657285
:10262c00663a20436c69656e7420636f6e6e6563e9
:10263c0074696e6720746f2025752e25752e25758f
:10264c002e25752c2055445020706f7274202575e2
:10265c000d0a000069706572663a20436c69656efc
:10266c007420636f6e6e656374696e6720746f207f
:10267c0025752e25752e25752e25752c2054435029
:10268c0020706f72742025750d0a000069706572d8
:10269c00663a2054435020436c69656e7420636f16
:1026ac006e6e656374696f6e2074696d656f757499
:0426bc000d0a000003
:020000040000fa
:020000040001f9
:1026c00070b58cb00f21202023f0b8fd10f0020f60
:1026d0000cd0924b1a78531edbb2062b08d98f4bc5
:1026e0001b780a3bdbb2042b40f2c9800cb070bdf2
:1026f000013a032a40d8dfe802f0021733390121fa
:10270000874826f00af9c0b2022809d9854b1b6810
:102710001b685b68824a84498448006898472be0bc
:102720007e4b02221a70dae7002281497c4826f0ab
:10273000f7f80128d3d0002809da7a4b1b681b6808
:102740005b68774a784979480068984714e0112215
:10275000784977481ff054fd704b03221a70bee78a
:10276000754b00221a606d4b04221a70734b1a6865
:10277000734b1b689a4206d16c4b1968694b1868f9
:102780001df024fdabe723f05dfe6b4b1c68041bc2
:1027900023f06cfe6b4b1b6803fb00f36a48a0fb45
:1027a0000323b4eb931f46d9644b1a68674b1b682d
:1027b0009a423ed0664b1b68003318bf0123002ba2
:1027c00058d1644b1b680593594b1b680693624aaa
:1027d000138801339bb21380adf81c305f4b1b880c
:1027e000adf81e305e4b08935e4b1b68adf824308d
:1027f0005d4a0a9200220b9293420bdd0024584d51
:10280000584e00bf25f08ef905f8010b01343368ee
:102810009c42f7db4e4905a810f062f80028abdbbc
:1028200023f010fe444b1860444a136801331360d0
:1028300055e70023c3e7414b1a68444b1b689a4293
:102840003ff44daf23f0fefd3b4b1c68041b23f00f
:102850000dfe41f2883303fb00f33b4aa2fb032346
:10286000b4eb931f7ff63baf394b1b68003318bfa7
:102870000123a4e7364b18681ff034fda1e73b4b5a
:102880001b689b6b05aa3a4909683a480068984753
:102890008df8130001283ff429af204b1978a1f1de
:1028a0000a03dbb2042b9dbfa1f10a03324a52f89e
:1028b0002340324ce0b90d39c8b21a4b1b681b6873
:1028c000059a02922e4a128801922e4a12680092ac
:1028d0005d682d4b1b8822462c4e2d49012898bf40
:1028e00031462c480068a8470c4b1b780c2b55d060
:1028f0009df91330002b0dda00260a4a126812687f
:1029000055682246244923480068a8479df913309a
:10291000002b63da012020f0f1fce7e6150401202a
:1029200098fb00209400012014be020050000120fa
:102930006c00012038fc00206800012058000120b4
:10294000640001205c000120d34d62104c00012086
:102950006000012054000120180401201604012009
:10296000c8be0020dc050120a93202008000012041
:102970008400012078000120347e0300680d0300ec
:102980001a0401207c0001201e040120b0bd0200b9
:10299000e4bd02007400012030be0200114b1b8810
:1029a000114a12689342a3d0104a1268d56a0133c3
:1029b00099b20c4b19800df11303009300230c4abc
:1029c00012880c480068a8470b4b18609df913301b
:1029d000002bb8bf0126bff689ae8ee7002e7ff42c
:1029e00085ae97e71e0401208800012080000120a9
:0c29f0001a04012078000120840001205e
:020000040000fa
:020000040001f9
:1029fc002de9f04f89b041f2c813c55c35b1002503
:102a0c0085f00100c0b209b0bde8f08f0591064613
:102a1c0041f2c51310f80380b8f1000f40f0548157
:102a2c000122c25400f58c52117f137e1432d279dc
:102a3c00013a521ad2b29a4278d24ff0ff3900f5cd
:102a4c008c5414344ff0000a24e07a6b1023029358
:102a5c00019707ab009301235146184615f060fd12
:102a6c0038875ce006f58d531a680921304617f05b
:102a7c00c5ff237a01332372637a01336372a37a1d
:102a8c000133a372217a2379e279013a521ad2b234
:102a9c0093424bd9cdf81890013b0b40c3eb031379
:102aac00226802eb830bbbf838109bf83a3000938a
:102abc00042306aa0bf1100012f024f80028d8d039
:102acc009bf82830032bd4d12379013b227a134075
:102adc00c3eb0313216801eb8307042287f828203a
:102aec00386b069a22ea0002f86a0243079241f810
:102afc0023a0c7f804a0c7f808a0c7f80ca097f843
:102b0c003a30002ba1d07a6b10230293019707abbc
:102b1c00009301235146184613f08efe38873b8fe5
:102b2c00002b9fd0237a01332372abe706f58c522e
:102b3c00d17f137e1432927a013a521ad2b29a424f
:102b4c0044d24ff0ff3a06f58c54143406f58d59e7
:102b5c0009e0002833d0e17a2379a27a013a521a9b
:102b6c00d2b2934232d9cdf81ca0013b0b40c3eb3f
:102b7c000313226802eb830bbbf838109bf83a3036
:102b8c000093042307aa0bf1100011f0bbffdbf834
:102b9c002010dbf83420dbf82470e37a0133e37285
:102bac000029d6d0d9f8003001930097dbf820b07b
:102bbc00079b011c18bf01213046d847cbe7d9f839
:102bcc0000200121304617f019ffc4e741f2b01282
:102bdc00b25c4ab906f58c52507f1432127a013a23
:102bec00121ad2b29a421bd341f2b013f35c002bef
:102bfc0040f0928006f58c53987e1a7e14335b79e4
:102c0c00013b1b1adbb2934235d341f2c5130022b0
:102c1c00f254b8f1000f57d0059b83f00105efe695
:102c2c0041f29412b418013b0340c3eb0313b158a7
:102c3c0001eb83010130607241f2b0130222f254b5
:102c4c000b8f06f58d521268009201f1100241f2c1
:102c5c00c110305c1df0f2fc0346002852d141f249
:102c6c00b0130022f25406f58c535a7f013a5a776e
:102c7c00bae79846bee741f29413f418013a0240c1
:102c8c00c2eb0212f15801eb82010130a07141f24a
:102c9c00b0130222f2540b8f06f58d52126800927b
:102cac0001f1100241f2c110305c1df0c7fc20bbd9
:102cbc00002141f2b013f15406f58c539a7e013a7f
:102ccc009a7641f2c513f15441f2c713f35c1bb968
:102cdc00059b83f0010593e63046faf781fd059bd1
:102cec0083f0010739463046fbf730ff002808bf58
:102cfc003d463046faf774fd82e641f2c5130022d8
:102d0c00f25489e741f2b012b25c002ab1d041f220
:102d1c00c5130022f2547fe706f58e53002203f808
:042d2c00052fd1e7b7
:020000040000fa
:020000040001f9
:102d3000012840f3e2802de9f04f87b00d460446ac
:102d4000a349686824f08bff002840f0d880032c4a
:102d500040f3d980ae689f49304624f080ff10b31d
:102d60009d49304624f07bff002830d0ae689b4957
:102d7000304624f074ff00283dd09949304624f0b5
:102d80006eff002840f0c18000221146e86825f05f
:102d900041f941f2883398424fd9924900201bf003
:102da0002ffe0120ace09049e86824f058ffb0fa0b
:102db00080f35b098d4a13708b4a8d4b002818bf36
:102dc0001a468c4900201bf01bfe012098e0864922
:102dd000e86824f044ffb0fa80f35b09864a137078
:102de000814a834b002818bf1a46844900201bf0f3
:102df00007fe012084e0032c06dd00221146e8686e
:102e000025f008f90646ade00126abe000221146a8
:102e1000286925f0fff80746a8e0002211466869f6
:102e200025f0f8f80446a5e0754900201bf0e8fd00
:102e3000012065e0032ca0dc67e0724b18600246bd
:102e4000714900201bf0dcfd012059e06f49002092
:102e50001bf0d6fd01354034022d41d0dbf8a01126
:102e600094f8323094f8310001229a400a40dff899
:102e7000e4c16749002a14bf62460a46654901eb6e
:102e80008511c968266a0496e66903960291019243
:102e90000090a26b514600201bf0b2fde369002bad
:102ea000d8d094f83030002bd0d0d4e90a8946a38a
:102eb000d3e900234046494622f012fd06460f465c
:102ec00041a3d3e900234046494622f009fdcde95c
:102ed000002332463b46504900201bf091fdb9e7e4
:102ee0004e4b1b6800934e4b1b684e4a12684e496e
:102ef00000201bf085fd012002e00020704700202b
:102f000007b0bde8f08f032c23d0484b1878374b1f
:102f10001c78394b1a783449354b002a08bf1946ba
:102f2000384b1b68019300912f4b314a002c08bf8e
:102f300013463f4a3f49002808bf0a463e49002041
:102f40001bf05efd334c0025dff80cb1dff80ca15f
:102f500084e7ae682149304624f081fe00287ff4e2
:102f600069af0126042c3ff751af0127052c3ff72d
:102f700054af0524731e012b3ff656af7b1e632b07
:102f80003ff652af2d4d013e2e702d4b1f602d4b45
:102f900059681a68a2fb042304fb01332a49c1e9da
:102fa000002322f0adfb294bc3e900012b78194a1d
:102fb00002eb831200943b46926b254900201bf0e4
:102fc0001ffd01209ce700bf00ca9a3b00000000e3
:102fd000c4820100c8820100e4820100c8840100ab
:102fe0006883010074830100848201002f060120a0
:102ff00088820100d08201002e060120e8820100b3
:10300000f88201001006012094830100648401000d
:10301000bc820100b8f5002038840100d0030120f3
:10302000d4030120d80301208884010089040120f1
:103030008c82010094820100b08301008804012089
:10304000cc030120c8050120f8ff0020000001206a
:1030500024830100b082010000800041e083010070
:020000040000fa
:020000040001f9
:103060002de9f04fcbb0a0f1040a41aa009200f183
:103070001c040194534600bf53f8040f42f8040f98
:10308000a342f9d104390df1080912a84b4600bf3b
:1030900051f8042f43f8042b8342f9d109f1c00001
:1030a0004a461546916b52f8044f4feaf14383eac2
:1030b000714383ea9123696a2d6829440b444feade
:1030c000b44181eaf41181ead4010b44d363824212
:1030d000e7d1ddf824e1459addf820c14499479f06
:1030e0004398469b429cdff88882d346ca46c14635
:1030f0004feaf32585eab31585ea7368d9f80050dd
:10310000daf80060354445448cea07061e4086ea3a
:103110000c063544ae4472444fea743585eab40572
:1031200085eab45544ea00060e4004ea000846ea7f
:1031300008063544ae44d9f80450daf80460354442
:10314000654483ea070c0cea020c8cea070c654420
:103150004feaf22c8ceab21c8cea726c654401ebeb
:10316000050c4fea7e3181eabe0181eabe514eea8a
:10317000040606400eea040846ea080631442944db
:10318000d9f80850daf8086035442f4483ea02057c
:1031900005ea0c055d402f444feafc2585eabc1585
:1031a00085ea7c652f4400eb07084fea713080ea1e
:1031b000b10080eab1504eea010525400eea010651
:1031c000354328443844d9f80c50daf80c603544bb
:1031d0002b4482ea0c0505ea080555402b444feaca
:1031e000f82585eab81585ea78651d4466194fea21
:1031f000703383eab00383eab05341ea000404ea7f
:103200000e0401ea00073c4323442b44d9f8104044
:10321000daf810502c4422448cea0804344084ea42
:103220000c0422444feaf62484eab61484ea766455
:103230001444a6444fea733282eab30282eab352dc
:1032400040ea03050d4000ea03073d432a442244b7
:10325000d9f81440daf814502c44644488ea060c77
:103260000cea0e0c8cea080c64444feafe2c8cea43
:10327000be1c8cea7e6c644401eb040c4fea723194
:1032800081eab20181eab25143ea0205054003ea4c
:1032900002073d4329442144d9f81840daf8185070
:1032a0002c44a04486ea0e0404ea0c047440a044b2
:1032b0004feafc2484eabc1484ea7c64a04400eb5a
:1032c00008074fea713080eab10080eab15042ea63
:1032d00001041c4002ea01052c4320444044d9f873
:1032e0001c40daf81c502c4434448eea0c063e4054
:1032f00086ea0e0634444feaf72686eab71686eacf
:103300007766264433444fea703484eab00484ea92
:10331000b05441ea0005154001ea000845ea0805f5
:103320002c44344409f120090af1200a0f4da94523
:103330007ff4deaeda46cdf824e14693cdf820c125
:1033400047974294439044914592009a019800bf58
:103350005af8043f52f8041f0b44caf80030824563
:10336000f6d100204bb0bde8f08f00bf3043020023
:0433700030420200e5
:020000040000fa
:020000040001f9
:103374006f6e00006f6666004e4f54204f50454eee
:10338400000000006f70656e000000006b6e6f77c8
:103394006e000000756e6b6e6f776e202862726f20
:1033a4006164636173742900636d64006c6f67000a
:1033b4005b54524947434d445d206c6f673a202566
:1033c400730d0a005b54524947434d445d20736fab
:1033d400636b65743a202573202020706f7274200b
:1033e40025752020206c6f672025730d0a000000ce
:1033f4005b54524947434d445d2072783a20256c12
:103404007520202061636365707465643a20256cbf
:1034140075202020726566757365643a20256c7585
:103424002020206d616c666f726d65643a20256c96
:10343400750d0a005b54524947434d445d20617346
:103444007369676e3a2074616b656e20256c752014
:103454002020666f72206f746865727320256c7506
:103464000d0a00005b54524947434d445d20677286
:10347400696420646976696465722072656675732f
:1034840065643a20256c75202020284c4544312061
:1034940068656c6420656c73657768657265290d71
:1034a4000a0000005b54524947434d445d20636f5a
:1034b4006d6d616e64733a2074616b656e20256c6a
:1034c40075202020666f72206f74686572206e6f9d
:1034d40064657320256c750d0a0000005b54524925
:1034e40047434d445d20726177204c323a20727814
:1034f40020256c752020206672616d6573206f75c0
:103504007420256c752020206661696c6564202513
:103514006c75202020616e7377657273206f66204e
:103524006f746865727320256c752020206576653c
:103534006e7473206f66206f746865727320256cd7
:10354400750d0a005b54524947434d445d20627532
:1035540074746f6e206576656e74732073656e7413
:103564003a20256c752020206661696c65643a20d8
:10357400256c752020206d6173746572206d616304
:103584003a2025730d0a00005b54524947434d44c9
:103594005d20737461747573207265706c696573f2
:1035a4003a20256c752020206661696c656420745e
:1035b4006f2073656e643a20256c752020206e6f31
:1035c4006465202575202020616374696f6e732003
:1035d40030782530386c580d0a0000005b5452498d
:1035e40047434d445d206c6173743a206d65746883
:1035f4006f6420307825303458202020616374694a
:103604006f6e20257520202073657373696f6e209b
:1036140025752020202d3e2025730d0a0000000072
:103624005b54524947434d445d206e6f20736f6372
:103634006b657420796574202d2069732074686526
:1036440020737461636b2075703f20202773686f4b
:1036540077656e76272073686f77732074686520aa
:10366400636f6e6669677572656420616464726510
:0836740073730d0a000000bf92
:020000040000fa
:020000040001f9
:10367c002de9f041aeb00646154605910027059997
:10368c000b78002b00f0fa8000244ff0ff33cde9cb
:10369c0009430eab0c9380230b940d930b5d0bb174
:1036ac00252b26d134b12246304620f0bdfe059b99
:1036bc0023440593059b1a78252a40f0d78003f103
:1036cc000108cdf81480059803782b2b1ad025d837
:1036dc00202b1bd0232b1dd02a2b27d01ff0f7fc1f
:1036ec000b90059b1a78303a092a2ed80133059392
:1036fc00f7e70134d2e7099b43f00103013009934a
:10370c000590e0e7099b43f00403f7e7099b43f0be
:10371c000803f3e7099b43f01003efe72d2bead0e6
:10372c00302bd9d1099b43f00203e7e72b681a1d14
:10373c001b682a600130002b05900b9305da099a5f
:10374c005b4282f0010209920b93099bda0744bf9a
:10375c0023f002030993059b1a782e2a0dd100221f
:10376c00581c0a9205905a782a2a25d102330593bf
:10377c002b681a1d1b682a600a9305a820f036fed8
:10378c00059b0390187824f0d9fd6928039979d00a
:10379c0032dc632800f0cb8019dc252800f0d980be
:1037ac00612853d000234ff0ff32cdf814800993d9
:1037bc000b930a920093d4e01ff089fc0a90059bae
:1037cc001a78303a092ad8d801330593f7e76428d8
:1037dc0058d06728e6dc2a4606a822f074fc00289c
:1037ec0000f0a180059b5a1c05921b7806aa09a91a
:1037fc003046faf7effc38e0702873d015dc6e28f1
:10380c0000f08c806f28cdd12b46002206a816f034
:10381c0001fd002800f08780059b06aa013309a949
:10382c00304605931bf040fa1fe075283ad07828f3
:10383c0048d07328b6d1802975d1059b2a680133ed
:10384c000593131d2b60126800237de02a4606a801
:10385c0022f039fc002866d0059b5a1c05921b7877
:10386c0006aa09a93046faf715ff04443c44a742be
:10387c007add3e4b4f221a604ff0ff3738462eb0a0
:10388c00bde8f0812b46012206a816f0c3fc0028e7
:10389c0049d0059b06aa013309a93046059317f0b8
:1038ac0059f8e2e72b46002206a816f0b3fc0028d4
:1038bc0039d0059b06aa013309a9304605931df0a2
:1038cc00e8fdd2e72b46002206a816f0a3fc50b365
:1038dc00059b5a1c05921b7806aa09a930460ef0c6
:1038ec00d7fec2e72b460022f02106a816f092fc68
:1038fc00c8b1059b01330593dde9062313430bd1b6
:10390c001b4824f0e5f8099b009319490b9b0246d0
:10391c00304619f08dfea8e77823dde72b463a19df
:10392c0006a81af07dfb059b013305939ee78029c1
:10393c00f9d1059b013305932b681a1d1b682a606e
:10394c008df8183006aa012309a930461df04afd4e
:10395c008be78029e7d1059b01330593099b0093e5
:10396c000b9b04490122d3e7274688e6f803012084
:08397c00ec880300f28803004f
:020000040000fa
:020000040001f9
:103984002de9f04f85b003f03004302c00f0d680e0
:103994001f4615460e4622f0dbfc0446002800f0c4
:1039a400cf80b5f5807f38bf4ff4807543680268d7
:1039b4009b1a013b9bb282694169521a1ffa82f930
:1039c40017f0100f23d1b6f5807f38bf4ff48076ff
:1039d40017f0200f21d113fa82f271198a4217ddf0
:1039e400a9eb01021a4492b217f0030108d003298b
:1039f40006d0022907bfad18adb2b618b6b207e0bb
:103a0400013252081644b6b21544adb200e04e4637
:103a14009d4203d25b1b9bb202e01d46eb1a9bb294
:103a24001f2b08d9934b18684368691c9847804634
:103a340018b90020b9e04ff00008b14594bfa6ebd7
:103a44000909a9eb06091ffa89f9b9f11f0f0dd964
:103a5400884b18684368711c9847824640b9854b67
:103a64001868c3684146984700209ee04ff0000a5a
:103a7400b8f1000f00f0aa8017f0080f00f0b7802b
:103a8400a368e168994225d96268521a92b20192f8
:103a9400d4f800b0a3eb0b091ffa89f9019a12ebd1
:103aa400090300f0e180ab4200f38580eab9b9f183
:103ab400000f1ed12269e368a2eb030b1ffa8bfbf4
:103ac4009a4280f09980636822689b1a9b441ffa8b
:103ad4008bfb91e0994280f0c180a3eb01091ffaae
:103ae40089f98b4600230193d8e7404620f0f6fd80
:103af400dde74a465946019b08eb030020f0eefd42
:103b0400d8e74ff0000bd946cdf804b077e0b942be
:103b14004ed9a36901335b1a9bb202936369039381
:103b2400ff1abfb287e0504620f0d8fd8be0012297
:103b340010212046f8f700fe012036e0002034e092
:103b4400002032e000270297b8f1000f4ad0494b19
:103b54001868c36821689847c4f800800135454453
:103b64006560c4f80c80019b4b444344a36008eb9c
:103b74000b032361204620f098f8baf1000f0fd010
:103b84003c4b1868c36861699847c4f814a056444c
:103b9400a661c4f820a0029b3b441f465744e7613a
:103ba40094f87630032bc2d0012005b0bde8f08f25
:103bb40000270297c8e72f4c2068c36851469847ee
:103bc4002068c368414698470020eee7baf1000f29
:103bd40097d14ff0000bd946cdf804b05f46cdf82d
:103be40008b0b1e7baf1000fcad10120dde74ff008
:103bf400000bd946cdf804b0baf1000f37d017f056
:103c0400040f9fd0e769e36db3f1ff3f0ad0b4f826
:103c1400682013441f44a369bb4203d262699b1a00
:103c2400db431f44216ab942bff471af7f1abfb2ac
:103c3400039100230293029ad31985d0b342badccc
:103c4400002a7ff470af002f3ff47eaf3a46039909
:103c5400029b0aeb030020f041fd75e74ff0000bd7
:103c6400d946cdf804b0c7e74ff0000bc4e70027ee
:083c740002976ce7ec0001204f
:020000040000fa
:020000040001f9
:103c7c002de9f04f87b007460192d0f80490012946
:103c8c001add8b46019b5c689049204623f0e1ffce
:103c9c0000283cd08e49204623f0dbff00283dd085
:103cac00bbf1020f30dd019eabf1030a2af0010ad1
:103cbc000af1030a0125a4e003681b6885494846fc
:103ccc0098473b681b688449484698473b681b6883
:103cdc008249484698473b681b6881494846984743
:103cec003b681b687f49484698473b681b687e4980
:103cfc00484698473b681b687c49484698473b6850
:103d0c001b687b494846984707b0bde8f08f0c23e9
:103d1c0000221146384609f0a3fff5e7754b1b68e6
:103d2c0013b9754b1b682bb13b681b68734948462c
:103d3c009847e9e7494638461ff0d6fd0028e3d0fe
:103d4c006f4b03936f4b049300238df814306e4b21
:103d5c001b689b6903a9674a10689847021e3b6859
:103d6c005b68b4bf69496a494846984700201ff010
:103d7c00bffac9e740461ff0aaf981b20a23002214
:103d8c00384609f06dffbfe710220021404624f0b1
:103d9c003bf981b20d23f2e740461ff098f984b24b
:103dac000b2602355d450ddb3b685b68594948467f
:103dbc009847a9e710220021404624f025f984b247
:103dcc000e26eee7009b023310220021019850f8da
:103ddc00230024f019f9334602462146384609f0ef
:103dec003fff91e740461ff072f94b4b18803b6840
:103dfc005b6882b2494948469847023508365545b2
:103e0c0082d000957468d6f808804549204623f086
:103e1c0020ff0028aed04349204623f01aff00288b
:103e2c00b2d04149204623f014ff0028b4d03f49ba
:103e3c00204623f00eff0028bcd03d49204623f03d
:103e4c0008ff0028ced03b49204623f002ff78b172
:103e5c003949204623f0fdfe00b33849204623f0b3
:103e6c00f8fe38b33b681b68354948469847c4e7a9
:103e7c0040461ff02cf9334b186028b13b681b6887
:103e8c00314948469847b8e7304b1a882d4b1a6091
:103e9c003b685b682e4948469847aee740461ff0a2
:103eac0016f902462b4b18603b685b682a4948465a
:103ebc009847a2e740461ff00af90246274b1860c4
:103ecc003b685b6826494846984796e724140100ee
:103edc002c140100d01101002412010080120100e9
:103eec00b8120100101301004c1301007c130100e7
:103efc00dc1301007800012084000120700d030008
:103f0c00000e270780841e0080000120341401005d
:103f1c0050140100941401001a040120b014010083
:103f2c0068140100701401007c1401008414010059
:103f3c0090140100c814010020150100481501005f
:103f4c00681501007c000120d01401001c04012024
:103f5c00f41401008c0001202815010088000120b8
:043f6c004c150100ef
:020000040000fa
:020000040001f9
:103f70002de9f04f83b080468a46009201930129d3
:103f800000d012bb20f038fc8346002800f03b81b3
:103f900024f06cfcab4b1b78e3b924f06bfcaa4b10
:103fa0001a68002a00f0d880a84b19680b68002b0b
:103fb00000f02c810024013424b2264694420fd212
:103fc00051f82430002bf6d10de0ddf800b00023cd
:103fd0000093dde7013b9b4a137024f04bfcdee7c6
:103fe000002b40f0b980dff87092d9f800008368a8
:103ff0008822012198470546d9f80000944b19887a
:104000004368013198470746d9f80000914b198859
:10401000436801319847002d00f0a980002f00f07f
:10402000a680002800f0a380894b1b88894a11884c
:10403000ac872f6001331f446f6068610844a8613a
:104040004ff40673a5f86a30804b1b6843f826507e
:1040500024f00cfc7b4a13780133137024f00afc23
:10406000b5f86230a5f872302b68ab60eb602b615d
:104070006b69eb612b6295f83e3003f081036ff3bf
:10408000c71385f83e3095f83f3003f0fe0343f048
:1040900002036ff3820385f83f3095f8743095f88a
:1040a00075206ff3410285f8752003f0fb036ff371
:1040b000c30385f874300021a963696369654ff013
:1040c000ff30e8650120a5f86400a5f86e00a5f8aa
:1040d0006010296485f8791003f0030385f87730c0
:1040e000d2b212f0200f08bfa96412f0400f04bf33
:1040f00000236b64002385f8873085f87780b8f15a
:10410000010f4dd00023eb6495f87730002b74d16c
:1041100095f8743068f3010385f87430baf1000f34
:104120005ad0a5f862b0009ba5f8603022f08af959
:10413000686295f83e3043f0020385f83e30b8f1ee
:10414000010f74d028461cf071f80028acbf012381
:104150000b2385f876304ce024f088fb394a13783d
:104160000133137024f086fb4ff0ff3441e03a4cea
:104170002368da680146184690472068c3683946c4
:1041800098472068c3682946984724f06ffb2d4a5a
:1041900013780133137024f06dfb4ff0ff3428e0e7
:1041a0002e4b04221421782021f074fd002846d0e3
:1041b0002b4a8260c5600122a0f87020a0f8582028
:1041c000e8640028a0d095f8743068f3010385f8fe
:1041d0007430baf1000f1cd1a5f862b095f83e30ea
:1041e00043f0010385f83e30002385f87630a5f8ca
:1041f00072b0204603b0bde8f08f28461ff086fe5f
:104200004ff0ff34f5e74ff0ff34f2e70024264685
:10421000e9e6a5f862b0009ba5f8603022f012f93b
:10422000686295f83e3043f0020385f83e30019b0a
:10423000002b87d01b68002b84d02b6482e7e864b6
:1042400062e700bf2f040120e4000120e00001200c
:104250002804012026040120ec0001200600200093
:044260009161020066
:020000040000fa
:020000040001f9
:10426400f0b5b7b0a94bb3f90030b3f1ff3f06d0b6
:10427400a74b1b78002b3ed1a44ca64d27e121f07f
:104284003dfaa54bd3e90023994208bf904201d2dd
:1042940037b0f0bda04ea14b1c685d686f0163018f
:1042a40047ead4621b1b62eb0502970047ea937747
:1042b4004fea830c3a461ceb040345eb0202d4009c
:1042c40044ea5374dd0022462b1841eb02023360aa
:1042d4007260002247f22d71012024f058fa8b4bb2
:1042e4001880b0f1ff3fd3d047f22d728c490020e3
:1042f4001af084fbbce721f001fa8a4bd3e90023ce
:10430400994208bf9042b7d30024814b1c70864b5e
:104314001e88864b04ad0fcb85e80f0014a80df062
:1043240099f908238df8203065238df821308df814
:10433400224004238df823308df824408df8254045
:104344008df8264026238df827308df828408df8e7
:104354002940330a8df82a308df82b6001238df81b
:104364002c308df82d3080238df82e308df82f4091
:1043740024f08cf88df830408df831009df85030e1
:104384008df8323023f03aff8df83300684b1b88e8
:104394001a0a8df834208df83530664b1b788df869
:1043a40036408df83730644b1b681a0e8df8382070
:1043b4001a0c8df839201a0a8df83a208df83b3002
:1043c4005e4b1b681a0e8df83c201a0c8df83d20ac
:1043d4001a0a8df83e208df83f3020f04ffe030e70
:1043e4008df84030030c8df84130030a8df84230cb
:1043f4008df84300204623f0e9fe034628b3006805
:1044040011909b88adf84830002022f0cdfb08b312
:1044140022f056fdcdf84a00494b1b78e3b904aab3
:1044240047f22e71012024f0b7f90446b0f1ff3fa2
:1044340023d01df007f82d2824d8424a13680133ed
:10444400136020461ef0a4fa16e700231193adf87a
:104454004830d9e70020dde73b4b3c4a2e2108a831
:1044640019f066f820b13a4a13680133136003e780
:10447400344a136801331360fee6324a1368013389
:104484001360f9e62e2208a920461ef0eff82e2824
:10449400d3d1204604f01af82d4a1368013313606f
:1044a400cfe700bfb4f9000022f00cfb2b68013306
:1044b4002b600023039302930aab93e803008de877
:1044c400030008ab0ccb31462aa8f8f71ffcb4f95b
:1044d400000021f015ff024600283ff4d9ae302a2f
:1044e40028bf302292b22aa9b4f9000011f02afca4
:1044f40006460023089314a9b4f9000010f074fcd4
:104504000028cfd01d9b0893cce700bf20060120d4
:1045140087040120c8030120e0ff0020f0ff0020f1
:104524000c6e0300e8ff002012040120d0fc0020e0
:10453400100401208404012084030120bc03012011
:1045440086040120c403012070f90020200001200a
:04455400c00301207f
:020000040000fa
:020000040001f9
:104558002de9f04784b00c469e464668b2f1000c3f
:1045680040f34781a64b6d460fcb07c52b806b46a2
:1045780007cb20606160a2601b88a38196f8fe309b
:104588006362bcf1010f40f32f819e4b6d460fcb48
:1045980007c52b7004f128056f4607cfa06228468f
:1045a8006960aa602b73737ee364737e002b7cd0f2
:1045b8000225654580f2fc80934a6b4607ca83e86a
:1045c800070005eb85084feac80804eb080707cb86
:1045d80044f808007960ba6096f807317b626b1c72
:1045e8009c4540f3fd80894a6b4607ca83e807006b
:1045f80008f1280904eb090707cb44f8090079609a
:10460800ba60737d7b62ab1c9c4540f3e780804bae
:104618006f460fcb07c727f8023b1b0c3b7008f10e
:10462800500904eb09076b4607cb44f80900796089
:10463800ba601a889b78ba81bb73b37d7b62eb1c26
:104648009c4540f3c980734b6f460fcb87e80f003a
:1046580008f1780a04eb0a090fcf44f80a00c9f8f0
:104668000410c9f80820c9f80c30f37dc9f82430c3
:104678002b1d9c4540f3ae80674b6f460fcb87e8f8
:104688000f0008f1a00804eb08090fcf44f8080050
:10469800c9f80410c9f80820c9f80c30337ec9f8e5
:1046a8002430053502e0002583e7022565457fdad9
:1046b8005a4b6f460fcb07c73b8005eb8507ff00ba
:1046c80004eb07086b4607cbe051c8f80410c8f89c
:1046d80008201b88a8f80c30337dc8f824306b1ce0
:1046e8009c4575dd4e4be8460fcba8e80700a8f8b7
:1046f800003007f1280904eb09086b4607cb44f89a
:104708000900c8f80410c8f808201b88a8f80c305d
:10471800f37ec8f82430ab1c9c4557dd414be84676
:104728000fcba8e80700a8f8003007f1500904eb00
:1047380009086b4607cb44f80900c8f80410c8f804
:1047480008201b88a8f80c30337fc8f82430eb1ced
:104758009c4539dd344a6b4607ca83e8070007f1f0
:10476800780904eb090807cb44f80900c8f80410d5
:10477800c8f80820b37ec8f824302b1d9c4521dddd
:104788002a4bec460fcbace80700acf80030a0375a
:1047980004eb070c6b4607cbe051ccf80410ccf8bf
:1047a80008201b88acf80c30f368ccf824300535a9
:1047b800cef80050002d14bf00206ff0050004b0a3
:1047c800bde8f0871d46f3e71d46f1e71d46efe714
:1047d8001d46ede71d46ebe71d46e9e71d46e7e701
:1047e8001d46e5e70125e3e7737e002bfad1012595
:1047f8005ce7737e002b7ff456af0025d8e700bf37
:10480800b0930200c0930200d0930200dc93020030
:10481800e8930200f893020008940200189402003a
:10482800289402003894020048940200549402002c
:020000040000fa
:020000040001f9
:104838002de9f04fa9b00f211a2021f0fbfc10b987
:1048480029b0bde8f08fa34bd3f80090a24b1b888a
:10485800002bf5d009f108054ff000081be02046b1
:1048680013f0daf956f8040c20b11bf02dfa0023e6
:1048780046f8043c0022502120460df079fe4f28ce
:1048880028d8002706f8067c08f101081835924b4d
:104898001b889845d4daa5f1080a2e4635f9084c44
:1048a80015f8067c20461cf0b3fa0028d7d120461c
:1048b8001cf0dafa83460028d1d1032fe2d801a3ed
:1048c80053f827f07d480100ed48010075490100c3
:1048d800794a010035228149204617f0e9f8204637
:1048e8001cf01afb36f9084c0022502120460df026
:1048f8003ffe4f2801d80127c4e713ab039302ab4f
:10490800532203a9204619f08dff68b3022819d055
:10491800734903981ef0e6fa039010b30f2201467c
:10492800304623f017fe0023f373bdf8082000215a
:1049380020460ef0c5fd0d226a49204617f0b8f84a
:1049480002279fe718226849204617f0b1f813227a
:104958006649204617f0acf8204613f05df90027a9
:1049680090e700233370e0e701278be735f9084c1f
:104978000022502120460df0fbfd4f2882d913abb1
:10498800029301ab532202a9204619f04bff0028dd
:104998003ff478af022811d108eb480209f108006a
:1049a80000ebc201002340f832304b608b60cb60d3
:1049b80018224d49204617f07bf842e048490298f2
:1049c8001ef090fa0290002876d0494b1b6823b35a
:1049d800404b1b68aaeb0303db10464a02fb03f3b8
:1049e800adf80c300223adf80e30adf8104020467b
:1049f8001ef0dcffadf8120005a91cf061fa08eb07
:104a0800480c09f108003a4b1f683b4b1b6803aa86
:104a1800029900ebcc00b84783465322002113a823
:104a280023f0ccfa09f1080208eb480002ebc001b8
:104a3800002342f830304b608b60cb60bbf1000f35
:104a480009d113222949204617f032f8204613f0dd
:104a5800e3f8002716e7bdf80420002120460ef0f1
:104a68002ffd1c222549204617f022f8032709e7c5
:104a78000022502120460df07bfd4f287ff602af23
:104a880033221f49204617f013f820461cf044fa39
:104a9800002221461b4818f029fa45f8040c08b1f1
:104aa8000427efe637221849204617f001f8204678
:104ab80013f0b2f80027e5e608eb480209f1080010
:104ac80000ebc201002340f832304b608b60cb60b2
:104ad800b7e700bfbc00012028fd0020143b0200fe
:104ae8007c3b0200803b02004c3b0200683b02001a
:104af800b8000120abaaaaaab4000120903b02008a
:0c4b0800b03b02005c7e0300e43b0200b6
:020000040000fa
:020000040001f9
:104b1400002800f040812de9f047d6b00e469046bb
:104b24000446d0f800a0ac4b9a4500f0368103232c
:104b34008df8db30cdf8d4a0002a00f0328112f0d9
:104b44001f0918bf4ff0010909eb521900f10805bc
:104b54000df1200c00f1380e674628686968aa68d0
:104b6400eb680fc71035bc467545f5d12868386029
:104b7400aa88ab79ba80bb71b9f1000f00f32a811e
:104b8400012536e0372208a916a80bf04bfa054692
:104b940060bb694616a808f085fc054616a818f0ff
:104ba4003afb35bb009b2268012a02d96268934212
:104bb4003bd0002284f88020636066b1b8f1000f16
:104bc40009d0b8f11f0f3fd842466946304622f05b
:104bd40059fc4ff0000801374f450adae26fa16f24
:104be40016a81af07ff905460028cbd016a818f0ad
:104bf40012fb08aa00200df15701134603f8010b1c
:104c04001a468b42f9d1002d44d0012516aa002062
:104c14001ea9134603f8010b1a468b42f9d1281c2e
:104c240018bf012056b0bde8f08794f88030012bfe
:104c340000f0b58009f1ff33bb4208bf09f1010957
:104c4400012384f88030b8e7ec46bce80f003060fc
:104c54007160b260f360bce80f0030617161b261f1
:104c6400f361a8f1200820369df856300133dbb2f9
:104c74008df85630002baed10df1560208a900bfb5
:104c840012f8013d0133dbb21370002ba3d18a4229
:104c9400f6d1a0e7e26fa16f37a81af023f9054611
:104ca40030b137a818f0b7fa236801332360ade7b1
:104cb40001220df1db0137a80bf0b4f905460028f9
:104cc400efd1372204f1080137a80bf0abf9054600
:104cd4000028e6d116a937a808f0e4fb054637a852
:104ce40018f099fa002ddfd104f13f020df1770796
:104cf4000df1580e1046002600e00f46394610f814
:104d0400013d11f801c9634433440370c3f30f2612
:104d14007745f2d104f11f0004f1080110f8013db8
:104d240033449bb203701e0a8142f7d1104600231c
:104d340010f8016c90f836703e44334400f8013d9d
:104d4400c3f30f238842f3d14fea1a2303f0ff136e
:104d54004fea0a2000f0ff2003434fea3343359320
:104d640036ae04f13b0c002312f8010d16f8017d58
:104d7400384403441370c3f30f239445f4d104f16e
:104d84003b0200bf12f8010d03449bb213701b0acf
:104d94009142f7d188e701207047022042e70325ba
:104da40034e700f108050df1200c00f1380e6746d8
:104db40028686968aa68eb680fc71035bc46754552
:104dc400f5d128683860aa88ab79ba80bb714ff0f6
:0c4dd4000108c146002701e740420f0023
:020000040000fa
:020000040001f9
:104de0006f6e00006f6666005b505450465d206c2d
:104df000697374656e696e673a202573202020738d
:104e0000616d706c65733a2025752020206c61738c
:104e100074207365713a2025750d0a005b5054505b
:104e2000465d2072782073796e633a2025752020c4
:104e300020666f6c6c6f775f75703a202575202047
:104e40002073796e6320776974686f757420746954
:104e50006d657374616d703a2025750d0a00000050
:104e60005b505450465d20756e6d61746368656477
:104e700020666f6c6c6f775f75703a202575202007
:104e80002072696e67206f766572666c6f77733a11
:104e90002025750d0a0000005b505450465d206ec1
:104ea0006f2073616d706c65207965740d0a000068
:104eb0005b505450465d206f66667365743a2025da
:104ec0006c6c64206e732020206368616e676520bf
:104ed000706572206379636c653a20256c6c642080
:104ee0006e730d0a000000005b505450465d206f49
:104ef0006666736574206d696e2f6d61783a202542
:104f00006c6c64202f20256c6c64206e7320202034
:104f10007370616e3a20256c6c64206e730d0a000c
:104f20005b505450465d20743120286d6173746568
:104f300072293a20256c6c75206e73202020743203
:104f400020286f757273293a20256c6c75206e735a
:104f50000d0a00005b505450465d206d617374650e
:104f600072206379636c653a20256c6c75206e73d2
:104f700020202028445f636f6e7374206173737503
:104f80006d65643a202564206e73290d0a000000c7
:104f90005b505450465d20736572766f3a204f46e1
:104fa00046202d206d6561737572696e67206f6e86
:104fb0006c792c2074686520636c6f636b20697357
:104fc000206e6f7420746f75636865640d0a00004d
:104fd0005b505450465d20736572766f3a2025739e
:104fe00020666f722025752073616d706c6573206b
:104ff000202072617465206572726f723a20256c90
:105000006c6420707062202020636f72726563741c
:10501000696f6e3a20256c6c64207070620d0a0016
:105020005b505450465d2072617465206361646515
:105030006e63653a20657665727920256c752073fc
:10504000616d706c65730d0a000000005b50545078
:10505000465d20696e6372656d656e743a204d41e0
:10506000435f5449202575206e73202b2025752f12
:10507000325e3234206e7320202073746570733a70
:10508000202575202020726174652077726974650f
:10509000733a2025752020206f75746c69657273d2
:0850a0003a2025750d0a0000fd
:020000040000fa
:020000040001f9
:1050a8002de9f04f89b09d4bd3e90023134305d177
:1050b8004ff0000a504609b0bde8f08f06a81ef070
:1050c800c3f982460028f5d0954bd3e9006756ea24
:1050d80007032ed0dff848a2dae90045914bd3e95f
:1050e80000678e4bd3e90023a01b65eb070120f076
:1050f800f3fb06460f4600220023cae900238a4b29
:105108001b789bb1894b1b7883b1894b1b786bb992
:10511800002306f00102134308d1013647f10007c6
:105128007e4bd3e90023a41843eb05054ff0080b89
:10513800a8e023f061f868b9784bd3e90023dde9ea
:10514800060120f0c9fb7749c1e90023794a1368b1
:1051580001331360dde906ab724bd3e900235b45ed
:1051680008bf524524d26f4bd3e900231046194695
:105178006a4ad2e90023cde90201baeb000003999b
:105188006beb010120f0a8fb461c41f10007634ac4
:10519800d2e900236349d1e9000102fb07fc06fbc1
:1051a80003cca2fb06236344141843eb010502e079
:1051b8005c4bd3e90045604b1aeb030300934ff0b7
:1051c80000034beb03030193dde900239d4208bf75
:1051d800944294d2dff844a1dae9002312f1ff30b7
:1051e80043f1ff31dde900bc10eb0b00634641ebf6
:1051f80003031946dae90023001b61eb050120f0df
:105208006bfb361841eb0707dae900ab0afb01f143
:1052180000fb0b13aafb00011944241841eb0505f8
:105228006de7464bc3e90045dde90401444bc3e99a
:10523800000111f0edf88246002850d0414bc3e937
:105248000067002306f0010213433f4b3f4a08bfa3
:1052580013463f4a136023f071f93e4b01221a703e
:1052680028e72e4bd3e90023a41843eb05050136a4
:1052780047f10007384b1b680133374a1360bbf10d
:10528800010b48d0284b1b7813b3284b1b78fbb174
:10529800274b1b78e3b9314bc3e9006706f00108d7
:1052a8004ff00009b8fa88f252092d4bd3f8903123
:1052b800c3f3802358ea09010cbf234923494ff45b
:1052c800806008609a4203d0264a1368013313604d
:1052d80004aa204629460ff01ffb0028a1d1124b33
:1052e8001b78002bbdd0114b1b78002bb9d0104b6d
:1052f8001b78002bb5d1094bd3e90001021841eb0b
:105308000103a41843eb0505023647f10007124bc9
:105318001b680233b1e74ff0000acbe640ff0020dc
:1053280008ff002050ff00206c04012072040120b7
:1053380073040120a402012080f0fa0280ff0020fb
:1053480078ff002018ff00209881004194810041d7
:10535800a8020120630401204402012058ff002014
:08536800008000414802012011
:020000040000fa
:020000040001f9
:105370002de9f04f87b00f21022020f05fff064695
:1053800010f0010f06d116f0020f40f0858007b033
:10539000bde8f08f02276ff00d0909e0a28840f206
:1053a00006439a4213d049463a46284620f028f848
:1053b000384622f08bfa05460028e4d0ac69204636
:1053c00021f074fc2388012be8d04946ece7d4f89f
:1053d00018a0d5f82880944bd3f804b0404622f0aa
:1053e0006dffd4f80e300593c0eb001005a95bf8f3
:1053f00020001af071f8834628b104f10802014632
:10540000404619f089fad8f804309a453dd039461b
:10541000cae7bbf1000f04d0e388012b26d0394640
:10542000c2e704f1080303937f49d1f804a0404682
:1054300022f044ffc0eb00100aeb800b05a95af8dc
:1054400020001af019fb0028e6d0037813f0020fb1
:1054500006d00bf11403039a80211ff0effbdbe76a
:10546000039a0146404619f057fad5e7d4f80e30b2
:10547000d8f8042008f13c01019108340094394621
:10548000404614f0a3f839468ee798f8433013f0fd
:10549000100fbed0394687e7634ca36903f5fa6362
:1054a000a361624aa2fb03239b09636122f078ff98
:1054b0006768b0f1000b7ff76aaf07f13c0914375a
:1054c0004ff0000860e0636872680021019158495c
:1054d00000910121304614f079f8638a0133638228
:1054e0002468fcb134f8041c11f4007f4e4b14bf47
:1054f000b3f84230b3f84030608a9842f0d2dff817
:1055000028c1dcf81420a368d21adcf8383003fb79
:1055100000f39a42e4d3baf1000fd4d011f4807fa3
:10552000ded0d0e755f8284cfcb13f4a5369a1685a
:105530005b1a126b934218d3211f55f83c0c22f0d2
:105540007df938461ef06afc6ff002030022211d2f
:1055500030461cf0cbf855f8284c34b1324a536928
:10556000a1685b1a126b9342e6d255f83c3c5a6a2a
:1055700055f8083c9a4238d208f1010809f13c0973
:105580003c37c3453ff403af404621f00ffb0646ce
:105590004d4659f8184c002cc4d0234a5369a168d1
:1055a0005b1a526b93421bd307f1100a211f55f867
:1055b0003c0c22f043f950461ef030fc4ff0ff3314
:1055c0000022211d30461cf091f855f8184c002c93
:1055d000a8d0154a5369a1685b1a526b9342e5d271
:1055e00096f843a00af0100a7ce755f8043c002b1b
:1055f000c2d0002438461ef011fc82460028bbd0e1
:10560000011f55f83c0c22f019f96ff0030300223a
:105610000af1040130461cf069f8013455f8043ce5
:105620009c42e7d3a8e700bf60f80020d34d62108a
:04563000d005012080
:020000040000fa
:020000040001f9
:1056340072756e6e696e67007374617274696e67f9
:10564400000000003f0000003020776f7273742068
:105654002028534e52203c3d207e3564422c20208d
:10566400424552203e3d207e332e38452d322900be
:1056740032202020202020202028534e52207e310a
:10568400302d313264422c20424552207e372e3850
:10569400452d342e2e332e34452d3529000000009f
:1056a40033202020202020202028534e52207e31d9
:1056b400322d313464422c20424552207e332e3424
:1056c400452d352e2e322e37452d3729000000006a
:1056d40034202020202020202028534e52207e31a8
:1056e400342d313664422c20424552207e322e37ee
:1056f400452d372e2e312e34452d31302900000012
:1057040035202020202020202028534e52207e3176
:10571400362d313764422c20424552207e312e34be
:10572400452d31302e2e372e32452d3133290000b0
:1057340036202020202020202028534e52207e3145
:10574400372d313864422c20424552207e372e3288
:10575400452d31332e2e392e39452d313629000071
:1057640037206265737420202028534e52203e3d1a
:10577400207e313864422c20424552203c3d207e1c
:10578400392e39452d3136290000000031202020e2
:10579400202020202028534e52207e352d31306485
:1057a400422c2020424552207e332e38452d322e65
:1057b4002e372e38452d3429000000005b53514903
:1057c4005d206e6f74206d6f6e69746f72696e67a1
:1057d400202d2027737169203c6e6f646520302e64
:1057e4002e3235343e27206f722027737169206171
:1057f4006c6c2720746f2073746172740a0d00003e
:105804005b5351495d206e6f64653a20616c6c2076
:10581400287765696768746564292020207374613a
:1058240074653a2025730a0d000000005b5351494a
:105834005d206e6f64653a202575202020737461a5
:1058440074653a2025730a0d000000005b5351492a
:105854005d206e6f2076616c69642073616d706c7d
:105864006520796574202d20616363756d756c61a5
:1058740074696f6e206475726174696f6e206465fb
:1058840070656e6473206f6e2074726166666963fe
:105894000a0d00005b5351495d206c6173743a201a
:1058a40025730a0d000000005b5351495d206d69aa
:1058b4006e3a2025752020206d61783a20257520c8
:1058c400202073616d706c65733a2025750a0d0094
:1058d4005b5351495d206572726f72733a2025756e
:1058e40020286c6173743a202573290a0d0000bfc7
:020000040000fa
:020000040001f9
:1058f4006f666620286d6561737572696e67206fc7
:105904006e6c79290000000075736167653a207038
:10591400747066206f6e207c206f6666207c207316
:105924007461747573207c20736572766f205b6f6d
:105934006e7c6f66665d207c2072617465205b6e90
:105944005d207c2064656164205b6e735d207c2037
:105954006c6f67205b6f6e7c6f66665d207c207267
:10596400657365740d0a00005b505450465d2061f8
:105974006c7265616479206c697374656e696e67b5
:105984000d0a00005b505450465d206c69737465c9
:105994006e696e672028465453452b465453532052
:1059a4006f6e290d0a0000005b505450465d207351
:1059b400746f707065640d0a000000007374617484
:1059c40075730000736572766f000000310000008b
:1059d4005b505450465d20736572766f3a20257390
:1059e4000d0a000072617465000000005b505450a1
:1059f400465d20726174653a2065787065637465ec
:105a04006420312e2e3130303030302c20676f74ca
:105a140020256c640d0a00005b505450465d2072d2
:105a24006174653a20696e74657276656e65206589
:105a34007665727920256c752073616d706c657361
:105a44002020202864656661756c74202575290df5
:105a54000a00000064656164000000005b5054505b
:105a6400465d20646561643a206578706563746599
:105a74006420302e2e313030303030206e732c20a4
:105a8400676f7420256c640d0a0000005b5054504d
:105a9400465d20646561643a20256c6c64206e73f5
:105aa4002020202864656661756c7420256c6c6404
:105ab400292020207068617365206a756d707320d9
:105ac400736f206661723a20256c750d0a00000020
:105ad4006c6f67005b505450465d207065722d6397
:105ae40079636c65206c6f673a2025730d0a00009a
:105af400746200005b505450465d20726177202828
:105b04004c2c743129206c6f673a20257320202097
:105b14004c20756e69743a205359535f54494d456e
:105b2400207469636b73204020256c7520487a0dbe
:105b34000a00000072657365740000005b505450e5
:105b4400465d20636f756e7465727320636c656166
:105b54007265640d0a00000075736167653a207010
:105b6400747066206f6e207c206f6666207c2073c4
:105b74007461747573207c20736572766f205b6f1b
:105b84006e7c6f66665d207c206c6f67205b6f6e39
:105b94007c6f66665d207c207462205b6f6e7c6f18
:105ba40066665d207c2072657365740d0a0000bf13
:020000040000fa
:020000040001f9
:105bb400546573742067726f757020636f6d6d61c7
:105bc4006e64733a0a0d0000202068656c70202012
:105bd40020202020202020202020202020202020c1
:105be400202020202020202d2053686f77207468e7
:105bf40069732068656c700a0d00000020207469c8
:105c04006d657374616d7020202020202020202079
:105c140020202020202020202020202d2053686fa9
:105c240077206275696c642074696d657374616d45
:105c3400700a0d002020757074696d652020202085
:105c44002020202020202020202020202020202050
:105c54002020202d2054696d652073696e636520b2
:105c6400626f6f742f6c6173742072657365740a4c
:105c74000d0000002020686973746f727920202061
:105c84002020202020202020202020202020202010
:105c94002020202d2053686f7720616c6c20707257
:105ca4006576696f75736c7920656e746572656469
:105cb40020434c4920636f6d6d616e64730a0d005f
:105cc4002020697064756d70203c6d6f64653e20a2
:105cd4002020202020202020202020202020202db3
:105ce4002044756d70205258204950207061636bb8
:105cf4006574732028303d6f66662c20313d6574d1
:105d040068302c20323d657468312c20333d626f3d
:105d14007468290a0d0000002020737461747320d4
:105d2400202020202020202020202020202020206f
:105d3400202020202020202d2053686f77205458c5
:105d44002f525820736f66747761726520636f7584
:105d54006e7465727320666f72206574683020619a
:105d64006e6420657468310a0d000000202064759b
:105d74006d70203c616464723e203c636f756e7488
:105d84003e202020202020202020202d2044756d1e
:105d940070206d656d6f7279202868657820616464
:105da40064722c20636f756e74290a0d0000000064
:105db40020206c6f67636c65617220202020202096
:105dc4002020202020202020202020202020202dc2
:105dd40020436c6561722064656665727265642037
:105de4007061636b6574206c6f67206275666665ad
:105df400720a0d0020206c6f677374617420202078
:105e0400202020202020202020202020202020208e
:105e14002020202d2053686f772064656665727298
:105e24006564206c6f67207374617469737469634b
:105e3400730a0d000a0d4c414e38363578207265d0
:105e4400676973746572732c2074657374206d6f45
:105e54006465732c20504c43413a207365652027b8
:0c5e64006c616e68656c70270a0d000010
:020000040000fa
:020000040001f9
:105e70002de9f04f099f154604468e461e46002b1d
:105e800040f0cc808a42b2fa82fc4cd9bcf1000fbf
:105e90000bd0ccf1200801fa0cfe20fa08f802fa27
:105ea0000cf548ea0e0e00fa0cf44fea15491ffaf9
:105eb00085f8befbf9fa210c09fb1ae30afb08fb83
:105ec00041ea03439b452ad9eb180af1ff3004d27b
:105ed0009b4502d9aaf102002b44a3eb0b03a4b209
:105ee000b3fbf9f209fb123302fb08f844ea03445e
:105ef000a04516d92c1902f1ff3303d2a04501d9d0
:105f0000931e2c44a4eb080443ea004027b124fa72
:105f10000cf400233c607b603146bde8f08f5046b6
:105f2000dbe71346eee702b9ffdebcf1000f2ed12e
:105f30008b1a01264fea154eaab2b3fbfef8210ccc
:105f40000efb183308fb02f941ea0343994561d976
:105f5000eb1808f1ff3004d2994502d9a8f10200ec
:105f60002b44a3eb0903a4b2b3fbfef10efb1133e8
:105f70004a4344ea0344a2424ed92c1901f1ff33ab
:105f800003d2a24201d98b1e2c44a41abce7ccf147
:105f9000200e02fa0cf521fa0ef901fa0cf320faa0
:105fa0000efe4eea03034fea154800fa0cf4b9fb63
:105fb000f8f11ffa85fe08fb1192180c01fb0ef692
:105fc00040ea0242964221d9aa1801f1ff3003d2d9
:105fd000964201d9881e2a44921b9bb2b2fbf8f963
:105fe00008fb192209fb0efe43ea02439e450fd926
:105ff000eb1809f1ff3604d29e4502d9a9f1020639
:106000002b44a3eb0e0346ea004693e70846e3e77a
:106010004e46f6e74046a4e70b46b6e78b4206d964
:10602000002f7ed00026c7e90001304674e7b3fa9e
:1060300083fcbcf1000f0fd18b4201d3824209d8ff
:10604000841a61eb030e0120002f6dd0c7e9004eca
:10605000002661e76046f7e7ccf1200e03fa0cf367
:1060600022fa0ef521fa0ef41d4301fa0cf320fa80
:106070000ef10b434fea154a00fa0cf6b4fbfaf99d
:106080001ffa85f80afb19401c0c09fb08f144eac9
:106090000044a14202fa0cf23fd92c1909f1ff3059
:1060a00004d2a14202d9a9f102002c44641a9bb285
:1060b000b4fbfaf90afb194409fb08f843ea044166
:1060c00088452cd9691809f1ff3304d2884502d9d3
:1060d000a9f10203294443ea0040a1eb0801a0fb17
:1060e00002894945c2464c4602d306d1464504d2f0
:1060f000b8eb020a69eb05040138afb1b6eb0a034d
:1061000061eb040606fa0efe23fa0cf34eea0303d3
:1061100026fa0cf6c7e900369ae74846c6e74b462a
:0c612000d9e73e463846f7e63e46f5e675
:020000040000fa
:020000040001f9
:10612c00f0b585b014461d469c4b1b686bb9002618
:10613c0037469b4b009300230a9a294620461ff0b2
:10614c0083fc48bb042005b0f0bd1ff0d3fa954b7f
:10615c001e685f68914b1a680023801b61eb070176
:10616c001ff0b8fb4e01430146ead0621b1a62ebea
:10617c000102560246ead3565f0232463b1841eb07
:10618c000202970147ea93679e01f31a67eb02023a
:10619c001e1842eb0107cce7834b009301230a9aac
:1061ac00294620461ff050fc08b90420cbe77f4b52
:1061bc00009302230a9a294620461ff045fc08b991
:1061cc000420c0e7794b009303230a9a2946204602
:1061dc001ff03afc08b90420b5e7744b0093042374
:1061ec000a9a294620461ff02ffc08b90420aae77a
:1061fc006f4b009305230a9a294620461ff024fc76
:10620c0008b904209fe7694b009306230a9a294694
:10621c0020461ff019fc08b9042094e70022002343
:10622c00cde9002307230a9a2946204619f0d7fe08
:10623c0008b9042087e70096019708230a9a294693
:10624c00204619f0ccfe08b904207ce74ff080738f
:10625c00009309230a9a294620461cf04dfa08b9e6
:10626c00042070e74ff0807300930a230a9a2946a2
:10627c0020461cf041fa08b9042064e74b4b00930c
:10628c000b230a9a294620461ff0defb08b904208e
:10629c0059e700220023cde900230c230a9a294652
:1062ac00204619f09cfe08b904204ce7002300930b
:1062bc000d230a9a294620461ef05cfb002864d068
:1062cc000a9b1a88531c9bb29d4260d30a990b807f
:1062dc000023a354354b00930e230a46294620462f
:1062ec001ff0b2fb08b904202de7304b00930f23ad
:1062fc000a9a294620461ff0a7fb08b9042022e77a
:10630c000023009310230a9a294620461cf0f4f926
:10631c0008b9042017e70023009311230a9a294691
:10632c0020461cf0e9f908b904200ce71ef020fe09
:10633c0006460023009312230a9a294620461ef093
:10634c0019fb30b30a9b1a88531c9bb29d4222d373
:10635c000a990b80a65400220023cde9022302a83f
:10636c001df070f810b1dde9022301e000220023da
:10637c00cde9002313230a9a2946204619f02ffe53
:10638c00002814bf00200420dde60420dbe60420f6
:10639c00d9e60420d7e60420d5e600bf2c02012064
:1063ac00285f0300c0fe0020385f0300485f030035
:0463bc004c5f03002f
:020000040000fa
:020000040001f9
:1063c000914b1b78002b00f018812de9f04387b02a
:1063d0008e4b1b6863b98e4b1b7a002b42d18c4bc2
:1063e00093f848300126002b3dd107b0bde8f0837b
:1063f0001ff086f906460f46864bd3e900239942e3
:1064000008bf9042e7d3844b93f800801ff078f9df
:106410007f4b03eb8813c3e90001da680132da60cd
:106420001b7a23b97a4b03eb881301221a72784b3b
:1064300003eb881393f8312001239340774a53618b
:10644000774a136801331360704a1368013b136085
:106450007049744a136852689b1947eb02020b603b
:106460004a60b8e7002600220023cde90423684be8
:1064700003eb8613b3f93430002b0ddb5a0903f01c
:106480001f03012101fa03f32032674941f822304a
:10649000bff34f8fbff36f8f5d4b03eb8613d3e9d1
:1064a000008900221a72b3f93430934208db59098b
:1064b00003f01f03012202fa03f35b4a42f8213082
:1064c000534b03eb86131b7ecbb1514b03eb86136f
:1064d000d3e904234b4508bf424510d2b8eb020470
:1064e00069eb0305514b524a11681a685868a2fbc0
:1064f000012301fb00339d4208bf94425cd3444b0f
:1065000003eb8613c3e9048901221a76da690132a2
:10651000da6121f075fe044604aa4046494620f09f
:1065200015fa002860d1434a13680133136000252f
:10653000284604950595364b03eb86139d62dd6274
:10654000294601f00101324b03eb861383f830102a
:10655000394b1a6801321a60384b1b78002b32d144
:10656000374b1b78002b3ff440af294b03eb8613ce
:1065700093f830306bb3dde904452f4b1f68244b93
:1065800003eb8616b66b1ea3d3e9002320462946eb
:106590001ff0a6f9cde9022319a3d3e90023204671
:1065a00029461ff09df9cde900013b4632462549b9
:1065b000002018f025fa18e7154b03eb8616336a0e
:1065c0000133336211e700950190701c0df0aefcb1
:1065d000c6e70f4b03eb8616174b1b68b26b1a49c5
:1065e000002018f00dfa00e7049d0598084b03eb16
:1065f00086139d62d8622146a3e77047aff30080ff
:1066000000ca9a3b0000000089040120cc0301204d
:10661000b8f5002000000120880401200028004077
:10662000d0030120f8ff002000e100e0c8050120b0
:1066300010060120d4030120d80301202f060120d9
:0c6640002e06012018f8020044f80200a9
:020000040000fa
:020000040001f9
:10664c002de9f04f87b0012840f3cd800d4604466c
:10665c007a49686821f0fdfa002840f0c980022cc4
:10666c001addac687649204621f0f3fa002800f0d8
:10667c0083807449204621f0ecfa00287cd000225b
:10668c001146204621f0c0fc431eb3f5803f7bd25f
:10669c0012f0d8f900287dd06b4b1c78002c00f040
:1066ac008a806a4b18686a4b19786a4b6a4a0029c7
:1066bc0008bf1346624a6949002818bf0a46684950
:1066cc00002018f097f9614b1a68002a79d11ef056
:1066dc0039fd644a938bd2880092024662490020ad
:1066ec0018f088f9614b1a68614b1b68614909788d
:1066fc00c8b26149614d002808bf29466048d0e9fd
:10670c000067019600915f49002018f073f94f4b18
:10671c001b68002b68d021f0f1fe05468b46dff894
:10672c002c91d9f800a00026524633461ff0d2f81f
:10673c0017461ef007fd80465246334628465946fa
:10674c001ff0c8f800f001064f4b18681ef05ffdf3
:10675c00a8eb070101f1030cd9f80020072a04d992
:10676c00032f51d9043aba424ed3864242d02a461c
:10677c0005464648464b53e018f0eaf945490020d7
:10678c0018f038f901242fe04349002018f032f9b1
:10679c00012429e03c4b1b685bb1187821f03afdd1
:1067ac001cf0a2fa02463d49002018f023f90124fe
:1067bc001ae00020f2e73a49002018f01bf90124f6
:1067cc0012e0009213463749002018f013f91f4bc2
:1067dc001a685200344ba3fb0232d2083349002012
:1067ec0018f008f973e70024204607b0bde8f08fd5
:1067fc000024f9e72a4605460646244809e02a46bd
:10680c00054606462a4804e08642f8d02a46054644
:10681c002748284bdff878e0bcf1060f88bf734699
:10682c0005930490039502960191cdf800803b46a8
:10683c002149002018f0def8d6e700bfd06d01002a
:10684c00946d0100d46d01008c040120e80301203b
:10685c008b0401209c6d0100a46d0100986d01005a
:10686c00686e010000140043146f0100e003012066
:10687c00dc0301208a040120ac6d0100b06d010025
:10688c00080001204c6f0100e4030120b46d0100ed
:10689c00c06d0100d86d0100fc6d0100246e01007b
:1068ac00546e0100886e0100cdcccccce06e0100a2
:0c68bc00b86d0100cc6d0100946f01006c
:020000040000fa
:020000040001f9
:1068c8002de9f04f8bb004460d460023adf81c307f
:1068d8000df11f02029208aa01920122009207aa52
:1068e80010f0b4f9002800f00a819df81f30002b41
:1068f80000f00981bdf820001ef08eff82460028b6
:1069080000f093800df11f08cdf8088008af0197bb
:1069180000260096012307aa2946204610f096f97a
:10692800cdf8088001970096022307aa2946204639
:1069380010f08cf9cdf8088001970096032307aa78
:106948002946204610f082f99df81f30002b71d09f
:106958009df820900df11f03029308ab01930323c8
:106968000093042307aa2946204610f06ff99df8e2
:106978001f30002b61d0dde908670df11f0302937a
:1069880008ab019302230093052307aa2946204652
:1069980010f05cf9002800f0b8809df81f30002b3b
:1069a80000f0b580ddf820800df11f03029308abdd
:1069b800019302230093062307aa2946204610f0d4
:1069c80045f99df81f30002b3ad0ddf820b00df1c5
:1069d8001f03029308ab019302230093072307aa1e
:1069e8002946204610f032f9b8f1000f2bd0b9f142
:1069f800000f2dd103219af804001ef0d5fa60b3d8
:106a080001238af80530bbf1000f30d156ea07039d
:106a180028d03221012018f0bbfc32463b46baf898
:106a2800021001200af0e6f962e03a4b3a4a1a608d
:106a3800052065e04ff000098ce7002600279ce759
:106a48004ff0000bc3e7334b344a1a60042057e079
:106a5800304b334a1a60042052e02e4b314a1a60f8
:106a680004204de02b4b304a1a60042048e00025f2
:106a7800444618eb0b0845f10009201945eb0501c0
:106a8800001945eb01014b0143ead063420180182c
:106a980043eb010142464b46001945eb01011ef04c
:106aa8001bff834620b1632828bf4ff0630b01e02a
:106ab8004ff0010bcaf80880e90742464b46e00749
:106ac80041ea54011ef008ffcaf80c00594601209b
:106ad80018f05efcbaf8021000230493cde90267af
:106ae8000022cde9002342464b46012003f0faf983
:106af80030b118f083fc074b1860042000e0052033
:106b08000bb0bde8f08f0520fae70520f8e705206f
:106b1800f6e700bff4050120acca0200c0ca0200b3
:0c6b2800d8ca0200fcca020018cb020010
:020000040000fa
:020000040001f9
:106b34006c616e68656c70003a206c6973742074c3
:106b44006865204c414e3836357820646961676e3b
:106b54006f737469637320636f6d6d616e6473002a
:106b64006c616e5f72656164000000003a207265ba
:106b74006164204c414e383635582072656769731c
:106b840074657220286c616e5f72656164203c617b
:106b94006464725f6865783e290000006c616e5f12
:106ba40077726974650000003a2077726974652011
:106bb4004c414e3836355820726567697374657276
:106bc40020286c616e5f7772697465203c6164642f
:106bd400725f6865783e203c76616c75655f6865b8
:106be400783e29006c616e5f726d77003a207265a1
:106bf40061642d6d6f646966792d7772697465209f
:106c04002b2076657269667920286c616e5f726ddf
:106c140077203c616464723e203c6d61736b3e205e
:106c24003c76616c75653e290000000074657374e0
:106c34006d6f6465000000003a20494545452074a5
:106c440072616e736d6974746572207465737420f7
:106c54006d6f64652028746573746d6f6465205b63
:106c6400302e2e345d205b7365636f6e64735d2c10
:106c7400206e6f20617267203d2073686f77290052
:106c8400706c63615f6e6f64650000003a20676535
:106c9400742f73657420504c4341206e6f646520db
:106ca40049442028706c63615f6e6f6465205b6982
:106cb400645d2c206e6f206172673a2073686f7771
:106cc4002063757272656e7429000000706c6361d4
:106cd4005f737461740000003a20504c4341206299
:106ce4007573206865616c74682062656c6f7720c9
:106cf40049502d6672616d65206c6576656c20283f
:106d04006c696e6b2f6e6f6465732f544f2b424505
:106d140041434f4e20636f756e74732f6576656eb5
:106d240074732900737169003a20636f6e74696e1d
:106d3400756f7573205369676e616c205175616c52
:106d440069747920496e64696361746f7220287371
:106d54007169205b6e6f64657c616c6c7c6f6666c8
:106d64005d2c20737169207265706f7274203c739e
:106d740065633e7c6f66662c206e6f206172673a95
:106d84002073686f77207265706f7274290000bf7a
:020000040000fa
:020000040001f9
:106d94006f6666006f6e000068656c64000000003a
:106da4006672656500000000796573006e6f00000f
:106db4000000000020286564676529004d49534d93
:106dc40041544348000000006f6b00006469760082
:106dd400300000005b474449565d206f6666202df5
:106de400204c4544312069732066726565206167d3
:106df40061696e0d0a0000005b474449565d2064da
:106e040069766964657220312e2e36353533362025
:106e1400286f7220276f666627290d0a000000007c
:106e24005b474449565d204c4544312069732068d2
:106e3400656c642062792027257327202d206e6fce
:106e44007468696e67206368616e6765640d0a0023
:106e54005b474449565d204e4f5420726561647906
:106e64000d0a00005b474449565d206469766964f5
:106e740065723a2025732020204c4544313a202560
:106e8400730d0a005b474449565d2020206e203d67
:106e940020256c75202d3e204c454420666c69707d
:106ea4007320657665727920256c752d746820676a
:106eb40072696420706f696e743b206379636c65da
:106ec400203d2032202a20256c75202a20677269f3
:106ed4006420706572696f640d0a00005b47444961
:106ee400565d20202061742061203130302075737c
:106ef400206772696420746861742069732061205a
:106f0400256c75206d73206379636c650d0a000030
:106f14005b474449565d20202054433620434f5557
:106f24004e54203d202575202020434330203d2011
:106f3400257520202045564354524c203d2030785e
:106f4400253034580d0a00005b474449565d202023
:106f540020616c69676e65643a20256c7520202079
:106f640064656665727265643a20256c752020201c
:106f740070656e64696e673a2025732020206c6109
:106f8400737420696e6465783a20256c750d0a0067
:106f94005b474449565d20202073656c662d636809
:106fa40065636b3a20696e64657820256c752020d2
:106fb40020434f554e542077616e7420256c752004
:106fc400697320256c752028252b6c6429202020ca
:106fd4006c6576656c2077616e7420257520697305
:106fe400202575257320202025730d0a000000bf7d
:020000040000fa
:020000040001f9
:106ff4002de9f04f89b004460d461ff035fa81465d
:107004001ff01efa0646d4f8c4707b680593002d61
:1070140000f09180022d64d8d4f830a094f8ce30da
:10702400122b06bfe36a0aeb0308d4f82c80d4f8c9
:107034008c00d4f88830c01a20f040facde906015b
:10704400484620f03bfa0022774b02f037fd024617
:107054000b46dde9060102f031fd1ff099fc814683
:10706400002800f0dc800022704bd4e908010af00b
:1070740089fbcde90601484620f020fa02460b467a
:10708400dde9060102f01afd3b68d3f804b0684f4d
:10709400a7fb0937bf094ff47a7303fb1799654bb4
:1070a400a3fb09394fea59130693b8f1000f00f016
:1070b400b9804ff0640909fb0af9b9fbf8f9002219
:1070c4005d4b01f024fb1ff063fc0390cdf80890a6
:1070d400cdf80480cdf800a0069b3a4657490598a0
:1070e400d847022d12d1564aa21ad21002ebc2037b
:1070f40002eb4302c2eb422202eb8242d4f8c430d8
:107104001b685b6852424f4905989847a36ac4f8c4
:107114009c30236bc4f8a030d4f89430c4f8983071
:10712400c4f8a860d4e908011ff032fcc4f8a40034
:1071340009b0bde8f08f226bd4f8a030a2eb030baa
:10714400d4f8a850401b20f0b9f9cde9060148460f
:1071540020f0b4f90022344b02f0b0fc02460b4696
:10716400dde9060102f0aafc1ff012fc824694f845
:10717400ce30122b47d0a26ad4f89c30a2eb03087d
:10718400baf1000f46d0d4f8a40020f097f90246d3
:107194000b46d4e9080121f0a3fb0022234b0af09b
:1071a400f1facde90601504620f088f902460b4673
:1071b400dde9060102f082fcd4f88830ed1ab5fb53
:1071c400f9f53b685f682368b3fbf9f9a944b8f1a2
:1071d400000f22d04ff0640a0afb0bfabafbf8fa4c
:1071e4000022154b01f093fa1ff0d2fb0390cdf867
:1071f40008a0cdf80480cdf800b04b462a461249c9
:107204000598b84782e7e36ad4f89c209b1a03ebfd
:107214000b08b5e700200021cee7c246e0e70020d6
:10722400002131e7c1464ae700408f40000020407a
:10723400d34d62101f85eb510000e03ff0b4020013
:0c72440098ef00202cb50200b4b402004a
:020000040000fa
:020000040001f9
:1072500075736167653a20736574656e76203c6b63
:1072600065793e203c76616c3e0d0a202049502015
:107270006b6579733a2020206970302f6d61736bd4
:10728000302f6777302f646e7330202028646f743e
:107290007465642d71756164290d0a20204d414388
:1072a000206b65793a2020206d61633020202858ba
:1072b000583a58583a58583a58583a58583a5858e4
:1072c0003b206170706c6965732061667465722023
:1072d0007265736574290d0a2020504c4341206b60
:1072e0006579733a20706c63615f69642028302e81
:1072f0002e323534292c20706c63615f636e7420ec
:1073000028312e2e323535290d0a00006d6163308b
:107310000000000025783a25783a25783a25783a11
:1073200025783a2578000000706c63615f6964001d
:10733000706c63615f636e74000000007365746558
:107340006e763a20706c63615f69642072616e676b
:107350006520302e2e3235340d0a000073657465b9
:107360006e763a20706c63615f636e742072616e3a
:10737000676520312e2e3235350d0a007365746530
:107380006e763a202573203d20256c7520285241c9
:107390004d206f6e6c793b202773617665656e7644
:1073a0002720746f2070657273697374290d0a0049
:1073b000697030006d61736b3000000067773000da
:1073c000646e733000000000736574656e763a2059
:1073d00062616420495020272573270d0a000000b0
:1073e000736574656e763a202573203d20257320e1
:1073f0002852414d206f6e6c793b20277361766572
:10740000656e762720746f207065727369737429b6
:107410000d0a0000736574656e763a20626164201f
:107420004d41432027257327202875736520585820
:107430003a58583a58583a58583a58583a58582991
:107440000d0a0000736574656e763a202573203d41
:10745000202573202852414d206f6e6c793b2027e8
:1074600073617665656e762720746f207065727320
:107470006973743b204d4143206170706c69657382
:10748000206166746572207265736574290d0a0047
:10749000736574656e763a20756e6b6e6f776e20cd
:0c74a0006b657920272573270d0a00007a
:020000040000fa
:020000040001f9
:1074ac005443502f495020537461636b3a20486504
:1074bc006170206372656174696f6e206661696cbe
:1074cc0065642c20747970653a2025640d0a0000df
:1074dc005443502f495020537461636b3a204e65ce
:1074ec0074776f726b20636f6e6669677572617407
:1074fc00696f6e20616c6c6f636174696f6e20666e
:10750c0061696c65643a20256c750d0a00000000f9
:10751c005443502f495020537461636b3a2050618f
:10752c00636b657420696e697469616c697a6174e6
:10753c00696f6e206661696c65643a2030782578d5
:10754c000d0a00005443502f495020537461636b53
:10755c003a2044656661756c7420466c61736820d2
:10756c004e6574776f726b20636f6e6669677572a8
:10757c006174696f6e206c6f6164206661696c6503
:10758c00642025640d0a00005443502f49502053a9
:10759c007461636b3a204e6574776f726b20636f06
:1075ac006e66696775726174696f6e20696e697455
:1075bc0069616c697a6174696f6e206661696c656a
:1075cc00643a2025640d0a005443502f495020532f
:1075dc007461636b3a204e6574776f726b20636fc6
:1075ec006e66696775726174696f6e3a20416c6979
:1075fc0061736573206e6f7420737570706f727425
:10760c0065643a2025640d0a000000005443502f95
:10761c00495020537461636b3a204e6574776f72d6
:10762c006b20636f6e66696775726174696f6e3a11
:10763c0020696e76616c69642049502061646472c3
:10764c006573733a2030782538780d0a00000000f5
:10765c0025732564000000005443502f49502053db
:10766c007461636b3a20506f776572204d6f64655f
:10767c0020696e697469616c697a6174696f6e20d6
:10768c006661696c3a2025640d0a00005443502f42
:10769c00495020537461636b3a2044796e616d6973
:1076ac0063206d656d6f7279206973206c6f773a0a
:1076bc0020256c750d0a00005443502f495020535f
:1076cc007461636b3a20496e697469616c697a61a3
:1076dc0074696f6e206661696c6564202564202d69
:1076ec002041626f7274696e6721200d0a0000bf21
:020000040000fa
:020000040001f9
:1076fc002de9f84fd0f804a0012912dd81460f4680
:10770c00144656687449304620f0a3fa80b1734b86
:10771c001b78b3b1d9f800301b68714950469847b3
:10772c0004e003681b686f4950469847bde8f88f22
:10773c006a4b1b78002bf9d05146484618f040fd97
:10774c00f4e7694930460bf035f860b966683046a5
:10775c0020f0bef91e2820d9d9f800301b686349e7
:10776c0050469847e2e7624e10226168304620f09e
:10777c00effe002333745f4a13705f4a13605f4a55
:10778c001360032fc8bf4ff0030b40f3a180043fdd
:10779c0027f001070437022618e03146554820f03f
:1077ac00d1fe0023544a1360544a1360032f40f354
:1077bc0084804ff0010beae740461cf0edfa504b89
:1077cc00186010b302360834be4241d0a568d4f814
:1077dc000c804c49284620f03cfa0028ecd04a4951
:1077ec00284620f036faa8b14849284620f031fa4c
:1077fc00b0b14749284620f02cfab8b1d9f800307e
:10780c001b68444950469847dce720f0bdfd3c4bd3
:10781c001860d7e740461bf05afc374b1860d1e78d
:10782c0040461bf054fc354b1860cbe740461bf030
:10783c004efcb0f5fa6f02d8374b1860c2e7d9f896
:10784c0000305b684ff4fa623449504698476de754
:10785c00224b83f800b0bbf1010f31d020f05cf962
:10786c002f4b188020f058f92e4b1880224b1b6898
:10787c0013b9214b04221a60204b1b68bbb91f4b58
:10788c004ff47a721a60284bc3f80090274bc3f858
:10789c0000a00023264a1360264a1360174bb3f945
:1078ac000020254b196820201ef0aefc3ee7042b6f
:1078bc00e9dc124b05221a60e5e7084b01221a702d
:1078cc00d9f800305b680b4a1c4950469847c5e70d
:1078dc00024b03221a70c1e740210200150401205b
:1078ec0048210200e82002006c00012074210200f3
:1078fc0038fc002098fb0020640001205c00012073
:10790c0054000120982102009c210200a0210200b9
:10791c00a4210200d4210200dc050120a8210200d0
:10792c0018040120160401209400012050000120ad
:10793c004c0001205800012098000120f021020089
:020000040000fa
:020000040001f9
:10794c002de9f04f89b00f2103201ef071fc10f0cf
:10795c00010f02d109b0bde8f08f0327dff82ca28c
:10796c006ff00e0bc9e028461ff0d3fa814500f2e8
:10797c00f080d5f82890b9f1000f00f0f98099f853
:10798c00423013f0400f02d16ff01301b1e0f368f5
:10799c00b3f1ff3f00f0e080d9f80810d9f80420cb
:1079ac0062ea0102934200f0da8033690193002b02
:1079bc0000f0d8800df10c0cb646bee80f00ace818
:1079cc000f00def80030ccf80030bdf81220130a9e
:1079dc0043ea0223c3f30d03002b40f0c6802b6a4d
:1079ec0013f4807f21d0d9f80410d9f8083001eabb
:1079fc0003020198904225d0614a1278b0f1ff3f02
:107a0c001dd061ea0303984219d09df81c3003f095
:107a1c00f003e02b20d05b4b0198984201d08842b8
:107a2c0010d112f0010f0dd119e000224146304661
:107a3c0017f0e4f90028d6d06ff0090159e012f0e4
:107a4c00020f0cd0daf80020daf800309a42f9d1a3
:107a5c0053bb6ff013014ce012f0040ff2d1a96983
:107a6c000b789b0003f03c03ca18ea6128699bb2af
:107a7c008289d21a82814888020a42ea002292b292
:107a8c004a80d31aab85ca88130a43ea02239bb2f5
:107a9c00cb80c3f30d034a7a062a6cd0112a6cd022
:107aac00012a1bd0594624e037481ef0effd364b17
:107abc001e6836b934481ff09ffbcae73668002ea3
:107acc00f8d0337a002bf9d07368214628469847b2
:107adc000028f3d02c481ff08ffbc0e7062063b9b9
:107aec00012229461cf076f9594630b901e06ff0b5
:107afc000d013a4628461df07dfc38461ff0e0fe8d
:107b0c00054600283ff426afae69337803f0f00346
:107b1c00402becd13478a40004f03c04132c12d983
:107b2c001ffa84f82b699b8943450fd373884fea5e
:107b3c00132949ea03291ffa89f9c8457ff613afbf
:107b4c006ff00d01d5e76ff00d01d2e76ff00d016d
:107b5c00cfe76ff00d01cce76ff00a01c9e76ff0ca
:107b6c000a01c6e76ff00b01c3e76ff00d01c0e728
:107b7c006ff01301bde70a20b1e70920afe700bfa2
:107b8c002d0401207f00000180fc0020a0000120ba
:020000040000fa
:020000040001f9
:107b9c002de9f041784bdb6813f0807f04d0774bf4
:107bac001b6813f0010f14d1734ad36843f0807330
:107bbc00d360724b1a6842f001021a6070490a686d
:107bcc0001320a605a685b68d31a18bf01236d4ae8
:107bdc0013706d4b1b78002b51d120f00bfb6b4bb2
:107bec0018706b4b1b78b3b16a4b1b789bb96a4b03
:107bfc001b6883b1052118781df0d4f9002840f0da
:107c0c009080664b1b7833b9644b01221a70644a1e
:107c1c00136801331360634bd3e90023134314d06f
:107c2c00614b1b78002b00f08980604bd3e9006717
:107c3c001df060fd341a67eb01055d4a4ff0ff3310
:107c4c00944275eb0303c0f28e805a4b1b78a3b1a0
:107c5c00594bd3e90045594b1e68594b1888554b65
:107c6c0000221a701df0ecf938b142782ab9476835
:107c7c008368324620462946b847bde8f0811df09e
:107c8c0039fd504bd3e90023994208bf9042a4d34d
:107c9c004c4f4d4bd3f800c0d3f804e04fea4e16ce
:107cac004fea4c1346eadc62b3eb0c0662eb0e08af
:107cbc004fea881242ea9662b3019b1b62eb080200
:107ccc00d60046ea53764feac30818eb0c0346eb92
:107cdc000e02160146ea13764fea031c32461cebe1
:107cec00000341eb02023b607a60384b197881f05b
:107cfc0001011970244b1b7813f0010f0cd1224b8e
:107d0c001b7813f0020f3ff468af304b1978224bfd
:107d1c0058681df061f960e71f4b18681df05cf99d
:107d2c00ede71c4b01221a701c4b00221a70284bd9
:107d3c001978194b18681df04ff96ce720f05afab6
:107d4c0020b9244b1b78012b7ff47faf224b1b787f
:107d5c001bb9224a1368013313601f4b00221a709f
:107d6c00fdf79cf971e71af09bfb1c4a1368013371
:107d7c001360fdf793f968e7f0ed00e0001000e008
:107d8c006c020120650401206e04012069040120ad
:107d9c006a0401206704012028ff002066040120ea
:107dac007402012040ff00206304012078ff0020b2
:107dbc00412bfeff7104012038ff0020a00201209e
:107dcc001e00012030ff002088ff00206f040120de
:107ddc0068040120700401206b040120580201206a
:020000040000fa
:020000040001f9
:107dec00537461747573302e5472616e736d697453
:107dfc002050726f746f636f6c204572726f720dce
:107e0c000a000000537461747573302e5472616ee5
:107e1c00736d697420427566666572204f76657263
:107e2c00666c6f77204572726f720d0a000000004d
:107e3c00537461747573302e5472616e736d697402
:107e4c002042756666657220556e646572666c6f4d
:107e5c0077204572726f720d0a00000053746174c2
:107e6c007573302e5265636569766520427566665a
:107e7c006572204f766572666c6f77204572726ff3
:107e8c00720d0a00537461747573302e4c6f7373da
:107e9c00206f66204672616d696e67204572726f45
:107eac00720d0a00537461747573302e48656164e9
:107ebc006572204572726f720d0a00005374617402
:107ecc007573302e526573657420436f6d706c65dd
:107edc0074650d0a00000000537461747573302ec4
:107eec0050485920496e746572727570740d0a0091
:107efc00537461747573302e5472616e736d697442
:107f0c002054696d657374616d7020436170747574
:107f1c00726520417661696c61626c6520410d0a65
:107f2c0000000000537461747573302e5472616ece
:107f3c00736d69742054696d657374616d70204341
:107f4c0061707475726520417661696c61626c65f3
:107f5c0020420d0a00000000537461747573302eba
:107f6c005472616e736d69742054696d65737461bc
:107f7c006d70204361707475726520417661696c17
:107f8c0061626c6520430d0a00000000537461743b
:107f9c007573302e5472616e736d69742046726104
:107fac006d6520436865636b2053657175656e6301
:107fbc0065204572726f720d0a0000005374617473
:107fcc007573302e436f6e74726f6c2044617461e4
:107fdc002050726f74656374696f6e204572726f96
:107fec00720d0a00537461747573302e556e6b6e7e
:107ffc006f776e204269743d2564207265672d761b
:10800c00616c3d307825640d0a000000436f6e668c
:10801c006967302072656769737465722072656177
:0c802c0064206661696c65640d0a000048
:020000040000fa
:020000040001f9
:10803800696e7465726e616c00000000706f6f6c21
:108048000000000065787465726e616c00000000c5
:108058004c6f6f736500000053747269637400009d
:108068004e6f6e2d00000000200000006e657469e0
:108078006e666f003a20476574206e6574776f727c
:108088006b20696e666f726d6174696f6e000000b7
:108098006465666e657400003a205365742f476501
:1080a800742064656661756c7420696e74657266a7
:1080b800616365007a636c6c000000003a205475b7
:1080c800726e205a434c4c206f6e2f6f666600000c
:1080d800736574646e7300003a2053657420444ecf
:1080e800532061646472657373000000736574697a
:1080f800700000003a205365742049502061646480
:108108007265737320616e64206d61736b0000008b
:1081180073657467770000003a20536574204761df
:108128007465776179206164647265737300000017
:1081380073657462696f73003a2053657420686fc1
:1081480073742773204e657442494f53206e616dd6
:10815800650000007365746d616300003a20536523
:1081680074204d414320616464726573730000009c
:10817800696600003a204272696e6720616e206964
:108188006e746572666163652075702f646f776eb3
:1081980000000000737461636b0000003a205374a0
:1081a80061636b207475726e206f6e2f6f66660048
:1081b80068656170696e666f000000003a20436868
:1081c80065636b20686561702073746174757300f2
:1081d80070696e67000000003a2050696e67206180
:1081e8006e2049502061646472657373000000005a
:1081f8006d6163696e666f003a20436865636b2042
:108208004d4143207374617469737469637300002a
:108218006d69696d000000003a204d49494d2063a1
:108228006f6d6d616e647300756470003a2055441b
:108238005020636f6d6d616e64730000746370002d
:108248003a2054435020636f6d6d616e6473000073
:108258007463707472616365000000003a20456eb3
:1082680061626c652054435020747261636500003c
:0c827800697034003a2049507634000050
:020000040000fa
:020000040001f9
:108284006f6e00006f6666007265616479000000bd
:108294004e4f542052454144592028455854494e84
:1082a400542074616b656e3f2900000072656c6533
:1082b4006173656400000000505245535345440007
:1082c40062746e0073656e64000000005b42544e7d
:1082d4005d2073656e643a2025730d0a000000006a
:1082e4006c6f67005b42544e5d206c6f673a2025cb
:1082f400730d0a005b42544e5d2066697265203c32
:10830400317c323e205b656467657320312e2e31eb
:1083140030305d205b6761705f6d735d0d0a000036
:108324005b42544e5d2025733a20696e6a6563741e
:10833400696e6720256c752065646765287329203c
:10834400256c75206d7320617061727420286e6fc6
:10835400742061207265616c207072657373290ddd
:108364000a0000006465626f756e636500000000ba
:108374005b42544e5d206465626f756e63653a209e
:10838400302e2e35303030206d730d0a0000000081
:108394005b42544e5d206465626f756e63653a207e
:1083a400256c75206d730d0a000000005b42544e6d
:1083b4005d20257320202073656e642025732020a2
:1083c400206c6f672025732020206465626f756eb2
:1083d400636520256c75206d730d0a005b42544e55
:1083e4005d20257320205044253032752f45585484
:1083f400494e542575202070696e20257320202055
:10840400656467657320256c752020207072657320
:1084140073657320256c75202020626f756e63650b
:10842400732064697363617264656420256c750ddf
:108434000a0000005b42544e5d2020202020206c66
:108444006173743a20256c6c752e2530396c6c750b
:10845400207320286d6173746572290d0a00000071
:108464005b42544e5d2020202020206c6173743abe
:10847400206e6f2076616c69642074696d650d0ae5
:10848400000000005b42544e5d2073657120256c32
:108494007520202064697363617264656420666f6b
:1084a40072206e6f206d6f64656c3a20256c7520a8
:1084b4002020696e6a65637465643a20256c750dc5
:0c84c4000a00000066697265000000bf3d
:020000040000fa
:020000040001f9
:1084d0002de9f04784b01df001ff002800f0128163
:1084e00005461ef07ff9002800f0118195f8413013
:1084f00013f0020f40f09e80ac682b68e41aa4b21f
:10850000002c00f0008195f83c60012e18bf00247b
:1085100040f0f9806b69002b00f0f08095f8403056
:1085200013f0800f01d06a6a92b9c3f3801305f18a
:10853000180205f11401686a1af075f868620028db
:1085400000f0de8095f8403043f0c00385f84030fd
:1085500095f8403003f00303022b6fd0ef68ab694e
:10856000bb636b69fb636b6a3b64d7f81c9095f83f
:10857000413013f0020f66d007f1480ab7f85440b3
:1085800008233a6991890b44938104f108081ffa82
:1085900088f86a8d130a43ea0223a9f800302a8d6d
:1085a000130a43ea0223a9f802304fea182343eae8
:1085b0000823a9f804300023a9f806306b6a93f861
:1085c000683013f0020f48d097f83c3003f0f00306
:1085d000e02b73d095f863308df80130b5f8483052
:1085e000c3f3c5038df8003095f84930c3f3400359
:1085f0008df802306b4642461121384608f0fcfee9
:1086000000233b60bb8638461ff0e8fe00287ad185
:108610003b6900229a8195f8413013f0020f12bf96
:10862000a7f854202b68ab603b6a23f008033b6239
:10863000002468e0eb68b3f8544061e7686a1ef014
:1086400032fc68618ae7ab682c681b1b9cb204f1a2
:1086500008039bb24ff0000a93e7bb6b0193fb6bdf
:10866000029300228df80c2011238df80d30b9f8fb
:108670000430adf80e300c2101a816f0c5fbc04344
:1086800082b295f8413013f0020f10d0082148460d
:1086900016f0bafbc24392b22146daf8080016f08f
:1086a000b3fbc3439bb2db43a9f806308ce74146da
:1086b000484616f0a9fbc3439bb2f4e795f8633034
:1086c000002b18bf1e468df80160b5f84830c3f383
:1086d000c5038df8003095f84930c3f340038df899
:1086e00002306b4642461121384608f085fe0023d1
:1086f0003b6095f84230c3f3800383e7002402e037
:10870000002400e00024204604b0bde8f0870024e7
:02871000f9e787
:020000040000fa
:020000040001f9
:1087120030b591ea030f00f18280841a71eb030ce9
:1087220005d2121953eb0c03001b71eb0c0140f242
:10873200000ccff6e07c1cea430f52d0bceb410f99
:108742005fd90c0da4eb135e5ff0010c6cf31f51ab
:108752006cf31f53def1200c2ad303fa0cf54019f7
:1087620041f1000122fa0ef5401923fa0ef5694192
:1087720012fa0cf2cd0208d349085fea30005fea30
:10878200320228bf42f001020134013c5fea500c80
:1087920072f1004250f1000051eb04514ff400130a
:1087a20013eb410f38bf30bd6ff31301002030bd12
:1087b200bef1200ebef1200f1ed223fa0ef5401993
:1087c20041f10001cef1200c124218bf012203fa3e
:1087d2000cf52a43cee711ea5c0f04bf002000210a
:1087e20030bd1cea410f04bf01f00041002030bd42
:1087f20001f00041002030bd21f4801101eb045151
:1088020030bd004218bf41f00101bceb410f08bf6f
:1088120030bd4ff0fe4141f47801002030bd83f0bd
:108822000043841a71eb030e07d28ef0004e001b38
:1088320071eb0e01121953eb0e0340f2000ccff64e
:10884200e07c1cea430fc6d0bceb410f72d90c0d81
:10885200a4eb135ec90241ea5051c00241f000414b
:10886200db0243ea5253d20243f00043def1200c12
:1088720041d312fa0cf522fa0ef203fa0cf542ea8f
:10888200050218bf42f0010223fa0ef3801a994141
:10889200e30ac4f30a0411f0404f03d418d0013c98
:1088a20040004941013c23d44205c00a40ea4150fc
:1088b200c90a51eac3715fea500c72f1004250f1e9
:1088c200000051eb045130bd01002fd00020203cac
:1088d2000029f9d0b1fa81fcdcf1200e11fa0cf179
:1088e20030fa0ef510fa0cf02943a4eb0c04d9e788
:1088f2000020d90730bdaef1200ebef1200f0dd2ff
:10890200cef1200c03fa0cf533fa0ef32a4318bf0a
:1089120043f00103c01a61f10001b9e721f00041ff
:10892200c00a40ea4150c90a01eb045130bd00209f
:10893200002130bd004218bf41f00101bceb410fe4
:0e8942007ff467afbceb430f3ff463af30bd73
:020000040000fa
:020000040001f9
:108950002de9f04f95b006461f46d0f810804369c8
:10896000a8f8603098f84330417e61f3830388f8bb
:108970004330d8f84440d8f8549015469ab120882e
:108980008fb11388834200f0e280ba1e2b46083371
:10899000b2f1ff3f07d0013a19888142f7d1d3f8ed
:1089a0000490c8f85490737e012b01d0694cbbe051
:1089b000d6f810b04ff0000acdf838a0cdf840a09e
:1089c000cdf844a0cdf848a0cdf84ca03388adf840
:1089d0003c30614b0493614b0593614b0693b36844
:1089e0000793604b0893604b0993604b0a93604b6d
:1089f0000b93604b0c93cdf834b07369adf83e30f7
:108a00001ff091ffadf840001ff0a0ffadf842004d
:108a1000337e8df84430737e8df845300123adf8f8
:108a200046305b4653f83c0f12909b88adf84c30b3
:108a30008df804a004ab0293cdf80c90a36801a9b3
:108a400020889847c8f84c00b0f1ff3f17d0e36981
:108a5000032120889847c8f85000b0f1ff3fa5d106
:108a60000023c8f85030c8f84c301ff0f3fc58b160
:108a70001ff0eafc6268404915f0c2ff04e0c8f844
:108a80004ca01ff0e7fc08b900243ee01ff0dcfc1e
:108a900062683a4915f0b4fff6e700213be0294649
:108aa00039e0002137e01ff0d5fc08b901242ae0a5
:108ab0001ff0cafc2288324915f0a2ff012422e0ef
:108ac000d8f85000f0b1d8f84430db6c012240f205
:108ad00096719847044648b198f8433043f04003f4
:108ae0006ff3c71388f8433000240ce01ff0b2fc8a
:108af00058b11ff0a9fcd8f844305a68214915f044
:108b00007fff02e0002484f00104204615b0bde898
:108b1000f08f2b4659686368304698470028c2d0ca
:108b20000c34194b9c42cbd0002db8d02188002f9b
:108b3000b7d02b888b42ecd0ba1e2b460833b2f14b
:108b4000ff3faad0013a18888842f7d1e2e71346de
:108b500025e700bf6c010300fd87030005880300c3
:108b60000d880300a1d20200953e030001540300ca
:108b7000c5fe0200b5210300047a0200d479020088
:0c8b8000287a02005c7a0200cc0103009d
:020000040000fa
:020000040001f9
:108b8c002de9f04782b0784b1b7893b1774b1b786b
:108b9c00abb9774bd3e90023134367d1754b1b78e3
:108bac0023b1754b1b78002b00f0888002b0bde818
:108bbc00f08701206c4b18701af026f9e6e71ff0cd
:108bcc0009fb0028e5d1694b1b78012b41d0022b06
:108bdc00dfd1012169481bf055fb0028d9d0634b2c
:108bec0000221a701cf086fddff884c1644bd3f8a8
:108bfc000080d3f804e04fea8e094fea880349ea73
:108c0c00987213eb080342eb0e024feac20949ead1
:108c1c0053794feac30abaeb080369eb0e024fea29
:108c2c00021949ea13794fea031a1aeb080349ebc4
:108c3c000e024fea820e4eea937e4fea830872468a
:108c4c0018eb000341eb0202ccf80030ccf8042006
:108c5c009fe74ff480724ff440714a4817f096f832
:108c6c00002896d0414b02221a7092e71cf042fd6c
:108c7c00454b1a68454b1b689a4205d03c4b00206b
:108c8c000021c3e9000189e7394bd3e9002399425c
:108c9c0008bf904282d33e4b1b78002b7ff47eaff3
:108cac003b4b01221a70324b00200021c3e900011a
:108cbc0040f6c412374915f09dfe6fe7364b4ff066
:108ccc008072c3f88020bff34f8fbff36f8f33498f
:108cdc00d1e900892749002008701a601cf00afdb0
:108cec00894508bf80451ed2b0eb080661eb090729
:108cfc00234b1a685868931840eb00019b1840eb03
:108d0c0001014feac10c4cea537c4feac30e1eeb37
:108d1c0002044ceb0005eb0043ea5473e200bb4247
:108d2c0008bfb2421bd31e4b1b78002b3ff43eaf47
:108d3c001c4bc3e9008901220f4b1a7000200090d4
:108d4c00194b1a491af0ecff00283ff42faf0a4bcd
:108d5c0000221a70164a13680133136026e7154a6d
:108d6c0013680133136021e7750401207804012096
:108d7c0098ff0020760401207f04012039020a00ac
:108d8c00c8ff002088000a00000301200403012012
:108d9c00770401207067020000e100e090ff0020e2
:108dac007a040120c0ff002085300200740001000d
:088dbc0034030120fc02012038
:020000040000fa
:020000040001f9
:108dc4002de9f0418eb0764b1b78032b09d8dfe8f0
:108dd40003f0020b133d734b05221a60704b012202
:108de4001a700eb0bde8f0816e4b1b68002bf8d1f1
:108df4006b4b02221a70f4e76b49002015f0fefd5c
:108e04006a4c6b4a2146002015f0f8fd694a214658
:108e1400002015f0f3fd6849002015f0effd674ac6
:108e24006749002015f0eafd6649002015f0e6fdcb
:108e340000201df0b9fe644b1a6864491df00ffe52
:108e440017f070fd564b03221a70cae7604bd3e942
:108e54000023134321d05f4a136801331360ecf7f6
:108e640049fe04f0e7fbeff72df9f6f70dfbfef7eb
:108e740093fefff789fe02f047f8fbf7f1f9fdf7df
:108e84009dfaf6f7b5f8524bd3e900231343a8d063
:108e94000a27514edff8388121e01ff0dffa4c4bee
:108ea4004e4aa2fb00208009186000225a60d2e7d3
:108eb4009df82b404a4b4b4a002c08bf13460293a3
:108ec400cde90001bdf82230069a4749002015f08b
:108ed40095fdbdf82810002940d1013f81d0d6f876
:108ee400042ad6f8003a9a423ff47bafd6f8044af3
:108ef40004eb840404ad06ebc4040fcc0fc50fcc03
:108f04000fc594e8030085e80300d6f8043a01335a
:108f140003f03f03c6f8043ad8e90023dde904016d
:108f24001cf0dcfc9df82c30022bc1d0032b1bd091
:108f3400002bd2d1cde90001bdf822300df12d0274
:108f44000799069819f0b0febdf828100029c4d07e
:108f5400099b264818440df013febee7099b2348dd
:108f640018440df00dfeb8e79df82b401c4b1d4a2c
:108f7400002c08bf13460293cde90001bdf822304e
:108f8400069a1b49002015f039fdbdf82810002968
:108f9400a3d0099b154818440df0f2fd9de700bfce
:108fa4001404012044010120b87d0200bc7e0200ab
:108fb400a87e0200c47e0200107f0200f47d02003d
:108fc400247e02006c7e0200380101201d3c020058
:108fd40050fd00204c010120b8940020d34d6210b4
:108fe400a87d0200b47d0200347e0200000000204f
:048ff400507e0200a9
:020000040000fa
:020000040001f9
:108ff800f8b519f0c3fe1ff02ffa054650220021dc
:1090080061481ef0dbff614a536943f40043536132
:109018005f4b00221a601a6912f0020ffbd15c4bf9
:1090280000221a604ff44052da804ff6ff729a839a
:109038001a72ff229a7202221a601a6912f0020f3b
:10904800fbd1544b202283f86b23402483f86c43d4
:109058004ff48052da6019f025fa4d4b5c713022da
:109068001a729a7200244c4b1c704c4e4ff4806359
:10907800c6f88831c6f8943117f064f902201cf05c
:1090880023ff474f386006201cf01eff78603f4ad8
:10909800936943f080039361424b40f24d221a6278
:1090a8000120c3f8240140f24e221a630322c3f8b8
:1090b800282140f60a23c6f8ac31d6f8ac3123f49f
:1090c800fe4323f07f0343f4266343f00a03c6f804
:1090d800ac31354b354a1a6000260027344bc3e9ba
:1090e8000067344b187012f007f8334b1c70334b81
:1090f800c3e90067324bc3e90067324b1c70324b3f
:109108001c70324b1c60324b1c60324b1c60324b63
:109118001c60324b1c60324b1c60324b1c70324b53
:10912800c3e90067314b1c60314bc3e90067314b21
:10913800c3e90067304bc3e90067304b1c60304b14
:10914800c3e900672f4b1c602f4b1c602f4b1c6022
:109158002f4bc3e900672f4b1c6075b12e4ba3fb47
:109168000535ad0c2db92d4b01200021c3e90001b7
:10917800f8bd2a4a15605460fae7284b3c200021c4
:10918800c3e90001f4e700bfc0f700200008004071
:10919800003c004000e100e06d0401200080004137
:1091a80028ff002000e00041a80201209c81004126
:1091b80018ff00206c0401207404012040ff0020e7
:1091c80050ff002071040120700401203c0201209e
:1091d80054020120440201205002012058020120bb
:1091e800400201206b040120e8fe0020300201202b
:1091f800e0fe0020d8fe0020d0fe0020340201202e
:10920800c8fe002084020120880201208c0201206f
:1092180020ff00209002012083de1b4388ff0020ee
:020000040000fa
:020000040001f9
:109228002de9f04784b09abb0f464ff00208036c53
:10923800002b00f0f3800d46044600f13c0118466f
:1092480019f05cfb064638b3034653f83c0f02900e
:109258009b88adf80c302664294630461cf0e4f8ab
:109268000446002800f0de80a8624ff4006300f195
:109278003c0202a928461bf083fa2b6a43f010032c
:109288002b6201222946204616f088fc0120c6e000
:1092980007464ff00108cae7d4f83ca0baf1ff3fef
:1092a8002fd0d4f8409048461df0f9fd824528d0cb
:1092b800b9f1000f03d099f86b30032b4ad094f81a
:1092c8003c302033dbb20f2b4ad9e26bd9f804309b
:1092d8005340d9f808100b4218bfd9f80c20019256
:1092e800012302aa01a9484616f04afe022800f006
:1092f8009f8020f0020040b2012818bf002006d04d
:109308008de04ff0ff330293adf80c3002ae2946e2
:10931800206c1cf089f80446002800f08580a862bb
:109328004ff4006300f13c02314628461bf028fa4e
:1093380028461df0f0fd0e38b4f8663080b283423e
:1093480074d336b3294620461bf040fcc043c0f313
:10935800c01064e000230293adf80c3002aed6e7eb
:1093680001238df8083000238df809305e238df82d
:109378000a3094f83d3003f07f038df80b3094f8f1
:109388003e308df80c3094f83f308df80d3002ae39
:10939800bde7284b1b68e3b1b4f8604026481df0d0
:1093a80077f926481df01cff014640b380f8048079
:1093b80044718760019bc3601f4c20461ef00ff963
:1093c80020461df01bff2b6a43f008032b62012087
:1093d80025e000221a4910461bf046fc154b186080
:1093e8000028d9d11ff032f8012801d8002016e052
:1093f8001ff026f8134915f0fffa00200fe01ff0c0
:1094080025f8012804d80c481df0f8fe002006e0d5
:109418001ff016f80c4915f0effaf4e7002004b035
:10942800bde8f0870020fae70020f8e70020f6e71b
:1094380002ae6ce7a800012070fc0020ecfc0020c4
:0c94480065940200b01d0300e01d03004d
:020000040000fa
:020000040001f9
:10945400537461747573312e52585f4e6f6e5f5240
:1094640065636f76657261626c655f4572726f7277
:109474000d0a0000537461747573312e54585f4e95
:109484006f6e5f5265636f76657261626c655f458e
:1094940072726f720d0a0000537461747573312e09
:1094a40046534d5f53746174655f4572726f720dfc
:1094b4000a000000537461747573312e5352414d88
:1094c4005f4543435f4572726f720d0a00000000ee
:1094d400537461747573312e556e646572766f6c56
:1094e400746167650d0a0000537461747573312edd
:1094f400496e7465726e616c5f4275735f4572721a
:109504006f720d0a00000000537461747573312e7c
:1095140054585f54696d657374616d705f43617015
:10952400747572655f4f766572666c6f775f410d17
:109534000a000000537461747573312e54585f54db
:10954400696d657374616d705f4361707475726584
:109554005f4f766572666c6f775f420d0a0000009c
:10956400537461747573312e54585f54696d657307
:1095740074616d705f436170747572655f4f766579
:1095840072666c6f775f430d0a0000005374617458
:109594007573312e54585f54696d657374616d70c1
:1095a4005f436170747572655f4d69737365645f61
:1095b400410d0a00537461747573312e54585f540d
:1095c400696d657374616d705f4361707475726504
:1095d4005f4d69737365645f420d0a00537461746f
:1095e4007573312e54585f54696d657374616d7071
:1095f4005f436170747572655f4d69737365645f11
:10960400430d0a00537461747573312e4d434c4bf2
:109614005f47454e5f5374617475730d0a00000013
:10962400537461747573312e675054505f50415fa9
:1096340054535f45475f5374617475730d0a00009a
:10964400537461747573312e457874656e64656402
:109654005f426c6f636b5f5374617475730d0a00c2
:10966400537461747573312e556e6b6e6f776e45de
:0896740072726f720d0a000012
:020000040000fa
:020000040001f9
:10967c00012840f3b58070b584b00d4604465a49b4
:10968c0068681ef0e6fa002840f0ac80032c06dd7a
:10969c005649a8681ef0ddfa002800f08780544b6c
:1096ac00b3f90000534b1978534b544a002908bfa7
:1096bc001346009347f22d73514a5249b0f1ff3fc4
:1096cc0018bf0a465049002015f094f94f4c504be6
:1096dc001b6801934f4b1b68009323684e4a12681a
:1096ec004e49002015f086f94d4b1b684d4a126807
:1096fc004d49002015f07ef94c4b1a684c4900205e
:10970c0015f078f94b4b1b6822684b49002015f07b
:10971c0071f94a4b1b680293494b1b680193494be7
:10972c001b680093484b1b68484a12684849002044
:10973c0015f060f9474b1978474b484a002908bf88
:10974c0013460093464b1b68464a12684649002054
:10975c0015f050f9454b1c68454b1d681ef092fee8
:10976c0006461bf087fc019000962b462246414989
:10977c00002015f03ff9404b1c88404b1d88404b96
:10978c001e88404b187815f037fe019000962b463a
:10979c0022463d49002015f02df9154bb3f9003048
:1097ac00b3f1ff3f16d0012004b070bd1249e86838
:1097bc001ef04ffab0fa80f35b090e4a13700e4a92
:1097cc000e4b002818bf1a463049002015f012f92c
:1097dc000120e9e72e49002015f00cf90120e3e700
:1097ec00002070470020dfe7ac330100b0330100ec
:1097fc00200601202d06012074330100783301006e
:10980c007c33010088330100c8330100840301203c
:10981c0090030120bc030120c8030120f433010094
:10982c00880301208c03012038340100a00301209f
:10983c00683401009c030120a8340100a40301201a
:10984c00a8030120b4030120b0030120ac030120c4
:10985c00e0340100850401209033010098330100ad
:10986c00980301209403012048350100c003012016
:10987c00c40301208c3501000e0401200c040120ce
:10988c001004012084040120e0350100b4330100f0
:04989c00243601006d
:020000040000fa
:020000040001f9
:1098a0002de9f84f1bf02cff04460d46734b1b7837
:1098b00013b9734b40225a71714b9b7a13f0200fee
:1098c0000ad0704a1368013313606d4b20229a72dc
:1098d0009b7a13f0100f73d06b4a13680133136037
:1098e0006a4bd3e9002352ea03014bd06849d1e91e
:1098f0000001014346d06749d1f80090d1f80480b7
:10990000b4eb020a65eb030b4ff47a720023604953
:10991000d1e900011bf0e4ff00fb08f309fb013370
:10992000a0fb09011944baeb00066beb01074feaf3
:1099300008413c2200234fea094041ea19411bf04b
:10994000cfff8b0043ea90738200b242bb410cdb35
:10995000424261eb41034fea830c4cea927c4feaae
:10996000820e764577eb0c0340da4b4a13680133dd
:1099700013604a4bd3e90023b242bb4102da474ba2
:10998000c3e90067414b1c605d603d4b10229a7239
:109990001a720023424a1370424a13702046294625
:1099a000f3f76efc354b1b7843b13e4b1b782bb95c
:1099b0003b4b1b7813b9324b20225a72bde8f88f0b
:1099c0002f4b1a72374b1b78002bf7d1344b1b7877
:1099d000002bf3d12a4b40225a71334b4ff4806253
:1099e0001a60324a136801331360e7e786468c46f3
:1099f000002871f1000336db4fea9e0242ea8c72c6
:109a00004feaac03b242bb4112db86468c460028cb
:109a100071f100032cdb4fea9e0242ea8c724fea9e
:109a2000ac03524263eb4303964277eb0303a9da9c
:109a30001f4a1368013313601e4bc3e900671e4bb6
:109a4000d3e90023b242bb41bcbf1b4bc3e9006753
:109a50001a4bd3e90023964277eb0303bcbf174ba5
:109a6000c3e900678ee710f1030e41f1000cc3e774
:109a700010f1030e41f1000ccde700bf730401208b
:109a8000003c00409802012094020120e8fe0020e2
:109a900040ff002088ff002034020120c8fe002083
:109aa0006d0401206304012094810041b002012073
:109ab00030020120d0fe0020d8fe0020e0fe002071
:020000040000fa
:020000040001f9
:109ac000f0b581ea030e0ef0004e40f20007cff62b
:109ad000e07717ea41051ebf95ea070f17ea43042e
:109ae00094ea070f00f0c5806d0da5eb545707f5fc
:109af00080674ff0004646eac12444ea5054c00251
:109b000046eac32343ea5253d202801a9c4104d24c
:109b10000018644180185c41013f5b084fea320243
:109b20000025002140f001004ff0070604e0801af4
:109b30009c4136d340416441801a9c4136d3404118
:109b40006441801a9c4136d340416441801a9c4153
:109b500036d340416441801a9c4136d34041644130
:109b6000013e17d0801a9c4136d340416441801a8f
:109b70009c4136d340416441801a9c4136d34041d8
:109b80006441090201eb156190ea052520f0ff0010
:109b90004540cce7801a9c4156d335e080185c41a3
:109ba000c8d20018644180185c41c8d200186441d2
:109bb00080185c41c8d20018644180185c41c8d24a
:109bc0000018644180185c41c8d200186441013e0d
:109bd00017d080185c41c8d20018644180185c41dd
:109be000c8d20018644180185c41c8d20018644192
:109bf000090201eb156190ea052520f0ff004540c0
:109c0000cce780185c411fd3420918bf44f001041f
:109c1000490101ebd56100f01f0000eb451021f474
:109c2000801141ea0e01013041f10001244208bfd8
:109c300020f00100b7f5006f3eda013f49dd01eb8e
:109c40000751bde8f0407047490101ebd56100f0d4
:109c50001f0000eb451021f4801141ea0e01b7f519
:109c6000006f29da013f34dd01eb0751bde8f04018
:109c70007047004218bf41f00101124218bf43f083
:109c80000103b7eb410f2cbfb7eb430f1ce0b7eb61
:109c9000410f04bfb7eb430f16e017ea410f04bfb3
:109ca00017ea430f10e017ea410f12d017ea430feb
:109cb00002d0b7eb430f0cd04ef0fe4141f47001df
:109cc0000020bde8f04070474ff0fe4141f47801bc
:069cd000f6e77146f4e71f
:020000040000fa
:020000040001f9
:029cd6007047d5
:020000040000fa
:020000040001f9
:109cd800784b1b78002b00f0ec80002800f0e9801e
:109ce800392940f2e680017b437b43ea01231bb21a
:109cf80071498b4240f0dd802de9f04f87b0837bbe
:109d080090f82c4090f82d1041ea042113f00f032d
:109d18003cd16a4803680133036072b3684b1b780f
:109d28004bb3674b1b7e6bb3654b93f830305bb31b
:109d3800634b93f8483013f0ff0f14bf0027032735
:109d48005f4e7c00e51906ebc5056980116850680f
:109d5800002321f040425b49e1fb0023c5e90223cf
:109d68001bf0cafcc5e904013c44e4000123335557
:109d780007b0bde8f08f0027e2e7534a13680133c4
:109d88001360f5e70127dbe70227d9e7082befd1b6
:109d98004e4a1368013313600024494a62e04c4f6d
:109da8004fea860909eb0603db0007eb0308f952c3
:109db80090f830200023cde9022390f831200023c9
:109dc800cde9042390f835a090f832204aea026cd5
:109dd80090f833204cea024c90f834204cea0222e6
:109de800049b029943ea0121dff8d8c0a2fb0c23a7
:109df8000cfb013390f836a04ff0000bcde902ab15
:109e080090f837a04fea0a4a02994aea016190f8a5
:109e180039a041ea0a0a90f838004aea002e4ff0c1
:109e2800000c12eb0e01009143eb0c030193dde9ea
:109e38000023c8e9022304eb4403214a02ebc30ac6
:109e4800dae90223c8e904231bf056fcc8e9060135
:109e5800dae90423c8e908231e4b1d601de001341c
:109e6800042c21d004eb440312f83330002bf6d035
:109e780004eb440302ebc3035b889bb28b42eed135
:109e8800144b1e68751c05f00705134b1b68ab4285
:109e980085d1124a13680133136004eb4404e300cc
:109ea800074a0021d15463e70d4a13680133136050
:109eb8005ee7704754040120f788ffffa8010120de
:109ec80010f7002000ca9a3bac0101209401012040
:109ed800d0e80020bc010120c00101209801012028
:049ee800b0010120a4
:020000040000fa
:020000040001f9
:109eec002de9f04f85b006468b4614461d460023df
:109efc00039303aa1af03efa824600283ed154ea94
:109f0c00050343d0684619f09dfa002845d049f660
:109f1c003f420023ab4208bfa24245d218f0c0fa20
:109f2c006a4bc3e900456a4bdde90e12c3e9001226
:109f3c000ef038fa674b1e80674b00200021c3e9f6
:109f4c000001dde91023134335d1644a1368013352
:109f5c001360129b002b57d1614b4ff0ff304ff029
:109f6c00ff31c3e90001fbf799f8002800f09a8053
:109f7c00039bc3f80cb001221a7403e0594a13680e
:109f8c0001331360504605b0bde8f08f554a136895
:109f9c00013313604ff0030af4e7524a136801339c
:109fac0013604ff0020aede74e4a13680133136059
:109fbc004ff0080ae6e7dde90023dde910018b42ea
:109fcc0008bf824204d3484a136801331360c0e7c8
:109fdc0022462b4610990e98081a11990f9e61eb88
:109fec0006011bf077fc134304d0404a136801337d
:109ffc001360aee7384bdde91012c3e900123c4a9e
:10a00c00136801331360a4e7334bd3e900231343e4
:10a01c0024d0129b98464ff00009a3fb046703fb66
:10a02c00057722462b46304639461bf053fc8945b2
:10a03c0008bf80451ed1284bd3e90001c243cb4356
:10a04c00bb4208bfb24221d3234bd3e9003424498d
:10a05c009a1947eb04030a604b6084e71b4b002002
:10a06c000021c3e900011f4a1368013313604ff04c
:10a07c00090a87e7154b00200021c3e90001194aa2
:10a08c001368013313604ff0040a7be70f4b002079
:10a09c000021c3e90001134a1368013313604ff028
:10a0ac00040a6fe7094b00200021c3e900010c4ba7
:10a0bc004ff0ff304ff0ff31c3e90001094a13683c
:10a0cc00013313604ff0070a5ce700bf40ff00202c
:10a0dc0050ff00201600012008ff0020c0020120c4
:10a0ec00c005012054020120c8020120c402012035
:04a0fc00cc02012071
:020000040000fa
:020000040001f9
:10a100002de9f04f85b00f2109201cf097f810f0d1
:10a11000010f40f0de8005b0bde8f08fd5f81c805f
:10a12000b8f804100c0a44ea0124a4b2a34240f097
:10a13000e280af69b8f8063013b112f4806f23d013
:10a14000b8f80030180a40ea032080b2a8f80000ee
:10a15000b8f802301e0a46ea0326b6b2a8f8026032
:10a16000083ca8f80440d5f828a0674bd3f8009025
:10a17000b9f1000f40f3c280644b1b68a3f1040cdb
:10a180004ff0000ef04643e0fb6801933b690293f9
:10a1900000228df80c2011238df80d30b8f8043012
:10a1a000adf80e300c2101a814f02efec3439bb273
:10a1b0002a6a12f0040f09d022464146284613f0bd
:10a1c0007ffa6ff009010028bad07ee01a462146d6
:10a1d000404614f019fef4e74146012331e043f014
:10a1e000020338e043f0040301e041f00401d4f835
:10a1f0001cb0bbf1000f02d012f0100f36d041f0ae
:10a2000008010b430f2b57d00ef1010ef14557d02b
:10a210005cf8044f002cf7d094f8423013f0020f92
:10a22000f2d094f86220636d9342edda638db3420d
:10a23000ead194f83c30012bced0002be4d101219f
:10a240004346226cb4f828b08345c8d012f0040ffe
:10a2500018bf41f00201d4f824b0da45c2d0bbf1f6
:10a26000000fc2d012f0080fc1d0bee7aa69d268b1
:10a270009345c9d143f008030f2bc2d194f848305d
:10a2800013f0020f04d03b7c03f0f003e02b38d135
:10a29000294604f14c001df0a6f9b4f8603013f41f
:10a2a000807f16d0a66de36d9eb14ff48072a96acf
:10a2b000b4f91200b0470ce0012384f83c30dde72c
:10a2c0006ff00e0101e06ff00d01092228461bf02e
:10a2d00097f809201df0fafa054600283ff41baf55
:10a2e000ab8d072befd92a6a12f4003f3ff416af6b
:10a2f0006ff00e01e9e76ff00d01e6e76ff00e0178
:10a30000e3e76ff00e01e0e7d0000120cc00012070
:020000040000fa
:020000040001f9
:10a310002d7300002d2d73657276657200000000ac
:10a320002d7500002d2d7564700000002d62000059
:10a330002d2d62616e647769647468004d000000c1
:10a340004b0000000a476976656e20696e2042570f
:10a350003a20256c752b256c753d256c7500000029
:10a360002d7800002d2d786d697472617465000080
:10a370002d6300002d2d636c69656e740000000074
:10a380002d7400002d2d74696d6500002d6e000088
:10a390002d2d6e756d0000002d5300002d2d746f56
:10a3a000730000000a476976656e20544f5320768b
:10a3b000616c75652069732025642c206d5479705b
:10a3c000654f66536572766963653a2564000000df
:10a3d0002d4d00002d2d6d73730000002d2d696e25
:10a3e00074657276616c00002d7000002d2d706f09
:10a3f000727400002d6c00002d2d6c656e00000045
:10a4000069706572663a20546865206d696e696d81
:10a41000756d20646174616772616d2073697a651e
:10a420002069732025640d0a0000000069706572c0
:10a43000663a205573696e672074686520646566a6
:10a4400061756c7420696e74657266616365210d57
:10a450000a0000002d2d2d2d2d2d2d2d2d2d2d2dd6
:10a460002d2d2d2d2d2d2d2d2d2d2d2d2d2d2d2d1c
:10a470002d2d2d2d2d2d2d2d2d2d2d2d2d2d2d2d0c
:10a480002d2d2d2d2d2d2d2d2d2d2d2d2d0d0a006c
:10a4900069706572663a20536572766572206c69e0
:10a4a0007374656e696e67206f6e200055445000ae
:10a4b0005443500020706f72742025640d0a000010
:10a4c0000d0a69706572663a20416c6c20696e7382
:10a4d00074616e63657320627573792e20526574a2
:10a4e0007279206c61746572210d0a000d0a697021
:10a4f0006572663a205374617274696e6720736581
:10a500007373696f6e20696e7374616e6365202565
:04a51000640d0a00cc
:020000040000fa
:020000040001f9
:04a51400012070476b
:020000040000fa
:020000040001f9
:10a5180038b51df0a1ff04464ff4807200214e4863
:10a528001df04cfd802200214c481df047fd002302
:10a538004b4a13604b4a13604b4a136000200021ba
:10a548004a4ac2e90001eff3108272b6484dc5e9e4
:10a558000001484dc5e9000182f31088464a13708e
:10a56800464ac2e90001464ac2e90001454a137059
:10a57800454a1360454a1360454ac2e90001454a05
:10a58800c2e90001444a1360444a1360444a136014
:10a59800444a1360444a1360444ac2e90001444ae9
:10a5a8001360444a1360444a1360444ac2e90001f4
:10a5b800434ac2e90001434a1360434ac2e9000121
:10a5c800424ac2e90001424ac2e90001414ac2e9dd
:10a5d8000001414a1370414a1360414a1370414acd
:10a5e8001370414a1360414a1370414bc3e900019b
:10a5f800404bc3e90001404bc3e900013f4bc3e9ad
:10a608000001ecb13e4ba3fb04239b091a4693b906
:10a618003c4b01200021c3e90001224600230ca184
:10a62800d1e900011bf058f9374bc3e90001374b5a
:10a63800c3e9000138bd334b1a6000225a60ece7c9
:10a64800304b4ef660200021c3e90001304ce4e7ae
:10a6580000000000ca9a3b0098ee0020b8f40020e1
:10a66800200201201c020120d001012008fe002048
:10a67800f0fd0020f8fd00205d04012028fe0020e8
:10a6880080fe00205b040120fc010120f80101206c
:10a6980078fe002038fe0020dc010120e8010120be
:10a6a800e401012000020120e001012070fe0020e9
:10a6b800d4010120d8010120f001012040fe002032
:10a6c80048fe0020f401012050fe002058fe002022
:10a6d80068fe002060fe00205a040120ec010120e1
:10a6e8005e04012060040120080201205f040120ab
:10a6f80020fe002010fe002030fe002000fe00207a
:10a70800d34d6210a0fe002088fe002090fe00209d
:04a718000087930320
:020000040000fa
:020000040001f9
:10a71c000400000026000000000000000000000003
:10a72c00000001000000000000000000000100001b
:10a73c009100040060960000000000000001000081
:10a74c0081000400800000000000000000010000f7
:10a75c00770001002800000000000000000100004c
:10a76c0043000400ff000000000000000001000096
:10a77c0044000400ffff0000000000000001000086
:10a78c004500040000000000000000000001000073
:10a79c0053000400ff000000000000000001000056
:10a7ac0054000400ffff0000000000000001000046
:10a7bc005500040000000000000000000001000033
:10a7cc004000040002000000000000000001000036
:10a7dc005000040002000000000000000001000016
:10a7ec00e9000400509e0000000000000001000081
:10a7fc00f5000400f81c000000000000000100003f
:10a80c00f400040020c00000000000000001000063
:10a81c00f8000400009b0000000000000001000094
:10a82c00f9000400534e000000000000000100007d
:10a83c00b000040003010000000000000001000053
:10a84c00b10004001009000000000000000100002d
:10a85c00b2000400261d00000000000000010000f2
:10a86c00b30004002a0000000000000000010000fa
:10a87c00b40004000301000000000000000100000f
:10a88c00b50004000d0700000000000000010000ee
:10a89c00b6000400201700000000000000010000ba
:10a8ac00b7000400270000000000000000010000b9
:10a8bc00b8000400090500000000000000010000c1
:10a8cc00b9000400130e000000000000000100009d
:10a8dc00ba000400251c000000000000000100006c
:10a8ec00bb0004002b000000000000000001000071
:10a8fc000c0000000001000000000000000100003e
:10a90c0081000400e00000000000000000010000d5
:020000040000fa
:020000040001f9
:10a91c002de9f04f83b0019200930d9f7a4b9b78f9
:10a92c0083421bd90d4601f00503052b1ed001f007
:10a93c000603062b43d001f00903092b4ad001f082
:10a94c000a030a2b52d1704e582404fb0064b43411
:10a95c00342303fb006606f5e67612e0002f00f0c8
:10a96c00c080fd233b704ff0ff3025e0664b582430
:10a97c0000fb044404341c44342606fb003606f564
:10a98c00cc762368002b38d005f0200815f0300f5a
:10a99c003ad0b8f1000f48d0b3684ff0010a002b41
:10a9ac003cd0594b5b78012b42d0002f00f0a58096
:10a9bc00fc233b704ff0ff3003b0bde8f08f524bdf
:10a9cc00582404fb00340434342606fb003606f508
:10a9dc00b276d6e74c4b582404fb003404f586744d
:10a9ec00342606fb003606f50076cae7002f7bd02e
:10a9fc00fd233b704ff0ff30dee7002f77d0ff23b5
:10aa0c003b704ff0ff30d7e7636d002bc1d000983f
:10aa1c0098470028bdd045f02005bde7002f69d030
:10aa2c00ff233b704ff0ff30c6e74ff0000ab8e74a
:10aa3c00364b93f800b0bbf1000f2fd14ff000084c
:10aa4c00324908ebc8039b0001eb03090122ca54ed
:10aa5c002d4b5a7023680c9a009901989847a9f8c5
:10aa6c000600b0f1ff3f2fd008ebc803274a02ebda
:10aa7c0083039c60de609d800022da7007b13a701f
:10aa8c00baf1000f07d008ebc808204b03eb88087d
:10aa9c00012388f802300bf101008de71b4a0123da
:10aaac005ffa83fb984692f824100029c8d0013332
:10aabc0024320a2bf4d1144b01225a7007b3fe2313
:10aacc003b704ff0ff3077e7104a242303fb082834
:10aadc00002388f80030002f3ff46eaffc233b704e
:10aaec006ae74ff0ff3067e74ff0ff3064e74ff055
:10aafc00ff3061e74ff0ff305ee74ff0ff305be770
:10ab0c004ff0ff3058e700bf9cdb002068e70020c7
:020000040000fa
:020000040001f9
:10ab1c002de9f04f8bb00446894615469846002324
:10ab2c00adf81c300df11f02029208aa019200939d
:10ab3c0007aa0cf089f8002800f0cf809df81f3090
:10ab4c00002b00f0cc80ddf820a00df11f03029348
:10ab5c0008ab019302230093012307aa4946204620
:10ab6c000cf072f8002800f0bf809df81f30002b0d
:10ab7c0000f0bc80ddf820b00df11f03029308ab90
:10ab8c0001930223009307aa494620460cf05cf877
:10ab9c00002800f0ad809df81f300bb1089c01e03f
:10abac004ff080445ffa8afabaf10f0f39d8504649
:10abbc001bf088f9a8b30379002b37d049f63f4333
:10abcc009b4538d950461af03dfe814600283cd0b2
:10abdc004379012b34d1c9f808b0c9f80c40b9f845
:10abec0002a00021231941eb01021b1941eb0202c7
:10abfc00500140ead3604fea431c13eb0c0340ebcb
:10ac0c0002021e1942eb0107002f08bfb6f1004fdc
:10ac1c0037d3322f08bf002e54d2f10f41ea47012f
:10ac2c0030e0344b344a1a60052459e0314b334a36
:10ac3c001a60052454e02f4b314a1a6004244fe06b
:10ac4c002c4b304a1a6004244ae0032150461af077
:10ac5c00a9f940b115f048ff814648b180f804a02d
:10ac6c0001234371b7e7234b274a1a60042437e0ca
:10ac7c00032150461cf0e6fb1e4b244a1a600424a8
:10ac8c002ee00121012014f081fbd9f808200023cb
:10ac9c00049300200021cde90201cde900015146c9
:10acac000120fff71df9044670b9b9f80230009382
:10acbc000023149a4146284618f008fc002808bfc7
:10accc0004240de06321dde714f096fb094b1860ba
:10acdc00484617f07ff9042402e0052400e005241f
:10acec0020460bb0bde8f08f0524f9e70524f7e703
:10acfc000524f5e7f4050120545f0300ac030300c1
:10ad0c00c4030300f0030300fcca02006c5f0300e1
:020000040000fa
:020000040001f9
:10ad1c0010b51df09ffb044667481df001fb67480a
:10ad2c001df0fefa002c00f0be80654ba3fb042343
:10ad3c009b0c644a1360644aa2fb04329209002300
:10ad4c006249c1e9002362498c4202d85d49012065
:10ad5c000860134304d15d4b01200021c3e90001bd
:10ad6c00012300220b21032014f028f9594b4ff436
:10ad7c000062c3f8942193f8cb2142f0040283f8cb
:10ad8c00cb210122114606200ef03aff002879d083
:10ad9c000121062014f006fd00287fd04e4b012225
:10adac001a7060201cf07cfe4c4b4122c3f8f8203a
:10adbc001a4600bfd2f8f83013f0400ffad0484bc7
:10adcc0000221a601a46136913f0020ffbd1444b90
:10addc00444a1a602422da801a6842f002021a608d
:10adec001a46136913f0020ffbd13c4b4122c3f8f6
:10adfc00b8201a46d2f8b83013f0400ffad03a4bbc
:10ae0c004ff4a3629a630422c3f8e0214ff480400c
:10ae1c001cf03afe314b4122c3f8e8201a4600bf21
:10ae2c00d2f8e83013f0400ffad0304b00221a6001
:10ae3c001a46136913f0020ffbd12c4b00221a6037
:10ae4c002222da801a6842f002021a601a4613694a
:10ae5c0013f0020ffbd1244b0422c3f8dc2103f5c1
:10ae6c006043db889bb2222b14bf00230123204ab2
:10ae7c001370204b00221a8005f018fa184b102280
:10ae8c009a7210bd1df04cfb034606221a49002095
:10ae9c0013f0b0fd104b00221a70f2e7062217498e
:10aeac0013f0a8fdf6e7074b01221a60074b0120af
:10aebc000021c3e9000153e710ea002048eb002011
:10aecc0083de1b4374030120d34d6210d8ff002096
:10aedc003f420f000080004182040120001c004012
:10aeec00001400420800010000e0004100c00141d4
:10aefc00810401200a04012094890200008a0200c6
:020000040000fa
:020000040001f9
:10af0c006f4b1b7813b16f4b1b7803b970472de94e
:10af1c00f04f8db06c4b9b7a13f0100f31d06a4b05
:10af2c00dc69b4f1ff3f40f0c7800023664a01336f
:10af3c009bb2d469b4f1ff3f13d1b3f57a6ff6d15c
:10af4c00614a1021917261490a6801320a60604ab3
:10af5c001268934284bf5e4a1360b4f1ff3f05d17f
:10af6c000fe0594a10219172002becd1594a136809
:10af7c0001331360584b1b7883b9584a136801335b
:10af8c00136005a906a818f0effd20b1059b544ae3
:10af9c001268934247d10db0bde8f08f08a90aa8fa
:10afac0017f0a4fa0028e8d00a9a4e4b1b68dde98a
:10afbc000867012e77f1000132dbfd0f16eb050a55
:10afcc0047f1000b4fea5a0040eacb784fea6b0985
:10afdc009b1a181932463b46c11710f0dbf8144681
:10afec001d46904579eb03030edaa41b65eb0705b0
:10affc001af080fbcde90201cde9006722462b4611
:10b00c00394805f08fffbce7d8f1000869eb490916
:10b01c00444575eb0903ebdaa41947eb0505e7e7a3
:10b02c0000240025e4e72e4a136008a90aa817f0ab
:10b03c005dfa0028afd0069e079f0a980b99dde9b0
:10b04c000845012c75f1000333db4fead57c14eb7a
:10b05c000c0a45f1000b4fea5a0242eacb784fea50
:10b06c006b0922462b46301a67eb010110f092f85f
:10b07c0016461f46904579eb03030eda361b67eb39
:10b08c0005071af037fbcde90201cde90045324640
:10b09c003b46164805f046ff7de7d8f1000869eb02
:10b0ac004909464577eb0903ebda361945eb0707f7
:10b0bc00e7e700260027e4e7034b10229a7255e7d6
:10b0cc002c06012082040120001400426c03012094
:10b0dc00780301205803012080040120680301201b
:10b0ec00700301205c03012010ea002048eb0020d3
:020000040000fa
:020000040001f9
:10b0fc002de9f04f83b00d9e002e00f0e2800093fe
:10b10c0015460f46019104464ff0ff33336017f09c
:10b11c0025f88046002800f0d480002d3ed0002f6a
:10b12c003cd0b8f800906a4a742303fb092393f8c7
:10b13c00643033b1742303fb09231b6ea34240f02c
:10b14c00c0804ff0740b0bfb09fb614b03eb0b0a3c
:10b15c0050460bf0e1fd48b3b8f800e05c4b7422ac
:10b16c0002fb0e32d2f818c0d36ed06970b1002237
:10b17c00834228bf002303ebc3010ceb81071cf8af
:10b18c002110f1b1013201338242f1d11df05cf991
:10b19c0000284cd150460df0c9fd92e00c9b002bc1
:10b1ac0000f08f80009b002bbbd18ae01df04cf986
:10b1bc00002800f086801df041f946491af06afa21
:10b1cc007fe001223a7000223a62414a742101fb6d
:10b1dc000e21888c98f80020120242ea0042d8b264
:10b1ec000243fa618a8c013292b24ff6ff718a42a5
:10b1fc0008bf01223649742000fb0e1eaef8242035
:10b20c000133cef86c30009b7b60019bbb6001234b
:10b21c007b7500233b75bc61d8f818306bb1082bdb
:10b22c001dd86d00fd600c9b5b003b6108e01df0c0
:10b23c0005f929491af02efaace7fd600c9b3b612d
:10b24c00fb693360daf820307bb1214b9b44dbf88f
:10b25c002030002b32d01a6a62bb1a462de0ad00aa
:10b26c00fd600c9b9b003b61eae7caf8207002234f
:10b27c007b7538460bf048fb154a742303fb0923f6
:10b28c00db6ab3f1ff3f07d0114a742303fb092398
:10b29c001b6bb3f1ff3f17d10d4b742202fb093925
:10b2ac00d9f814305c683b697a68f968b868a047cb
:10b2bc0004e01a46136a002bfbd1176250460df0be
:10b2cc0035fd03b0bde8f08f384602f08dfdf5e793
:0cb2dc0038f6002028160300d070030094
:020000040000fa
:020000040001f9
:10b2e8002de9f04f9bb00f2106201af0a3ff8046ee
:10b2f80010f0010f06d118f0020f40f0a9801bb022
:10b30800bde8f08f4ff006097ee005f11001a06a54
:10b318001af0a6fc10b16ff00e0171e0a56ae2699f
:10b3280000231370537053881846deb206f10801e3
:10b33800c9b261f30700072909d8c3f3072301330a
:10b34800dbb263f30f2013b9093666f307005080a8
:10b358000026266032460121204610f0bdffa36971
:10b36800da6816921b69179318953246214608a881
:10b37800fdf756ff002847d14a466ff005012046e1
:10b388001af03af840e04e4b1d68002d5dd0b188a8
:10b398004ff0000c03e02b68ac4663b31d466b8a84
:10b3a8008b42f8d12a8af3889a42f4d10df1040e1f
:10b3b80005f1080bbbe80f00aee80f009be807009b
:10b3c8008ee8070061463e481bf04ff929463d4884
:10b3d8001cf005f908360496083fadf81470cdf84e
:10b3e80008a0069e002e68d0079b0022294601a8c7
:10b3f800b047022104e06ff00c0101e06ff00d018d
:10b408004a46204619f0f8ff48461cf05bfa044605
:10b4180000283ff470afa78d072fefd9e669a5691b
:10b42800d5f80ca000233a463146204612f044f9dc
:10b4380040b93388082b3ff468af002ba3d06ff0d6
:10b448000c01dde76ff00901dae76ff00c01d7e7cf
:10b458001af0f4ff054608a81df092f9184b1c686d
:10b468009cb10021184e0ae015481bf0fef8214651
:10b4780008a81cf0b4f82368214633b11c46636859
:10b48800eb1a32689342f6d3eee70e4e03e02146fc
:10b4980030461cf0a4f808a81bf0a2fe04460028b9
:10b4a8003ff42dafe569002df1d0236a4ff0ff324c
:10b4b800214604f10800a847e9e70221a0e700bff8
:0cb4c800f8fc002004fd0020040101201d
:020000040000fa
:020000040001f9
:10b4d40030b585b0524b1878524c534b1b680093cf
:10b4e4002368524a5249002808bf0a46514900209d
:10b4f40013f084fa504b1a68504b1b685049096882
:10b5040000915049002013f079fa4f4b1a684f4bc1
:10b514001b684f49002013f071fa2368002b36d0c2
:10b524004c4bd3e90023cde900234b4bd3e9002353
:10b534004a49002013f062fa494b1a685b6849488b
:10b54400016840688d1a60eb03040295039400912e
:10b5540001904549002013f051fa444bd3e90023ec
:10b56400cde90023424bd3e900234249002013f0e4
:10b5740045fa414bd3e9000150ea01030dd13f4b99
:10b584001b78c3b93e49002013f038fa03e03d4963
:10b59400002013f033fa05b030bd354b1a685b68f0
:10b5a40040f6cc640094121a63eb01033649002080
:10b5b40013f024fae3e7354b187818f099fa194b8d
:10b5c4001a68334b1b683349d1e90045cde902457c
:10b5d4003149d1e90045cde90045d31a02462f4946
:10b5e400002013f00bfa2e4b1a682e49002013f09a
:10b5f40005fa2d4a136851681a0e2c480068029007
:10b604002b48006801902b480068009023f07f438a
:10b6140042ea01222849002013f0f0f9bbe700bff9
:10b6240054040120c4010120c8010120e04d01009f
:10b63400e44d0100e84d0100a8010120940101201e
:10b64400ac0101201c4e0100b00101209801012031
:10b65400604e010088fd002090fd0020b04e0100e6
:10b66400a0fd002098fd0020e84e0100e0fd002030
:10b67400d0fd0020204f0100d8fd00202706012026
:10b68400904f0100984e0100544f010055040120d1
:10b69400cc010120b0fd0020b8fd0020d04f0100f6
:10b6a400e005012020500100b00501209c0101208b
:0cb6b400a0010120a40101204c50010065
:020000040000fa
:020000040001f9
:10b6c00068656c70000000003a2073686f77205442
:10b6d0006573742067726f757020636f6d6d616e36
:10b6e0006473000074696d657374616d70000000af
:10b6f0003a2073686f77206275696c642074696d95
:10b70000657374616d700000757074696d6500001b
:10b710003a2074696d652073696e636520626f6f8e
:10b72000742f6c61737420726573657420286420b3
:10b7300068683a6d6d3a7373290000006869737424
:10b740006f7279003a2073686f7720616c6c20709b
:10b75000726576696f75736c7920656e7465726554
:10b760006420434c4920636f6d6d616e647300000b
:10b77000697064756d7000003a2064756d70207298
:10b7800078206970207061636b6574732028303a8b
:10b790006f666620313a657468302900737461748d
:10b7a000730000003a2073686f772054582f525866
:10b7b00020636f756e7465727320666f7220657496
:10b7c000683000006d656d696e666f003a206672c4
:10b7d0006565206d656d6f7279206f6e2074686588
:10b7e00020432d72756e74696d65206865617020e7
:10b7f000616e6420746865205443502f495020685e
:10b800006561700064756d70000000003a20647519
:10b810006d70206d656d6f7279202864756d702074
:10b820003c616464725f6865783e203c636f756e4e
:10b83000743e29006c6f67636c65617200000000e4
:10b840003a20636c65617220646566657272656436
:10b85000207061636b6574206c6f6720627566662b
:10b86000657200006c6f6773746174003a207368ce
:10b870006f77206465666572726564206c6f6720ff
:10b88000737461746973746963732028746f74616d
:10b890006c2c2070656e64696e672c206f76657203
:08b8a000666c6f77732900004c
:020000040000fa
:020000040001f9
:10b8a8002de9f04784b004460d46eff3108a72b6ce
:10b8b80019f022ffa94208bfa04280f0c180261ad1
:10b8c80065eb01074ef660220023bb4208bfb24277
:10b8d800c0f0b6801ffa86fc624ba3f81cc0624b0e
:10b8e80093f800e0bef1000f54d0604bd3e9002379
:10b8f80052ea030e06d0ab4208bfa2420bd2a21aec
:10b9080065eb03038b4208bf824207d2b0eb020803
:10b9180061eb030906e000220023f3e74ff000087b
:10b928004ff000095249d1e90001014319d01343ee
:10b9380017d0504bd3e90023994508bf904510d242
:10b94800b2eb0801029163eb090103910021b0b247
:10b95800dde902458d4208bf84422fd2a2eb0802de
:10b968003ee0444bd3e9002352ea030126d1424b7f
:10b978004ff480621a603b4b4ff6ff72da831a4627
:10b98800136913f0800ffbd13c4a1368013313602d
:10b998004ff0000e334a136913f0400ffbd1314bbf
:10b9a80010229a72324bd3e90023134328d1bef1f7
:10b9b800000f25d02b4b24225a7135e00021084670
:10b9c800b1b28918009140eb030101914ff6fe7066
:10b9d8000021dde90045a94208bfa042c7d362445f
:10b9e800002ac4d093b21f49cb830b6913f0800f90
:10b9f800fbd194452cbf4ff0000e4ff0010ec9e764
:10ba08001b4bd3e90023134303d11d4a13680133a9
:10ba18001360144b04221a711a46136913f0040fa9
:10ba2800fbd1104b20225a710e4a136913f0040ff0
:10ba3800fbd10c4b10225a720120124b18700ae0ed
:10ba4800084b40225a71084b187820b10a4b4ff422
:10ba580080621a600020baf1000f00d162b604b00b
:10ba6800bde8f087003c00407304012048ff002037
:10ba780040ff002060ff002094810041ac020120bb
:08ba88009c0201206d04012065
:020000040000fa
:020000040001f9
:10ba90002de9f04387b005464668022907dc614b73
:10baa0001b68002b0ddd0027dff8c4919ae00368c6
:10bab0001b685d49304698472b681b685b493046d8
:10bac000984707b0bde8f08320461cf023ff2b68a1
:10bad0005b68024656493046984720461bf0f2f90b
:10bae0000590142269460deb020016f089fb2b68c5
:10baf0005b686a464f493046984720461bf03cfb3e
:10bb00000590142269460deb020016f079fb2b68b4
:10bb10005b686a4648493046984720461bf09afec3
:10bb20000590142269460deb020016f069fb2b68a4
:10bb30005b686a4641493046984720461bf096feae
:10bb40000590142269460deb020016f059fb2b6894
:10bb50005b686a463a493046984720461bf092fe99
:10bb60000590142269460deb020016f049fb2b6884
:10bb70005b686a4633493046984720461cf04afec7
:10bb80001422694617f076fb2b685b686a462e49db
:10bb9000304698472b685b682c4a2d4930469847b9
:10bba0002b68d3f8048020461bf0f4fa294a2a4b6c
:10bbb000002808bf1a4629493046c0472b68d3f8e9
:10bbc000048020461bf002fd254a264b002808bfb2
:10bbd0001a4625493046c0470137124b1b68bb4205
:10bbe0007ff76faf38461af0e1ff0446142269462a
:10bbf00018f05cfc2b68d3f8048020461cf0bafdda
:10bc000003466a4649463046c04720461bf0a6fa1e
:10bc100000287ff459af2b681b68144930469847b9
:10bc2000dae700bf700001202004020034040200a3
:10bc300084040200a8040200bc040200c80402003c
:10bc4000d8040200e4040200f0040200040502002b
:10bc5000180502000004020004040200240502008a
:10bc60000c040200140402003405020070040200f7
:04bc70004404020086
:020000040000fa
:020000040001f9
:10bc74002de9f04393b0044600223f2119f042ff1e
:10bc8400002120461bf053fd3f21204619f050ffb0
:10bc940000223f21204619f035ff3f21204619f0ac
:10bca40047ff00236365a4f84e30a4f84c30a4f891
:10bcb4005230a4f85030d4f8a8502069b0f1ff3fb6
:10bcc40004d0ab6998474ff0ff332361e068b0f1cb
:10bcd400ff3f04d0ab6898474ff0ff33e3606ff049
:10bce4000101204610f026ff94f89c30002b3fd031
:10bcf400002604f160052fe0c7b1236a3946a06924
:10bd04009847236b13b10321284698470da81bf0cd
:10bd14007bf90746236b002beed004212846984775
:10bd2400eae79fb1236a3946a0699847236b13b1a8
:10bd34000321284698470aa81bf066f90746236b97
:10bd4400002beed0042128469847eae7013694f800
:10bd54009c20f3b29a420bd9f3b2d4f88c1003ebc3
:10bd64000313442201eb830101a81bf08bfbc8e7fa
:10bd740094f89c30002b60d000274ff044082ee04c
:10bd8400b9f1000f12d0a36a48469847236b13b148
:10bd940005213046984703a81bf036f98146236bea
:10bda400002bedd0062130469847e9e705eb8505e1
:10bdb4004fea8509d4f8983033f8253000258bbb39
:10bdc400019921b1236aa069984700230193bff325
:10bdd4005f8f013794f89c20fbb29a422dd9fdb2b3
:10bde400d4f88c3005eb0511424603eb810101a820
:10bdf4001bf048fb04f15c06c8e70023adf84030b3
:10be0400019a42f82630029a42f83630029a02eb3e
:10be1400c60673600135d4f8983033f80920abb204
:10be24009a42cdd9019b002bf4d0aeb253f8260030
:10be34000028e2d0a36a9847dfe7236b1bb10221f5
:10be440004f16000984700232375e38213b0bde832
:02be5400f08379
:020000040000fa
:020000040001f9
:02be5600704733
:020000040000fa
:020000040001f9
:10be58002de9f047037e032b3dd081460d466c4b00
:10be6800d3f80c80b8f1000f23d1002900f0cc8062
:10be78000a791a7404885b6833b11ab9644b1b6871
:10be8800a34201d00ff098f8d9f80800604b9860e9
:10be98001c60aa681a63ea685a632a699a636a691d
:10bea800da632a6aa3f840206a6aa3f842205b682a
:10beb8000bb3574c6568d9f810001cf0fbf9237ccc
:10bec800002b40f09a80524ad3680133d360012492
:10bed8002046bde8f0874e4b1c7c0cb90124f7e7df
:10bee8005d6800691cf0e6f9c0eb001005eb800006
:10bef8001af018faece783683c2221469847444b2d
:10bf08005860002800f082802b6803eb430a4fea50
:10bf1800ca0a0af1280a3e4b1b68002b50dd00f1c3
:10bf2800240623e00ff048f80024d1e7a6f110001a
:10bf38001af0e2ff00283fd030461af0ddff002853
:10bf48003ad056f8243cda68ab6903fb02f3633352
:10bf5800304aa2fb03235b093361eb69736108f183
:10bf680001083c362a4b1b68434529dda6f1240706
:10bf7800274b986843685146984704460028d1d013
:10bf880000f1280303604760182383602b68c360af
:10bf980001230361204b4361204b8361204bc36124
:10bfa800204b03621af04efb46f8244ca6f1200001
:10bfb8001af0a2ff0028b9d10ef0feff002487e78f
:10bfc8001af030fc124c60644ff4fa6216490220f1
:10bfd80016f0b8fce06104f120001cf027fc636c4b
:10bfe8003bb1e3692bb120b1094b00229a615a6138
:10bff8005fe70ef0e1ff00246ae7c0eb001005ebf5
:10c0080080001af08ff95ee7002461e700245fe7fb
:10c0180060f800201f85eb51fd7803009154030060
:0cc02800f58303002d8903007153010013
:020000040000fa
:020000040001f9
:10c034002de9f04f83b007468a4690461e460d9878
:10c044001cf054f8002380f80831baf1000f00f016
:10c05400b08081461d469b4648e0584810f038fea3
:10c06400d34642e0564810f033fed3463de05548ef
:10c0740010f02efe39e0544810f02afe35e0534803
:10c0840010f026fe31e0524810f022fe2de0514817
:10c0940010f01efe29e0504810f01afe25e04f482b
:10c0a40010f016fe21e04e4810f012fe1de04d483f
:10c0b40010f00efe19e04c4810f00afe15e04b4853
:10c0c40010f006fe11e04a4810f002fe0de0494867
:10c0d40010f0fefd012389f8083106e0464810f00f
:10c0e400f7fd0134e4b21f2c46d80135ecb201232c
:10c0f400ab403342f5d01d2cf0d801a353f824f003
:10c104005fc0010069c00100e1c00100e1c001009d
:10c11400e1c00100e1c00100e1c00100e1c0010093
:10c12400e1c00100e1c00100e1c00100e1c0010083
:10c13400e1c00100e1c00100e1c00100e1c0010073
:10c14400e1c0010073c001007bc0010083c0010095
:10c154008bc0010093c001009bc00100a3c001007b
:10c16400abc00100b3c00100bbc00100c3c00100eb
:10c17400cbc00100d3c0010086b100251f4c03e0f1
:10c1840001213846f6f738fc019500940123324624
:10c19400414638461af0d8fc0028f1d0bbf1000f14
:10c1a40004d0002389f8d43089f8903003b0bde876
:10c1b400f08f114810f08cfdf8e700bf5494010093
:10c1c400789401009c940100b8940100d494010077
:10c1d400ec9401000c950100389501006495010070
:10c1e40090950100b8950100e095010008960100c2
:10c1f4002496010044960100649601006531030011
:020000040000fa
:020000040001f9
:10c20400714b1b78002b00f0a380072800f2a2805a
:10c214002de9f04f8bb0019106466b4b93f8123227
:10c224001bb1694b5b8a83422cd1674a93191d7aef
:10c2340005f00f0305f0f001cf1854687a02a05af4
:10c244004ff6ff72904211d07a1c04eb42224ff653
:10c25400ff7c01339bb20f2b7ed8cf18bfb202f5ff
:10c264000072a2f5007000886045f2d1564b5e82e0
:10c2740017f00f034fd0012b51d1534b43f27612d9
:10c284009a824ce019f060ffcfe7b9f800206368a8
:10c2940003eb42224ff4007104f112001bf066ff1d
:10c2a40028e0012b04bf43f27613a382a9b263688a
:10c2b40003eb412104f1120019f016fd27443d72ed
:10c2c400012384f81232984409f10409b8f1080fe3
:10c2d40017d0258a08eb051519f036ff39f8027cca
:10c2e400be42d2d167824ff4fe72019904f1160066
:10c2f4001bf0c8f815f00f03d3d144f64553a382bd
:10c30400d4e719f021ff58461af034fa2e4ba3f85b
:10c3140010a0002019e02c4b44f645529a822a4d75
:10c324004ff4fe72019905f116001bf0abf804eb13
:10c33400472105f1120019f0d7fc2e443772bff3e0
:10c344004f8f012385f8123200200bb0bde8f08f27
:10c3540004207047022070474fea151a1ffa8afb1f
:10c364004fea0b1004eb40240123a4f50077451e8b
:10c3740002aa02eb83025902795a22f8041ce91832
:10c3840022f8021c0133092bf2d102aa0df1280c68
:10c3940000f1080e04f580541746158873460021f1
:10c3a400605aa84208bf7b8001339bb201f500713b
:10c3b400b1f5805ff4d104326245edd10df10a0983
:0cc3c4004ff00008004c84e7d0dd0020a2
:020000040000fa
:020000040001f9
:10c3d0002de9f04184b00446d0f8c4205568b0f887
:10c3e000b030cbb113681b68644928469847236b6b
:10c3f00001332363a36a013be3621af023f8d4f804
:10c40000a830c01a236898427ed294f8d030012b0d
:10c410007fd004b0bde8f081d0f89430002b4dd12e
:10c42000574bc31adb1003ebc30103eb4103c3eb10
:10c43000432303eb8343126856685a425149284606
:10c44000b047d4f8c8001af03dfdd4f8c4301b68da
:10c45000b4f87e200292020e0192c0f307420092cd
:10c460005e68c0f30723c2b247492846b047d4f8f4
:10c47000c4301b68628a029294f84720019294f8b3
:10c48000462000925e6894f8453094f844203f4975
:10c490002846b047d4f8c4301b685f68d4f81880c9
:10c4a000d4f884304ff47a7606fb03f619f0defff9
:10c4b000b6fbf0f3424636492846b847a36a013333
:10c4c000a362d4f894300133c4f89430237c012b58
:10c4d0000ed0022b8ed1b4f8d2001af006fb024621
:10c4e0000b46d4e90801fcf714f9c4e9080181e717
:10c4f000e0681af0e5ff02460b46d4e90801fcf7b4
:10c5000008f9c4e9080175e700212046faf772fd31
:10c510007be7237c012b09d0022b2ad0002384f84f
:10c52000d43019f08fffc4f88c0072e794f8cc3047
:10c530000133dbb284f8cc30092b15d8012b03d0a2
:10c540000a23c4f88430e9e719f07cffc4f88c00b2
:10c5500001212046faf74efdd4f8c4301b681b6851
:10c560000c4928469847ebe71221204615f0e8f8d9
:10c57000d4e70f21204615f0e3f8cfe72848020062
:10c5800098ef002044480200684802009c480200de
:08c59000c0480200f04802005f
:020000040000fa
:020000040001f9
:10c598002de9f8436b4b1b78002b40f0ca8000292b
:10c5a80000f0ca800b78012b00f2c9800d46654c5b
:10c5b8004ff40d72002120461bf000fd0126667025
:10c5c8004ff4b472002160481bf0f8fc26702b78f9
:10c5d800a370002b00f0aa800027a0461ce05ffa99
:10c5e80087fc342202fb0c8c1c460cf5007c03f102
:10c5f800300e664620686168a268e3680fc610348a
:10c60800b4467445f5d120683060013798f80220a7
:10c61800fbb29a4240f28a80fcb264016b681959f5
:10c6280031b1f8b2582202fb008004301af028ff1a
:10c638006b682344596839b1f8b2582200fb0220cc
:10c64800043040441af01cff6b682344996831b1e8
:10c65800f8b2582202fb0080b4301af011ff6b6860
:10c668002344d96839b1f8b2582202fb008000f59a
:10c6780086701af005ff6b6823441b69bbb15ffa2b
:10c6880087fe342202fb0e8e1e460ef5b27e03f1a3
:10c698003009f44630687168b268f368ace80f0096
:10c6a8001036e6464e45f4d13068ccf800006b6889
:10c6b80023445b69bbb15ffa87fe342202fb0e8e0e
:10c6c8001e460ef5cc7e03f13009f44630687168d9
:10c6d800b268f368ace80f001036e6464e45f4d170
:10c6e8003068ccf800006b6823449b69bbb15ffae3
:10c6f80087fe342202fb0e8e1e460ef5e67e03f1ff
:10c708003009f44630687168b268f368ace80f0025
:10c718001036e6464e45f4d13068ccf800006b6818
:10c728001c44e369002b7ff45aaf6ee70548bde867
:10c73800f8834ff0ff30fae74ff0ff30f7e74ff09c
:0cc74800ff30f4e79cdb002068e70020d5
:020000040000fa
:020000040001f9
:10c7540030b58fb0022929dd14465568544928465e
:10c764001bf07bfa38b3534928461bf076fa28b1fc
:10c77400514928461bf071fa002859d1002211466c
:10c78400a0681bf045fc05464a4960681bf065fa41
:10c79400002842d1fe2d3cd8484b1d622b466268ce
:10c7a4004749002012f02af90fb030bd4549002056
:10c7b40012f024f9f8e70cab03930bab02930aab2a
:10c7c400019309ab009308ab07aa3f49a0681af08c
:10c7d40063ff062849d1079bff2b46d88df81430f8
:10c7e40008a905ab0df1190051f8042bff2a3cd818
:10c7f40003f8012f8342f7d1304b05aa92e80300d6
:10c8040098619983a36862683049002012f0f6f8b1
:10c81400cae72f4912f0f2f8c6e76b1efe2b02d8c6
:10c82400264b5d62bae72b49002012f0e7f8bbe71c
:10c83400294928461bf011fa18b3284928461bf049
:10c844000cfa00282fd0264928461bf006fa60b3bc
:10c85400244928461bf001fa68b9234d12e0a26866
:10c864002249002012f0caf89ee7a268204900205d
:10c8740012f0c4f898e72a461e49002012f0bef8c8
:10c8840092e71d4d00230d930da9a06805f096ffb6
:10c894000028e4d00d9b2b60a36862681749002030
:10c8a40012f0acf880e7164dece7164deae700bf4e
:10c8b4000c730100287301003073010048fa002052
:10c8c4007c73010050720100147301004474010070
:10c8d4003c7301005c730100b0730100b473010088
:10c8e400bc730100c07301005cfa0020c87301002e
:10c8f400147401009074010050fa0020e0730100e8
:08c9040054fa002058fa00204b
:020000040000fa
:020000040001f9
:10c90c006f70656e000000004e4f54204f50454e26
:10c91c00000000006f6e00006f6666004f46460018
:10c92c0070776d20000000006770696f00000000d8
:10c93c005b45505d207365727669636520253034e4
:10c94c005820696e7374202575206f6e2075647085
:10c95c002f25753a2025732020206c6f67202573b6
:10c96c000d0a00002020202020727820256c7520d4
:10c97c002862616420256c75292020207265706cfa
:10c98c0069657320256c7520286661696c20256c9f
:10c99c00752920202073696c656e7420256c750dcb
:10c9ac000a0000002020202020756e6b6e6f776ec1
:10c9bc00206d6574686f6420256c7520202073745d
:10c9cc0075622063616c6c7320256c750d0a000018
:10c9dc0020202020206c6173743a206d6574686f80
:10c9ec00642025303458202073657373696f6e2072
:10c9fc0025752020726574636f646520253032586c
:10ca0c0020207768792025730d0a00002020202033
:10ca1c00206f666665723a20257320202073656e40
:10ca2c007420256c7520286661696c656420256c02
:10ca3c0075292020206576657279202575206d7307
:10ca4c00202020746f203232342e302e302e313a8a
:10ca5c0025750d0a00000000202020202068616e42
:10ca6c00646c6573206f70656e202575206f662071
:10ca7c0025750d0a000000002020202020202068b1
:10ca8c002575202070696e202575202025732020a7
:10ca9c006469722025752020696e74657276616cec
:10caac0020256c75206e7320206475747920713389
:08cabc003120256c750d0a0004
:020000040000fa
:020000040001f9
:10cac4000b7b012b09d00b684968d0f8a420c2f86d
:10cad4008030c2f8841000207047f0b58c684ff0a5
:10cae40000016379c3f30002c3f380156a4094f82c
:10caf40004c0ccf300156a40e778c7f380056a40a8
:10cb0400a678c6f300056a40c6f380156a406578c6
:10cb1400c5f3001e82ea0e022478c4f3800e82ea72
:10cb24000e0262f30001c3f34002c3f3c01e82eaa3
:10cb34000e02ccf3401e82ea0e02c7f3c00e82ea54
:10cb44000e02c6f3400e82ead61282ea0e02c5f342
:10cb5400401e82ea0e02c4f3c00e82ea0e0262f3a1
:10cb64004101c3f38002ccf3000e82ea0e02ccf33f
:10cb7400801e82ea0e02c7f3001e82ea0e02c6f38a
:10cb8400800e82ea0e02c5f3000e82ea0e02c5f39d
:10cb9400801e82ea0e02c4f3001e82ea0e0262f3d1
:10cba4008201c3f3c002ccf3400e82eadc1282eab3
:10cbb4000e02c7f3401e82ea0e02c6f3c00e82eada
:10cbc4000e02c5f3400e82ead51282ea0e02c4f3c5
:10cbd400401e82ea0e0262f3c301c3f30012ccf3d7
:10cbe400800e82ea0e02c7f3000e82ea0e02c7f339
:10cbf400801e82ea0e02c6f3001e82ea0e02c5f30c
:10cc0400800e82ea0e02c4f3000e82ea0e02c4f31e
:10cc1400801e82ea0e0262f30411c3f34013ccf3c4
:10cc2400c00c83ea0c03c7f3400283ead7135340d2
:10cc3400c6f340167340c5f3c0056b40c4f340020d
:10cc440083ead413534063f34511d0f8a430d3f8e6
:10cc54008420d3f88060c9b201238b40dd173343ad
:10cc640042ea0501d0f8a420c2f88030c2f884104a
:04cc74000020f0bdef
:020000040000fa
:020000040001f9
:10cc780055736167653a206d6163696e666f200d53
:10cc88000a00000045783a206d6163696e666f207e
:10cc98000d0a0000496e746572666163653a202565
:10cca8007320447269766572205374617469737471
:10ccb8006963730d0a0000000d0a205265636569f7
:10ccc800766520537461746973746963730d0a001f
:10ccd80009206e52784f6b5061636b6574733a200c
:10cce80025640d0a09206e527850656e6442756697
:10ccf800666572733a2025640d0a09206e527853ce
:10cd080063686564427566666572733a2025640dca
:10cd18000a00000009206e52784572726f725061e5
:10cd2800636b6574733a2025640d0a09206e527886
:10cd3800467261676d656e744572726f72733a20e0
:10cd480025640d0a09206e5278427566664e6f7426
:10cd5800417661696c61626c653a2025640d0a0050
:10cd68000d0a205472616e736d6974205374617476
:10cd78006973746963730d0a0000000009206e541a
:10cd8800784f6b5061636b6574733a2025640d0aa4
:10cd980009206e547850656e6442756666657273d4
:10cda8003a2025640d0a09206e54784572726f7214
:10cdb8005061636b6574733a2025640d0a09206e0f
:10cdc8005478517565756546756c6c3a2025640d07
:10cdd8000a0d0a00096e6f7420737570706f727493
:10cde80065640d0a00000000496e7465726661632f
:10cdf800653a202573204861726477617265205214
:10ce080065676973746572205374617475730d0a6c
:10ce180000000000092025733a20307825780d0a93
:04ce2800000000bf47
:020000040000fa
:020000040001f9
:10ce2c00684b834240f0b880002800f0b7802de9b1
:10ce3c00f04387b0914688460023059304930393ef
:10ce4c00604b1b6b13b105215f4898475d4c204626
:10ce5c001af036ff5d4b1870236b1bb1062104f1e1
:10ce6c005c0098470127594d564c04f15c062b7811
:10ce7c00ff2b1ed0009304ab03aa05a92046f5f79f
:10ce8c00c1f80746002800f08f80236b13b10521f1
:10ce9c00304698472978204617f058fb20461af060
:10ceac000fff2870236b002be1d0062130469847ea
:10cebc00dde7039b012b04dd059a136a43f00403a1
:10cecc0013627b1edbb2012b1bd80123b8f1000fc0
:10cedc0068d088f80030002b62d1059c2169394b51
:10ceec0093f8d2204b6813448b608a890e3a92b225
:10cefc008a810b68d3b1334890f8d200121a8a8118
:10cf0c0009e0002f53d02f4a136f013313676ff0d2
:10cf1c000a03dbe713465a689a601a68002af9d1ab
:10cf2c00284a92f8d22099890a449a8123699b68ed
:10cf3c0063610e33a36119f07ffa6062059c236a6a
:10cf4c0023f0700343f0080222629df8132012f0c4
:10cf5c00800f06d112f0400f17d043f04803236224
:10cf6c0002e043f028032362b9f1000f02d0049bc6
:10cf7c00c9f80030154b19781248ecf7cdf884f845
:10cf8c002f00059807b0bde8f08312f0200f1cbfee
:10cf9c0043f018032362e7e7002070470020704736
:10cfac000020efe74046ede7039b012b84dc054aac
:10cfbc00536e01335366b8f1000f8ed0002388f8fe
:10cfcc0000308ae790040120ec0401208d0401203c
:020000040000fa
:020000040001f9
:10cfdc005c4b02225a611b6913f0010f0ed15a4ba4
:10cfec0058490a6912f0010f08d1013bf9d1574b8e
:10cffc00197831b9534b80225a6102e00121534b0d
:10d00c001970534b00221a7403f50063514a9a624b
:10d01c001a46536813f0100ffbd14f4b4222c3f842
:10d02c0084201a46d2f8843013f0400ffad000292d
:10d03c0030d0444b494a9a632f225a631a46d36b19
:10d04c0013f0040ffbd13f4b022283f830201a4619
:10d05c00d36b13f0020ffbd13a4b1b6c03f00303a1
:10d06c00032b30d0384a37490b6c03f00303032be6
:10d07c0029d0013af8d1334b002283f830201a46dc
:10d08c00d36b13f0020ffbd12e4b80225a612f4b26
:10d09c0000221a702b4b00229a6377225a631a468d
:10d0ac00d36b13f0040ffbd1264b022283f83020f4
:10d0bc001a46d36b13f0020ffbd1224a136c03f008
:10d0cc000303032bfad1264b01225a711a46d3784b
:10d0dc0013f0010ffbd0204b224a1a621a465368f8
:10d0ec0013f0040ffbd11c4b1f4a5a621a465368ab
:10d0fc0013f0080ffbd1184b4122c3f89c201a46a1
:10d10c00d2f89c3013f0400ffad0134b4122c3f8e5
:10d11c00a0201a46d2f8a03013f0400ffad00e4bd4
:10d12c004122c3f8a4201a46d2f8a43013f0400fc1
:10d13c00fad00b4b6ff07f421a6147f2ff725a61c3
:10d14c00704700bf001000403f420f003204012026
:10d15c000014004006013000001c00404000090093
:0cd16c000008004007010100070102005c
:020000040000fa
:020000040001f9
:10d178002de9f04f85b00e46174601293edc4ff0e9
:10d188000509022e41dc4ff00008032e44dc3c2741
:10d1980009f1ff33b3f57a7f45d2b8f57a7f49d8dc
:10d1a800a7f13c0240f2b2539a424ad8009743464c
:10d1b8004a464e49002011f01ffc002019f0f2fced
:10d1c8001bf024fb4a4b4ff0ff321a609a8000286c
:10d1d80041d0474a0168c2f8061083885381444801
:10d1e80088230373b5234373a7f10e02aa210e30d7
:10d1f8001af0e4fe00261ffa87fb3ee00a2200210f
:10d2080078681af003ff8146bbe70a220021b86854
:10d218001af0fcfe8046b8e70a220021f8681af0e6
:10d22800f5fe0746b4e74ff47a723249002011f050
:10d23800e3fb0de04ff47a722f49002011f0dcfb7c
:10d2480006e040f2ee533c222c49002011f0d4fbba
:10d2580005b0bde8f08f264a0023c2f80630538196
:10d26800bde7274c2268274911f0c6fb2368013b1c
:10d278002360ede70136b145ead0214a136801334e
:10d2880013601b491a0e8a731a0cca731a0a0a7495
:10d298004b7400200190009003465a4617f02efc6c
:10d2a8000028ded0164b1a681749002011f0a4fb9d
:10d2b800b8f1000fded018f01ffa07468a461bf0b7
:10d2c800cbf84ff47a720023a0fb080118f004fb96
:10d2d800cde9020118f010fac41b61eb0a05dde97b
:10d2e80002239d4208bf9442f4d3c3e7547202005c
:10d2f8002cd30020f4710200147202003472020070
:0cd308008801012084720200a87202005b
:020000040000fa
:020000040001f9
:10d314002de9f04f85b081464368029302295fdd11
:10d32400144603394908083202ebc1074ff00008dc
:10d33400cdf80c80cdf80480c346c24608e03046e0
:10d3440015f0c9fe01904ff0010a0834a74229d014
:10d354006568a668484928461af07ffc0028eed084
:10d36400464928461af079fc70b1454928461af016
:10d3740074fc20b1434928461af06ffc58b9304672
:10d3840015f0a9fe8046e0e7304615f0a4fe0390b0
:10d394004ff0010bd9e7d9f800301b683a490298dd
:10d3a4009847d2e7b8f1000f23db384b1b6843459d
:10d3b4001fddbaf1000f34d0019b5a1e4ff6fe73e5
:10d3c4009a4222d8bbf1000f2ed1314bd82404fb52
:10d3d4000834baf1000f3ad0019bc4f8b83036e0f3
:10d3e4004ff00008cdf80c80cdf80480c346c24647
:10d3f400dbe7264b1a68d9f800305b68013a254907
:10d404000298984705b0bde8f08fd9f800301b6842
:10d41400214902989847f5e71d4bd82404fb0834aa
:10d4240015e0bbf1000ff7d0039b5a1e4ff6fe73b5
:10d434009a42ead8164bd82404fb0834baf1000ff8
:10d4440002d0019bc4f8b830039bc4f8bc30d9f8af
:10d4540000305d68d4f8b83042461049029e304628
:10d46400a847d9f800305d68d4f8bc3042460c496e
:10d474003046a847c6e700bf6c540200705402004f
:10d484007454020078540200805402000001012008
:10d4940098ef0020b4540200e8540200045502003e
:04d4a4002c55020001
:020000040000fa
:020000040001f9
:10d4a800f8b5002800f0af800446002900f0ae80ef
:10d4b8000d46036f13f1020f0ad00b4600221146e6
:10d4c80012f00dfa07466ff48773984240f099807e
:10d4d80004f12006236e5a1c22668022f254206e24
:10d4e800382822d9c0f14002002130441af066fde4
:10d4f8004023236604f11c0104f15c0051f8042f59
:10d50800130a03f0ff13120202f0ff2213434fea3b
:10d5180033430b608142f1d131462046f5f79cfd3b
:10d52800074600286dd100232366206ec0f138021b
:10d53800002130441af042fd636ea16e5a0f02ebcf
:10d54800c102a266db00636604f11c0104f15c0001
:10d5580051f8042f130a03f0ff13120202f0ff22fe
:10d5680013434fea33430b608142f1d1a36ea365a5
:10d57800636ee36531462046f5f76efd07460028e1
:10d588003fd12646211f04f11c0000bf51f8042f8b
:10d59800130a03f0ff13120202f0ff2213434feaab
:10d5a80033430b608842f1d130687168b268f36820
:10d5b80028606960aa60eb6030697169b269f369d3
:10d5c80028616961aa61eb61124b2360124b6360a9
:10d5d800124ba360124be360124b2361124b636141
:10d5e800124ba36103f17453a3f52303a3f69243eb
:10d5f800e361002323666366a366a3671bf09bf9b8
:10d6080020673846f8bd6ff0ac07fae76ff0ac0753
:10d61800f7e700bf67e6096a85ae67bb72f36e3c41
:10d628003af54fa57f520e518c68059babd9831fe5
:020000040000fa
:020000040001f9
:10d638002de9f041594b1b78012b03d0022b19d04f
:10d64800bde8f081564bb3f9000019f034f8002812
:10d65800f6d0534bb3f9000018f022fd0020514bcf
:10d668001860514b18604d4b02221a704f4911f047
:10d67800c3f9e5e74a4bb3f9000018f011fd28b9e2
:10d68800474bb3f900001af0affaa8b1464b1b6834
:10d69800444a12684649002011f0aef9404bb3f9ec
:10d6a800000019f0d0ff0023424a1380424a138039
:10d6b8003a4b01221a70c3e74ff400543d4e3e4dd9
:10d6c800374f03e0002333802b8004b332882b8844
:10d6d8009a4222d9d21a92b238491944b7f90000ad
:10d6e80001f07cfc304a1368034413602b88034420
:10d6f8009bb22b80a0423abf241aa4b200243288dd
:10d708009a42dfd9264bb3f9000018f0e7ff244b03
:10d71800b3f9000018f0e2ff92e7b7f900001af039
:10d72800b6fc0028f3d02246b4f5007f28bf4ff49a
:10d738000072824228bf024692b22049b7f900001f
:10d7480009f086fc8046174a136803441360a04218
:10d7580010d2241aa4b20028b8d002461749b7f943
:10d76800000001f03bfc104a136803441360804535
:10d778000fd8abe70028cad002461049b7f9000015
:10d7880001f02cfc084a1368034413608045bed995
:10d798000024a6f80080288097e700bf4d040120e8
:10d7a8008e0401208c010120900101204013030008
:10d7b800601303001ad9002032fd0020e8df0020a2
:020000040000fa
:020000040001f9
:10d7c8002de9f8435f4b834240f0b580002800f014
:10d7d800b58015460c46002a58d0084618f0acf813
:10d7e8008146584bb3f84c30dbb9564bb3f84c1064
:10d7f8000c43a3f84c40b3f8502049ea0202a3f8be
:10d808005020002c00f09c80b3f8522029ea02092d
:10d818001ffa89f993f89c3093b34ff00008494fe9
:10d828001be000223f21474818f06af9dde724f49d
:10d83800806424f00604a4b2314638461af0beffcc
:10d848002246314638461af0bdff08f1010897f81c
:10d858009c205ffa88f39a4212d95ffa88f606eba1
:10d868008602d7f8983003eb82031a7c012a1abf84
:10d8780029f0d004a4b24c465b7c012bd7d1dbe75e
:10d888003f21304818f068f9284655e02d4b1b68b1
:10d898001a8841f250082c4b42450cbf98464ff06d
:10d8a8000008284bb3f84c502c40204618f044f898
:10d8b80007469dbbe44324b2224bb3f84c202240d8
:10d8c800a3f84c20fa4312b2b3f850101140a3f851
:10d8d8005010b3f84e100c40a3f84e40b3f8521055
:10d8e8000a40a3f8522093f89c308bb10024154dc0
:10d8f800e6b23a46314628461af068ff31462846cd
:10d908001af05cff013495f89c20e3b29a42efd8f4
:10d918000c4bb3f84c303bb901200de042463f2197
:10d92800084818f0edf8c5e742463f21054819f0c8
:10d9380077fb012000e00020bde8f8830020fbe72a
:0cd948002846f9e790040120300401207b
:020000040000fa
:020000040001f9
:10d954002de9f04383b0554b1f68002f40f09680ab
:10d964000b468468e4b1d9b10d88cdb1504a146036
:10d97400504a0868496803c21b891380a3681822a7
:10d984002946204698474c4b1860a8b1494b1b8840
:10d99400002b6fd000f11808464ddff83c9133e0be
:10d9a4001af056fd08b9002075e01af04bfd434902
:10d9b40011f024f800206ee01af04afd08b90020a6
:10d9c40069e01af03ffd3e4911f018f8002062e0ca
:10d9d40001220621304613f0f1f930e003213046ec
:10d9e40013f0ecf970bb1af033fd01282ad91af0b0
:10d9f40029fd3a46334911f001f823e0013708f1d3
:10da040018082b88bb4235dd002401940094eb8870
:10da1400224606212046fcf77fff064628f8180c0c
:10da240023464a464ff400710df0defdb6f1ff3f88
:10da340034d0002832d02b8913f0010fc8d16a8862
:10da4400002acbd1aa88002ad8d00221304613f06c
:10da5400b5f90028d2d11af0fbfc0128ced91af06e
:10da6400f1fc3a46184910f0c9ffc7e7174b0022ea
:10da74001a6016e0642216491a2014f065ff154b4b
:10da840018600028f2d0114b00221a60074a13686c
:10da940001331360012003b0bde8f0830b4b002277
:10daa4001a6010f0f1fb0020f5e700bfc40001206c
:10dab400c000012028fd0020bc00012050ab020062
:10dac40080ab0200a4ab0200ccab0200b800012082
:0cdad40039480100c8000120db7b030082
:020000040000fa
:020000040001f9
:10dae0002de9f0478ab006460c4617f009fe8c4631
:10daf0004e4b1a784e4d4f4b002a08bf1d464e4bd9
:10db00001f684e4bd3f800804d4bd3f800904d4b1f
:10db1000d3f800a04c4bd3e9002352ea03015ed0b6
:10db20004a49d1f800e04968beeb000061eb0c0106
:10db30000df036fb0490cdf80ca0cdf808904ff412
:10db400080730193cdf800803b462a46404900206f
:10db500010f056ff394b1f68002f42d0b7425dd9f5
:10db60003c4b1b68a3eb07085ffa88f8002e3dd0fa
:10db7000002c58d035460027dff8e89005eb080167
:10db8000c9b2dff8e4c0ca0002eb010e0ceb8e0351
:10db900093f82100089093f820000790d869069028
:10dba000986905905869049018690390d8680290a4
:10dbb0009b6801930ceb8e02536800935cf82e3047
:10dbc0002a464946002010f01bff0137bc421ed9ef
:10dbd00001351a4b1b68ab42d0d800271fe000204c
:10dbe000a8e71d49002010f00bff18e0c8233a46b3
:10dbf0001a49002010f004ff1949002010f000ff1e
:10dc000024b10e4b1b68002bb4d1e6e727463744fe
:10dc10000a4b1b689f4228bf002700e000273846b8
:10dc20000ab0bde8f0873746f9e700bf29060120b2
:10dc300054f1010058f10100f00501201402012007
:10dc40000c02012018020120a0fe0020a8fe0020e6
:10dc50005cf1010010020120bcf10100e4f10100bf
:0cdc600040f2010090f20100e45e0020a0
:020000040000fa
:020000040001f9
:10dc6c002de9f04784b004461e464568504b1b789e
:10dc7c0023b90f4690464f4b1b683bb123681b687a
:10dc8c004d492846984704b0bde8f0874b4b1b68bc
:10dc9c00002bf3d1294615f027fe0028f3d0a6f16e
:10dcac000a03dbb2042b9dbfa6f10a03444a52f8c7
:10dcbc002390dff83091434b1f80a6f10a03042b0d
:10dccc0066d8dfe803f00322344554003e4b1b6852
:10dcdc000df10f020092d3f82c8000233b4a1288de
:10dcec00394636480068c047002854d0314b18607c
:10dcfc002f4b1e70364b1c60364b1d606422364b0e
:10dd0c001968202018f080fabde72f4b1b680df125
:10dd1c000f02019200220092d3f830a01ffa88f370
:10dd2c002a4a1288394625480068d047dce7264b3a
:10dd3c001b68df6a294b1988224b19800df10f03e0
:10dd4c0000930023214a12881c480068b847cbe78f
:10dd5c001d4b1b680df10f020092d3f84480022377
:10dd6c001a4a1288394615480068c047bce7164b5a
:10dd7c001b680df10f02019202220092d3f840a011
:10dd8c004346124a128839460c480068d047abe724
:10dd9c00fe238df80f30012015f0aafa23685c6879
:10ddac009df90f304a460e492846a0476be700bf45
:10ddbc001504012084000120700d0300780001205f
:10ddcc00347e03001e040120800001201a0401206f
:10dddc009400012074000120980001208c00012087
:08ddec009c0d0300680d03000b
:020000040000fa
:020000040001f9
:10ddf4002de9f041044683695a48c3f3072174228c
:10de040002fb0101dbb203eb8303db00c9685f188b
:10de14005d5a02fb050300225a649a642269e3688e
:10de24009a4251d3742101fb0501d31a4b644d4b23
:10de3400742606fb053622464b49f06a1af086f929
:10de440022464a49306b1af081f9bb69002b42d053
:10de5400082b4dd8434b742606fb05364ff48071ce
:10de6400306b19f0a9fd4ff48071f06a19f0a4fd2c
:10de74002369002b4bd1dff8ec80742707fb058660
:10de840000221146306b19f047fab36c0022b264d9
:10de940032464032b16b306b07f05afbe368002b1b
:10dea40046d1304a742303fb052500221146e86a53
:10deb40019f032fa6b6c00226a646a6b2c49e86ac6
:10dec40007f046fbbde8f0812648742101fb0501fb
:10ded4009b1a8b64abe7234b742606fb05360021a3
:10dee400306b19f069fd0021f06a19f065fdbfe798
:10def4001c4b742606fb05364ff40071306b19f089
:10df04005bfd4ff40071f06a19f056fdb0e7154b54
:10df1400742606fb05364ff400620021306b19f0bd
:10df2400fbf923696268b16b306b07f011fbb5e74d
:10df34000c4b742606fb053600224ff48061f06a10
:10df440019f0eaf9b36c53b12369064a742101fb51
:10df540005256a6ba168e86a07f0fafab2e7e36894
:10df6400f3e700bf38f60020711c0300e1fe010056
:04df740060fc00202d
:020000040000fa
:020000040001f9
:10df78002de9f04fa9b0ddf8c8b0002800f0b08056
:10df88000446002965d08360c0f814b0c0f804b016
:10df98000023c36003749a4214bf24273427914690
:10dfa80088468023029308ab019300200090034623
:10dfb80030224e4917f004ff0146002840f08b80bc
:10dfc8000df11f05dff828a10df19f0650462a46de
:10dfd80012f8013f10f801cf83ea0c031943b2424b
:10dfe800f6d1002977d141496ff00103069300204b
:10dff80005908023049308ab03930290019020239b
:10e0080000930b46102220310cf094fe02460028a3
:10e0180061d100bf15f8013f1af8011f4b401a43a0
:10e02800b542f7d1002a56d1842012f07bfae0607d
:10e03800d8b13a4608a9204610f018fd38b3022393
:10e0480023740125e06808b115f0a8fa0023e360fd
:10e058000fe0002a47d18360c0f814b0c0f804b0bc
:10e068000023c3600374342799e7022323746ff0f5
:10e078007c0508ab1f441a460021134603f8011b10
:10e088001a46bb42f9d1cdb9012323741fe03946a2
:10e0980008a811f047f905460028d3d1cdf808b0f3
:10e0a800a3680193cdf8009043463a1f09a9e06898
:10e0b80010f0c3fd05460028dbd0c3e7032d0ad0c6
:10e0c800012d4ff00203237408bf6ff0c6052846e0
:10e0d80029b0bde8f08f032323746ff0d005f6e76d
:10e0e8006ff0ac05f3e76ff0ac05f0e7905703006d
:04e0f80043da020005
:020000040000fa
:020000040001f9
:10e0fc0055736167653a206c616e5f726d77203c79
:10e10c00616464725f6865783e203c6d61736b5f1f
:10e11c006865783e203c76616c75655f6865783e15
:10e12c000a0d0000202020202020206e6577203d45
:10e13c0020286f6c642026207e6d61736b29207cf7
:10e14c002076616c75650a0d000000004578616de4
:10e15c00706c653a206c616e5f726d772030783030
:10e16c003030333038463920307830303030303041
:10e17c003031203078303030303030303120202089
:10e18c0028736574204c4245290a0d004578616d51
:10e19c00706c653a206c616e5f726d7720307830f0
:10e1ac003030333038463920307830303030303001
:10e1bc00303120307830303030303030302020204a
:10e1cc0028636c656172204c4245290a0d000000e1
:10e1dc006c616e5f726d773a206d61736b20697341
:10e1ec002030202d206e6f7468696e6720776f75f4
:10e1fc006c64206368616e67652c20757365206c98
:10e20c00616e5f777269746520696e7374656164a1
:10e21c000a0d00006c616e5f726d773a20574152a7
:10e22c004e494e472076616c75652068617320629b
:10e23c00697473206f7574736964652074686520e4
:10e24c006d61736b2028307825303858293b207449
:10e25c00686520647269766572204f527320746809
:10e26c00656d20696e207265676172646c6573738d
:04e27c000a0d000087
:020000040000fa
:020000040001f9
:10e280005b54424153455d202a2a2a2053594e436c
:10e29000204c4f5354202a2a2a206e6f206d617320
:10e2a000746572207265666572656e636520666f5f
:10e2b00072202575206d732e2020546865207469a6
:10e2c0006d6562617365206e6f772072756e732065
:10e2d00066726565206174207468652068656c6489
:10e2e0002072617465202d207468652070696e73da
:10e2f00020617265206472696674696e672e0d0a0a
:10e30000000000005b54424153455d202a2a2a2028
:10e3100053594e43204241434b202a2a2a2061660a
:10e32000746572202575206d7320776974686f7528
:10e33000742061207265666572656e63652e2020ab
:10e3400054686520736572766f206973206e6f77ed
:10e35000206361746368696e67207570202d204e9c
:10e360004f542073796e6368726f6e6973656420b1
:10e370007965742e20202753796e6368726f6e69f9
:10e38000736564272068657265206d65616e733af8
:10e3900020256c64206e732c2025752073616d70b0
:10e3a0006c657320696e206120726f772e0d0a00f4
:10e3b0005b54424153455d202a2a2a2053594e433b
:10e3c00048524f4e4953454420414741494e202a27
:10e3d0002a2a20726573696475616c20756e6465a4
:10e3e0007220256c64206e7320666f722025752064
:10e3f00073616d706c657320696e206120726f7738
:04e400002e0d0a00d3
:020000040000fa
:020000040001f9
:10e404002de9f84315f0f4fb002800f0868005465a
:10e41400554edff8688100bfd5f88c40002c75d0cc
:10e424002369586840f2ba323146a84214bf00202a
:10e43400012018f07bf9e07b40f2bb323146022820
:10e4440014bf0020012018f071f9237b013bdbb2db
:10e45400042b40d8a37b012b39d0237b013b58f8f4
:10e464002330214628469847a37b052b3bd8a37b22
:10e47400042b4bd92769786840f2bc423b49a84237
:10e4840014bf0020012018f051f9637b13f0010f31
:10e4940012d1bb68002b42d0a27b531edbb2032bec
:10e4a40032d9062a27d8052a21d00022d7f8089085
:10e4b400238921463846c847237b032b26d00223d1
:10e4c40005f18c02214628460ff066fea4e7e868b1
:10e4d4001af044f9c1e740f2c7323146002018f07f
:10e4e40025f90723a373e8681af03df9bfe704236d
:10e4f400a3730022dae740f2f3421d49002018f02a
:10e5040015f96ff01302d1e70122cfe71af0acf945
:10e514002b7801332b701af0abf9bde8f883237b19
:10e52400032bf3d005f18c0018f0c2fd074648b167
:10e53400f87b4ff483720f49022814bf0020012096
:10e5440018f0f4f840f256220b49bc4214bf0020e4
:10e55400012018f0ebf8394605f1980019f000f89d
:10e564000323fb7358e700bf1c7d03006c7d03008d
:10e57400807d0300dc77030000810300a87d030095
:020000040000fa
:020000040001f9
:10e584002de9f04fafb006464768012907dd0c4678
:10e59400904651684f4819f060fb054638b133681e
:10e5a4001b684d49384698472fb0bde8f08f19f0e5
:10e5b40019ff8146022c09dc834633685b684a46ae
:10e5c4004649384698475d450bdbede7d8f8080027
:10e5d40014f081fd054600f1010beee70135ab4572
:10e5e400e2d019a928b206f0fffb0028f6d0336860
:10e5f400bdf8b2200392bdf8b0200292bdf8aa2063
:10e604000192bdf8a82000925c689df864302a4607
:10e6140033493846a047dff8dca09df8b430c3f393
:10e624004003dff8d4905af823304a46502105a815
:10e6340019f03ff80446dff8c4809df8b43003f0c5
:10e64400010358f82330274ac0f1500105a820449b
:10e6540019f02ff804449df8b430c3f3c0035af8fa
:10e6640023304a46c4f1500105a8204419f021f88a
:10e6740004449df8b430c3f3800358f823301a4a95
:10e68400c4f1500105a8204419f013f804449df87e
:10e69400b430c3f340135af823304a46c4f150014e
:10e6a40005a8204419f005f820449df8b430c3f3bc
:10e6b400001358f823300d4ac0f1500105ac204432
:10e6c40018f0f7ff33685b6805aa0949384698478c
:10e6d40084e700bfa4860200188202007081020051
:10e6e40084810200e8810200f481020000820200b9
:10e6f4000882020024880300dc8102002c880300c5
:020000040000fa
:020000040001f9
:10e704002de9f04fadf6340d0646d0f8048001290a
:10e714000dd003681b684e494046984733681b6810
:10e724004c49404698470df6340dbde8f08f19f07a
:10e7340035feb0f1000af6dd00271ae033681b68e5
:10e7440045494046984733685b682a4643494046f2
:10e7540098470dab32220ea9204617f031fd002850
:10e7640057d133681b683c49404698470137ba453e
:10e77400d9d0384618f018fa04461af04df8012892
:10e78400f4d1204619f0f4ff054633685b6802466d
:10e794003349404698470df608020df61801204605
:10e7a40017f0fafc0028c9d033685b682d4940464d
:10e7b40098473368ddf820280092d3f80490ddf8f8
:10e7c4001c38ddf8182828494046c8473368ddf866
:10e7d4002c280092d3f80490ddf82838ddf824289a
:10e7e40022494046c84733685b68214940469847f8
:10e7f4003368ddf814280192ddf810280092d3f86c
:10e804000490ddf80c38ddf808281a494046c8475a
:10e8140099e700238df830300d9b002ba6dd0025f1
:10e824000eacdff854902422214603a819f094fe7c
:10e834003368d3f804b0636a03aa49464046d8470c
:10e84400013528340d9bab4290dd322debd18de7a1
:10e8540078cc01008ccc0100dccd0100f0cd0100ae
:10e864009ccc0100c0cc0100d8cc01001ccd01001f
:0ce8740068cd010084cd01001cce010025
:020000040000fa
:020000040001f9
:10e8800030b45c4c247f002c40f0ad80054604f091
:10e89000ff0000294cd0002d4ad0574c646804f08a
:10e8a0000704012c61d05348056042600024446194
:10e8b000846104614f488160002a5cd04d4ad36076
:10e8c0004c4a012111774c4a127e12f0040f05d0f8
:10e8d000494a916a117e11f0040ffad1464a518bd0
:10e8e00041f004015183117e41f0800111764149cc
:10e8f0008a68c968914203d93e48c168891a016192
:10e900003d49496811f0070f45d13a49896991425b
:10e9100035d2384a116808783749886291690131df
:10e920009161002b5bd0344b04229a7501205be08f
:10e93000002b59d0002a57d02f4c646804f00704ec
:10e94000012c0cd02b480560426000244461846196
:10e950000461002daed1274900208860ace7002972
:10e9600044d113f0010fedd03ee011f0010f3bd187
:10e97000002be7d0f5e71f4a0021d160a0e71d4a30
:10e980001269002acdd01c4aff21916219490a69f7
:10e99000013a0a61c5e7174a91684908916011690f
:10e9a00049081161d1684908d160916892698a4229
:10e9b00008d2104a116808880f49886291690131ac
:10e9c0009161aee70b4a1269002aaad00a4a4ff6b3
:10e9d000ff71916207490a69013a0a61a1e70120c2
:10e9e000054b987500e0002030bc704711f0010f16
:0ce9f000b7d0f9e71cfa0020003000400e
:020000040000fa
:020000040001f9
:10e9fc00737461727400000074657374736572765d
:10ea0c0065723a20616c72656164792072756e6e04
:10ea1c00696e67206f6e20706f72742025750a0df9
:10ea2c0000000000746573747365727665723a2029
:10ea3c0054435049505f5443505f5365727665722e
:10ea4c004f70656e206661696c65640a0d0000008c
:10ea5c00746573747365727665723a206c6973743d
:10ea6c00656e696e67206f6e20706f7274202575ed
:10ea7c000a0d000073746f700000000074657374ed
:10ea8c007365727665723a206e6f742072756e6e55
:10ea9c00696e670a0d000000746573747365727695
:10eaac0065723a2073746f70706564202872783dbb
:10eabc00256c752074783d256c75206279746573ae
:10eacc00290a0d0075736167653a20746573747358
:10eadc006572766572205b7374617274205b706f03
:10eaec0072745d7c73746f705d0a0d007465737461
:10eafc007365727665723a2069646c650a0d000064
:10eb0c00746573747365727665723a206c6973748c
:10eb1c00656e696e67206f6e20706f72742025753c
:10eb2c002c206e6f20636c69656e74207965740a95
:10eb3c000d000000746573747365727665723a200b
:10eb4c006563686f696e67206f6e20706f727420da
:10eb5c002575202872783d256c752074783d256cc0
:0ceb6c0075206279746573290a0d0000a1
:020000040000fa
:020000040001f9
:10eb780020202b204950206c697665206e6f770025
:10eb88000000000020202b2049502073746f72650c
:10eb9800642c204e4f54206170706c6965640000cd
:10eba80020205b73617665645d00000020205b7641
:10ebb8006f6c6174696c655d000000005b545249bc
:10ebc80047434d445d2061737369676e65643a20fd
:10ebd8006e6f6465202575206f6620257525732561
:10ebe800730d0a005b545249475d20524553455402
:10ebf8002066726f6d20746865206d61737465722c
:10ec0800202d2072657374617274696e670d0a0035
:10ec18005b54524947434d445d2064697669646595
:10ec2800722025752052454655534544202d204cc9
:10ec38004544312069732074616b656e20286163d7
:10ec480074696f6e20343f293b206e6f7468696e5b
:10ec580067206368616e6765640d0a005b545249fa
:10ec680047434d445d206d6f64653a206c69737449
:10ec7800656e2025752020736f7572636520257574
:10ec8800202070696e202575202068772025752042
:10ec980020747269676d6f6465202575202028309f
:10eca800784646203d20756e6368616e6765642905
:10ecb8000d0a00005b54524947434d445d206d6581
:10ecc80074686f6420307825303458206163746923
:10ecd8006f6e2025752073657373696f6e202575b7
:0cece800202d3e2025730d0a000000bf07
:020000040000fa
:020000040001f9
:10ecf4002de9f04f83b004460f4691461e460d9809
:10ed040019f0f4f9002800f087808046002f00f005
:10ed140086800025444f03e001212046f3f76cfe72
:10ed240001950097012332464946204617f00cff0f
:10ed340083460028f0d00024a146dff828a13de056
:10ed44003a480df0c5ff38e039480df0c1ff34e012
:10ed540038480df0bdff30e037480df0b9ff2ce026
:10ed640036480df0b5ffd94627e035480df0b0ff21
:10ed740023e034480df0acff1fe033480df0a8ff4a
:10ed84001be032480df0a4ff17e031480df0a0ff5e
:10ed940013e030480df09cff0fe02f480df098ff72
:10eda4000be050460df094ff07e032462b480df07f
:10edb4008fff0135edb21f2d26d80134e5b221466f
:10edc4000123a3403342f4d00c2deed801a353f811
:10edd40025f000bf45ed01004ded010055ed0100aa
:10ede4005ded010065ed01006fed010077ed0100bf
:10edf4007fed010087ed01008fed010097ed01002b
:10ee04009fed0100a7ed0100b9f1000f04d000232c
:10ee140088f8d43088f8903003b0bde8f08f1048fb
:10ee24000df056fff8e700bfb1520300ec7d01007e
:10ee3400107e01003c7e0100687e0100907e01008e
:10ee4400b07e0100c87e0100e47e0100fc7e01006a
:10ee5400307f0100647f0100987f0100f07f010092
:08ee640018800100c87f0100c5
:020000040000fa
:020000040001f9
:10ee6c002de9f84f9946574b1b68002b00f0a480f6
:10ee7c0006460d46904611f0020306bf174698460b
:10ee8c00002719f0edfc504b1b78002b66d119f0c4
:10ee9c00ebfc002f68d04d4b196800296add494bfb
:10eeac001b681a68002a00f08a80002401348c4206
:10eebc005fd053f8042f002af8d1454b18688368ab
:10eecc006422012198478246002853d00ffa84fb14
:10eedc00a0f812b03b4b1b6843f8240019f0c0fc9f
:10eeec00394a13780133137019f0befcaaf82a7052
:10eefc00aaf828808af83c6003238af83d308af807
:10ef0c0062309af8413066f305138af8413015f0f7
:10ef1c00800f3cd00023aaf810309af8413043f00f
:10ef2c0002038af8413015f4807f05d09af84130fd
:10ef3c0043f008038af8413015f0010f2cd09af8f1
:10ef4c00403043f01c038af840309af8483043f0c4
:10ef5c0004038af848305846bde8f88f013b1a4a3a
:10ef6c00137019f081fc94e715f024fc074608b1e6
:10ef7c0091e752b119f074fc134a137801331370f2
:10ef8c0019f072fc4ff0ff3be5e70c4695e7114b8f
:10ef9c001b88aaf81030c6e7012edcd1b9f1000f9e
:10efac00d9d0d9f80030caf814309af8413043f06f
:10efbc0001038af84130cee74ff0ff3bcbe700244a
:10efcc007be700bfcc0001202e040120d0000120e3
:08efdc00dc00012024040120e7
:020000040000fa
:020000040001f9
:10efe4002de9f843002a00f09d800f4615460029bc
:10eff40000f09c8017f0acf90446002800f09880db
:10f00400c36c002b00f0968016f058fa06460028d0
:10f0140000f09280854228bf0546adb2a0686368bf
:10f024004219934230d9a8464ff000094246394666
:10f03400a06815f053fba3684344a360226993427c
:10f0440019d094f8757017f0800f2dd1934242d9de
:10f054009b1a9bb2b4f864000146984228bf194633
:10f06400b4f86a508d4247d9b4f86e50b1eb550fdd
:10f0740042d2984236d294f83e3013f0040f3fd077
:10f0840008eb0906b6b24ee0a3eb00091ffa89f9b2
:10f094004a46394615f022fb4f44a5eb09081ffaee
:10f0a40088f82368a360c1e794f83e1011f0200f9c
:10f0b400ccd1751badb261682068091ab5eb610f3c
:10f0c400c4dc204617f058f994f83e3043f020038e
:10f0d40084f83e30d4e76168891a20681b1a0b440f
:10f0e4009bb2b7e717f0080f06d194f93f30002b15
:10f0f400c1dbe3689a42bed1204617f03df9bfe771
:10f1040043f0040384f83e3017f09af90e4b1b6861
:10f1140003eb8303db000d4aa2fb032300eb9310f4
:10f12400a062ade716463046bde8f8830026fae74c
:10f134000026f8e70026f6e794f87730012bf2d1a1
:10f14400204617f019f9eee7e8000120d34d6210cc
:020000040000fa
:020000040001f9
:10f154006f6e00004f4646005b54524143455d20ac
:10f16400726563202573202020696e746572766150
:10f174006c20256c75206d7320202073616d706c7c
:10f18400657320256c75206f66202575202020630b
:10f19400616c6c7320256c7520202077726974650e
:10f1a4007320256c7520202064756520696e2025e8
:10f1b4006c64206d730d0a005b54524143455d201d
:10f1c400656d707479202d206e6f7468696e672088
:10f1d4007265636f72646564207965740d0a00005a
:10f1e4005b54524143455d20256c752073616d70fd
:10f1f4006c6573206576657279202575206d733b87
:10f2040020713234206973207468652072617465da
:10f2140020636f7272656374696f6e2c2061204a7b
:10f22400554d50207468657265206d6f7665732046
:10f234007468652070686173650d0a005b545241ff
:10f2440043455d2069647820745f6d7320713234a6
:10f2540020616e63686f724c20616e63686f724eda
:10f2640073207265736964207370726561642070c1
:10f2740061697273207265616e636820737461746e
:10f2840065207175616c0d0a000000005b545241e9
:10f2940043455d20256c7520256c7520256c7520f3
:10f2a400256c7520256c7520256c6420256c7520d3
:10f2b400256c7520256c752025752025750d0a0093
:020000040000fa
:020000040001f9
:10f2c400f0b587b0a0f58854103c534a4ff48673c8
:10f2d40003fb042393f8053123b94ff0ff37384675
:10f2e40007b0f0bd0d4619f0bffa4c4b18704ff43f
:10f2f400867303fb04f3484ad35c012b27d015f033
:10f3040008052bd0444a4ff4867303fb042393f877
:10f31400ff30003318bf01234ff0ff375bb1404b80
:10f324001a68404b9a4225d13d4b9a683d4b9a420c
:10f334001ed14ff0ff374ff4867303fb04f4364bb2
:10f3440001221a55354b187819f092fac7e74ff491
:10f35400867303fb04f30021d154d0e72e4a4ff403
:10f36400867303fb042393f8013183f00103d3e78d
:10f37400012700e00027284b4ff4867606fb04366d
:10f384000321b08801f09effc6f88800b0f1ff3f6a
:10f394003ed0214b4ff4867606fb043696f80021c6
:10f3a400214910f081fef3680193012302930023a5
:10f3b40003930493b2798df814208df8153001a9c4
:10f3c400d6f8880016f02ffe304607f077fdc6f811
:10f3d400ec00e8b1124b134a43f8372003ebc7079c
:10f3e4007e600d4b4ff4867606fb0436002386f8c8
:10f3f400903096f8ff30013386f8ff3018f04eff56
:10f4040086f8fd00003518bf012586f8015192e702
:10f414004ff0ff378fe700bf80ec0020b7fb0020e0
:0cf424004cfc002023342123753703002a
:020000040000fa
:020000040001f9
:10f430006f6666007265706f727400005573616765
:10f44000653a20737169207265706f7274203c7325
:10f4500065636f6e647320312e2e333630303e7c00
:10f460006f66660a0d0000005b5351495d206175af
:10f47000746f2d7265706f72742073746f70706525
:10f48000640a0d005b5351495d206175746f2d72e4
:10f4900065706f727420616c726561647920737439
:10f4a0006f707065640a0d00737169207265706f0a
:10f4b00072743a207365636f6e6473206d75737434
:10f4c00020626520312e2e333630300a0d000000c8
:10f4d0005b5351495d206175746f2d7265706f7259
:10f4e0007420657665727920257520732061726db0
:10f4f00065640a0d00000000616c6c005573616763
:10f50000653a20737169205b3c6e6f646520302e14
:10f510002e3235343e7c616c6c7c6f66665d0a0d04
:10f520000000000020206e6f20617267756d656eaf
:10f5300074203d2073686f77207468652061636371
:10f54000756d756c61746564207265706f72740a94
:10f550000d0000005b5351495d2073746172746942
:10f560006e67202d20706f6c6c207e31782f732c8d
:10f57000206769766520697420612066657720734d
:10f5800065636f6e647320746f20616363756d755e
:08f590006c6174650a0d0000b6
:020000040000fa
:020000040001f9
:10f5980038b50d46144616f09dfe002800f0a080f0
:10f5a8000346002c00f09e800f2d00f29d80dfe8be
:10f5b80005f008111a232a31353a3f464b727980f3
:10f5c800878e90f8403083f00403c3f380032370e0
:10f5d800012086e090f8403083f00803c3f3c003ad
:10f5e800237001207de090f8403083f01003c3f3ce
:10f5f80000132370012074e090f84030c3f3010336
:10f60800237001206de090f84130c3f3800323702c
:10f61800012066e0038a2380012062e090f83d30f3
:10f62800237001205de090f862302370012058e0db
:10f6380090f8423003f001032370012051e090f864
:10f648006330237001204ce090f8402002f01c0247
:10f658001c2a14bf00220122416c09b142f00202a7
:10f6680093f8481011f0010f18bf42f0040211f08e
:10f67800020f18bf42f0080293f8423013f0040f4b
:10f6880018bf42f0100213f0080f18bf42f0200212
:10f698002270012025e0b0f84830c3f3c503237079
:10f6a80001201ee090f84930c3f340032370012085
:10f6b80017e0436c003318bf01232370012010e0ca
:10f6c80090f8483003f001032370012009e090f816
:10f6d800493083f00403c3f380032370012000e062
:0cf6e800002038bd0020fce70020fae7fd
:020000040000fa
:020000040001f9
:10f6f400524b586a524b9b7d002b00f09d8070b595
:10f704004f494c6804f007044c4b5a699d699e6844
:10f714000b7e13f0040f56d0896a484bdb68934282
:10f7240051d9002c41d1454b5b6899540132444b6b
:10f734001b7e13f0010f15d0414b012119753f4b6e
:10f744009b68ab4255d93d4b1b68595d3c4b996254
:10f7540001353a4b1b690bb9b54263d0374bdb68b3
:10f76400934263d0354b5a619d61354b1b7e13f038
:10f77400020f13d0334b1b78b3b1304bdb68934289
:10f784000fd12e4b00221a772d4907240c752d49d1
:10f794000a701b6a43b1294b1b6a9847294b1b7893
:10f7a40013b1274b02229a7570bd244b5b6823f872
:10f7b40012100132224b1b7e13f0010fd2d0204bca
:10f7c4000121197509e01e4b1b7e13f0010fc9d0ee
:10f7d4001b4b01211975002cb1d0184b9b68ab420f
:10f7e40013d9164b1b6833f81510154b9962013564
:10f7f400afe7124b1b69002babd0114bff21996271
:10f804000e490b69013b0b61a3e70c4b1b69002bf1
:10f814009fd00b4b4ff6ff71996208490b69013b6e
:10f824000b6196e7074b012119709be7044b0121fb
:10f8340099750421197595e7704700bf1cfa0020db
:08f844000030004033040120f4
:020000040000fa
:020000040001f9
:10f84c002de9f04194b004460023009301930293f8
:10f85c00039304930593456803290cd003681b6834
:10f86c0040492846984723681b683f4928469847d3
:10f87c0014b0bde8f0811646506814f08dfa0746b6
:10f88c00b0b118f00efd8046b668022237493046fa
:10f89c0017f0e6fd90b104223549304617f0e0fd33
:10f8ac00002844d023681b68324928469847dfe774
:10f8bc0023681b68304928469847d9e7384617f023
:10f8cc0047fc28b123681b682c4928469847cfe78a
:10f8dc00002108460bf0baff694615f02bfd019e7e
:10f8ec00feb11ffa88f8c8ebc80806ebc8060df184
:10f8fc00180e06f13008f44630687168b268f36887
:10f90c00ace80f001036e6464645f4d13068716815
:10f91c00aee803001a4b0e9306a938460af010f80d
:10f92c0012e023681b68174928469847a0e7384619
:10f93c0017f00efc28b923681b6813492846984712
:10f94c0096e7384615f026f928b123681b680f494d
:10f95c00284698478ce723681b680d49284698472a
:10f96c0086e700bf5c2e0200802e0200dc2f020016
:10f97c0040300200242f0200982e0200b82e020004
:10f98c00fc2e0200d42e0200042f0200442f020091
:04f99c005c2f0200da
:020000040000fa
:020000040001f9
:10f9a0002de9f04104464568012904d09046494eae
:10f9b00006f1c00754e00022464e06f1c00717e0ea
:10f9c00023681b6844492846984723681b68b16828
:10f9d0002846984723681b68f1682846984723689b
:10f9e0001b683e492846984701221836be420ad075
:10f9f0007368002bf9d0002ae2d123681b683849cc
:10fa000028469847dce723681b683649284698470c
:10fa1000354f07f10c063037dff8bc8023681b68d0
:10fa200041462846984723681b6856f80c1c284610
:10fa3000984723681b6856f8041c28469847236893
:10fa40001b682649284698470c36b742e6d12368fa
:10fa50001b6826492846984733e01836be4232d004
:10fa60007368002bf9d0d8f80410b06818f0f7f8d4
:10fa70000028f2d177683368f3b10c374ff00008f3
:10fa800023681b6814492846984723681b6857f861
:10fa90000c1c2846984723681b6857f8041c284606
:10faa000984723681b680d492846984708f10108c4
:10fab0000c3733684345e3d823681b680b49284655
:10fac0009847bde8f08123681b6809492846984794
:10fad000f7e700bf70f00020bcc40200c4c40200fd
:10fae00090c40200ccc40200bc680300f8c4020049
:04faf000fcc4020050
:020000040000fa
:020000040001f9
:10faf4002de9f84f044601eb011a4fea8a0ad04671
:10fb0400d0f88c3053445d6901eb81018f004ff0d4
:10fb1400010931e0036a23f008030362e36a41f256
:10fb2400500201219847e36f0133e36705ebc902f3
:10fb3400536823f400435360d4f88c304344a3f84f
:10fb44004090bff35f8f00233381f380b380236b36
:10fb54001bb1032104f160009847d4f88c004044a1
:10fb64003146303017f0e2fc236b4ff000091bb133
:10fb7400042104f160009847236b1bb1032104f1b5
:10fb840060009847d4f88c004044243017f03cfac5
:10fb94000646236b1bb1042104f160009847002e34
:10fba40049d0b388d9006a185268002a2fda55f868
:10fbb400332062b33289b6f806906958d4f8cc0081
:10fbc4000140b4f9c80008584ff6ff7cdff86ce038
:10fbd400013a92b262459dd005ebc301d1f804b05d
:10fbe4004bf0004bc1f804b0d1f804b00bea0e0b93
:10fbf400c1f804b0002145f8331001339bb2d4f8a6
:10fc0400981039444989994298bf0023e0e7236b4f
:10fc14001bb1032104f160009847d4f88c3053449d
:10fc2400314603f1240017f08efd236b1bb1042130
:10fc340004f1600098474846bde8f88f008000c092
:020000040000fa
:020000040001f9
:10fc440070b582b0012960dd0c46154656684049fe
:10fc5400304618f002f8e0b13e49304617f0fdff97
:10fc640000284dd13c4b1b78002b45d03b4cb4f9bc
:10fc7400000014f067f94ff6ff7323800020364b21
:10fc84001870374b1b68374a126837490ef0b6feb6
:10fc940043e0022c1ddc41f2be542f4b1b78fbb910
:10fca4000022214601200af061fc2c4b1880b0f19f
:10fcb400ff3f1cd02d4b1c8000202a4b1860284b82
:10fcc4001860254b01221a70224629490ef096fe2f
:10fcd40023e000221146a86818f09af984b2dce700
:10fce400224b1a88234900200ef088fe15e0224991
:10fcf40000200ef083fe10e020490ef07ffe0ce0a1
:10fd04001f4900200ef07afe07e0134b1b78012bed
:10fd14000ad05ab21ab1022b0dd002b070bd1949e3
:10fd240000200ef06bfef8e7104b1a8816490020ed
:10fd34000ef064fef1e70a4b1b680093094b1b6845
:10fd44000a4a1288114900200ef058fee5e700bf68
:10fd5400fce9010080ea01004d0401208e04012029
:10fd6400900101208c010120a4ea0100d6050120a4
:10fd74005cea010004ea010030ea010088ea0100bb
:10fd8400d0ea0100f8ea01000ceb010040eb0100ad
:020000040000fa
:020000040001f9
:10fd94002de9f04f85b0d0f8a430039390f89c304f
:10fda400002b00f092800446002301931d460fe0cf
:10fdb400d4f88c304b445b6823f00303039a9361bb
:10fdc400019b0133019394f89c20dbb29a427ad9c7
:10fdd4009df8048008eb081b4fea8b094e46d4f8c3
:10fde4008c304b44dd609d601d6108eb880a4fea4e
:10fdf4008a0302931f46d4f89810e369042231f869
:10fe04002a10a0699847002861d0d4f88c2042f8c1
:10fe14002b00d4f8983033f82a30f3b12b4600bfc6
:10fe2400d4f88c2032449587d4f88c20925942f827
:10fe34002350d4f88c203244526842f83350d4f81a
:10fe44008c203244526802ebc302556001339bb2ea
:10fe5400d4f89820d25b9a42e2d8d4f88c204a4451
:10fe640003f10053013b516851f8332042f0020280
:10fe740041f83320d4f89810029b19444b7c012b91
:10fe840096d14246498820460cf099fe034600bbb1
:10fe9400d4f89830029a1a4411462b46424689886f
:10fea40020460cf08cfe034698b9d4f8983033f809
:10feb4002a302a464146204600f068fe03460028c0
:10fec4003ff476af05e0002303e0002301e04ff0a8
:0cfed400ff33184605b0bde8f08f00bffa
:020000040000fa
:020000040001f9
:10fee0002de9f04105460c468b694e48c3f30721c6
:10fef000742202fb0101dbb203eb8303db00c96860
:10ff00005f1833f8018002fb0802936c002b46d186
:10ff1000742202fb080673699b6898470028fad18f
:10ff200097f91c30b3f1ff3f0fd07a7f002a51d1ef
:10ff300003f01f02c3f34a1303f5020000f58070bb
:10ff400001219140c00118f00bfd364b742000fbdd
:10ff500008307a6aa3699a424dd1012d48d0022d0a
:10ff600004bfff23237594f91450e66918f081f853
:10ff70007b68002b41d02b4b742404fb083494f88d
:10ff80002630013384f826307b68ba68314628462b
:10ff9000984794f82630013b84f826302de0214f15
:10ffa000742606fb087500221146286b17f0b6f977
:10ffb0002a46ab6c4032a96b286b05f0cbfaa068df
:10ffc0002169ab6c6a6b0144e86a05f0c3fa00234f
:10ffd000ab641ce003f01f02c3f34a1303f50200f5
:10ffe00000f5807001219140c00118f0bbfcace726
:10fff00001232375b7e718f03cf80a4a742303fb82
:020000040002f8
:100000000828d8f8204014b1637d012b01d0bde849
:10001000f081204606f07efc022363752046fdf742
:08002000e9fef4e738f60020c8
:020000040000fa
:020000040002f8
:10002800002800f09a802de9f0410d461646044656
:1000380001b3036f13f1020f07d000230ff04ffc39
:1000480003466ff48772904219d1206e3f2800f260
:100058008880626eb31863669a4202d9a36e013330
:10006800a36604f1200768b93f2e42d8002e6cd150
:10007800002304e0002a14bf6ff0ac0300231846e5
:10008800bde8f081c0f14008b04528bfb0464246ff
:100098002946384417f0f4f9236e4344236645444f
:1000a800a6eb0806402bdfd104f11c0104f15c002b
:1000b80051f8042f130a03f0ff13120202f0ff2273
:1000c80013434fea33430b608142f1d1394620464e
:1000d800f2f7c2ff03460028d1d100232366c3e705
:1000e80039462046f2f7b8ff03460028c7d13f2e0d
:1000f800bcd92b463a4605f1400100bfd3f8008031
:10010800d3f804e0d3f808c0d868c2f80080c2f871
:1001180004e0c2f808c0d060103310328b42edd131
:100128004035403e04f11c0104f15c0051f8042ff5
:10013800130a03f0ff13120202f0ff2213434feadf
:1001480033430b608842f1d1cae732462946384624
:1001580017f096f92666002391e76ff0ac0318466e
:0801680070476ff083038ae782
:020000040000fa
:020000040002f8
:1001700008b518f075f9444ba3fb0030800900283e
:100180006dd0424b186000225a600023404a137021
:10019000404a1370404a00200021c2e900013f4a52
:1001a00013704ff4806017f069fc3d4b4022c3f898
:1001b000902000bfd3f8902012f0400ffad0012316
:1001c00000220c2102200ef0fffe012211460c201d
:1001d00009f01cfd002848d0324b002283f8182378
:1001e0004ff08072c3f880211a604ff4005017f06e
:1001f00051fc2b4b4122c3f8e82000bfd3f8e82084
:1002000012f0400ffad0284b00221a601a6912f03f
:10021000020ffbd1244b4ff480321a602422da8083
:100220001a6842f002021a601a6912f0020ffbd13a
:1002300001210c200ff0bcfa00b3194b4122c3f886
:10024000b0201a46d2f8b03013f0400ffad0174b56
:1002500040f21e529a620222c3f8d82108bd0b4b0d
:1002600001200021c3e900018fe718f05ff9034680
:100270000c220f4900200ef0c3fbb6e70c220d49fb
:100280000ef0befbeae700bfd34d6210c8ff0020ae
:100290007a0401207804012098ff002077040120cf
:1002a000001c004000e100e000a0014100e000412e
:0802b0008c73020000740200cf
:020000040000fa
:020000040002f8
:1002b8002de9f04fc3b00023464a1360464a136045
:1002c8000df180080df5827a4746444d08e0234633
:1002d800a6eb0906a6eb530647f8046f57451dd051
:1002e8006ff07f036b712c6914f01004fbd1d5f803
:1002f80014903b4bd3f804b015f0fef9064618f0fd
:10030800f3f80028e3d0364b5b68a3eb0b03324ac3
:1003180012689a42dcd2304a1360d9e721afa1466d
:1003280026464ef6602edff8c0c01be001330431cc
:10033800212b13d09e42f9d03d68aeeb0502086828
:1003480002446245f2d8202e0fd101236bb9254b08
:1003580000221a701f4b21221a6035e00136212e27
:1003680035d0043721a92346e4e71a4b1e68002735
:100378004ef660201c494ff0010c00bf58f8043fae
:100388005b1b1a188a4287bf013667464df824302e
:100398000134d045f2d10fb10e4b1e60214668469c
:1003a80012f058fd63085df823301d440f4b1d60a3
:1003b800631e5df82330009a9b1a0d4a13600d4b9b
:1003c8001c60084b01221a7043b0bde8f08f4d46ff
:1003d8000023bbe754030120480301200014004216
:1003e800001000e080040120c0d401005c0301205b
:0803f800500301204c03012019
:020000040000fa
:020000040002f8
:1004000055500000444f574e000000005265616493
:10041000790000004e6f742052656164790000001d
:1004200055736167653a206e6574696e666f0d0a73
:100430000000000045783a206e6574696e666f0da5
:100440000a0000002d2d2d2d2d2d2d2d2d2d204977
:100450006e74657266616365203c25732f25733e5b
:10046000202d2d2d2d2d2d2d2d2d2d200d0a000073
:10047000496e7465726661636520697320646f7785
:100480006e0d0a00486f7374204e616d653a202529
:1004900073202d204e424e532064697361626c6557
:1004a00064200d0a00000000495076342041646445
:1004b000726573733a2025730d0a00004d61736bea
:1004c0003a2025730d0a0000476174657761793a17
:1004d0002025730d0a000000444e53313a20257345
:1004e0000d0a0000444e53323a2025730d0a0000d5
:1004f0004d414320416464726573733a2025730d46
:100500000a00000064656661756c742049502061c2
:1005100064647265737300002573206973204f4e05
:100520000d0a00004c696e6b2069732025730d0a5b
:10053000000000005374617475733a2025730d0a2e
:04054000000000bff8
:020000040000fa
:020000040002f8
:100544002de9f04704460d4690f83e3013f0010fb4
:1005540019d090f8753013f0040f29d190f8743045
:1005640013f0030f0cbf012300234ff0000a0ce02b
:100574008bb1036a13f0080f40f081800023e36419
:1005840013f086fc07e001239a46e06c18b194f856
:100594007720012aecd0e76fd4f88090b4f87a3051
:1005a4001d4008d0bfb1b4f93c60d4f8488004e0e1
:1005b40001239a46e9e70026b046baf1000f0ed0af
:1005c400204613f0a1fc25b14b462a46414630464d
:1005d400b847bde8f0870026b0463546ede7b4f8e5
:1005e4006230a4f872302368a360e3602361636916
:1005f400e361236294f83e3003f081036ff3c71381
:1006040084f83e3094f83f3003f0fe0343f00203d5
:100614006ff3820384f83f3094f8743094f87520b3
:100624006ff3410284f8752003f0fb036ff3c303f7
:1006340084f874300021a163616361654ff0ff3079
:10064400e0650120a4f86400a4f86e00a4f860102a
:10065400216484f8791003f0030384f87730d2b26c
:1006640012f0200f08bfa16412f0400f04bf002352
:100674006364002384f8873084f87630a3e700238a
:04068400e36488e7bc
:020000040000fa
:020000040002f8
:1006880070b584b03a4b19783a4b3b4a002908bff9
:1006980013463a4a10783a4a3a49002808bf0a46a7
:1006a8000292019341f69023009301234ff61072b2
:1006b800354900200ef0a0f92d4c63690293236997
:1006c8000193e3680093a3686268304900200ef044
:1006d80093f9e369a2692e4900200ef08df92d4b9c
:1006e8001b68019394f824300093638c228c2a4968
:1006f80000200ef081f9294b187847f21a730293fb
:100708004ff47a730193264b1b680093254b1b68a3
:100718001b4a2549002808bf0a46244900200ef034
:100728006bf9082394f82520214900200ef064f97c
:10073800204c04f18005204e02e01034ac4215d064
:100748002378002bf9d062791c4b012a08bf334665
:10075800e2680392a2680292a27901920093237937
:100768006288174900200ef047f9e6e704b070bd2b
:10077800c4fa00200cc9010014c901006204012058
:1007880020c9010024c901003cc9010070c9010049
:10079800b0c90100f4050120dcc901002a060120c6
:1007a800240201202802012028c9010018ca0100da
:1007b80064ca010038f500202cc9010034c90100c1
:0407c80084ca0100de
:020000040000fa
:020000040002f8
:1007cc002de9f04182b017f045fe444ba3fb0030fd
:1007dc008009002839d0424b186000225a60414ce5
:1007ec0080220021204617f0e7fb0c23a3863e4b0a
:1007fc00a363012684f8716084f872600d23a4f859
:10080c0074303a4ba36733460022114603200ef096
:10081c00d5fb374dc5f8986195f8c03143f004030a
:10082c0085f8c03133460022314603200ef0c6fb5a
:10083c000223c5f8983195f8c13143f0040385f8cb
:10084c00c131002537462b4e23e0254b01200021da
:10085c00c3e90001c3e7234b03eb851595f8314041
:10086c0017f05efeab6b0093034622462249002034
:10087c000ef0c0f82ee003f00f03204a1a44602358
:10088c001376b4f93430002b15da01354034022dcf
:10089c001dd03a46022194f8310009f0b1f9002834
:1008ac00d9d0b4f93430002be5db3344602283f823
:1008bc000023b4f934305a0903f01f0307fa03f389
:1008cc0002f1600146f8213046f82230dde70c4b8e
:1008dc0001221a7002b0bde8f08100bfd34d621046
:1008ec00c8050120b8f5002060fe020064fe02007d
:1008fc000080004100e100e068fe0200fcec00e03a
:04090c008904012039
:020000040000fa
:020000040002f8
:100910002de9f04fadb09046ddf8e0a0ddf8e4b091
:100920008df80730c2f3571303f0ff13d20202f021
:10093000ff2213434fea33432a9318f01f0918bfcd
:100940004ff0010901238df8af3019eb58196fd022
:1009500007460d4600263ee09df8af3001338df886
:10096000af3004222aa90ba8fff75efb044600283b
:1009700041d19df80730042b41d1379a36990ba805
:10098000fff752fb0446002835d1baf1000f02d020
:10099000bbf1000f3dd103a90ba8fcf785fd044670
:1009a0000ba80cf03afc9cb9b8f1200f3ad90df124
:1009b0000c0cbce80f0028606960aa60eb60bce822
:1009c0000f0028616961aa61eb61a8f12008203558
:1009d0000136b1452dd0fa6fb96f0ba80ef084fa2d
:1009e000044630bb01220df1af010ba8fff71cfb41
:1009f00004460028b0d00ba80cf00ffce8e7012259
:100a00000df107010ba8fff70ffb04460028f2d1f8
:100a1000b3e75a4651460ba8fff706fb04460028e9
:100a2000e9d1b8e7424603a9284616f02dfdcfe7e5
:100a3000012403aa00200ba9134603f8010b1a4650
:100a40008b42f9d1201c18bf01202db0bde8f08fda
:020000040000fa
:020000040002f8
:100a500073686f77656e76003a2073686f772074dd
:100a600068652063757272656e74206e6574776f49
:100a7000726b20636f6e666967202852414d207348
:100a80006861646f77290000736574656e76000095
:100a90003a20736574656e76203c6b65793e203c28
:100aa00076616c3e2020286970302f6d61736b3049
:100ab0002f6777302f646e73302c206d6163302c7c
:100ac00020706c63615f69642c20706c63615f638c
:100ad0006e74290073617665656e76003a207065e4
:100ae000727369737420636f6e66696720746f2018
:100af000454550524f4d20616e64206170706c7995
:100b0000206974206c69766500000000726561647c
:100b1000656e76003a2072656c6f616420636f6e5b
:100b20006669672066726f6d20454550524f4d20b3
:100b3000616e64206170706c7920286469736361f0
:100b400072647320756e7361766564206564697480
:100b5000732900007265736574656e76000000008d
:100b60003a20726573657420746f20636f6d7069cd
:100b70006c65642064656661756c74732c207065a7
:100b8000727369737420616e64206170706c790097
:020000040000fa
:020000040002f8
:100b90002de9f04f87b00446039116461d4601eb40
:100ba00081039b009b46d0f89820d35a059301eb14
:100bb00001134fea830a002301930be0b1464fea89
:100bc0008608d4f88c3053f80a3053f82630ebb14d
:100bd000013dadb2b5b1d4f898105944d4f88c3079
:100be0005344ca881b699342e8da0023039a0989af
:100bf00020460bf0e6ff0190b0f1ff3fded1a36f7e
:100c00000133a367019807b0bde8f08f236b1bb1d8
:100c1000052104f15c009847d4f88c00504408305a
:100c200016f0f4f90746236b002b42d004f15c0266
:100c30000621049210469847002fc9d03b695b6893
:100c400023f003030293236b13b105210498984703
:100c5000d4f88c3053445b6803ebc90300225a601c
:100c6000d4f8983033f80b30013b9e42d4f88c30e6
:100c700053445b68029a08bf42f0020243f83920ed
:100c8000236b1bb1062104f15c0098470d4bbb6040
:100c9000fc6000233b62d4f88c2052f80a2042f812
:100ca00008703b600136b6b2059bb34298bf002680
:100cb0008ee700288cd03b695b6823f00303029326
:080cc000c6e700bfa9e0020035
:020000040000fa
:020000040002f8
:100cc80010b582b0304b1978c9b1304b1a78ff2a69
:100cd8001ad02f482f4b042908bf03462e4900205d
:100ce8000df08afe2d4b1b78c3b92d4900200df05d
:100cf80083fe2c4b1c68002c3bd102b010bd2a4946
:100d080000200df079fef8e7214a224b042918bf8c
:100d18001a46264900200df06ffee3e7244b1b78a6
:100d2800072b13d8dfe803f0140406080a0c0e108a
:100d3800204a0ee0204a0ce0204a0ae0204a08e057
:100d4800204a06e0204a04e0204a02e0204a00e067
:100d5800204a214900200df04ffe204b1b680093cc
:100d68001f4b1b781f4a12781f4900200df044fec4
:100d7800bfe71e4b187811f04dff034622461c4969
:100d880000200df039feb8e74904012024060120af
:100d9800345601003c56010030580100420401203d
:100da800505801006c010120c0570100045801008f
:100db800440401209057010074560100a456010014
:100dc800d45601000457010034570100645701004c
:100dd800485601004c560100985801007001012046
:100de8004504012046040120ac58010043040120b9
:040df800d4580100ca
:020000040000fa
:020000040002f8
:100dfc002de9f04f89b08346019114461d4600231e
:100e0c00079307aa13f0b6fa8246002843d13b4b4e
:100e1c001b78002b47d104a812f014fb002849d0f2
:100e2c00049b0599364a9e184ff0000241eb0207cd
:100e3c00bd4208bfb44244d3324a13eb020841f11d
:100e4c008b09a94508bfa04542d302aa20462946d2
:100e5c0003f060fd002842d02b4bc3e90045dde9cf
:100e6c0002012a4bc3e90001294b00240025c3e9e8
:100e7c000045284ba3f800b0274b284a1a6005f010
:100e8c00c5fa002832d001221c4b1a70079b01991d
:100e9c00d9601a7403e0224a136801331360504678
:100eac0009b0bde8f08f1e4a1368013313604ff090
:100ebc00060af4e71a4a1368013313604ff0020a6a
:100ecc00ede7174a1368013313604ff0030ae6e7a6
:100edc00134a1368013313604ff0040adfe7104a1a
:100eec001368013313604ff0020ad8e70c4a1368f9
:100efc00013313604ff0070ad1e700bf63040120f0
:100f0c0080f0fa020070c9b280ff002078ff002048
:100f1c0040ff002016000120a80201209c81004106
:040f2c00540201204a
:020000040000fa
:020000040002f8
:100f30002de9f04f87b0044690469946dde910aba5
:100f4000474b1a68002a70d04fea49134fea4810fd
:100f500043ead861b0eb080061eb09018b0043ea7a
:100f60009073850015eb080043eb0901cb0043eac1
:100f70005073c5002846194600230af011f90546aa
:100f80004fea5a0646eacb764fea5b07d4e94c2390
:100f90005b4508bf52454ad1022e77f100031cdba6
:100fa00016f1ff33009347f1ff330193dde900238e
:100fb000904579eb03030bda01239b1b049367eb4a
:100fc00047030593dde90423424573eb090304db82
:100fd000d4f828310133c4f82831d4f8043144f866
:100fe0002350013303f03f03c4f80431d4f8003137
:100ff0003f2b9cbf0133c4f80031d4f808310133d2
:10100000c4f80831c4f80c5194f81831dbb9c4f8ad
:101010001051c4f81451012384f81831dde912236a
:10102000c4e9482307b0bde8f08f0025a8e7d4f84d
:1010300008310393204617f079f9039bc4f808316f
:10104000c4e94caba8e7d4f81031ab42c8bfc4f830
:101050001051d4f81431ab42b8bfc4f81451dde7d5
:0410600074030120f4
:020000040000fa
:020000040002f8
:101064002de9f84f8046d0f8a4a002eb02194fea0c
:101074008909d0f88c0048444569c78fd8f898305e
:1010840002eb820203eb82025689b0f84030bb4285
:1010940034d9db1b98b2002934d00a46002301332b
:1010a4009bb21268002afad198426fd305ebc702ab
:1010b40055f837300320002b69d13b460024506893
:1010c40000f04040506088681060d2f804c08889fd
:1010d400c0f30d0040ea0c00506001339bb29e4205
:1010e40098bf002309680134a4b269b105ebc302b7
:1010f40055f833000028e2d0032048e09819c01bbb
:1011040080b2c8e73b460024d8f88c204a44d387f1
:10111400c3b906f1ff3b1ffa8bfb05ebcb02536807
:1011240043f400435360d8f88c004844303015f041
:101134006bff01460481a0f806b08780c4b1013e6c
:10114400b6b20ae0013b1ffa83fbe6e70bf1ff3b73
:101154001ffa8bfb013ca4b254b105ebcb025368dc
:1011640023f000435360bbf1000fefd1b346f1e726
:10117400d8f88c004844243016f0d8f9daf8003056
:1011840043f40073caf80030002000e00320bde8f7
:02119400f88fd2
:020000040000fa
:020000040002f8
:021196007047a0
:020000040000fa
:020000040002f8
:10119800002840f0918038b5484a41f2c813012030
:1011a800d054b1b1454a41f2b013d35cdbb2012b44
:1011b80022d0022b5ad04148002341f2b012835466
:1011c80041f2c812835400f58d53196816f044ff94
:1011d80038bd104641f2cc130122c254002341f21b
:1011e800cb12835441f2bc12835200f58d531a6816
:1011f800082109f005fcd5e7304b41f21a12995c39
:1012080041f218129a5c41f219101b5c013b5b1aff
:10121800dbb29342cfd2531e0b40284841f214123e
:10122800825841f27a0000fb032303f63c0241f2a4
:1012380078001b5a043bd418d05c10f0400f0fd133
:1012480010f0200f0cd01d4de078c0f3440041f29f
:10125800c3142855d35c03f01f0341f2c412ab54e6
:101268000131164a41f21a13d154a4e7134b41f243
:101278009b129a5c41f29811595c41f29a101b5cde
:10128800013b9b1adbb28b4204d201320b4841f27c
:101298009b13c254094b41f29e129a5c41f29d1075
:1012a8001b5c013b9b1adbb2994284d9013203498a
:1012b80041f29e13ca547ee7704700bfe8820020bf
:020000040000fa
:020000040002f8
:1012c80038b538b9474b93f87030012b10d04ff030
:1012d800ff3038bd17f0baf810b94ff0ff30f8e713
:1012e80017f0aef8404914f0d7f94ff0ff30f0e7a7
:1012f8003c4b002283f8702093f91030022b48d120
:10130800384b1b78002b44d0364b5b78002b50d1e0
:10131800344b5b68002b53d1324b9d68002d59d05c
:10132800da681046d3784bb1283200230133ab4238
:1013380050d010462832c478002cf7d10122c27050
:1013480011f0080f02d0274a01245470254a546826
:1013580001345460948cdbb243ea04434362938cb7
:1013680001339bb24ff6ff72934208bf01231d4a17
:101378009384012382f8703041f0040181700023c6
:1013880043608360ff22027780f820300380406a40
:101398009fe717f05bf830b9124b012283f87020f1
:1013a8004ff0ff3095e717f04bf8104914f074f937
:1013b800f2e70c4b012283f870204ff0ff3088e7ea
:1013c80011f0080fa8d0074b012283f870204ff0c6
:1013d800ff307ee7034b012283f870204ff0ff3087
:1013e80077e700bf38f600206c4b0300844b0300fe
:020000040000fa
:020000040002f8
:1013f8002de9f0410546846990f844601436207858
:10140800042767f30710b70867f303002070b5f8df
:10141800460010f0010f1fd004f1140795f845e0bd
:1014280007eb8e0c17f82e0060f07f0000f09f008d
:101438004ff0140868f3040007f82e0004208cf815
:1014480001000020acf802000cf10407a019874243
:101458003cbf00208cf8040000206070fbb11878b5
:1014680010f0200f03d0607840f004006070187806
:1014780010f0100f03d0607840f008006070187802
:1014880010f0080f03d0607840f0100060701878f2
:1014980010f0070f03d0677860f34717677032447e
:1014a80092b2100a40ea022262801c480288013285
:1014b80092b20280100a40ea0222a2800022e28050
:1014c80013b39a781ab1e27942f04002e2715b787c
:1014d800002b08bf64232372617200236381ab6b06
:1014e800e360eb6b23612b6c93f8683013f0040f07
:1014f8000cd02a69938933449381ab691e44ee6109
:101508002b6cab62bde8f0816423e4e7002231462e
:1015180020460df075fc6081ebe700bf2004012038
:020000040000fa
:020000040002f8
:1015280070b501291edd0d46164654683949204616
:1015380016f091fbc8b13849204616f08cfb0028fc
:101548004ad1022d14ddb4683249204616f083fbd7
:10155800b8b9324b1b787bb1304b187030490df05d
:101568004bfa56e0fff7acfb53e00ff035fa50e0ca
:101578002c490df041fa4ce02b4900200df03cfac3
:1015880047e000221146204616f040fd0446431e5f
:10159800b3f5616f17d2254b1b78cbb116f05cff02
:1015a800a4fb0001224bc3e9000114f0a5f8214b6c
:1015b800c3e90001194b01221a7022461e49002076
:1015c8000df01afa25e01d4900200df015fa20e06b
:1015d800ff200ff059fee1e71949204616f03bfbc2
:1015e80078b100221146204616f010fdfe2809d9d0
:1015f800144900200df000fa134900200df0fcf901
:1016080007e0ff20c0b20ff03ffe104900200df0a8
:10161800f3f970bd30f4010034f4010048040120ee
:1016280068f401003cf4010084f40100490401203d
:1016380078fd002070fd0020d0f40100a8f401001e
:10164800f8f40100fcf4010024f5010054f5010050
:020000040000fa
:020000040002f8
:10165800002878d02de9f84306464022002116f0ec
:10166800adfc394b1c783470384b1b687360384bb1
:101678001b68b360374b1b68f360374b1b683361db
:10168800364b18685d68b061f561354bd3e90023c6
:10169800c6e90823334bd3e90023c6e90c23324bb0
:1016a800d3e9002352ea03010ad0801a65eb030547
:1016b8002e4fa0fb070107fb051109f06dfd7061b6
:1016c8008cbb234b1f68012f2bd9294b1a68d21bbf
:1016d80002f00f02274b03ebc203d3e90001531cae
:1016e800174480468946dff88cc000bf03f00f021c
:1016f8000cebc202d2e90045844275eb0102bcbf83
:1017080020462946a04579eb0502bcbfa046a9465c
:101718000133bb42ead1b8eb000269eb0103b263c3
:10172800f363bde8f88313f0e7ff134b1c685d68ab
:10173800124bd3e90023001b61eb050114f0ccf830
:10174800c6e90a01bde770475d040120dc010120fc
:101758001c020120e8010120e401012090fe002084
:1017680000fe002030fe002088fe002000ca9a3bc0
:1017780020020120b8f4002028fe0020a0fe00204e
:020000040000fa
:020000040002f8
:10178800f0b540f2ff7681ea030c16ea115e1ebf3f
:10179800b64516ea1355b54252d021ea465141f4ee
:1017a8008011a1fb024723ea465343f48013ae4459
:1017b800a0fb03650cf0004c36197d41a1fb0347e3
:1017c80047f10003a0fb0217f619654153f1000326
:1017d800094218bf46f0010640f2fe74b3f5007fd7
:1017e80013d2aef5806ea64523d24cea0331280306
:1017f80041ea155140ea16503203450872f1004299
:1018080050f1000051eb0e51f0bdaef2ff3ea6457f
:101818000fd24ceac321e80241ea555140ea56503a
:10182800f202450872f1004250f1000051eb0e51ee
:10183800f0bd1eea0e0f2dd50cf000410020f0bdc2
:1018480016ea115f04bf01f000410020004218bff2
:1018580041f0010116ea135f04bf03f000430022c0
:10186800124218bf43f0010306ea1354b44218bfea
:10187800b64503d00cf000410020f0bd21f0004136
:1018880023f00043b1eb065f0cd8b3eb065f09d831
:1018980041b13bb10cf0004141f0fe4141f470010f
:1018a8000020f0bd40f20001c7f6f8710020f0bd3d
:020000040000fa
:020000040002f8
:1018b800002800f09080f8b50446002900f08d80db
:1018c8000e46a1f1100516f0cdff94f84430e3b9a7
:1018d80016f0ccff56f80c7c636ae3b1ab422dd905
:1018e80005eb071293421bd046f8103c6562236b48
:1018f800db1b236316f0b6ff94f84430013384f8f9
:10190800443016f0b3ff3801f8bd013b84f8443089
:1019180016f0acffdee746f8103ca5626562e6e724
:101928005b683b4446f80c3c636a1b6846f8103c0d
:10193800a26a636a9a42d9d1a562d7e7a26aaa4283
:1019480029d2536802eb03118d4205d0156000239c
:1019580046f8103ca562cae73b445360c7e75268a3
:101968003a4446f80c2c1a68126846f8102ca16afa
:101978001a6891421ad1a56218e056f80c1c0a445c
:101988005a6056f8102c1a60a26aaa42afd1a36214
:10199800ade71b688bb19d42fbd91a68aa42f8d9fa
:1019a80005eb07118a42dad046f8102c5a6803eb87
:1019b80002118d42e1d01d6099e7f82384f8383090
:1019c80016f050ff94f84430013384f8443016f090
:0e19d8004dff002098e700207047002094e7a4
:020000040000fa
:020000040002f8
:0219e600704748
:020000040000fa
:020000040002f8
:1019e8002de9f84f434b1b680bb9bde8f88f064645
:1019f80016f038ff404b1b7873b916f037ff736940
:101a080001279f403d4b1b68002b38dd0024dff881
:101a1800f0a0dff8e8900ae0013b374a137016f0af
:101a280025ffece70134d9f800309c4227dadaf8d0
:101a3800003053f82450002df4d0d5f824804046c7
:101a480016f038fc0028eddb012383403b42e9d047
:101a58000121b5f9120008f033fdd5f858b0bbf1f3
:101a6800000fdfd0b5f8603013f4005fdad0eb6d0b
:101a78004ff400524146b5f91200d847d2e7337ef9
:101a8800022b2dd11b4b1c68013c1c6044bb1b4b1b
:101a98001b68002b0edd1a4e184d05e010f0d2fb26
:101aa80001342b68a34205dd336853f8240000286d
:101ab800f4d1f5e7134b1868114cc36821689847af
:101ac80000232360104b186820b116f0fafb0e4b68
:101ad80000221a6000230b4a1360084a136084e747
:101ae80016f0c0fe044a13780133137016f0befed8
:101af8007be700bfd80001202e040120d000012080
:0c1b0800cc000120dc000120d4000120f2
:020000040000fa
:020000040002f8
:101b140038b53d4b1b68bbb93c4b1b68002b6bd1e4
:101b2400037e002b6ad10c460546374b02221a600d
:101b3400836813b109b10b68e3b916f089fc98b94d
:101b44000020314b186002e0012b01d0002038bd89
:101b54002e4b1b68002b53dd027e002a52d1013329
:101b64002a4a13600120f2e716f06cfc28490cf0b5
:101b740045ffe5e714f078fc264b1860a868264b6f
:101b840018602568a288254b1a80e288244b1a80a5
:101b94008368042229469847224b1860c8b1224b17
:101ba4001d60052221490a2010f0cefe204b18604a
:101bb400e0b1164d2b6801332b6016f055fe01245d
:101bc4001c4b1c7016f054fe2c600f4b1c602046fe
:101bd400bde716f03dfc18b900200b4b1860b6e7c2
:101be40016f030fc14490cf009fff5e70df0dafcaf
:101bf4000020054b1860aae70020a8e70020a6e70c
:101c04000020a4e70120a2e7f4000120f000012055
:101c1400001e0300e8000120ec000120280401203c
:101c240026040120e0000120e400012089270000af
:0c1c3400f80001202f040120301e0300e6
:020000040000fa
:020000040002f8
:101c40002de9f04389b004460d4616461f46002391
:101c5000adf814300df11702029206aa019200931a
:101c600005aa04f0f7ff002870d09df81730002b6c
:101c70006ed09df818800df11703029306ab019307
:101c800000230093012305aa2946204604f0e2ff21
:101c9000002861d09df81730d3b19df81840b8f1f5
:101ca0000f0f17d8404614f013f9814690b1404603
:101cb00013f0cefd98b1438800930023109a394663
:101cc000304611f009fc002814bf0020042040e039
:101cd0000024e4e7214b224a1a60052039e0022162
:101ce000404613f065f9c8b10ef004ff0546d0b1c7
:101cf00080f80480002343718471012c1cd0022cd5
:101d00001fd06b8800930023109a3946304611f09b
:101d1000e3fb002814bf002004201ae00f4b114af7
:101d20001a60042015e00221404615f091fb0b4b90
:101d30000d4a1a6004200ce01946484613f052f987
:101d4000dfe70121484613f04df9dae7052000e00e
:101d5000052009b0bde8f0830520fae7f40501206d
:0c1d6000545f0300fcca02006c5f03002b
:020000040000fa
:020000040002f8
:101d6c002de9f04182b005460c461746002a3bd1be
:101d7c000026b04674220021204616f01df9a868f2
:101d8c0000283ad004f13c0109f0acfd04f1180133
:101d9c00e86800f00ffd04f11c01286900f00afd51
:101dac0004f12001686900f005fd04f12401a86923
:101dbc0000f000fd04f12801e86900f0fbfcab6abf
:101dcc006364002b51d01a8862809b7884f86b3046
:101ddc00013bdbb2032b15d90123002f47d183f034
:101dec00010002b0bde8f08107226c31684616f0a4
:101dfc00affb666db4f86080bce70022e263a4f828
:101e0c004020c3e704f12c006b68d3f800c059687c
:101e1c009a68db68c4f82cc041608260c36011f022
:101e2c0045faab8ca4f8483094f8433043f01003d7
:101e3c0084f84330b4f8423023f00703a4f842305e
:101e4c00204613f0f5fe636a2361a36a636194f87c
:101e5c00423043f0200384f84230b4f8423023f08f
:101e6c001803a4f842300023b7e70123b5e7009824
:101e7c00e066bdf804009df80610a4f8700084f824
:0a1e8c0072106665a4f86080a9e7f3
:020000040000fa
:020000040002f8
:021e9600704793
:020000040000fa
:020000040002f8
:101e98002de9f0470d4616461f4614f01bfa002898
:101ea8007fd0044690f83c80002d32d1b8f1000f65
:101eb80079d10027b94616f0d5fc3e4b1b78002b8c
:101ec80046d116f0d3fc002e50d1668d002e45d099
:101ed80016f0c8fc374a13780133137016f0c6fca5
:101ee80094f842306ff3410384f8423084f83c5050
:101ef8003a464946204610f0e5f80fb100284dd083
:101f08006685012094f8423043f0020384f8423099
:101f180042e06b1edbb2012b47d8b8f1000f01d0ad
:101f2800a84544d197b1012d02d04ff00009c2e76e
:101f38003b6813b94ff00009bde70021384614f09b
:101f480029fc81460028b6d1002025e0b946b2e731
:101f5800013b184a137016f089fcb4e712f02cfc08
:101f68000646b0fa80fa4fea5a1a09e0638db3427e
:101f7800aed0304611f0dafc80f001005ffa80fa4a
:101f880016f070fc0b4a13780133137016f06efcd0
:101f98000020baf1000fa3d0bde8f08784f83c8098
:101fa800b0e70020f8e70020f6e70020f4e700207b
:081fb800f2e700bf2e04012036
:020000040000fa
:020000040002f8
:101fc0004661696c656420746f2063726561746535
:101fd0002074686520436f6e736f6c6520415049b3
:101fe0000d0a0000202a2a2a20436f6d6d616e645d
:101ff0002050726f636573736f723a20506c656125
:102000007365207479706520696e206120636f6d3f
:102010006d616e642a2a2a0d0a0000000a0d205400
:102020006f6f206d616e7920617267756d656e747a
:10203000732e204d6178696d756d20617267732014
:10204000737570706f727465643a202564210d0a8f
:1020500000000000202a2a2a20436f6d6d616e6403
:102060002050726f636573736f723a20756e6b6e7a
:102070006f776e20636f6d6d616e642e202a2a2a41
:102080000d0a00003e000000081b5b4b25731b5b24
:1020900025644400081b5b4b000000001b5b4b25c4
:1020a000731b5b256444000025731b5b256444009f
:1020b000202a2a2a20436f6d6d616e642050726f52
:1020c000636573736f7220627566666572206578ea
:1020d0006365656465642e2052657472792e202aca
:0820e0002a2a0d0a000000bfce
:020000040000fa
:020000040002f8
:1020e80050696e672055736167653a2070696e673d
:1020f800203c73746f703e2f3c6e616d652f616478
:1021080064726573733e203c6920696e74657266fb
:102118006163653e203c6e206e50696e67733e2099
:102128003c74206d73506572696f643e203c732067
:1021380073697a653e0d0a0073746f7000000000c1
:1021480050696e673a20636f6d6d616e6420696ec9
:102158002070726f67726573732e2052657472797e
:10216800206c617465722e0d0a00000050696e675c
:102178003a20486f7374206e616d6520746f6f200c
:102188006c6f6e672e2052657472792e0d0a0000ee
:10219800690000006e000000740000007300000079
:1021a80050696e673a20446174612073697a6520ca
:1021b800746f6f206269672e204d61783a2025641c
:1021c8002e2052657472790d0a00000050696e67fe
:1021d8003a20556e6b6e6f776e20706172616d6517
:1021e8007465720d0a00000050696e673a207265c6
:1021f800736f6c76696e6720686f73743a20257305
:042208000d0a0000bb
:020000040000fa
:020000040002f8
:10220c005365742069702061646472657373204f28
:10221c004b0d0a005365742069702061646472650b
:10222c007373206661696c65640d0a005573616790
:10223c00653a207365746970203c696e74657266ca
:10224c006163653e203c697076342f36206164648e
:10225c00726573733e203c697076346d61736b2fbd
:10226c006970763620707265666978206c656e3e92
:10227c000d0a000045783a20736574697020504946
:10228c00433332494e54203139322e3136382e30c8
:10229c002e38203235352e3235352e3235352e301e
:1022ac00200d0a004e6f207375636820696e74658b
:1022bc0072666163652069732075700d0a000000f9
:1022cc00416e206164647265737320736572766904
:1022dc00636520697320616c726561647920727525
:1022ec006e6e696e672e2053746f70204448435095
:1022fc002c205a434c4c2c206574632e206669723a
:10230c0073740d0a00000000496e76616c696420dc
:10231c004950206d61736b20737472696e67200d68
:04232c000a0000bfe4
:020000040000fa
:020000040002f8
:10233000f8b5037e032b74d03b4b1b882bb13a4a74
:102340001388013313800120f8bd0c468268374b97
:102350001a600023364a1360364a1360364a136007
:1023600053609360d360354a136053609360344a7e
:102370001360344a136053609360d360324a136031
:1023800000293bd00b684bb94ff0ff3416f062f8d0
:1023900000283fd10cf070fd0020d5e700222b492a
:1023a000032010f0d3fa234b186050b3224814f0e6
:1023b000a7fd10b96ff00204e8e7224816f03afad8
:1023c00010b31a4b186883681022216898471c4b79
:1023d0001860e0b1194816f0d7f9194b1d68236849
:1023e000002bacd00026154f2946384615f0fbf8d7
:1023f000013610352368b342f6d8a0e74ff0ff341a
:10240000c4e76ff00104c1e76ff00304bee76ff0ab
:102410000404bbe716f018f822460d490cf0f0fa58
:10242000b8e7012090e700bf22040120ac000120a2
:10243000a8000120b000012070fc0020ecfc00206e
:10244000a400012080fc0020a00001204d790100a3
:042450008c62030097
:020000040000fa
:020000040002f8
:102454002de9f04f85b08246d0f804b000230393f1
:10246400022953dd1446a1f1030828f0010808f1fc
:10247400030801260193994614e003a9384600f0a5
:102484009df9019050b9daf800301b682e4958467e
:10249400984741e0384610f01efe81460236083463
:1024a400b0451ad06568a7682849284615f0d5fbb9
:1024b4000028e2d02649284615f0cffb0028e9d0b1
:1024c4002449284615f0c9fb0028e3d0daf8003087
:1024d4001b68214958469847e0e7019bb3b1b9f11d
:1024e400000f1cdb1d4b1b684b4518dd1c4ad82311
:1024f40003fb092393f8ce20012a1ad0daf800301e
:102504005b684a4617495846984705e0daf80030b0
:102514001b6815495846984705b0bde8f08f0f4b26
:102524001a68daf800305b68013a1049584698474f
:10253400f2e7039ac3f88020daf800305b684a4671
:102544000b4958469847e7e7085802000458020028
:1025540074540200785402002c5802000001012037
:1025640098ef00207058020048580200b45402004a
:04257400b458020055
:020000040000fa
:020000040002f8
:102578002de9f047441ea4b2092c7cd824b204eb00
:10258800c400434b13f82030002b78d00346404852
:1025980000eb83039b681f6d002f4bd015460e463a
:1025a80004ebc4033a4a02eb83039b8813f0200828
:1025b80051d004ebc40302eb83039b78042b41d175
:1025c80004ebc40302eb8303db68d3f81890b9f17a
:1025d800000f37d0d3f82c80b8f1000f32d0dff8d5
:1025e800b0a004ebc4030aeb8303b3f90600b847b1
:1025f800074604ebc4040aeb84041c340022314669
:102608002046c84728b131462046c04780b2874295
:1026180037d2002d37d0002229462046c847034626
:1026280050b329462046c04780b287422cbf2b466c
:10263800002321e004ebc40400eb8404ff23e370cf
:10264800002319e004ebc404114b03eb8404ff23bb
:10265800e370002310e004ebc4040d4b03eb840487
:10266800b4f90600b8470346864205d96db18542dc
:1026780088bf434600e000231846bde8f0870023e2
:10268800fae73346f8e72b46f6e72b46f4e700bfb0
:0426980068e70020cf
:020000040000fa
:020000040002f8
:10269c002de9f04f0e4649683568d6f80890f76872
:1026ac008bb0cde903230029acbf25f00205012135
:1026bc0015f010030593039b8346d3e900232fd019
:1026cc0052ea03002cd0a9f10208346915f0080075
:1026dc0004f1ff3408904ff00000385518bf08f192
:1026ec00ff388a46012c1ddc059b002b54d1089b1e
:1026fc0013b1013c20233b5532690095013a4b46fe
:10270c00121b391958460af093ffdbf80430db052d
:10271c0003d573689842b8bf18460bb0bde8f08f6c
:10272c00c846d2e752ea030009d1baf1000f06dc21
:10273c00a8eb010050440028d6dda807d4d502f040
:10274c000f000928d4bf00f1300e00f1570e049889
:10275c00a0f1410cbcf1190f04f1ff3410d84ef06c
:10276c00200cacf1610cbcf1190f09d87046099121
:10277c00cde9062315f0e9fddde906230999864626
:10278c00100940ea03704fea131c07f804e00af141
:10279c00ff3a02466346a5e7039bd3e9000150eae2
:1027ac000103a4d03a19049b02f8013c023c3023eb
:0427bc003b559ce706
:020000040000fa
:020000040002f8
:1027c000f0b482b00d4609b100230b60002871d02f
:1027d0000378002b70d0002101300c460a463f4e92
:1027e00010e0032a16d0fe2b31d0092b6cd8013211
:1027f000d2b2090263f3070110f8013b002b69d044
:10280000032c5dd8303bdbb2002aead1092beed98c
:10281000002052e0fe2b55d1b14201d900204ce0fe
:10282000621c02ab1c44c1f3074303eb830303ebbd
:102830008307c1f3072303eb83035b0003eb8703e9
:10284000194404f8041c0021d4b20a46d4e7b1426a
:1028500001d9002031e0621c02ab1c44c1f30743e4
:1028600003eb830303eb8307c1f3072303eb83032a
:102870005b0003eb8703194404f8041c0021d4b265
:102880000a46b9e7154b994220d8c1f3074303eb39
:10289000830303eb8302c1f3072303eb83035b0092
:1028a00003eb820319448df807108db1019b2b6057
:1028b000012002e0012000e0012002b0f0bc7047de
:1028c0000020fae70020f8e70020f6e70020f4e710
:1028d0000120f2e7032cd5d00020eee70505020029
:020000040000fa
:020000040002f8
:1028e0002de9f047894609b100230b60002863d029
:1028f00004463f4814f078fc824600285fd0268ac0
:102900000836b6b2022300223146482013f0c2f93d
:102910000546002864d0374b83604ff00008c0f8ac
:102920000c80c76908233b7087f80180a7f80280f4
:102930006389bb802389fb80228ae16807f1080054
:1029400014f0a2fd4246314638460cf05dfa78801c
:102950006368eb63434605f1380205f13c012068ea
:102960000ff061fe286478b30af108070fcc0fc797
:1029700094e8070087e807002a6993893344938124
:102980004346324601212846fef736fd284615f01b
:1029900025fd10b96ff0020418e013f053fdcaf8da
:1029a00004005146144814f01efeb9f1000f09d07e
:1029b000c9f800a0444610e06ff003040de06ff08a
:1029c00004040ae0002408e06ff0010451460848be
:1029d00014f009fe284611f05dfa2046bde8f087a4
:1029e0005146034814f0fffd4ff0ff34f5e700bff8
:0c29f00004fd002045880300f8fc0020d6
:020000040000fa
:020000040002f8
:1029fc00002874d0f0b5a5b00646002973d0002a83
:102a0c0074d015460c46436913f1020f16d1b5f577
:102a1c00803f6fd8337c012b6fd12a462146f0685a
:102a2c00f2f772f80346022810d0002b5fd0032b6c
:102a3c0050d0022333746ff0c60358e00df012ff30
:102a4c0003466ff48772904251d1e0e780230293e2
:102a5c0004ab019320230093294b302229490120f8
:102a6c0013f0acf90146002834d10df10f022648c1
:102a7c000df18f0c12f8013f10f8017f7b401943c8
:102a8c006245f7d131bb242204a930460bf0ecff90
:102a9c0050b1012304a900240da80a4602f8014be9
:102aac0011468242f9d1c0e7242104a80cf038fc6d
:102abc0003460028eed1202205a9f06806f034fe6a
:102acc0003460028e6d12a462146f068f2f71cf8a6
:102adc000346dfe7032333746ff0d00307e06ff096
:102aec00ac03184670476ff0ac0300e000231846a7
:102afc0025b0f0bd6ff0ac03f9e76ff0c603f6e755
:0c2b0c006c6d030060570300c3d9020089
:020000040000fa
:020000040002f8
:102b180070b506460c46154613f018fc00287ad006
:102b280003460b2c79d8dfe804f0061b3844787884
:102b380050785b636e72002d71d02a7882f00102a2
:102b480090f8741062f3861180f874106a7882f035
:102b58000102c9b262f3c71180f8741001205be06a
:102b6800002d5ed0287893f83f2060f3861283f812
:102b78003f20002857d0002283f879206a8842f243
:102b88001071002a08bf0a46a3f870202a79002a83
:102b980008bf062283f884203ee0b5f5803f01d3c4
:102ba800002039e024230022a9b23046f0f7e6fedf
:102bb80032e0b5f5803f01d300202de01823aab2fa
:102bc80000213046f0f7dafe26e0003518bf01256f
:102bd80090f8752065f3c30280f8752001201be08a
:102be80090f83f2065f3051280f83f20012013e09c
:102bf800003518bf012590f83f2065f3c71280f80b
:102c08003f20012008e080f88550012004e080f88a
:102c18008650012000e0002070bd0020fce7002065
:0a2c2800fae70020f8e70120f6e7c4
:020000040000fa
:020000040002f8
:022c32007047e9
:020000040000fa
:020000040002f8
:102c34002de9f84f0446924601eb01139b00984698
:102c4400d0f88c2013445d6901eb81018f0031e0e1
:102c5400036a23f008030362e36a41f25002514617
:102c64009847d4f884300133c4f8843005ebc902a2
:102c7400536823f400435360d4f88c304344a3f8de
:102c84004090bff35f8f00233381f380b380236bc5
:102c94001bb1032104f160009847d4f88c00404430
:102ca4003146303014f042fc236b1bb1042104f193
:102cb40060009847236b1bb1032104f1600098471f
:102cc400d4f88c004044243014f09ef90646236b5b
:102cd4001bb1042104f16000984776b33289b388ac
:102ce400b6f8069055f83310d4f8cc000140b4f986
:102cf400c80008584ff6ff7cdff844e0013a92b26e
:102d04006245a5d005ebc301d1f804b04bf0004bec
:102d1400c1f804b0d1f804b00bea0e0bc1f804b04a
:102d2400002145f8331001339bb2d4f8981039448c
:102d34004989994298bf0023e0e7bde8f88f00bfb6
:042d4400008000c04b
:020000040000fa
:020000040002f8
:102d4800f0b587b00446456801290fdd56680222b0
:102d58003349304614f086fb98b104223149304695
:102d680014f080fb00283dd007b0f0bd03681b6855
:102d78002d492846984723681b682c4928469847b8
:102d8800f2e70021084608f063fdb0f1ff3f05d0e7
:102d980023681b68264928469847e5e7254b1e689f
:102da800d6b16f460fce0fc796e8030087e8030039
:102db80023685b682049284698476946002008f040
:102dc80047fd23681b681d491d4ab0f1ff3f18bf26
:102dd800114628469847c7e723681b6819492846bb
:102de8009847c1e70021084608f032fd0646b0f1d1
:102df800ff3f05d123681b68134928469847b3e766
:102e0800124f394612f098fa0a4b1f60304614f0f8
:102e1800cbf923681b680e4928469847a4e700bfea
:102e2800dc2f0200403002009c2f0200c02f02005d
:102e3800e02f02009000012014300200702f0200e1
:102e4800842f0200f42f02004830020008fc002002
:042e580070300200d4
:020000040000fa
:020000040002f8
:102e5c0055736167653a206966203c696e746572ca
:102e6c00666163653e203c646f776e2f75703e2003
:102e7c000d0a000045783a206966205049433332e8
:102e8c00494e5420646f776e200d0a00556e6b6ea0
:102e9c006f776e20696e74657266616365207370fe
:102eac0065636966696564200d0a0000546869737e
:102ebc0020696e7465726661636520616c72656110
:102ecc0064792075700d0a004f7065726174696fba
:102edc006e206661696c65642e204e6f20636f6e88
:102eec0066696775726174696f6e0d0a0000000087
:102efc0066756c6c000000005468697320696e7410
:102f0c0065726661636520616c72656164792064c9
:102f1c006f776e0d0a00000057726f6e672070613c
:102f2c0072616d657465722073706563696669653d
:102f3c0064200d0a000000004f7065726174696fa7
:102f4c006e207375636365737366756c210d0a006f
:102f5c004f7065726174696f6e206661696c65642f
:042f6c00210d0a0029
:020000040000fa
:020000040002f8
:102f7000537461636b207570206661696c65640dc4
:102f80000a000000537461636b20757020737563d1
:102f90006365656465640d0a000000005573616730
:102fa000653a20737461636b203c75702f646f7792
:102fb0006e3e203c70726573657276653e0d0a0048
:102fc00045783a20737461636b20646f776e20706c
:102fd000726573657276650d0a00000075700000f9
:102fe000537461636b20616c7265616479207570e4
:102ff000210d0a005475726e20537461636b206456
:103000006f776e20616e64207468656e2075702124
:103010000d0a000052657374617274696e672074e2
:10302000686520737461636b207769746820256418
:1030300020696e746572666163652873290d0a00e4
:10304000646f776e00000000537461636b20646fdf
:10305000776e3a2063616e6e6f74206765742061cd
:1030600020737461636b2068616e646c650d0a0087
:10307000537461636b20646f776e20646f6e650daf
:043080000a0000bf83
:020000040000fa
:020000040002f8
:10308400374a0020107081b32de9f04383b01c4609
:10309400344b1b7893b3344bd3e9002352ea030136
:1030a4002cd03249d1e900673149d1e90089b945c9
:1030b40008bfb0451ed2b6eb080067eb090112f059
:1030c4000dfc4ff47a72002310f5fa7041f10001ff
:1030d40012f004fc01460246264b1b68a3422fd281
:1030e40060b1e31a984209d02de0234a13680133f2
:1030f400136070471f4b1b689c421fd91d4b1c60fb
:103104001a4bd3e900671a4bc3e900670120154b3a
:1031140018701a4b1c601a4ba4fb0345194bc3e9e6
:103124000045cde9004532463b46e6f7cffb164a5b
:1031340013680133136003b0bde8f0830022114625
:10314400002adbd0002311480268013202605b1ab6
:103154000f4a1360074b1c60054bc3e90067eae79d
:103164007f0401207c040120c8ff0020c0ff002050
:10317400b8ff002030030120340301202403012080
:1031840000ca9a3ba8ff0020400301203c03012011
:0431940038030120db
:020000040000fa
:020000040002f8
:103198002de9f04180460ef0e3ff70b10546048842
:1031a8003a4a742303fb042393f87030012b0ed0a2
:1031b80015f04cf920bbbde8f08115f047f900285f
:1031c800f9d015f03df9324912f066faf3e77423a5
:1031d80003fb04f62d4a9719002287f87020384619
:1031e80003f09cfd90b1294a742303fb04231b6e52
:1031f800434515d0274a324400264ff0010c1fe002
:1032080015f01ef9244912f047fad4e715f01ef913
:103218000028d0d015f014f9204912f03dfacae779
:10322800742303fb0423002283f864209a664ff07a
:10323800ff321a66012283f87220dbe703f12002cd
:10324800136873b19869696a8842f7d1597d012971
:10325800f4d1196a11605e7583f814c01e621e707d
:10326800eee7384605f064fd084b742202fb04348f
:103278006368013b6360002363704ff0ff326a624a
:10328800eb70012384f8703095e700bf38f6002012
:10329800f015030058f6002008160300281603004e
:020000040000fa
:020000040002f8
:1032a800002a68d12de9f04188b04389344a128850
:1032b8009a1a18bf01220189324b1b88994218bffc
:1032c80042f002028046038a2f490f68bb4228d089
:1032d80042f008029f42a8bf1f46c168002f12ddb6
:1032e8002a4b187811f8013b98420ad1284c002340
:1032f8000133bb4218da14f8016b11f8015bae42d6
:10330800f6d042f01002234b1b681b685b68224909
:10331800224800689847224b00221a6008b0bde88e
:10332800f081c168002fdbdc002aecd113f086f8ad
:103338001c4b1c68001b4ff47a7404fb00f413f058
:1033480091f8b4fbf0f4002c08bf0124142203a95f
:1033580008f104000ef050ff0e4b1b681b685d68f7
:10336800114b1a6801321a60009403ab0f490b48dd
:103378000068a847cfe70a4b00221a60704700bfd1
:103388001604012018040120dc050120c8be002015
:10339800c9be0020940001209816030050000120a7
:1033a80060000120680001204c000120c4160300c1
:020000040000fa
:020000040002f8
:1033b800556e6b6e6f776e206865617020747970da
:1033c800652e205573653a205b312c2025645d0df0
:1033d8000a0000004e6f206865617020696e666f94
:1033e8002065786973747320666f722074797065cc
:1033f8003a202573210d0a004865617020747970a0
:10340800653a2025732e20496e697469616c2063c2
:1034180072656174656420686561702073697a6596
:103428003a2025642042797465730d0a0000000073
:10343800416c6c6f6361626c6520626c6f636b20ba
:10344800686561702073697a653a2025642042793d
:103458007465730d0a000000416c6c206176616927
:103468006c61626c6520686561702073697a653a81
:103478002025642042797465732c20686967682068
:1034880077617465726d61726b3a2025640d0a006c
:103498004c6173742068656170206572726f723a4e
:1034a80020307825780d0a004e6f205472616365cc
:1034b80020696e666f206578697374732e0d0a0033
:020000040000fa
:020000040002f8
:1034c8002de9f0479ab0441ea4b2092c77d824b24b
:1034d80004ebc4003c4b13f82030002b71d003469a
:1034e800394800eb83039d8815f020054bd004eb89
:1034f800c40300eb8303db68df694fb181b104ebe0
:10350800c404314800eb84001c30b84785b24be056
:1035180004ebc40400eb8404ff23e370002543e0bc
:103528002a4ba3fb02384fea58184ff0640a0afbeb
:1035380018221ffa82fa1ffa88f8b8f1000f20d073
:1035480004ebc409204b03eb890909f11c09002588
:103558002e46642201a94846b8470544adb2013653
:103568004645f6d1baf1000f1ed004ebc404164844
:1035780000eb8400524601a91c30b8470544adb29f
:1035880012e00025eee704ebc4030f4800eb8303c9
:103598009b685e6c66b104ebc4040b4b03eb8404bc
:1035a800b4f90600b047054628461ab0bde8f087ca
:1035b80004ebc40400eb8404ff23e370f4e7002564
:1035c800f2e70025f0e700bf68e700201f85eb5110
:020000040000fa
:020000040002f8
:1035d800021000002d61010005110000c5e602007f
:1035e80000130000411c0200301300008dd00200bf
:1035f8003213000045db020036130100318203005c
:1036080050130000c968010056130000757f0300bd
:1036180060130000911f0300001800001dab01009b
:10362800021800003d2d030004180000194a02008a
:1036380006180100194a020000120000ad6d0300cf
:1036480002120000ad6d030003120000ad6d03000f
:1036580004120000ad6d030006120100ad6d0300f9
:1036680008120000ad6d030020120000ad6d0300cc
:1036780000140000ad6d030004140000ad6d0300dc
:1036880006140100ad6d030020140000ad6d0300a9
:1036980000150000ad6d030002150000ad6d0300bc
:1036a80008150000ad6d030009150000ad6d03009d
:1036b80011150000ad6d030000170000ad6d03008b
:1036c80002170000ad6d030020170000ad6d030068
:1036d80003170000ad6d030004170000ad6d030073
:020000040000fa
:020000040002f8
:1036e800404b93f81432012b02d00423184670473c
:1036f8002de9f047adf5007d9046894604468308dc
:10370800394aa2fb03235b099fb2364a002182f89b
:103718001412c3ebc313a0eb83039bb2dbb9b8f558
:10372800fe7f53d399f800308df80430651cadb294
:103738002e46a246a044454527db01a93846f8f79e
:103748005dfd0346274a012182f8141218460df53b
:10375800007dbde8f08701a938460bf0d5fc03468b
:1037680000283ad12646a246a0444445eada25462e
:103778000be000bfa6eb0a0619f8062001ab1a55a4
:103788000135adb22e464545d7daab08164aa2fb3d
:1037980003235b09c3ebc313a5eb8304a4b2002c7a
:1037a800e8d101a93846f8f729fd03460028c9d110
:1037b8000137bfb201a938460bf0a6fc0346002822
:1037c800d8d0084a012182f81412bfe701a9384667
:1037d8000bf09afc03460028a4d0024a012182f883
:0c37e8001412b3e7d0dd00200502814080
:020000040000fa
:020000040002f8
:1037f40020203c3c205354414c4500000000000074
:10380400594553202d2076616c756520756e75734e
:1038140061626c65000000006e6f00005b25735de3
:10382400206e6f2073616d706c65207965742e0d48
:103834000a0000005b25735d2050686173653a20bf
:103844006c61737420252b6c64206e732020204dd2
:10385400656469616e20252b6c642020204d4144f1
:1038640020256c64206e730d0a0000005b25735dd7
:103874002020206d696e20252b6c6420206d6178da
:1038840020252b6c64206e7320202073616d706c76
:10389400657320256c75206f6620256c75202020ab
:1038a40061676520256c75206d7325730d0a000012
:1038b4005b25735d2020206d6561737572696e6789
:1038c4002072616e6765202b2d256c752075732021
:1038d4002868616c6620746865206772696420706a
:1038e4006572696f64292020207361747572617434
:0c38f40065643a2025730d0a000000bf37
:020000040000fa
:020000040002f8
:10390000ffffffffffffffffffffffffffffffffc7
:10391000ffffffffffffffffffffffffffffffffb7
:10392000ffffffffffffffffffffffffffffffffa7
:10393000ff00010203040506070809ffffffffff60
:10394000ffff0a0b0c0d0e0f101112131415161792
:1039500018191a1b1c1d1e1f20212223ffffffff09
:10396000ffff0a0b0c0d0e0f101112131415161772
:1039700018191a1b1c1d1e1f20212223ffffffffe9
:10398000ffffffffffffffffffffffffffffffff47
:10399000ffffffffffffffffffffffffffffffff37
:1039a000ffffffffffffffffffffffffffffffff27
:1039b000ffffffffffffffffffffffffffffffff17
:1039c000ffffffffffffffffffffffffffffffff07
:1039d000fffffffffffffffffffffffffffffffff7
:1039e000ffffffffffffffffffffffffffffffffe7
:1039f000ffffffffffffffffffffffffffffffffd7
:0a3a0000ff000102040703060500a1
:020000040000fa
:020000040002f8
:023a0a00704703
:020000040000fa
:020000040002f8
:103a0c002de9f0418ab004464568002302930193e6
:103a1c00039305930493069308930793099305f175
:103a2c008c08384f15e0314601a813f095fd10e0d5
:103a3c00c07b4ff483723946022814bf002001204a
:103a4c0012f070fe33699c42edd0314604a813f09d
:103a5c0083fd404613f028fb06460028e8d105f10b
:103a6c008c0304aa07ca83e80700019941b1022616
:103a7c00334601aa28460af08bfb01990029f7d19d
:103a8c0005f198081f4f15e0314601a813f064fdad
:103a9c0010e0c07b4ff483723946032814bf00201a
:103aac00012012f03ffe33699c42edd0314607a84d
:103abc0013f052fd404613f0f7fa06460028e8d101
:103acc0005f198030aaa12e9070083e80700019997
:103adc0041b10326334601aa28460af059fb019945
:103aec000029f7d100232380ff2323736268938876
:103afc00013b93806268538823f0040353800ab01f
:083b0c00bde8f081dc77030045
:020000040000fa
:020000040002f8
:103b14001b5b324a1b5b33316d1b5b316d4d69633b
:103b2400726f636869702054656c6e6574205365a8
:103b34007276657220312e311b5b306d0d0a4c6f2d
:103b440067696e3a20000000546f6f206d756368da
:103b540020646174612e2041626f727465640d0a81
:103b6400000000000d0a4163636573732064656e91
:103b74006965640d0a0d0a000d0a00005061737333
:103b8400776f72643a20fffd2d0000000d0a4c6f20
:103b94006767656420696e20737563636573736614
:103ba400756c6c790d0a0d0a000000000d0a2d2dac
:103bb4002d2054656c6e657420436f6e736f6c6555
:103bc400202d2d2d0d0a547970652068656c7020a8
:103bd400666f7220636f6d6d616e64730d0a3e00d3
:103be4004661696c656420746f20636f6e6e6563f3
:103bf4007420746f2074686520636f6d6d616e64ea
:103c04002070726f636573736f722e2041626f72de
:083c140074696e67210d0a00be
:020000040000fa
:020000040002f8
:103c1c00f0b58bb00d4614463d4a13680133136062
:103c2c00204614f076fb064660b948f6b6039c4273
:103c3c003cd0384b1b6823f00203012b42d030469a
:103c4c000bb0f0bd6f6928220021684614f0b4f95e
:103c5c0011f050fdcde9000114f0c4fa0290384681
:103c6c0013f084f90390adf810402b699b89adf8e3
:103c7c00123000238df81a308df81c30384650f86d
:103c8c00063fcdf81d308388adf8213014f006fcca
:103c9c0028b901220221284611f0acfbcfe72b6991
:103cac009a896969684600f0bdfbf2e72b6999892e
:103cbc00686908f04ffd01220221284611f09afb99
:103ccc000126bce728220021684614f075f911f092
:103cdc0011fdcde900010e4b1b680293adf81040ad
:103cec002a699389adf8123000238df81a3002231b
:103cfc008df81c3069690b4653f8060fcdf81d0082
:103d0c009b88adf821309289684600f08bfb96e7d2
:083d1c004801012040010120d3
:020000040000fa
:020000040002f8
:103d24002de9f84fd0f8a4a090f89c30002b75d062
:103d340004464ff000094f461de000bfd4f88c3014
:103d4400434405f10055013d5b6903ebc5056b6810
:103d540043f080436b60d4f88c3043445b6923f0b8
:103d64000303caf81c3009f1010994f89c205ffa96
:103d740089f39a4252d95ffa89f303eb03184feaa5
:103d840088084646d4f88c204244d761976117626c
:103d9400d4f88c204244576317639763d4f88c207b
:103da400424497625762d76203eb83039b009b46ae
:103db400d4f8982013445d89002dbfd03d4600bf40
:103dc400d4f88c303344df87d4f88c303344a3f8f0
:103dd4004070d4f88c3033445b6943f83570d4f8c0
:103de4008c3033445b6903ebc5034ff080225a6087
:103df400e3690c220121a0699847d4f88c3033443c
:103e0400014603f1300013f091fb0135adb2d4f853
:103e140098305b445b89ab42d2d88fe70020bde881
:043e2400f88f00bf54
:020000040000fa
:020000040002f8
:103e28002de9f04100296dd01e460025dff8f0800d
:103e3800364f1ce0364808f049ff17e0354808f0cf
:103e480045ff13e0344808f041ff0fe0384608f01a
:103e58003dff0be0314808f039ffbde8f0814046ee
:103e680008f034ff0134e4b21f2cf6d80135ecb267
:103e78000123ab403342f5d01f2cf0d801a353f8ef
:103e880024f000bf3d3e0200453e02004d3e0200c8
:103e9800553e0200673e0200673e0200673e020090
:103ea800673e0200673e0200673e0200673e02006e
:103eb800673e0200673e0200673e0200673e02005e
:103ec800673e0200673e0200673e0200673e02004e
:103ed800673e0200673e0200673e0200673e02003e
:103ee800673e0200673e0200673e0200673e02002e
:103ef800673e0200673e0200673e0200673e02001e
:103f08005d3e0200064808f0e1fea6e7a0cd0200eb
:103f18005ccd020074cd02008ccd0200b4cd02004d
:043f2800cccd0200fa
:020000040000fa
:020000040002f8
:103f2c002de9f04389b0814688461746109d119eb5
:103f3c0008238df8003065238df8013080238df82f
:103f4c00023001238df8033000248df804408df8e5
:103f5c0005408df8064018228df807208df8084092
:103f6c008df809408df80a408df80b408df80c3017
:103f7c008df80d3002238df80e308df80f4014f0b3
:103f8c0081fa8df810408df811008df812908df893
:103f9c0013803b0e8df814303b0c8df815303b0a1a
:103fac008df816308df81770330e8df81830330ce1
:103fbc008df81930330a8df81a308df81b602b0ee2
:103fcc008df81c302b0c8df81d302b0a8df81e3003
:103fdc008df81f500d4b18780d4b0e4a0e49a04210
:103fec0008bf0a462021684609f09efa024638b9f5
:103ffc000a490b6801330b60104609b0bde8f08329
:10400c0007490b6801330b60f6e700bf85040120fc
:10401c00acf9002018000120dc8803009803012073
:04402c0094030120d8
:020000040000fa
:020000040002f8
:1040300038b53c4b834227d130b39b7d13f0010f41
:1040400022d0384cd4f8a8502b69e068984794f9ee
:104050001430012b19d0334bb3f8d03013f0040fc8
:1040600004d1304b9b7d13f0100f04d02d4b93f8ef
:10407000d330012b08d12b4c4ff0ff31204608f0f4
:104080005bfd002384f8d33038bd2469eb692046fa
:1040900098470128f8d02b6a20469847044628bb49
:1040a000204b9a7d42f004029a75b3f8a03013f0c9
:1040b000010f2cd01b4a937d43f00803937512f037
:1040c000c1f9184ca06312f0d1f9b4f89e3000fb8e
:1040d00003f303f2e733144aa2fb03239b09e363d0
:1040e000002384f8463002232375cde70d4d284682
:1040f000f7f7c0fdff232b7514f0acf90028c3d0ef
:1041000014f0a2f9224609490af07afcbce703f050
:104110000203002b034814bf0f220022818e09f0f6
:104120003af8cce790040120d34d6210f06f030001
:020000040000fa
:020000040002f8
:104130002de9f04710240026dff8f0804ff6ff77d6
:104140001de0911901f580531888935b834268d074
:104150000b4601f5606100bfb3f80022824260d0d7
:1041600003f500738b42f7d1c5f30f1012f004fb77
:104170001ce01f2c42d806f500561034a4b2a4f15e
:1041800010039bb2d8f8041031f80690b945f0d06e
:104190001f2c10d84fea131a254600bfd8f8042068
:1041a0006b02d35abb4201d09945cad01035adb28b
:1041b0001f2df3d9dfe700231c485a028a5a072a29
:1041c0009cbf121813720133202bf6d1174b4ff6f8
:1041d000ff721a820b4601f5005501224ff6ff745b
:1041e0001888a04218bf002203f500739d42f7d142
:1041f00032b100230d4a1382bde8f0870023dbe7cc
:10420000102301204ff6ff755c020c5bac4218bf17
:10421000104601339bb2202bf6d10028ecd00123ad
:10422000e8e7504612f0a8fac0e700bfd0dd002052
:020000040000fa
:020000040002f8
:10423000982f8a4291443771cffbc0b5a5dbb5e911
:104240005bc25639f111f159a4823f92d55e1cab85
:1042500098aa07d8015b8312be853124c37d0c5513
:10426000745dbe72feb1de80a706dc9b74f19bc15b
:10427000c1699be48647beefc69dc10fcca10c244b
:104280006f2ce92daa84744adca9b05cda88f9762f
:1042900052513e986dc631a8c82703b0c77f59bf99
:1042a000f30be0c64791a7d55163ca0667292914c5
:1042b000850ab72738211b2efc6d2c4d130d385362
:1042c00054730a65bb0a6a762ec9c281852c729224
:1042d000a1e8bfa24b661aa8708b4bc2a3516cc752
:1042e00019e892d1240699d685350ef470a06a108b
:1042f00016c1a419086c371e4c774827b5bcb034da
:10430000b30c1c394aaad84e4fca9c5bf36f2e6877
:10431000ee828f746f63a5781478c8840802c78c06
:10432000faffbe90eb6c50a4f7a3f9bef27871c609
:020000040000fa
:020000040002f8
:104330002de9f843002872d00c4690460646002925
:104340003cd000683f2870d8726808eb02037360a5
:104350009a4202d9b3680133b36006f10c05b0bbd1
:10436000b8f13f0f4fd9a8f1400727f03f0740377a
:10437000274423462a4604f1400900bfd3f800e051
:10438000d3f804c09868d968c2f800e0c2f804c045
:104390009060d160103310324b45efd14034294644
:1043a0003046e6f7b9f98146bc42e2d108f03f0851
:1043b000b8f1000f2bd14846bde8f88392bb0368e3
:1043c000402b34bf4ff000096ff08309f3e7c0f1d1
:1043d0004007474528bf47463a462146284413f040
:1043e00053f833683b4433603c44a8eb0708402b48
:1043f000b6d129463046e6f78ff981460028dad152
:1044000000233360ace727464ff00009d0e742466f
:104410003946284613f038f8c6f80080cbe76ff02d
:10442000ac09c8e76ff0ac09c5e76ff08309c2e7d4
:020000040000fa
:020000040002f8
:104430002de9f8433c4bd3f8006a013606f03f06fd
:10444000d3f8043ab34228d0054640f2ee549442e1
:1044500028bf1446354845f6e063c758002939d0cf
:10446000002a3ad0c7f5bd436033a1469c421bd910
:104470002d4ad2f8040ad2f8002a90424bd02a4a98
:10448000d2f8040a00eb800002ebc00252699442a9
:1044900041d99cb24ff0010808e0234ad2f8083a0b
:1044a0000133c2f8083a34e04ff00008bcb12246ac
:1044b0001e48384412f0e8ff04eb070945f6df63b5
:1044c000994588bf4ff00009184a45f6e06342f865
:1044d000039004e04ff0000801e04ff000086f6126
:1044e0002c8385f81b80104fd7f8004a04eb840416
:1044f00007ebc4040fcd0fc40fcd0fc495e8030024
:1045000084e80300d7f80c3a0133c7f80c3ac7f82f
:10451000006abde8f8834a46044812f0b5ff4ff040
:1045200000084746d0e700bfb894002000000020f4
:020000040000fa
:020000040002f8
:104530003f0000006f6b000074696d656261736518
:10454000206e6f7420757361626c650074617267b0
:10455000657420696e207468652070617374206fc3
:104560007220746f6f20636c6f7365007461726783
:10457000657420746f6f2066617220616865616484
:10458000000000006475706c69636174652061638c
:1045900074696f6e2b73657175656e6365000000dd
:1045a00061207472696767657220697320616c723b
:1045b000656164792061726d65640000636f756c7c
:1045c00064206e6f742061726d2074686520746958
:1045d0006d657200706572696f6420746f6f20730f
:1045e000686f727420666f72207468652072652d22
:1045f00061726d207061746800000000636f756ef9
:104600007420776974686f757420616e20616273bd
:104610006f6c757465207374617274006e6f2073b3
:1046200075636820616374696f6e2069640000bf00
:020000040000fa
:020000040002f8
:104630002de9f04f83b005464768012949dc002386
:1046400001934ff0040a0126304b03eb860800bfac
:1046500058f8049b0021f0b213f0c4fb0446002874
:104660004ad0036998472b68d3f804b003464a46fa
:1046700027493846d8472b68d3f804906369204609
:104680009847024623493846c8472b68d3f8049018
:10469000a369204698478346e36920469847034626
:1046a0005a461d493846c8472b68d3f80490236af8
:1046b00020469847024619493846c8472b681b6868
:1046c0001749384698470136b245c1d803b0bde80e
:1046d000f08f50680ef001fd0646431e022b04d8f1
:1046e00000f1010a01230193aee72b685b68032206
:1046f0000c4938469847e9e7019b002be3d02b682b
:104700005b684a46084938469847dce71081030051
:104710000034020038340200603402009834020091
:0c472000b0340200b8330200dc330200a9
:020000040000fa
:020000040002f8
:10472c002de9f04387b005939df8385000f58c5374
:10473c0093f819e01c7e1433db7aaeeb0303dbb287
:10474c00a34264d24b1e032b65d8dfe803f00205ad
:10475c0005024ff0010c01e04ff0000c90460f46a3
:10476c000646013c04ea0e04c4eb0414a40041f216
:10477c009413c25802eb040900231351c9f80430f6
:10478c00c9f80830c9f80c306db310230293cdf87a
:10479c00049005ab0093012342460021604602f0d1
:1047ac004bf868b3c9f83480a9f8380089f8287038
:1047bc0089f83a50109bc9f82030119bc9f8243065
:1047cc00059bc9f82c300f9bc9f8303006f58c537b
:1047dc005a7e01325a7606f58d531968304613f01d
:1047ec0039fc012014e010230293cdf8049005aba2
:1047fc000093012342460021604603f091fed0e76e
:10480c0006f58d531a680921304606f0f7f800209a
:0a481c0007b0bde8f0830020fae7c2
:020000040000fa
:020000040002f8
:024826007047d9
:020000040000fa
:020000040002f8
:1048280069706572663a20536f636b6574207365af
:104838006e64206661696c65640d0a000d0a697012
:104848006572663a20696e7374616e6365202564cb
:104858002073746172746564202e2e2e0d0a000078
:10486800202020202d204c6f63616c202025752e80
:1048780025752e25752e257520706f727420257567
:1048880020636f6e6e656374656420776974680d64
:104898000a000000202020202d2052656d6f7465cd
:1048a8002025752e25752e25752e257520706f727d
:1048b800742025750d0a0000202020202d20546129
:1048c800726765742072617465203d20256c6420d0
:1048d8006270732c20706572696f64203d20256cae
:1048e80064206d730d0a0000202020202d2d2d2d11
:1048f8002d2d2d2d2d2d2d2d2d2d2d2d2d2d2d2de0
:104908002d2d2d2d2d2d2d2d2d2d2d2d2d2d2d2dcf
:084918002d2d2d2d2d0d0a009f
:020000040000fa
:020000040002f8
:10492000394b1b78002b6bd0002a6bd02de9f04758
:104930001646364bd3e90045a94208bfa0422ed304
:10494000071b61eb0505324bd3e90089314c424628
:104950004b463846294610f0c3ff0b0643ea1023a6
:1049600002062068646812eb000a43eb0404424626
:104970004b463846294610f0b3ff11461d06424605
:104980004b46080645ea112110f0aaff1aeb000079
:1049900044eb0101306071600120bde8f087271a07
:1049a00065eb01091a4bd3e90045dff868a0224600
:1049b0002b463846494610f093ff0b0643ea102376
:1049c0000206daf80000daf80410b0eb020861eb36
:1049d000030a22462b463846494610f081ff11460d
:1049e0001f0622462b46080647ea112110f078ffe1
:1049f000b8eb00006aeb0101306071600120cce788
:104a000000207047002070475d040120f8fd002061
:084a100090fe0020f0fd0020e3
:020000040000fa
:020000040002f8
:104a18002de9f04f89b0804689460023adf814305f
:104a28000df11702029206aa01920122009205aa2c
:104a380002f00cf900285bd09df81730002b59d0f4
:104a4800bdf8180010f0e8fe824610b14379012b3a
:104a580006d02b4b2b4a1a60052009b0bde8f08f11
:104a68000df11705029506ac01944ff0020bcdf835
:104a780000b0012305aa4946404602f0e7f802952e
:104a88000194cdf800b05b4605aa4946404602f0bd
:104a9800ddf888b39df8173083b3069bcaf80c304d
:104aa800002210461a46db1840eb00019b1840eb29
:104ab80001014c0144ead3645d015b1944eb010137
:104ac8009e1841eb0007002f08bfb6f1004f07d32f
:104ad800322f08bf002e09d2f10f41ea470100e04a
:104ae800012101200af054fc0020b6e76321f8e711
:104af8000520b2e70520b0e70520aee70520ace7c2
:084b0800f4050120887f030081
:020000040000fa
:020000040002f8
:104b10002de9f04104469df8180000284ad011f014
:104b200007006bd10f292dd9c9084f1ebfb2b7ebb3
:104b3000930f27d8264604f1080ca1f1020e1ffaa4
:104b40008efe0cebce0e02e0083474451cd0257ba3
:104b5000637b1b0443ea0563e57b2b43a57b43eaa8
:104b60000523db4394f80880657a2d0445ea08653f
:104b700094f80b8045ea080594f80a8045ea082570
:104b8000ab42e1d0bde8f081043a023989b20cebc6
:104b9000c10c317a737a1b0443ea0163f17a0b4347
:104ba000b17a43ea012342f8043f0836b445f0d114
:104bb0003846e7e70839c1f38f00b0eb930f1fd8f1
:104bc0000028dfd004f10c01043a431e9bb21034dc
:104bd00004eb830411f8045c11f8033c1b0443ea62
:104be000056311f8015c2b4311f8025c43ea0523cd
:104bf00042f8043f0431a142ecd1c3e70020c1e7f1
:044c00000020bfe7ea
:020000040000fa
:020000040002f8
:104c04005443364572726f725f53756363656564ae
:104c140065640d0a000000005443364572726f72d9
:104c24005f4e6f48617264776172650d0a0000001f
:104c34005443364572726f725f556e657870656362
:104c440074656453760d0a005443364572726f726c
:104c54005f556e6578706563746564447645760d5a
:104c64000a0000005443364572726f725f426164f9
:104c7400436865636b73756d0d0a000054433645d4
:104c840072726f725f556e657870656374656443a4
:104c940074726c0d0a0000005443364572726f72d0
:104ca4005f4261645478446174610d0a000000003d
:104cb4005443364572726f725f53796e634c6f73ef
:104cc400740d0a005443364572726f725f537069f3
:104cd4004572726f720d0a005443365f4572726feb
:104ce4007220756e6b6e6f776e5f666c61673d25c3
:044cf400640d0a0041
:020000040000fa
:020000040002f8
:104cf8002de9f041394c666b63689b6998476061a0
:104d0800606912f063fe08f0cffb054613f0aafdb8
:104d1800d4e90a787a1948f10003c4e90a236369d7
:104d2800236113f0a3fd002e4dd094f830300133e9
:104d380084f83030284610f0c7fc646b2cb1a368a7
:104d48001bb901250027254e10e0254d00242e46cd
:104d58001fe0e0690ff06cf9e3680bb12069984730
:104d6800746b002cf1d0a368002beed12575657506
:104d7800a37813b9e368002bebd120460bf0bcfcf9
:104d8800a378002be8d16770e6e701342035052cbd
:104d980013d006eb44135b7d002bf6d006eb4413cf
:104da80000225a75ab78012befd16b6806eb4411e2
:104db8008b60284607f0b0fbe7e7084a92f83030e6
:104dc800013b82f8303013f04dfd044604f054fcea
:104dd800204613f04bfdbde8f08100bf30f90020fc
:044de800d4f10020e2
:020000040000fa
:020000040002f8
:104dec0038b50c4611f074fa00286cd00546002c2e
:104dfc006bd054220021204613f0def895f83c309d
:104e0c00012b55d0002323702b8da4f844306b8dcf
:104e1c00a4f846306b6aa3646b6da4f84c306b68d5
:104e2c002a689b1aa4f84e30002384f8503095f869
:104e3c00403013f0040f04bf012384f8503095f870
:104e4c003f3013f0010f05d094f8503043f00203bb
:104e5c0084f8503095f8403013f0080f05d194f8d1
:104e6c00503043f0040384f8503095f83f3013f081
:104e7c00020f05d094f8503043f0080384f85030fa
:104e8c0095f8403013f0100f05d194f8503043f0e2
:104e9c00100384f8503095f83f3013f0040f16d0ff
:104eac0094f8503043f0200384f85030012038bd82
:104ebc006b696360ab696361eb6963622b6a636303
:104ecc0001232370a0e70020f1e70020efe7012089
:024edc00ede700
:020000040000fa
:020000040002f8
:024ede0070471b
:020000040000fa
:020000040002f8
:104ee00038b5037e032b59d02f4b1b68002b35d1cf
:104ef0000d4604468368002b35d0002950d013f0ae
:104f0000b5fc2a4b01221a7013f0b4fc0022284988
:104f100009200df01bfd274b1860002842d0a06827
:104f2000836804222988984748b3a168224a1160ff
:104f30002988224a11606988214a1180214a10601b
:104f4000194a13680133136013f090fc174a137861
:104f50000133137013f08efc012003e00133124a79
:104f60001360012038bd13f075fa08b90020f9e785
:104f700013f06afa144909f043fd0020f2e713f038
:104f800069fa28b90b4b186813f09ff90020e9e77c
:104f900013f05afa0d4909f033fdf3e70120e1e778
:104fa0000020dfe70020dde7d80001202e040120eb
:104fb00001a10100d4000120dc000120d00001206b
:104fc00024040120cc00012040330300643303009b
:020000040000fa
:020000040002f8
:104fd0002de9f84f0b9f9df83080a8f10404e4b24e
:104fe000012c03d91f295cd81f2a5ed89946164682
:104ff0000d4601210df01cf88346002858d0d0f84a
:1050000004a0baf8023013f0020f40d013f0080fda
:1050100041d10af1800012f04df8044600283ed03c
:10502000c07b4ff483722449012814bf0020012063
:1050300011f07efb84f80c80a580e6809df8283076
:105040006373c4f808900123a373c4f810b0b8f1d7
:10505000030f15d021460af18c0012f083fa0223c7
:10506000e373002513f002fc9af8003001338af84c
:10507000003013f0fffb07b13d702046bde8f88f0c
:10508000baf8023043f00803aaf80230e2e700243d
:105090006ff00305e6e700246ff00705e2e702255d
:1050a000e0e76ff004050024e5e76ff00505fae797
:0c50b0004ff0ff35f7e700bfdc7703008e
:020000040000fa
:020000040002f8
:1050bc0070b500284bd1344b1b78002b55d1324b9b
:1050cc00012083f8700083f8710083f87200187067
:1050dc000d685d61ca6a9a618a6ada6100221a6295
:1050ec004c69dc608c699c605a6098844ff0ff308e
:1050fc00986283f826205a704868d8628c681c63c2
:10510c00ce685e630e699e63ce69de640e6a1e65b0
:10511c004e6a5e65096bd96583f864209a66da6617
:10512c001a4a531e0f32ff2103f8011f9342fbd181
:10513c00b0f1ff3f02d0b4f1ff3f03d1eb6812494d
:10514c0013489847104b02221a74002070bd13f0bc
:10515c007bf910b94ff0ff30f8e713f06ff90d49f8
:10516c0010f098fa4ff0ff30f0e713f06df910b92a
:10517c004ff0ff30eae713f061f9074910f08afab3
:10518c004ff0ff30e2e700bf38f6002060fc002053
:0c519c00e9580200e0520300f852030042
:020000040000fa
:020000040002f8
:1051a8002de9f04383b01c4613f4804f1cd106460a
:1051b8000d469046334b5f6813f07cf8c0eb001047
:1051c800800007eb0009294638580af051fc0546cb
:1051d800002853d0037813f0020f17d1038803f087
:1051e800c00373bb03200ee000230193264b0093fa
:1051f8000b68126804f00f0104f0e4f9002814bfea
:1052080006206ff0080003b0bde8f083211101f417
:10521800807114f4005f18bf41f4007109f1240390
:1052280000220ff007fdab6800220192164a009297
:10523800d8f8002004f00f01304604f0c3f901202b
:10524800e1e70a9b23b100691860ab8a0a9a938048
:105258002b8813f0800f01d10220d4e709f114093b
:105268002c1d214648460ef021fb064b5b69eb607e
:10527800214648460ff033f90220c4e76ff00100d9
:0c528800c1e700bf60f80020d005012045
:020000040000fa
:020000040002f8
:105294002a4b1b78002b4fd1042801d900207047da
:1052a400f0b583b00e460446254b264a1a604703e0
:1052b400254b1f60254b1f60254b4ff460421a603d
:1052c400244b01221a700025234b1d70234b1d70a3
:1052d400234b1d70194b02221a700ef0e9fb009744
:1052e400034622461f49284609f088fb24b91e4b71
:1052f4001d70012003b0f0bd1c49002009f07efba5
:10530400a6b110f0fbf904460d4613f0a7f8e0fb34
:105314000645174bc3e900450124134b1c70324664
:105324001449002009f06afb2046e3e712490020f3
:1053340009f064fb0120dde7002070474a040120e6
:105344005c010120fb0803007401012078010120a5
:105354007c0101204b0401204c0401203a0401206b
:105364003b0401209c66020041040120d066020037
:0c53740060fd00200c670200346702009e
:020000040000fa
:020000040002f8
:105380005b504c43415d204c414e20627573792047
:105390002d206170706c7920736b6970706564206a
:1053a000287265747279207768656e2069646c650f
:1053b000290d0a005b504c43415d206e6f646520ef
:1053c00049442073657420746f20257520284e4f42
:1053d00044455f434e543d25752c207265673d3032
:1053e000782530386c58290d0a0000005b504c437a
:1053f000415d205741524e494e473a206e6f6465d9
:10540000206964202575206973204f555453494401
:105410004520746865206379636c65206f6620257c
:1054200075202d207468697320626f617264206337
:10543000616e6e6f74207472616e736d69742c206e
:10544000616e6420504c43415f5354415455532086
:1054500077696c6c207374696c6c206c6f6f6b2057
:0c5460006865616c7468790d0a0000bf7b
:020000040000fa
:020000040002f8
:10546c002d7478002d7278002d6900002d2d696e39
:10547c006465780055736167653a2069706572667a
:10548c0073203c2d74782073697a653e203c2d7214
:10549c00782073697a653e203c2d6920696e6465bd
:1054ac00783e0d0a000000000d0a69706572663abc
:1054bc0020496e76616c69642073657373696f6ed5
:1054cc00206e756d6265722e204d696e3a20302cff
:1054dc00204d61783a2025640d0a000069706572d0
:1054ec0066733a2030203c2073697a65203c203664
:1054fc00353533360d0a00006970657266733a20d3
:10550c004f4b2c20696e7374616e6365202564208b
:10551c0074782073697a652069732025640d0a00fc
:10552c006970657266733a204f4b2c20696e7374e8
:10553c00616e63652025642072782073697a65201a
:08554c0069732025640d0a00bb
:020000040000fa
:020000040002f8
:1055540070b40401354d25442d7b04f1824404f5d7
:10556400204494f84e4014f0030f02d1edb2002d04
:1055740055d1040104f1824505f52045032685f83b
:105584004e602a4d254401262e73294d2c5b14f4bc
:10559400806f19bfc91805eb0014254c04eb0014e7
:1055a40061600101224c615a11f4006f27d01a4442
:1055b40004eb00118a601e4902018c18895a9bb2bf
:1055c400c1f301210b419bb2638002f1824303f5d5
:1055d40020431a6c42f002021a641a6c12f4fe4f51
:1055e4001fd193f8463013f0400f1dd111490c69b7
:1055f400012202fa00f323430b61104612e00d4925
:10560400498811f4404f04d1094901eb00118a6023
:10561400d1e71168064a02eb00129160cbe7002043
:1056240000e0012070bc70470120fbe758fb00201c
:0856340038fb002000a000413a
:020000040000fa
:020000040002f8
:10563c005443502f495020537461636b3a20546982
:10564c00636b20726567697374726174696f6e2025
:10565c006661696c65643a2025640d0a00000000df
:10566c005443502f495020537461636b3a20496e58
:10567c00697469616c697a6174696f6e20535953ee
:10568c0020544d52206661696c65643a2025642073
:10569c002d2041626f7274696e6721200d0a000023
:1056ac005443502f495020537461636b3a20496e18
:1056bc00697469616c697a6174696f6e20456e6496
:1056cc006564202d2073756363657373200d0a0068
:1056dc005443502f495020537461636b3a20496ee8
:1056ec007465726661636520496e697469616c6981
:1056fc007a6174696f6e206661696c65643a2030fa
:10570c00782578202d2041626f7274696e67212094
:04571c000d0a000072
:020000040000fa
:020000040002f8
:105720002de9f04182b00446456802290cdc03688b
:105730001b682b492846984723681b682949284637
:10574000984702b0bde8f0810e46174650680ef04b
:1057500029fb804650b190f8423013f0400f0bd136
:1057600023681b68204928469847eae723681b6896
:105770001e4928469847e4e701a9b868fdf720f8d4
:1057800028b923681b681a4928469847d9e7404634
:1057900012f0f5ff40b9032e12dd6946f868fdf7f7
:1057a0000ff838b16a460ce023681b681149284697
:1057b0009847c6e723681b680f4928469847c0e703
:1057c0000022012301a940460af088f923681b68da
:1057d0000a490b4a002808bf114628469847b0e7f7
:1057e0003822020080220200b0220200982e02001d
:1057f00084860200cc220200142302000c22020044
:045800002022020060
:020000040000fa
:020000040002f8
:105804002d6100006970657266693a2075736520c0
:10581400612076616c69642049502061646472651a
:105824007373210d0a0000006970657266693a207d
:10583400556e6b6e6f776e20706172616d65746505
:10584400720d0a0055736167653a20697065726666
:1058540069202d612061646472657373203c2d6935
:1058640020696e6465783e0d0a0000000d0a6970b7
:10587400657266693a2063616e6e6f742063686155
:105884006e67652074686520697020616464726560
:105894007373207768696c652073657373696f6ec1
:1058a4003a2025642072756e6e696e67210d0a00b8
:1058b4006970657266693a204f4b2c2073657420b9
:1058c4007468652049502061646472657373207440
:1058d4006f20696e7374616e63653a2025640d0ae6
:0458e400000000bf01
:020000040000fa
:020000040002f8
:1058e8000378002b68d090f91030022b64d170b582
:1058f8000446056aab69c3f307223049742000fbec
:105908000212dbb203eb8303d66806ebc30696f9f3
:105918001c00b0f1ff3f0ed0737fcbb900f01f031e
:10592800c0f34a1000f5020000f58070012199408b
:10593800c00113f011f8726aab699a4216d020467a
:1059480012f093fb256a15b16b7d012b27d070bd32
:1059580000f01f03c0f34a1000f5020000f5807044
:1059680001219940c00112f0f9ffe4e701232b75ea
:10597800ed69204612f079fb7368002be2d094f8a9
:105988002630013384f826307368b268294601202e
:10599800984794f82630013b84f82630d2e7284609
:1059a80000f0b4ff02236b7563695c682b696a6851
:1059b800e968a868a047cae7704700bf38f6002022
:020000040000fa
:020000040002f8
:1059c8002de9f04fadf5017d334b93f81432012bdf
:1059d80006d04ff0040948460df5017dbde8f08f6b
:1059e80093468846074686082c4ba3fb063676095d
:1059f800294b002283f8142201a9304609f084fbc0
:105a08008146d0b9bb08254aa2fb03235b09c3eb37
:105a1800c313a7eb83039bb2a3b99df8043088f89e
:105a280000307c1ca4b22546ba465f44bc4217db52
:105a3800194b012283f81422cde7174b012283f872
:105a48001422c8e73c46eee7a5eb0a0501ab13f8bc
:105a58000b3008f805300134a4b22546bc42e7da19
:105a6800a3080e4aa2fb03235b09c3ebc313a4ebf1
:105a7800830b1ffa8bfbbbf1000fe5d10136b6b2e1
:105a880001a9304609f040fb0028ddd0024a012177
:105a980082f8141281469ee7d0dd0020050281407d
:020000040000fa
:020000040002f8
:105aa8002de9f8430f46002850d005464368002bdf
:105ab80050d08268002a51d0c468002c52d02046a9
:105ac80098478046002851d00f3020f00f00a0ebf7
:105ad8000801611a21f00f01a1f15009b9f5806f91
:105ae80048d34fea1919fdf78cff044600f1500e10
:105af8000646dff888c0bce80f000fc6bce80f00f8
:105b08000fc6dcf800303360c4f824e0c4f85490c1
:105b180000262665c4f828e0c4f82c90266366633e
:105b280084f838606b7884f83930c4f83c80ab6806
:105b3800236412f097fe012384f8443012f096fe95
:105b4800334607b13b702046bde8f88304464ff062
:105b5800ff33f6e74ff0ff330024f2e74ff0ff334f
:105b68000024eee74ff0ff330024eae704466ff025
:105b78000103e6e76ff003030024e2e7c0670300d0
:020000040000fa
:020000040002f8
:105b88005b505450465d2072656769737465722076
:105b98006f7065726174696f6e2074696d656420d9
:105ba8006f75740d0a0000005b505450465d206507
:105bb8006e61626c696e67206672616d65207469da
:105bc8006d657374616d7073206661696c65640dd1
:105bd8000a0000005b505450465d207365713d25f6
:105be8007520206f66667365743d256c6c64206e45
:105bf80073202064656c74613d256c6c64206e7341
:105c0800202025732020726174653d256c6c64200a
:105c18007070620d0a0000005b54425d207365716c
:105c28003d2575204c3d256c6c752074313d256ce7
:105c38006c752074323d256c6c750d0a00000000ef
:105c48005b505450465d20777269746520746f20ec
:105c5800307825303858206661696c65640d0a0013
:020000040000fa
:020000040002f8
:105c68002de9f043c1b004460d46282200212846fc
:105c780012f0a4f994f8183113b1d4f8006116b9e8
:105c880041b0bde8f083b2002146684611f0f8fb48
:105c9800314668460df0def8d4f800315b085df84f
:105ca8002300a860d4f8001159b16a4602eb8106b6
:105cb80013681b1a002bb8bf5b4242f8043bb24280
:105cc800f6d168460df0c6f8d4f800315b085df8e7
:105cd8002330eb6001232b70d4f80c316b60d4f8bf
:105ce80010312b61d4f814316b61d4f80031ab61f9
:105cf800d4f80831eb61d4f82831003318bf0123f8
:105d080085f824300ff0f8fc06460f460b4bd3e914
:105d1800002352ea03010cd0d4e94889b94508bfe9
:105d2800b04509d2b6eb080067eb09010ff0d4fdc6
:105d380000e000202862a3e70020fbe7d8ff00204e
:020000040000fa
:020000040002f8
:105d48002de9f843002a63d08946164610f0c2fab6
:105d58000446002860d0036b33b1076be58ea84674
:105d6800c5b14ff0000826e090f8423013f0010f5b
:105d780002d14ff000080ae012f076f8276b4ff0d6
:105d88000008002fead102e00023a386a363e38e74
:105d9800002b3ed194f8423013f0010f39d0204641
:105da80012f062f835e0002ef1d0276b002feed00c
:105db800e58e002deed0a38eb34228bf33469d4218
:105dc80028bf1d46b5b1b9f1000f05d02a46a16b11
:105dd80048460ef081fca944761bb6b2a8441ffac7
:105de80088f8e38e5b1be386a38e5b1ba386a36bfd
:105df8001d44a563a38e002bd5d13f682763002fd0
:105e0800c2d0bb89a386bb68a363002ed0d1bee7ee
:0e5e180090464046bde8f8834ff00008f9e7d9
:020000040000fa
:020000040002f8
:025e26007047c3
:020000040000fa
:020000040002f8
:105e28002de9f04385b02e4a4ff0ff33904271ebd5
:105e38000303bcbf2a484ff0ff3106460f46294ae4
:105e4800002382428b41bcbf264e0027bb00b00016
:105e580043ea9671801947eb0101cb0643ea5013d8
:105e6800c206104619461ca3d3e9002305f094f98d
:105e780010f1205441f10005a046a946012c75f106
:105e88000003bcbf4ff001084ff00009164b029306
:105e980028f07f434fea33230093144b03934fead0
:105ea800186343ea092301930222694602a809f00c
:105eb800dffb024658b10e4bc3f80080c3f80490cc
:105ec8000c4b1e605f600c490b6801330b60104679
:105ed80005b0bde8f08300bf00ca9a3b000000008f
:105ee800c0f2fcff400d03006f00010077000100c5
:0c5ef800b0050120b0fd0020a001012039
:020000040000fa
:020000040002f8
:105f04002de9f74f984604468b46d2f80890d2e91b
:105f1400037a0ef051fad8f800301844c8f800009b
:105f2400b9f1000f01d10af1ff3900254d452ddaf1
:105f34000af1ff33ab4229dde36be26c934235d2c5
:105f44005a1ce2631e78304611f0c6fa00283dd18f
:105f5400012d16d1304612f0f5f9782811d13b788d
:105f6400302b0ed1e36be26c93422bd25a1ce263ca
:105f74001878e36c13b1e36b013be36311f0acfa03
:105f840020bbe36c13b1e36b013be36300237b555c
:105f9400102201a9384611f076fe019bbb42cbe9e1
:105fa40000010cbf6ff00106012607e020460bf04c
:105fb400f1f906460130c6d1002de7d1304603b0d1
:105fc400bde8f08f20460bf0e5f9d2e77e55d8f80e
:0c5fd400003001330135c8f80030a7e7a9
:020000040000fa
:020000040002f8
:105fe000f0b587b00f4600230593466812f03efcdb
:105ff0002f4b18703378012b04bf0023337005a991
:10600000d6f8ec000df08cf8844620b3396951b312
:106010000022134614468d68059805518889059d10
:106020002544a880184483b20132d2b209680834ea
:10603000d9b19445efd1d6f880300133c6f880301d
:106040006ff0050401233370194b187812f012fc1d
:10605000204607b0f0bdd6f884300133c6f884304e
:106060006ff00b04eee700221346f16f0131f16788
:10607000396a41f008013962d6f8ec0002970d49ff
:1060800001910021009105990bf034fa00240028b9
:10609000d8d1f36f013bf3673b6a23f008033b62ff
:1060a000d6f884300133c6f884306ff00b04c9e7aa
:0860b000b7fb0020d75f0300dd
:020000040000fa
:020000040002f8
:1060b8007480010091ba01007c8001009880010081
:1060c800f17f0200a0800100bc80010009c9020024
:1060d800c4800100d8800100317f0200e080010007
:1060e800f480010021570200fc80010018810100a2
:1060f8006dce0200208101003881010009fc0200f8
:10610800408101005c81010051c2020064810100ec
:10611800788101004df801007c8101009c8101001b
:10612800492d0200a4810100b88101003146020016
:10613800c4810100d8810100fd760100e0810100e1
:10614800f881010005e701000082010018820100c2
:106158007d3c0100208201003082010085e50100bc
:1061680034820100448201008d6f020048820100e0
:10617800588201001dd20200648201007882010069
:086188006d9d02007c82010004
:020000040000fa
:020000040002f8
:106190002de9f0410d46002945d0b1f93c70304b56
:1061a0001c68002c4dd0002f4fdb2e4b1b689f42ec
:1061b00050d254f827308b4204d000242646a04603
:1061c000254634e003691b8a03f00803002b14bf43
:1061d0004ff003084ff00108b1f87a3018ea0308cd
:1061e00008d0ce6fd1f88040826aeb6c834205d034
:1061f00015461ce0002426462246f6e70025a3f8b3
:106200005650a3f854509d64a3f86e50a3f86c50f8
:106210001d6619690d601b699d81036a23f00803df
:106220000362154605e00c4600263746b0460df0e1
:1062300031fe26b12346424629463846b047bde8de
:10624000f08125460026b046f1e700242646a04608
:106250002546ece700242646a0462546e7e700bf92
:08626000e0000120e400012030
:020000040000fa
:020000040002f8
:106268002de9f84300295ed00f4600242f4e304b0d
:1062780000f1010edff8bcc006e00cf801809a605e
:10628800621c0134974244d9726802f00702012a5d
:1062980018d09968dd684a1cd3f81080424528bf99
:1062a8000022954236d010f80480756805f007057d
:1062b800012de2d14d000cf81180691c00250cf865
:1062c8000150dce7d3f80880d96808f101021d699c
:1062d800aa4228bf002291421cd01ef8145010f880
:1062e800141041ea0521756805f00705012d05d050
:1062f800c9b20cf808109a60621cc2e74fea480558
:106308005ffa81f90cf818900135090a0cf80510a4
:10631800f1e7144611f006fb10b1044b01229a75ff
:106328002046bde8f8830c46f4e700bf003400407f
:08633800ecf80020c8a60020cb
:020000040000fa
:020000040002f8
:10634000214b1b78002b3cd1d0b4204a137013761c
:1063500082f8303082f848301d4a13601d4a1360bd
:106360001d4a13701d4a12681d490a600020002151
:106370001c4cc4e900011c4cc4e900011b4cc4e9dd
:1063800000011b4c4ff020560027c4e90067194c50
:106390002360194c2370194cc4e9000118490b7093
:1063a000103218490a60184a1370184a13700122f3
:1063b00005490a7016490a70164a13700120d0bcac
:1063c00070470120704700bf5404012010f70020df
:1063d000c0010120bc01012055040120c40101209d
:1063e000cc010120a8fd0020b8fd0020b0fd002058
:1063f000b0050120b401012056040120c8fd002091
:1064000050040120b80101204e0401204f04012056
:08641000570401205104012092
:020000040000fa
:020000040002f8
:106418002de9704304460d460ff06ef9a94208bff6
:10642800a04250d2b4eb000865eb0109284b1e7856
:1064380096b34ef6602200234b4508bf424517d25b
:10644800244b01221a702448244bd3e9002318eb6b
:10645800000049f1ff310ff03ffa024688b91d4ba1
:1064680000221a7020462946f5f71afa06462be04c
:10647800184b00221a7020462946f5f711fa0646ed
:1064880022e00023194616480af0cafd154b186089
:10649800461c18bf012617e00e4b00221a700f4b3e
:1064a800d3e90023404649460ff016fa024658b190
:1064b800002319460a480af0b3fd0a4b1860461c27
:1064c80018bf012600e000263046bde8708300bff3
:1064d8006c04012074040120d08affff88ff00208b
:0864e800b9a80200080601201a
:020000040000fa
:020000040002f8
:1064f00008b502200ff0ecfc2a4b186000284dd0a4
:10650000202011f0dffa284b4122c3f81c211a4643
:10651000d2f81c3113f0400ffad0244b00221a603d
:106520001a46136913f0020ffbd1204b00221a60a8
:1065300001221a734ff6ff729a834ff49171d9803a
:106540001a72ff229a72184b4122c3f8bc201a46d5
:10655000d2f8bc3013f0400ffad012f00bfa00f072
:106560007f0040f4a060124b18640522c3f8e821b4
:1065700040f25b229a640622c3f82c210d4ad2f81d
:106580002c3123f47f03c2f82c3100230a4a136014
:106590000a4a13700a4b01221a7008bd094908f013
:1065a0002ffafae7e4030120001c00400014004326
:1065b00000e0004100800041e80301208b0401203d
:0865c0008c040120603503008a
:020000040000fa
:020000040002f8
:1065c800656e76202852414d20736861646f772983
:1065d8003a0d0a0020206574682564202000000018
:1065e8006970200020206d61736b20002020677780
:1065f800200000002020646e732000000d0a0000b7
:1066080020206574683020206d6163202573202068
:10661800286170706c69656420617420626f6f74a2
:10662800290d0a002020706c6361202069642025f0
:106638006c752020636f756e7420256c752020287a
:10664800657468302f543153290d0a0020202873af
:10665800617665656e76203d207065727369737426
:106668002b6170706c792c2072656164656e762080
:106678003d2072656c6f61642c207265736574656a
:106688006e76203d2064656661756c7473290d0a09
:04669800000000bf3f
:020000040000fa
:020000040002f8
:10669c005b544553544d4f44455d2072657175658f
:1066ac007374696e67202575202d2025732028545e
:1066bc00315354535443544c3d3078253038582979
:1066cc000a0d00005b544553544d4f44455d2074f6
:1066dc00686520543153206c696e6b20697320649b
:1066ec006f776e207768696c652074686973206dac
:1066fc006f6465206973206163746976650a0d00a7
:10670c005b544553544d4f44455d206175746f2d5a
:10671c007265766572742061726d656420696e2095
:10672c00257520730a0d00005b544553544d4f449e
:10673c00455d206e6f2074696d656f757420676997
:10674c0076656e202d20726576657274207769747b
:10675c00682027746573746d6f64652030270a0d8b
:04676c00000000bf6a
:020000040000fa
:020000040002f8
:106770005b5050535d204e4f2045444745202575c2
:10678000206d7320616674657220656e61626c694c
:106790006e672031505053202d2074686520746935
:1067a0006d656261736520686173206e6f20736f21
:1067b0007572636520616e64207468652074726907
:1067c000676765722077696c6c2073746f702e0d2b
:1067d0000a5b5050535d20436865636b20746865a5
:1067e000206861726477617265206d6f64696669a3
:1067f000636174696f6e2028523337202f206d69d2
:106800006b726f425553203133202d3e205043315f
:10681000322c204c414e383635315f315050535f69
:1068200048415244574152452e6d64292c207468ca
:10683000656e2027746261736520707073272e0d5a
:046840000a0000bf8b
:020000040000fa
:020000040002f8
:106844002de9f843099f03f1ff3c5ffa8cfc1cf02f
:10685400800f58d103f10108bdf82840a408b4eb17
:10686400480f52d318bb00233b60c2f3034343eaef
:1068740001113b78194341ea401038707b7843eab0
:1068840012237b70bb781a43ba700cf07f0cfc782f
:1068940044ea4c0464b2fc7038460ef071fc00f01b
:1068a40001000443fc704feac800bde8f88307eb1d
:1068b400c30e9eb2002ed6d0aef10804089d05eb9f
:1068c4008303aef1100e013eb6b2aeebc60e00bfae
:1068d40053f8045dee434fea166984f808904fead2
:1068e400164984f809904fea162984f80a90e6724a
:1068f4002e0e26712e0c66712e0aa671e571083cc7
:106904007445e5d1afe70020cfe70020cde700bf15
:020000040000fa
:020000040002f8
:106914002de9f04186b080468169304ec1f30720ed
:10692400742202fb0060cbb203eb8303db00c0687c
:106934001d181c5a02fb0462936a99423bd001aeb3
:1069440005f10c070fcf0fc63b683360234b74224d
:1069540002fb04346a69236d53f8223003932a69d5
:10696400636d53f822300293aa69e36c53f8223022
:10697400049363691b68002101a89847d8f818306c
:10698400a362002385f8203095f91c00b0f1ff3f85
:106994000ed06b7fa3b900f01f03c0f34a1000f5bb
:1069a400020000f5807001219940c00111f0d8ff68
:1069b40006b0bde8f08195f82030002be4d0bee7a6
:1069c40000f01f03c0f34a1000f5020000f58070c8
:1069d40001219940c00111f0c1ffe9e738f6002018
:020000040000fa
:020000040002f8
:1069e40010b5037e032b41d0214b1b6833b1204ae1
:1069f4001368013313600124204610bd02881d4b27
:106a04001a601d4b1d4a12211d4805f0f7fa044671
:106a1400b0b100221b4b1a601b4920200bf094ffdd
:106a24001a4b1860b0b10023194a1370194a1a4955
:106a340011601a4a13801a4a13601a4a1360d6e77f
:106a440011f006fd0028d7d011f0fcfc164907f020
:106a5400d5ffd1e711f0fcfc08b90024cce711f014
:106a6400f1fc124907f0caff0024c5e70124c3e77b
:106a74004800012070000120c0f20200d4f202009c
:106a8400b86002004c000120c126010098000120da
:106a94001504012080000120742803001c04012037
:106aa4007800012084000120dcf2020000f30200df
:020000040000fa
:020000040002f8
:106ab400002864d070b50646002952d001f10f05b4
:106ac4002d09013511f0d0fe96f8443073b911f058
:106ad400cffe736a002b36d05a68954243d91c689e
:106ae4008cb36268aa4207d22346f8e7013b86f8d2
:106af400443011f0bdfeece7511b022919d995422f
:106b040016d0616004eb01146560336b1d4435637a
:106b1400736b9d4288bf756311f0a6fe96f84430ee
:106b2400013386f8443011f0a3fe04f1100017e09d
:106b34003bb1216819601546b26aa242e5d1b3623d
:106b4400e3e7234612e0fa2386f8383011f08cfe8e
:106b540096f84430013386f8443011f089fe002061
:106b640070bd0020fce7511b022905d81968716229
:106b740015461c460b46dfe71c460023bfe770475b
:020000040000fa
:020000040002f8
:106b84002de9f04f91b0002952d081468846002764
:106b94003e46ba463c4621e000208df810006a4685
:106ba400254907f02bff2e461fe055469bf8002091
:106bb4002249002007f022ff01369bf80020a2f1b1
:106bc4002003dbb25e2b05f1010a88bf2e2210ab35
:106bd4001d4405f8402c0134a0450dd009eb040bed
:106be40014f00f05e1d1002fd6d15a4614490020e4
:106bf40007f004ff0127d9e70f2e08d8114d002410
:106c04002946204607f0fafe01360f2ef8d910abbc
:106c14009a4400240af8404c6a460b49204607f07f
:106c2400edfe0a49204607f0e9fe11b0bde8f08ff9
:106c34008a460e46e2e700bfe4640300f4640300fe
:106c4400ec640300fc6403000065030008650300b2
:020000040000fa
:020000040002f8
:106c54002de9f0419df818e0089d00242c70168859
:106c6400b41ca4b28c4252d810f8068087197f78dd
:106c74004fea082c0cf4706c47ea0c079f4249d188
:106c8400c8f30218c64547d1012707fa0ef7bfb269
:106c94003c44a4b28c4241d81446bef1010f20d02a
:106ca4004ffa8ef383b1bef1020f26d0b31cc6187f
:106cb400304610f0c7ff8046301d10f0c3ff079b1d
:106cc4001860c3f8048005e03044827800230799f3
:106cd400c1e90023238802331f4427800120287040
:106ce40016e0b31cc218c35c527842ea032292b283
:106cf40000230799c1e90023ece70236304410f081
:106d0400a1ff079b18600023079a5360e2e7012064
:106d1400bde8f0810120fbe70020f9e70020f7e758
:020000040000fa
:020000040002f8
:106d240070b590f82630002b5ed190f87130012bad
:106d340001d0002559e00446002380f87130c66d67
:106d4400c36ab3f1ff3f20d0036bb3f1ff3f1cd004
:106d5400357835b1b6f904000cf012fb84f83e0026
:106d640043e011f081fd0546b6f910000cf008fb74
:106d740084f83d00b6f914000cf002fb84f83c00e2
:106d8400284611f075fd01252fe0357835b1b6f9a7
:106d940004000cf0f5fa84f85b0026e011f064fdc1
:106da40005467068b0f1ff3f0cd1b068b0f1ff3f09
:106db4000ed1f068b0f1ff3f10d1284611f058fd14
:106dc400012512e000b20cf0dbfa84f85800ece77d
:106dd40000b20cf0d5fa84f85900eae700b20cf0de
:0e6de400cffa84f85a00e8e70125284670bd72
:020000040000fa
:020000040002f8
:026df200fee7ba
:020000040000fa
:020000040002f8
:106df4002d4b83424fd1002850d070b515460c4618
:106e0400c9b11b6b13b1052128489847264e06f1da
:106e14006c0206f16801304606f079f9336b1bb158
:106e2400062106f15c009847214e0fce0fc496e868
:106e3400030084e80300002d33d01b4b1b6b13b1fc
:106e440003211c489847184b0022c3f8802093f86c
:106e54009c40a4b1d3f88c30013ca4b204eb0412de
:106e640003f1440404eb82040f4800bfd0f88010ff
:106e74001a6a1144c0f880104433a342f6d10a4b75
:106e84001b6b13b104210b4898470b4b0fcb85e8c0
:106e94000f00002070bd6ff0050070476ff0050013
:106ea40070470020f6e700bf90040120ec040120a5
:0c6eb400f4040120f00401200c05012072
:020000040000fa
:020000040002f8
:106ec0002e4b1b780bb10020704770b5054601268c
:106ed0002a4b1e702a4c41f2d0120021204611f09c
:106ee00071f8002341f2c112a35441f2b4122549b2
:106ef000a15041f2c3121821a15404f58d5215601e
:106f000041f20c12a45041f210120421a15441f29a
:106f10001112a35441f21212a35404f1900141f250
:106f20001412a15041f21812a65441f21912a3549e
:106f300041f21a12a35441f21b12a35441f29412cb
:106f40001149a15041f298120221a15441f2991223
:106f5000a35441f29a12a35441f29b12a35441f25a
:106f60009c12a35441f29d12a35441f29e12a354c9
:106f700041f29f12a354204670bd00bf2c04012093
:0c6f8000e882002078354248049400208c
:020000040000fa
:020000040002f8
:106f8c002de9f04393b005464668012907dd0f460d
:106f9c0090465168284810f05cfe044638b12b68c6
:106fac001b6826493046984713b0bde8f08311f0b2
:106fbc0021fa8146022f09dc07462b685b684a469a
:106fcc001f4930469847bc420adbede7d8f8080069
:106fdc000cf07df80446471cefe70134a742e3d0e0
:106fec0004a920b207f097f80028f6d02b689df87a
:106ffc0046200292bdf836200192bdf83420009252
:10700c00d3f804809df8103022460e493046c04714
:10701c002b68bdf844200292bdf8422001929df8e5
:10702c003c200092d3f80480bdf84030bdf83e20df
:10703c0005493046c047d0e7a486020048870200c5
:0c704c00ac860200c0860200088702002b
:020000040000fa
:020000040002f8
:107058002de9f0411446002a59d088460ff076f9f8
:107068000546002850d00ff065ff074600284dd090
:10707800844228bf0446a4b2296aae690b199e420d
:1070880029d2761a0136b6b2b8f1000f04d03246ca
:1070980040460df021fbb044a41ba4b26b692b62df
:1070a800b8f1000f04d02246296a40460df014fbbf
:1070b8002b6a23442b623444a4b228460bf0aefc5e
:1070c80028bb3f1bbc4208db95f83e3043f08003e9
:1070d80085f83e301be00026e2e795f83e3013f0d5
:1070e800040f14d143f0040385f83e300ff0a6f9dd
:1070f800084b1a68c82303fb02f3074aa2fb0323c1
:1071080000eb9310a86202e0002400e00446204649
:0c711800bde8f081e8000120d34d6210ba
:020000040000fa
:020000040002f8
:047124000020704790
:020000040000fa
:020000040002f8
:10712800002951d0f8b50e46002850d12c4c012327
:1071380084f838300b686360db689847e06007467e
:107148000021c300420f1b1a62eb0102550145eaf8
:10715800d3655801181842eb05051fa3d3e900238e
:10716800c01945eb01010ef0b7fb02302062b6f9f9
:1071780004302381002121614ff6ff73a36147f694
:10718800ff73e36100220023c4e90a23616384f8e2
:10719800301063681b681348984763681b690bb114
:1071a800208b98470e4ce06963685b6980b298470a
:1071b80063685b689847a02200210b4810f0fefe28
:1071c800022323702046f8bd4ff0ff3070474ff080
:1071d800ff30f8e7aff30080000e2707000000003b
:0c71e80030f90020f94c0200d4f1002026
:020000040000fa
:020000040002f8
:1071f4005b4e6f49505d20636f756e74206d7573bf
:107204007420626520312e2e25750d0a00000000c1
:107214005b4e6f49505d206761705f6d73206d75c3
:10722400737420626520302e2e25750d0a0000002f
:107234005b4e6f49505d2073697a65206d75737478
:107244002062652025752e2e25750d0a000000008c
:107254005b4e6f49502d54585d20737461727420d5
:10726400636f756e743d2575206761705f6d733d46
:1072740025752073697a653d25750d0a00000000a7
:107284005b4e6f49502d54585d2073656e642066c3
:1072940061696c6564206174207365713d25750da9
:1072a4000a0000005b4e6f49502d54585d207365f1
:0c72b4006e74207365713d25750d0a0095
:020000040000fa
:020000040002f8
:1072c000f8b5174603f11005adb22e4cff2222701f
:1072d000102262704288160aa670e270002626719b
:1072e0006671a6710822e2718288160a267262729d
:1072f000c288100aa072e272012222736273802295
:10730000a273e1734bb104f11002974205d01a4603
:10731000394604f1100010f0b7f8a5f10803194a36
:10732000190e1171190c5171190a9171d371069ac4
:10733000bdf81c10012011f031fa0446b0f1ff3ff6
:107340000bd00af081f8a8420cd20f4a136901331e
:10735000136120460bf01efbf8bd0b4a1369013385
:107360001361f9e72a46074920460bf081f9a84244
:10737000ebd12046f1f7acf8034ad3680133d36070
:0c738000e7e700bfe8e30020c4fa0020ab
:020000040000fa
:020000040002f8
:10738c005b5050535d20455854494e54257520632d
:10739c006f756c64206e6f7420626520636c61691c
:1073ac006d6564202d20616c726561647920746157
:1073bc006b656e20286d61736b2030782530386cce
:1073cc005829206f72206e6f7420616c6c6f77651a
:1073dc00642e202031505053206361707475726597
:1073ec002077696c6c204e4f542072756e2e0d0aee
:1073fc00000000005b5050535d20455854494e54da
:10740c0025752063616e6e6f7420656d69742061e3
:10741c006e206576656e74202d206e6f7420636c03
:10742c0061696d65642e20205468652063617074f9
:10743c0075726520636861696e2077696c6c204e8b
:0c744c004f542072756e2e0d0a0000bf18
:020000040000fa
:020000040002f8
:1074580053ec102bc3f30a512de9f04140f2fd70b3
:107468004e1e86421d4645d8a1f2ff30002835db66
:10747800332831dc284bc0f120084ff0ff3c03fad9
:1074880008f2a1f21f412cfa00fc10ee104a4cea57
:10749800020c23fa01f24cea020c23fa00fe04ea79
:1074a8000c0605ea0e0724ea0c0256ea070425ea48
:1074b8000e030fd0002a73f100040bda4ff4801585
:1074c80005fa08f425fa01f10c43121925fa00f01f
:1074d80040eb030343ec102bbde8f081002a73f165
:1074e800000303db9fed080bbde8f0819fed080b5f
:1074f800bde8f0810029efd10a4603f0004343ecd0
:10750800102be9e7aff30080000000000000000046
:0c751800000000000000f0bfffff0f00ab
:020000040000fa
:020000040002f8
:107524002de9f84381460d4690461f460ef0d4fee1
:10753400002852d0044690f83c600dbb002e4ed17a
:1075440090f842306ff3410380f84230002380f812
:107554003c30a4f8288094f83f3013f0010f05d193
:1075640094f840306ff3820384f8403094f842304a
:1075740043f0020384f8423001231846bde8f8833f
:107584006b1edbb2012b2cd80eb1ae422bd194f87a
:1075940042306ff3410384f8423084f83c50002faa
:1075a400d7d03a46294648460bf085f8034658b1e9
:1075b40094f83f3013f0040fcbd194f840306ff3bc
:1075c400041384f84030c4e784f83c6094f8422003
:1075d40042f0020284f84220cfe70023cde70023e3
:0a75e400cbe70023c9e70023c7e747
:020000040000fa
:020000040002f8
:0275ee00fee7b6
:020000040000fa
:020000040002f8
:1075f0007265736572766564000000006e6f726d6f
:10760000616c206f7065726174696f6e00000000bc
:1076100074657374206d6f6465203220286f7574f3
:107620007075742064726f6f7029000074657374d4
:10763000206d6f646520332028505344206d6173a2
:107640006b202f207472616e736d69747465722083
:10765000646973746f7274696f6e290074657374f2
:10766000206d6f6465203420287472616e736d69bb
:1076700074746572206869676820696d70656461fb
:107680006e6365290000000074657374206d6f647b
:1076900065203120286f757470757420766f6c7456
:1076a000616765202f2074696d696e67206a69744f
:0876b00074657229000000bf9f
:020000040000fa
:020000040002f8
:1076b800756e646566696e65640000006e6f6e6560
:1076c8000000000068696768207468726573686ff5
:1076d8006c642061626f7665206d6178206c696ddd
:1076e80069746174696f6e006c6f77207468726575
:1076f80073686f6c642062656c6f77206d696e20ab
:107708006c696d69746174696f6e00006869676897
:10771800207468726573686f6c642062656c6f773b
:10772800206d696e206c696d69746174696f6e0093
:107738006c6f77207468726573686f6c642061621f
:107748006f76652068696768207468726573686f0a
:107758006c6400006c6f77207468726573686f6c76
:10776800642061626f7665206d6178206c696d694f
:08777800746174696f6e00007a
:020000040000fa
:020000040002f8
:10778000f0b585b004460d4616461f4656ea070377
:1077900004d0294bd3e90023134320d1274b029374
:1077a00023a3d3e90023204629460ef099f8009040
:1077b000234b03931ea3d3e90023204629460ef052
:1077c0008ff801920222694602a807f055ff03468e
:1077d00010b11c4a01211170184605b0f0bd0df022
:1077e0008fff801b61eb07014e01430146ead06227
:1077f0001b1a62eb0102560246ead3565f0232467a
:107800003b1841eb0202970147ea93679e01f61a83
:1078100067eb0207084bd3e90023301847eb01015f
:107820000ef05ef8241841eb0505b7e7aff30080d2
:1078300000ca9a3b00000000e8fd0020740001002f
:0878400075000100560401204f
:020000040000fa
:020000040002f8
:1078480000283fd010b504464c220021043010f027
:10785800b5fb1d4b1b7823701c4b1b7863701c4bae
:107868001b8863801b4bd3e90023c4e902231a4b0e
:10787800d3e90023c4e90423184b1b68a361184b00
:107888001b68e361174b1b682362174bd3e900237e
:10789800c4e91023154b1b68a364154b1b6863626e
:1078a800144b1b68a362144b1b68e362134bd3e9a8
:1078b8000023c4e90c23124b1b68a363114b1b68fc
:1078c800e36310bd704700bf63040120700401200a
:1078d8001600012080ff002040ff00203c0201200c
:1078e8005402012044020120c00501203802012071
:1078f80084020120880201208c02012020ff002040
:087908009002012088ff00201d
:020000040000fa
:020000040002f8
:107910002f4b834249d12de9f0410c46002847d036
:1079200091f82f302a4a92f89c20934243d228495a
:10793000d1f8b41011f80380b8f1ff0f26d04245fa
:107940003cd92369002b3fd008eb0817bf00204d1e
:1079500005f1600607e0236a43f008032362246808
:10796000bcb123696bb32b6b13b10321304698472d
:10797000d5f88c003844214618300ff0d9fd2b6b18
:10798000002be8d0042130469847e4e74ff0000888
:10799000d7e70f4c4146204603f022fa41462046e5
:1079a0000ff063fa0020bde8f0816ff0050070472a
:1079b0006ff00500f7e76ff00a00f4e76ff00a00d8
:1079c000f1e76ff00a00eee76ff00a00ebe700bfa7
:0479d00090040120fe
:020000040000fa
:020000040002f8
:1079d4005443502f495020537461636b3a202573ec
:1079e400204d414320696e697469616c697a6174e0
:1079f400696f6e206661696c65640d0a00000000a1
:107a04005443502f495020537461636b3a202573bb
:107a1400204d4143204f70656e206661696c65643a
:107a24000d0a00005443502f495020537461636b76
:107a34003a204d6f64756c65206e6f3a2025642082
:107a4400496e697469616c697a6174696f6e2066e4
:107a540061696c65640d0a005443502f49502053ea
:107a64007461636b3a202573204d4143206576652c
:107a74006e74206e6f74696669636174696f6e20d9
:107a840073657474696e67206661696c65640d0a58
:047a9400000000bf2f
:020000040000fa
:020000040002f8
:107a98002de9f0410d4616461f460ef057fc00280a
:107aa8004ed0044690f87620d31edbb2022b49d97b
:107ab800082a4bd090f877300bb1ab4248d15fb170
:107ac800012d01d000233ee0002138460ef062fe71
:107ad800804618b9002336e0d4f84880e6b1b4f8f7
:107ae8006230b34204d030460bf040ff034650b337
:107af80084f87750c4f848803a46294620460cf066
:107b0800c7ffa4f8626094f83e3013f0010f0ad062
:107b1800a4f87260012316e00cf06afe06460028fd
:107b2800e6d100230fe0b4f84230b4f84020134403
:107b3800b4f8602013445e40a4f87260012302e0a8
:107b4800002300e000231846bde8f0810023fae78f
:047b58000023f8e727
:020000040000fa
:020000040002f8
:107b5c0038b50d4614460ef0f7fb002854d0002c17
:107b6c0054d00b2d54d8dfe805f00617242a5353b4
:107b7c003153383f454a90f8742082f04002c2f3ea
:107b8c008012227090f87430db43c3f3c01363701f
:107b9c0000236380012038e090f83f20c2f380126c
:107bac002270b0f87020628090f88430237101202c
:107bbc002be082694369d31a2380012025e04268b7
:107bcc000368d31a0133238001201ee090f875302e
:107bdc00c3f3c0032370012017e090f83f30c3f3c8
:107bec0001132370012010e090f83f30db09237063
:107bfc0001200ae090f885302370012005e090f810
:107c0c0086302370012000e0002038bd0020fce706
:047c1c000020fae763
:020000040000fa
:020000040002f8
:107c200070b5441ea4b2092c54d824b204ebc4028b
:107c30002b4b13f82230002b4fd01346284a02eb6f
:107c400083039b68196a00293cd004ebc403244acf
:107c500002eb8303b3f906008847054600283ad0b3
:107c600004ebc4031e4a02eb83039b8813f0200f2e
:107c700031d004ebc40302eb83039b78012b2ad998
:107c800004ebc40302eb83035b789bb104ebc403f6
:107c900002eb8303db681b6963b1164604ebc40087
:107ca00002eb80001c30984704ebc40306eb83060c
:107cb0000023737004ebc404094b03eb8404012319
:107cc000a37008e004ebc40402eb8404ff23e37018
:107cd000002500e00025284670bd0025fbe700bf19
:047ce00068e7002031
:020000040000fa
:020000040002f8
:107ce40010b42e49cb6823f4e0631b041b0c43f04f
:107cf400bf6343f40033cb60bff35f8f62b6284b9e
:107d0400e02283f81f234ff00040186083f82023fb
:107d14000120586083f82e234ff48040586083f884
:107d24002f234ff40040586083f830234ff4803001
:107d3400586083f831234ff40030586083f83223bd
:107d44004ff48020586083f833234ff400205860a8
:107d540083f834234ff48010586083f835234ff4ac
:107d640000145c6083f85423986083f86b234ff409
:107d74000062da604b6a43f480234b624b6943f040
:107d840010034b614b6a43f400334b624b6a43f478
:107d940080334b625df8044b704700bf00ed00e098
:047da40000e100e01a
:020000040000fa
:020000040002f8
:107da800205b5452554e435d000000000000000067
:107db8000a0d3d3d3d3d3d3d3d3d3d3d3d3d3d3d4e
:107dc8003d3d3d3d3d3d3d3d3d3d3d3d3d3d3d3ddb
:107dd8003d3d3d3d3d3d3d3d3d3d3d3d3d3d3d3dcb
:107de8003d3d3d3d3d3d3d3d0a0d000068656c70e3
:107df800207c206c616e68656c70207c20707470cb
:107e08006620737461747573207c20737461747355
:107e1800207c2073686f77656e76000020436f6d55
:107e28006d616e64733a2025730a0d0045303a255a
:107e380075206c656e3d25752074733d256c6c75d9
:107e4800206d7325730d0a0045313a2575206c6540
:107e58006e3d25752074733d256c6c75206d7325fa
:047e6800730d0a008c
:020000040000fa
:020000040002f8
:107e6c003d3d3d3d3d3d3d3d3d3d3d3d3d3d3d3d36
:107e7c003d3d3d3d3d3d3d3d3d3d3d3d3d3d3d3d26
:107e8c003d3d3d3d3d3d3d3d3d3d3d3d3d3d3d3d16
:107e9c003d3d3d3d3d3d0a0d000000005431532059
:107eac0050545020466f6c6c6f7765720000000068
:107ebc002025730a0d00000073696e676c652069dc
:107ecc006e746572666163652065746830203d2050
:107edc003130424153452d5431532c2077616c6c19
:107eec0020636c6f636b20737465657265642066c8
:107efc00726f6d2053796e632f466f6c6c6f775f6a
:107f0c0055700000204275696c643a2041756720f9
:107f1c00333120323032362031393a32363a313739
:047f2c000a0d00003a
:020000040000fa
:020000040002f8
:107f30002de9f04182b00446456804290cd003685d
:107f40001b6823492846984723681b68214928460f
:107f5000984702b0bde8f081164650680bf0bdf8b6
:107f60000746431e012b05d923681b681a4928467a
:107f70009847eee7b0680bf015ff8046b0b101a955
:107f8000f068faf71dfcb8b1012f1bd001a94046db
:107f90000ff0d6f822685468104b114a002808bf29
:107fa00013463a460f492846a047d2e723681b6884
:107fb0000d4928469847cce723681b680b4928469b
:107fc0009847c6e701a940460ff0acf8e2e700bfca
:107fd0003cde020068de02008cde0200dc80020073
:107fe000601d0300a0de0200982e020084860200bd
:020000040000fa
:020000040002f8
:107ff0002de9f04186b00446456801290add0e46a8
:108000001746d2f80480204940460ff028fe28bbce
:10801000022e0cdc23681b681c49284698472368fd
:108020001b681b492846984706b0bde8f081b86830
:108030000bf0b8fe60b10ef0a9fd23685b68154a2d
:108040001549002808bf0a46144928469847ebe717
:1080500023681b68124928469847e5e711494046be
:108060000ff0fdfd0028d5d110f094f9142201a9dc
:108070000cf01cfa23685b6820b90b4a0b492846b0
:108080009847d1e701aaf9e7a4b90200e4b90200d0
:1080900008ba020088b9020094b90200acb9020023
:1080a000982e0200a8b902009cb90200c8b90200cb
:020000040000fa
:020000040002f8
:1080b00061727000636c720055736167653a206984
:1080c0007034206172702f6677642f7461626c6502
:1080d00020697820636c720d0a0000007375636379
:1080e00065737300495076342041525020537461b7
:1080f000743a2025730d0a00706f6f6c3a20256466
:108100002c2070656e643a2025642c207478537599
:10811000626d69743a2025642c2066776453756219
:108120006d69743a2025640d0a0000007478536f5d
:108130006c7665643a2025642c20667764536f6cf6
:108140007665643a2025642c20746f74536f6c76c6
:1081500065643a2025642c20746f744661696c65ef
:10816000643a2025640d0a004661696c656400006c
:020000040000fa
:020000040002f8
:1081700055445020736f636b6574733a20256420f7
:108180000d0a000009736b7449783a2025642c208d
:10819000616464547970653a2025642c2072656da1
:1081a0006f7465506f72743a2025642c206c6f6375
:1081b000616c506f72743a2025642c20727851756e
:1081c00065756553697a653a2025642c2074785367
:1081d000697a653a2025640d0a000000272573534b
:1081e0007469636b79200000257320506f727427c7
:1081f0002c2000002573204e6574272c0000000001
:1082000025732041646427000920666c6167733a16
:108210002025730d0a00000075736167653a2075ab
:10822000647020696e666f203c6e3e0d0a0000bfd0
:020000040000fa
:020000040002f8
:1082300070b5fab004460023089309930a930b9390
:1082400001930293039304930593069307931021dc
:1082500008a80bf00fff0ca80ff0f0fe94f8773091
:10826000012b33d0002201a90ca80ff03efa01a97e
:108270000ca80ff046fa0df043fa04460d4610f034
:10828000eff86a01630142ead4611b1b61eb05014f
:108290004a0242ead3525e021146331945eb01010c
:1082a0008e0146ea93669a01d31a66eb01011b1907
:1082b00045eb01019c090246002344ea81608909db
:1082c0000df00efb019b18447ab070bd636c0193f6
:1082d000236c0293b4f86220b4f8603003eb0243dd
:1082e000039308ab04ac0fcb84e80f001c22bae761
:020000040000fa
:020000040002f8
:1082f0002b4b1b68012b00d070472a4b1b68002baf
:10830000fadd2de9f0470646254b02221a60436943
:1083100001279f40244b1b6873b30024dff88c9027
:10832000dff8848018e095f83e3003f0010a43f04e
:10833000010385f83e304ff400520021284609f031
:10834000cbfb95f83e306af3000385f83e300134ec
:10835000d8f80030a3420fd9d9f8003053f8245090
:10836000002df4d0a86c0ff0a9ff0028efdb01234b
:1083700083403b42ebd0d6e7337e022b04d0084b40
:1083800001221a60bde8f087064a1368013b1360ba
:10839000002bf4d107f008f9014b00221a60f1e735
:1083a000f4000120f0000120e4000120e0000120a1
:020000040000fa
:020000040002f8
:1083b00038b52a4bd3e9004554ea050324d0284bad
:1083c000d3e90023134328d04ff47a7200232449c1
:1083d000d1e900010df084fa00fb05f301fb043143
:1083e000a0fb04450d441f4bc3e900451e4b1b6811
:1083f000a3fb040103fb0511642200230df070fab6
:108400001a4bc3e9000138bd002200231749c1e916
:1084100000231449c1e90023f5e7201945eb0503c2
:10842000001945eb03035a0142ead06241014018aa
:1084300042eb0303001945eb03030a4a1060536043
:10844000094a1268a2fb000102fb03116422002307
:108450000df046fa054bc3e90001d4e788ff002080
:1084600040ff002048ff00200006012060ff0020a0
:020000040000fa
:020000040002f8
:1084700030b583b0044600238df80730d0f8a850fb
:10848000eb6900699847012826d02b6a2069984734
:1084900020bbb4f8403013f0010f43d06b6b0df1eb
:1084a0000701206998479df8073013f0080f19d08d
:1084b000b4f8423043f40053a4f8423094f8442016
:1084c000b4f84210204604f066fea37d43f010038a
:1084d000a375002384f8463003b030bd20460ef06b
:1084e000b5fcf9e713f0040f06d0b4f8423043f4ba
:1084f0008053a4f84230e1e713f0020f08d0b4f83b
:1085000042306fea43436fea5343a4f84230d5e761
:1085100013f0010fd2d0b4f8423043f48043a4f8f2
:0c8520004230cbe720460ef091fcd5e77e
:020000040000fa
:020000040002f8
:10852c002de9f041079d9e1cbdf82040b6eb940f41
:10853c004fd85f1effb217f0800f4cd130b34fea0b
:10854c00830c05eb0c081ffa83febef1000f1dd047
:10855c00a8f10404069b9c44a8f108080ef1ff3313
:10856c009bb2a8eb830800bf5cf8043d4fea136e86
:10857c0084f804e04fea134e84f805e04fea132e1a
:10858c0084f806e0e371043c4445edd100232b60f4
:10859c00c2f3034343ea01112b78194341ea40101b
:1085ac0028706b7843ea12236b70ab781a43aa706d
:1085bc0007f07f07ec7844ea470464b2ec70284675
:1085cc000cf0dafd00f001000443ec70b000bde8e3
:0c85dc00f0810020fbe70020f9e700bf61
:020000040000fa
:020000040002f8
:1085e800536574206761746577617920616464728a
:1085f800657373204f4b0d0a00000000536574200b
:10860800676174657761792061646472657373204a
:108618006661696c65640d0a000000005573616746
:10862800653a207365746777203c696e7465726675
:108638006163653e203c697076342f36206164643e
:10864800726573733e203c76616c696454696d652c
:108658003e200d0a0000000045783a2073657467d3
:1086680077205049433332494e54203139322e3124
:1086780036382e302e31200d0a000000496e766102
:108688006c69642049502061646472657373207357
:0c8698007472696e67200d0a000000bfbc
:020000040000fa
:020000040002f8
:1086a400696e666f0000000054435020736f636b63
:1086b4006574733a202564200d0a000009736b74f5
:1086c40049783a2025642c20616464547970653ab1
:1086d4002025642c2072656d6f7465506f72743a36
:1086e4002025642c206c6f63616c506f72743a2087
:1086f40025642c20666c6167733a2030782530320b
:10870400780d0a0009727853697a653a2025642c39
:1087140020747853697a653a2025642c2073746137
:1087240074653a2025642c20727850656e643a2072
:1087340025642c20747850656e643a2025640d0af3
:108744000000000075736167653a207463702069e6
:0c8754006e666f203c6e3e0d0a0000bff8
:020000040000fa
:020000040002f8
:1087600010b50ff0fdfc01f003fcf4f737fc0bf043
:1087700041f905f067f80bf005fcfcf754f805f03b
:10878000c1fd1c490020fcf799fc1b4c20611b4bd0
:108790001b681b490020984760610021084607f0cc
:1087a000b5fc206208f0eef8164900200bf016fd2b
:1087b00015490020fef7b8fc60601449002009f05c
:1087c00013f8a06012480cf0f3fe124900200ef0de
:1087d00097fda06110490020f3f7defee0610df087
:1087e000c7fae0600ff09efb03f0e2fefff77afab3
:1087f00010bd00bf444e030010fb0020742803008e
:10880000848803008c050120a48803007884030079
:0c881000340101206c8403009c880300ec
:020000040000fa
:020000040002f8
:10881c0055736167653a20746573746d6f64652078
:10882c005b302e2e25755d205b7365636f6e6473f4
:10883c005d0a0d00202030203d206e6f726d616c42
:10884c002c2031203d20766f6c746167652f6a692e
:10885c00747465722c2032203d2064726f6f702c02
:10886c002033203d20505344206d61736b2c2034f9
:10887c00203d20545820686967682d5a0a0d000065
:10888c0020206e6f20617267756d656e74203d20bf
:10889c0073686f77207468652063757272656e7487
:1088ac00206d6f64650a0d00746573746d6f64657b
:1088bc003a207365636f6e6473206d7573742062f8
:0c88cc006520312e2e3630300a0d0000e1
:020000040000fa
:020000040002f8
:1088d800f0b587b01f460b78002b3dd005460c46f7
:1088e8001646cb6801938b6800934b6802461e4975
:1088f800002006f081f8e069226a1c4b1c49b2f599
:10890800fa6f98bf0b46049303920290a3690193f0
:108918006369009323692a461649002006f06cf81b
:1089280056ea07031dd0144b1a68d2b17008002309
:1089380040eac77079080cf0cfff94f824100f4b69
:108948000f4a002908bf1346009303462a460d49db
:10895800002006f051f804e002460b49002006f01a
:108968004bf807b0f0bd00bf38380200f4370200fa
:108978000038020070380200740301200438020035
:0c8988001c380200b43802002038020045
:020000040000fa
:020000040002f8
:108994005b504545525d20455854494e5425752039
:1089a400636f756c64206e6f7420626520636c6104
:1089b400696d6564202d20616c7265616479207431
:1089c400616b656e20286d61736b203078253038bb
:1089d4006c58292e20205468652063726f73732da0
:1089e4006d6561737572656d656e742077696c6c05
:1089f400204e4f542072756e2e0d0a005b50454573
:108a0400525d20455854494e5425752063616e6e5d
:108a14006f7420656d697420616e206576656e746f
:108a2400202d207468652063726f73732d6d6561ea
:108a3400737572656d656e742077696c6c204e4f2a
:0c8a4400542072756e2e0d0a000000bf59
:020000040000fa
:020000040002f8
:108a500038b5274b1c78002c47d0431eb3f5803f18
:108a600042d20546234b1b68062118780cf0a0fa69
:108a70000446002839d0204b01221a701f4a13687f
:108a800023f002031360136913f0020ffbd16b1e76
:108a90009bb21a4a9383136913f0400ffbd1174b13
:108aa00000229a821a46136913f0100ffbd1134a61
:108ab000136843f002031360136913f0020ffbd134
:108ac00000210c4b18680cf08dfa0d4ad2f82c31ad
:108ad00023f47f0343f47503c2f82c31094b1d6066
:108ae000094b01221a7000e00024204638bd00bf67
:108af0008c040120e40301208b04012000140043b6
:0c8b000000800041e80301208a040120ed
:020000040000fa
:020000040002f8
:108b0c00037bc3f303139b00143b13f0ff0343d00d
:108b1c0070b483b01430c6181fe0022b42d9002366
:108b2c00adf806305378042b0cd0bdf8060040f29b
:108b3c00b453984228bf1846b0f5067f38bf4ff49f
:108b4c00067037e093788df80730d3788df80630bf
:108b5c00ebe7881c10445b1adbb2c5180246013bdc
:108b6c001844831adbb2aa4222d0b24211d2144664
:108b7c0014f8011b99b1012909d00229cdd0012b80
:108b8c0013d951789942e4d94ff4067012e0224679
:108b9c00e7e74ff406700de04ff4067070474ff4a2
:108bac00067007e04ff4067004e04ff4067001e025
:0a8bbc004ff4067003b070bc704760
:020000040000fa
:020000040002f8
:028bc600fee7c8
:020000040000fa
:020000040002f8
:108bc80030b583b005469df81840d0f8ec00042c69
:108bd8003ed8dfe804f0031526423600002301934f
:108be8000093012301f00f021f490df0abff03466c
:108bf800a0b395f8fc30013385f8fc3000232de054
:108c08000023019300930123022218490df09affd3
:108c1800034618b395f8fc30013385f8fc3000237f
:108c28001ce000230093124b012212490ef022fa95
:108c3800034698b195f8fc30013385f8fc300023e1
:108c48000ce072b1d5f8e4100b401360012305e085
:108c5800ff2385f89030002300e00023184603b076
:108c680030bd0023fae700bfd8000400da00040092
:088c7800b95b0300d900040000
:020000040000fa
:020000040002f8
:108c800010b40b684a68b3fbf2f3082b0cd9102b15
:108c90002ed9202b2ed9302b2ed9402b2ed9612b1b
:108ca00034bf0524062400e00024026812f0080204
:108cb00031d0016821f008010160036813f0040f4e
:108cc0002dd0036823f004030360436823f4e0130a
:108cd00043ea844343601ab1036843f00803036026
:108ce000036843f00403036000205df8044b704701
:108cf0000124dae70224d8e70324d6e70424d4e7e2
:108d0000036823f004030360436823f4e01343ea99
:108d100084434360e4e7036813f0040ff0d1436831
:108d200023f4e01343ea84434360002adcd0036861
:088d300043f008030360d7e7dc
:020000040000fa
:020000040002f8
:108d380090f8263003b1704770b50446c56dc36a14
:108d4800b3f1ff3f1fd0036bb3f1ff3f1bd02b786c
:108d580033b190f83e10b5f904000df0e3ff1ae0c6
:108d68000ff080fd064694f83d10b5f910000df09f
:108d7800d9ff94f83c10b5f914000df0d3ff304634
:108d88000ff074fd07e02b784bb194f85b10b5f940
:108d980004000df0c7ff012384f8713070bd0ff097
:108da80061fd06466868b0f1ff3f0bd1a868b0f1d5
:108db800ff3f0dd1e868b0f1ff3f0fd130460ff00b
:108dc80055fde8e794f8581000b20df0abffede759
:108dd80094f8591000b20df0a5ffebe794f85a107b
:088de80000b20df09fffe9e766
:020000040000fa
:020000040002f8
:108df0002a4b1b8803b970472de9f04385b007461d
:108e0000066901a80ff0c0fc25480df045fcdff80d
:108e10009090dff890800ae0a56813e02379013b89
:108e2000dbb2012b1ad9214640460ef0dcfb484646
:108e30000ef0daf90446c0b12379012becd0022bf5
:108e40001cd1a56860790df0b1fe002ee6d08642f7
:108e5000e4d0214601a80ef0c6fbe8e703226ff03c
:108e6000040128460cf0ccfadde70d4b04aa12e908
:108e7000070083e8070018460ef0c4f93b7e022b7a
:108e800002d005b0bde8f083044a1388013b9bb2d1
:108e90001380002bf5d105f0effff2e7220401204b
:088ea00070fc0020ecfc002036
:020000040000fa
:020000040002f8
:108ea800f8b504464568012908d01646032920d09c
:108eb80023681b681f4928469847f8bd03681b6844
:108ec8001d492846984700221c4b1b68934221dd08
:108ed8001b49d82303fb021393f8ce10012922d093
:108ee800012183f8cf1023685b6816492846984704
:108ef800e3e75768144938460ef0adfe28b1134928
:108f080038460ef0a8fe0028d2d1b0680af0e1f881
:108f1800021ed9da094b1a6823685b68013a0c49c2
:108f280028469847c9e723681b680a49284698478e
:108f3800c3e700bf8cd3020024d302000001012044
:108f480098ef00205cd302007454020078540200a9
:088f5800b45402003cd30200f6
:020000040000fa
:020000040002f8
:108f6000037e032b45d02de9f041244b1e68002ed3
:108f700037d1234b01221a60224c4ff0d80800252c
:108f8000214f4246294620460ff01cf8012384f861
:108f9000ce3084f8cf504ff6ff7363872387a387c3
:108fa0004ff48052c4f8b820c4f8bc2084f8d550df
:108fb00084f8d45023752a463946212009f0c6fc8e
:108fc000c4f8c000c0b10136d8340d4b1b68b342a1
:108fd000d7dc0e4b0e4a04210e4803f011f803466d
:108fe00020b1064a13680133136001231846bde817
:108ff000f0810123184670470023f7e7fc000120a9
:109000000001012098ef0020113600007472030067
:0890100088720300f054030014
:020000040000fa
:020000040002f8
:10901800f8b52b4e06f11c0406f5c276294f0ce074
:1090280054f8143c5b6934f9160c984710b17b78f6
:10903800012b1dd02434b44240d0254614f81c3ce2
:10904800002bf7d034f8183c13f0200ff2d014f8a6
:109058001a3c012be4d05ab2002aebd0032be9d8f2
:1090680055f8103cdb682846984705f81a0ce1e7e4
:1090780000237b7054f8103c9b6a984730b954f829
:10908800103c1b6854f8140c984768b101237b7096
:1090980055f8103c9b68294635f9160c984748b195
:1090a800012305f81b3cdbe7052304f81a3c0123e0
:1090b8007b70bfe7052305f81a3cbbe7f8bd00bf86
:0890c80068e700209cdb00209a
:020000040000fa
:020000040002f8
:1090d0002de9f041294e2a4c4ff00108294f13e0a9
:1090e000226afab1616a236a40469847a36a01334b
:1090f000226b934228bf002314e0a26aedb2bd5454
:10910000a36294f83430fbb9337e13f0040f32d0ed
:10911000b56aa36a0133226b934228bf0023e26a37
:109120009a42ddd0e26a9a42eed0726802f00702fb
:10913000012ae2d1a16a4a00e8b207f8110001321f
:10914000c5f30725bd54dbe70ef0fcfb236a002bbb
:10915000dad0616a94f83c3033b1a36b9842d3d330
:10916000236a00209847cfe7a36b9842ccd1236aab
:1091700000209847c8e7bde8f08100bf00340040f8
:08918000ecf80020c89e00205d
:020000040000fa
:020000040002f8
:10918800002851d070b50446002950d00d46064637
:1091980056f80c3b5a1c02608022f25400683828aa
:1091a80033d82068c0f13802002130440ef006ffa1
:1091b8006368a1685a0f02ebc102a260db0063601a
:1091c8006364a26431462046e1f7a2fa234653f8c5
:1091d8004c0f59689a68db6828606960aa60eb6080
:1091e800144be36403f18833236503f12943a3f5a2
:1091f8009613a3f68b636365a3f18833a3650020f8
:1092080020606060a060206670bdc0f1400200214f
:1092180030440ef0d3fe4023236031462046e1f768
:1092280077fa00232360bce76ff0ac0070476ff05b
:08923800ac00e9e701234567e2
:020000040000fa
:020000040002f8
:10924000432d72756e74696d6520686561703a2092
:10925000746f74616c3d257520206c617267657355
:1092600074206672656520626c6f636b3d257520a6
:1092700020286e616e6f2d6d616c6c6f633b206e8c
:109280006f206578616374206672656520636f7511
:109290006e74290d0a0000005443502f4950206875
:1092a0006561703a2020202073697a653d2575201c
:1092b00020667265653d257520206d6178626c6f52
:1092c000636b3d25752020686967687761746572f6
:1092d0003d25750d0a0000005443502f4950206869
:1092e0006561703a20202020286e6f2068616e64ce
:0892f0006c65290d0a0000bfa6
:020000040000fa
:020000040002f8
:1092f80084b0f8b507ac84e80e009df82c600c9f8c
:10930800204b1880204d94e80f0085e80f001f4b74
:109318001e702eb127b11e4b38681860ba889a8023
:109328001c4b1b7833b11b4b01221a70bde8f84067
:1093380004b070470cf0e0f904460d4600200ef02a
:1093480043ffe8b1421e0530134b144e12f8011fbb
:109358004b4006fb03f38242f8d103f01f0303ebf3
:1093680083035b000e4a0f4908684e68a0fb03019f
:1093780003fb0611041941eb050514605560d2e79b
:109388000023efe712040120d0fc0020860401200e
:109398002000012087040120c59d1c819301000144
:0893a800e8ff0020f0ff0020a7
:020000040000fa
:020000040002f8
:1093b000436869702d5265766973696f6e000000ad
:1093c000504c43412d456e61626c656400000000a5
:1093d000504c43412d53746174757300504c43419c
:1093e0002d4e6f6465496400504c43412d4e6f64af
:1093f00065436f756e740000504c43412d42757289
:109400007374436f756e7400504c43412d427572f6
:10941000737454696d6572005443362d4368756edc
:109420006b53697a6500000054582d437574546875
:10943000726f75676800000052582d437574546848
:10944000726f75676800000050726f6d69736375a5
:109450006f757300535049204672657175656e6370
:04946000790000bfd0
:020000040000fa
:020000040002f8
:109464002de9f04385b00f469046994601a80ff0c8
:1094740089f926480df00ef9244e0be0a56814e096
:109484006ff00301032228460bf0b8ff2146204861
:109494000ef0a7f830460df0a5fe044648b3237934
:1094a400012bebd0022b2dd1a56860790df07cfb4c
:1094b400e2683b689a4217d1b9f1000fe0db6b69af
:1094c400d8f800201a60b8f804209a8000232b6092
:1094d40038b129460bf07cfb0028d7da6ff0040181
:1094e400d0e76ff00401cde7214601a80ef079f82a
:1094f400d0e7064b04aa12e9070083e807001846e0
:109504000df07efe05b0bde8f08300bf70fc0020c6
:04951400ecfc00204b
:020000040000fa
:020000040002f8
:10951800f8b500294cd00b46b1f91240274a126819
:10952800002a46d0002c44db254909688c4240dae1
:1095380052f824209a423cd1828e5ab10023838665
:10954800036a43f04003036201220146806a06f081
:1095580025fb17e0b3f8602012f0010f13d09d6dc2
:10956800de6d876ada68824211d093f83e20013aac
:1095780083f83e200af08afc25b133460122394699
:109588002046a847f8bd002635463746eae702696f
:109598000021918193f8412012f0020f12bfa0f828
:1095a80054101a689a60036a23f008030362e3e719
:1095b8000024002635463746dce700bfcc000120f2
:0495c800d0000120ae
:020000040000fa
:020000040002f8
:1095cc002de9f04707468a4691469846089d099e24
:1095dc00274b5c6c1cb1236a13f0080f06d00df0fe
:1095ec001ff90446002841d0214b5864a36901227d
:1095fc001a804ff400625a8006221a7104225a71a2
:10960c00a3f806a00eb332689a60b2889a81c3f8a8
:10961c000e902a68c3f81220aa88da82c3f8188040
:10962c0018460df03dfb23691c229a8138460ef03a
:10963c00c9fb40f606030246294620460bf09ef86d
:10964c00034640b91846bde8f087f86b9860b7f848
:10965c0040209a81dbe700232360a762214638462d
:10966c000bf0b2fac043c0f3c013ebe70023e9e7f9
:04967c0060f8002072
:020000040000fa
:020000040002f8
:109680002de9f8432a4b5a6b59691961002a40d0d9
:109690009368b3f5004f33d3254b5b6947f6ff74ee
:1096a000002514eb030845f10009214e73689b69fe
:1096b000984782b200233169814206d94ff6ff7183
:1096c00052184ff0000141eb03031949096a56187b
:1096d00043f10007b94508bfb04524d20a44144bf2
:1096e000da61134bdb699bb213b9114b0122da61ca
:1096f0000f4bd8695b685b6980b29847bde8f88317
:1097000094680b4b5b69002514eb030845f10009d5
:10971000cbe7074b5b6947f6ff74002514eb0308a2
:1097200045f10009c1e7024bc3f81c80d9e700bf2f
:0497300030f90020ec
:020000040000fa
:020000040002f8
:10973400002850d02de9f04192b0074615460c465a
:1097440037263246002104a80ef03afc07f1080837
:10975400039502940196cdf800800123324604a9b2
:109764003846f7f7d3f8002838d104ae44460df153
:10977400400c35460fcd20606160a260e3602e4648
:1097840010346545f5d128682060aa88ab79a28099
:10979400a37104aa00200df14701134603f8010b3d
:1097a4001a468b42f9d10023039302933722019284
:1097b400cdf8008007f13f013846f7f7a7f80346d4
:1097c40070b901223a6000227a6087f88020184636
:1097d40012b0bde8f0810123184670470123f6e773
:0497e4000123f4e782
:020000040000fa
:020000040002f8
:1097e800796573006e6f00006f6e00006f6666002b
:1097f8005b50494e5d2025752070696e732c206979
:109808006e64657820737061636520302e2e25752f
:109818002028307825303258203d20756e757365c4
:1098280064290d0a000000002020202020206964ff
:1098380078202070696e20202020202020202020e1
:1098480020202020202020202020202020696e7623
:10985800202070776d20206f776e65722020202081
:109868006c6576656c0d0a002020202020202533a9
:10987800752020252d3234732020252d3373202088
:10988800252d33732020252d3773202025730d0aad
:04989800000000bf0d
:020000040000fa
:020000040002f8
:10989c002de9f04f85b0ddf838a0002a4ed0934664
:1098ac0099460e46804600273d4614e0cdf80ca0a4
:1098bc00cdf8089000230193537b009353687258a2
:1098cc0001214046faf72cff78b10137bfb20135c0
:1098dc00adb2ab4509d929017218147b012c08d003
:1098ec0063b2002be2d0022c16d0384605b0bde88e
:1098fc00f08fcdf80ca0cdf8089093680193537bb2
:10990c0000935368725803214046faf709ff002868
:10991c00ebd00137bfb2dae7cdf80ca0cdf8089048
:10992c0000230193527b0092725802214046faf7b1
:10993c00f7fe0028d9d00137bfb2c8e71746d4e7e5
:020000040000fa
:020000040002f8
:10994c0070b5002847d00546b0f8422044f24000dc
:10995c00104243d1002943d00e46224b1d61b5f86d
:10996c0060205a6103221a76012229463046f8f704
:10997c00f7f9044660b1306a0bf0f4fc044600f0d1
:10998c00fd03012b17d00ef05ffd60b9002423e01e
:10999c000ef05afd00b30ef051fdb5f860201249df
:1099ac0005f028f818e00ef049fd22460f4905f0a5
:1099bc0021f8002410e00b48447600231a46314667
:1099cc00eef7c0ff044638b90323042229460548a4
:1099dc0006f0b0f800e00024204670bd0124fbe73f
:1099ec000024f9e7d4fb0020004603006476010054
:020000040000fa
:020000040002f8
:1099fc00f8b505460c4617461e460af013ff00281c
:109a0c0042d0234b93f90030022b05d04ff0ff349a
:109a1c000cf072ff2046f8bd002c2fd0ac4230d396
:109a2c001c4b1b7853b11c4a0123117841b10133f3
:109a3c002032052bf9d14ff0ff34e9e70023154a0a
:109a4c000121117000215170117551759df818107c
:109a5c0091705460d7601661641b94600f4909883b
:109a6c009bb243ea0144d4614b1c9bb24ff6ff728c
:109a7c00934208bf0123094a1380c9e74ff0ff3412
:109a8c00c6e74ff0ff34c3e74ff0ff34c2e700bf27
:109a9c0030f90020d4f10020f4f100209e050120c3
:020000040000fa
:020000040002f8
:109aac006f6b000020202873696c656e74290000b0
:109abc00000000005b45505d20656e64706f696e40
:109acc007420736572766963652025303458206c78
:109adc00697374656e696e67206f6e207564702f84
:109aec0025750d0a000000005b45505d2064726f07
:109afc00707065643a20737663202530345820707a
:109b0c00726f746f202575206966616365202575f9
:109b1c000d0a00005b45505d2025303458207369d8
:109b2c0064202575202d3e202530325820257325a4
:109b3c00730d0a005b45505d202530345820756e3e
:109b4c006b6e6f776e206d6574686f640d0a000024
:020000040000fa
:020000040002f8
:109b5c0070b582b006460022019201a90ef054faab
:109b6c00019cb44241d00546002841d0237863b112
:109b7c00214920460ef06df838b1204920460ef0f0
:109b8c0068f8e0b10020014617e000266801ea0ef3
:109b9c00401b62eb0602530243ead05341021a46c1
:109bac004b1942eb06018a0142ea93629801c01af2
:109bbc0062eb0101401946eb010102b070bd2b466e
:109bcc0000246801e90e401b61eb04018a0042eaa3
:109bdc00907285001146e81844eb0101cb0043ea72
:109bec005073c20010461946e7e700200146e4e72f
:109bfc0000200146e1e700bfd4880300d8880300a9
:020000040000fa
:020000040002f8
:109c0c000f2812d84b1edbb2042b0ed82de9f041d5
:109c1c0001268640234b1b681e420cd0224a136837
:109c2c00013313600020bde8f0811f4a1368013333
:109c3c0013600020704717460d460446dff86c8011
:109c4c00002388f800300ef005fbc8f80c60e30820
:109c5c009b0003f1804303f52053d96904f00700fe
:109c6c0080000f22824021ea020205fa00f1114322
:109c7c00d9618fb1d8f818303343c8f818300b4c71
:109c8c00022323700ef0e6fa66612661054a13681a
:109c9c001e4316600120c6e7044a936923ea0603b3
:109cac009361ece77c030120800301200028004035
:020000040000fa
:020000040002f8
:109cbc00f8b5224b1b78002b3fd0214b1b78002b87
:109ccc003bd0204b1b78002b37d01f4b1c68002c33
:109cdc0033d006460f46032c10d9224600230bf036
:109cec00f9fdb2eb940f04d304eb4403b2eb930fe6
:109cfc0005d9164a1368013313601ee0002292b294
:109d0c00134b9a821a46136913f0100ffbd10025de
:109d1c0022462b46304639460bf0dcfd00f00101a3
:109d2c000c4b18680bf058f90b4bc3e900670b4a46
:109d3c00136801331360014b1d70f8bd8a040120b8
:109d4c008c0401208b040120e8030120dc0301209a
:109d5c0000140043e403012008000120e00301206b
:020000040000fa
:020000040002f8
:109d6c00f0b58bb004464668012906dd0d46174652
:109d7c001e4950680df06dff30b123681b681c49fb
:109d8c00304698470bb0f0bd022d11dd1949b8686b
:109d9c000df05fffb0fa80f1490902a80ef0d2fd78
:109dac0023685b6830b9144a144930469847e9e790
:109dbc000021f2e7124a1149304698472368059a68
:109dcc000192049a00925d68039b029a0d493046f9
:109ddc00a8472368099a0192089a00925c68079b2d
:109dec00069a09493046a047cce700bfb080020074
:109dfc00b8800200b480020068810200e480020096
:0c9e0c00dc800200f88002002c810200c3
:020000040000fa
:020000040002f8
:109e180010b5441ea4b2092c37d824b204ebc402ee
:109e2800244b13f8223083b31346224a02eb8303f0
:109e38009b8813f0200f0dd004ebc40302eb8303bf
:109e4800db681a6932b104ebc4001a4b03eb8000db
:109e58001c30904704ebc403164a02eb83039b684b
:109e6800996a99b104ebc403124a02eb8303b3f96c
:109e780006008847104b5b78012b0ed004ebc40416
:109e88000c4800eb8404fc23e37010bd04ebc4040d
:109e980002eb8404ff23e370f7e704ebc4042422f5
:109ea8000021044800eb84000ef088f8024b0122e0
:0c9eb8005a70eae768e700209cdb0020fd
:020000040000fa
:020000040002f8
:109ec40008b5431e9bb2092b47d81bb203ebc30151
:109ed400254a12f82120002a41d00a46224901ebe2
:109ee4008202908810f020001ed003ebc30201eb25
:109ef40082029278042a34d103ebc30201eb82027a
:109f0400d268126a42b103ebc303174800eb830023
:109f14001c30904780b217e003ebc30301eb8303cb
:109f2400ff22da7000200fe003ebc3020e4901ebbd
:109f340082029268d16c41b103ebc3030a4a02eb7b
:109f44008303b3f90600884708bd03ebc303064a3d
:109f540002eb8303ff22da70f6e70020f4e7002027
:0c9f6400f2e70020f0e700bf68e70020f3
:020000040000fa
:020000040002f8
:109f700010b4294b012283f84c2083f84d2083f83c
:109f80004e2083f84f2083f8512083f8522083f825
:109f90005320bb2183f8361083f83710b02083f8a4
:109fa000380083f83910412483f8d84083f8d94029
:109fb000222083f8bc004ff49020c3f800014ff436
:109fc0009820c3f81001062083f84e01402083f842
:109fd0004f01002083f8520183f8542183f8562161
:109fe00083f8572183f8594183f85b2183f85c217a
:109ff00083f8370183f839010b2283f83a2183f87b
:10a000003b11202283f83c2183f83d21022283f872
:0ca010003e215df8044b704700800041c9
:020000040000fa
:020000040002f8
:10a01c0008b51c49002004f0edfc1b49002004f09d
:10a02c00e9fc1a49002004f0e5fc1949002004f071
:10a03c00e1fc1849002004f0ddfc1749002004f075
:10a04c00d9fc1649002004f0d5fc1549002004f079
:10a05c00d1fc1449002004f0cdfc1349002004f07d
:10a06c00c9fc1249002004f0c5fc1149002004f081
:10a07c00c1fc1049002004f0bdfc0f49002004f085
:10a08c00b9fc08bd1cf900003cf9000084f9000083
:10a09c00d4f9000028fa000084fa0000d4fa000079
:10a0ac0044fb0000a4fb000004fc000058fc000072
:0ca0bc00a0fc0000e8fc000034fd0000e7
:020000040000fa
:020000040002f8
:10a0c80070b504291fd114461f4b1b7863bb0022af
:10a0d800114660680df09aff064600221146a068f6
:10a0e8000df094ff054600221146e0680df08eff42
:10a0f8000446fdb130ea050221d122462946304600
:10a1080005f046fe70bd1149002004f075fc1049a9
:10a11800002004f071fc0f49002004f06dfc0e498a
:10a12800002004f069fcede70c4a0d49002004f01a
:10a1380063fce7e70b49002004f05efce2e70a490c
:10a14800002004f059fcd8e74a040120fce0010093
:10a1580030e1010058e1010098e101009ce50200ae
:0ca16800d0e50200dce1010020e2010073
:020000040000fa
:020000040002f8
:10a17400f0b583b002460b46002871f100040cdbf5
:10a1840014461d46214e0027964277eb030308db55
:10a1940050ea010307d1012327e0424261eb410366
:10a1a400eee71a4c00251a4b019324f04043012892
:10a1b40071f100021cdb43f0004300930122694665
:10a1c40001a805f057fa034678b1124a136801331f
:10a1d4001360644265eb45050f4a136851681b1907
:10a1e40045eb0101136051600123184603b0f0bd33
:10a1f40000930122694601a805f03cfa03460028b1
:10a20400f3d0044a136801331360e5e70024f40033
:0ca2140076000100a4010120c8fd00201c
:020000040000fa
:020000040002f8
:10a22000882910b536d012dc812943d003dc80297f
:10a2300040d0002010bd82290ed08429f9d11968a0
:10a2400002b30a1d1a60b1f90020d3171ee0a0293d
:10a250002bd00bdc9029ecd11968073121f00701d4
:10a2600001f108021a60d1e900230fe0c02901d0f2
:10a27000f029ded11a68111d1960136803600023ec
:10a28000436005e00a1d1a600a880023c0e9002324
:10a290000120cfe7196822b10a1d1a6091f9002048
:10a2a000d3e70a1d1a600a78efe71a68111d1960d2
:10a2b0001268cae719681ab10a1d1a600a68c4e769
:0ca2c0000c1d1c600b68c0e90032e1e7d7
:020000040000fa
:020000040002f8
:10a2cc0070b590f87630023b082b06d8dfe803f027
:10a2dc0007074b4b4b4b074b4600012044e0044611
:10a2ec0090f8743013f0400f14d1f1b982680369ff
:10a2fc009a4218d1002094f83f306ff3c30384f8ce
:10a30c003f3094f87630082b0cbf0923042384f8d3
:10a31c00763029e003680361c360836009b11125bd
:10a32c0004e00020e7e7102500e011250126324665
:10a33c0029462046e2f7fcf9002808dbb4f8643023
:10a34c00002bd8d0a26823699a42f0d1d3e794f8b5
:10a35c003f3043f0080384f83f3005e00021f6f766
:0aa36c00ebf8002000e0002070bdb7
:020000040000fa
:020000040002f8
:02a37600fee700
:020000040000fa
:020000040002f8
:10a3780038b505460c468b7b022b3cd0032b1cd0f2
:10a38800012b08d040f26642224900200cf0ccf99b
:10a398000723a37338bdc0680df0ecff0028f9d17e
:10a3a800a288c2f38311c2f3440241f01001e868a5
:10a3b8000bf022fe0323a373ece7c0680df0daff6d
:10a3c8000028e7d1e8680ef09efaa060a188c1f3e2
:10a3d8004402c1f3831142f0010241f01001e86820
:10a3e8000bf00afe637b03f00103002b0cbf022372
:10a3f8000623a373cee7c0680df0bcff0028c9d1bf
:10a40800e8680ef080faa36843ea0040a0600623db
:08a41800a373bfe7f477030012
:020000040000fa
:020000040002f8
:10a42000f8b5224b1868b0f1ff3f32d1204b1c68c1
:10a43000204b1b886bb100251e4e03273b46022292
:10a440002146304605f07cfb013574343388ab423d
:10a45000f4dc0df0bdff174b986848b1c368144a8f
:10a4600011689847134b98680ef0c4f9002817db61
:10a47000104a0023936013730d490b6013805360df
:10a480000d4a13700d4a13600d4a136053609360b8
:10a49000f8bd09f0d1fd054b4ff0ff321a60c5e75a
:10a4a0000849002004f0acfae2e700bfd80501201b
:10a4b0003c000120d4fb002049fc00202c0001209e
:08a4c000e0fc0020084c030041
:020000040000fa
:020000040002f8
:10a4c80038b50d460bf006ff00284bd0044690f82f
:10a4d800413013f0300f3dd094f842306ff3410310
:10a4e80084f8423094f84130c3f3011284f83c20d8
:10a4f80013f0400f04bf0022626213f0800f09d1ed
:10a508000022a26194f8403003f07f0362f38613bf
:10a5180084f8403094f8483013f0040f06d094f8cb
:10a52800403013f0040f1cbf00232385adb1204633
:10a538000cf0b5fa04f14c000cf052fe014620462e
:10a5480009f0b2f894f8423043f0020384f842303c
:10a55800012038bd0af080ffbee7e16a204601f01d
:08a568006dfcefe70020f4e7b1
:020000040000fa
:020000040002f8
:10a57000f8b5022838d014460d460ab113685bb905
:10a5800000232a4619460120e9f7f2fc0646b0f1fd
:10a59000ff3f2fd13046f8bd002110460cf0fef8e9
:10a5a000074620b300232a4619460120e9f7e0fcbc
:10a5b0000646b0f1ff3fedd0164b1b6853f826500e
:10a5c000af64224695f8771028460af065fa95f8a8
:10a5d000753043f0200385f8753095f8753043f0f9
:10a5e000400385f87530d5e74ff0ff36d2e74ff0de
:10a5f000ff36cfe7074b1b6853f826500023ab64a8
:10a60000224695f8771028460af046fa002cc1d069
:08a61000e3e700bfe0000120b8
:020000040000fa
:020000040002f8
:10a6180070b582b0254d264c264e14e0f25c8df8bc
:10a628000620013322699a4298bf0023e3606b68d1
:10a6380003f00703012b14bf9df80630bdf8063060
:10a64800ab62237dbbb92b7e13f0010f2cd0a2681f
:10a65800e3689a4225d06a6802f00702012addd130
:10a668005a0016f813108df806100132b25c8df8f6
:10a6780007200133d6e70df01ffc2368002be2d03a
:10a688006168237f33b1a3699842dcd32368032030
:10a698009847d8e7a3699842d5d1236803209847fb
:10a6a800d1e7024b01221a7502b070bd0034004098
:08a6b800ecf80020c8a6002008
:020000040000fa
:020000040002f8
:10a6c0001a4b1b78002b2ed110b5194b187878b186
:10a6d0000122184b1a70002317490b701749184ca8
:10a6e0000c6018490b7018490b70104b1a7010bd94
:10a6f00001241c70154b1c70104b154a1a60032363
:10a70000144a1360144a1360144a1070144a1070eb
:10a710000c4a10700c4a1070044a1370114904f06e
:10a720006ff92046e3e70020704700bf4a0401208c
:10a730003d0401203e0401203f0401205c01012072
:10a7400003ca04003a0401203b0401204004012014
:10a750002000040060010120740101204b0401204d
:08a760004c0401200c3403003d
:020000040000fa
:020000040002f8
:10a768006f6666006f6e00006c6f67005b4e6f4926
:10a77800505d2075736167653a206e6f69705f730d
:10a78800746174206c6f67206f6e7c6f66660d0a4b
:10a79800000000005b4e6f49505d207278206c6f9e
:10a7a800673a2025730d0a005b4e6f49505d20758e
:10a7b800736167653a206e6f69705f7374617420a6
:10a7c8007c206e6f69705f73746174206c6f672092
:10a7d8006f6e7c6f66660d0a000000005b4e6f4965
:10a7e800505d2054583d2575202052583d25752030
:10a7f80020747269672073656e64206661696c7382
:08a808003d25750d0a0000bf9b
:020000040000fa
:020000040002f8
:10a810002de9f04f87b0ff2300930f2303221d493a
:10a82000002004f0edf81c49002004f0e9f81b4c6e
:10a8300004f1240bdff87890dff87880059427780e
:10a84000a3680493e578002d14bf4d46454626794c
:10a85000002e14bf4e464646114bd85d08f04afa0a
:10a86000824605980af0d9fc0e4b0f4a002808bf13
:10a8700013460393cdf808a001960095049b3a4631
:10a880000a49002004f0bcf80c345c45d6d107b06e
:10a89000bde8f08ff897020030980200706903005d
:10a8a000c0fc0020f0970200f497020070980200ac
:08a8b000e8970200ec9702009a
:020000040000fa
:020000040002f8
:10a8b80038b50af021ff04460d46214b4ff0ff3210
:10a8c8001a60204b1b787bb91f4b1b7823b11f4b99
:10a8d8001b684ff480621a601d4b00221a702046d4
:10a8e8002946e2f7c9fc38bd164b00221a70194bed
:10a8f800d3e90001f0f7d4ff0028f4d1154bd3e9d0
:10a9080000239d4208bf94420fd30f4b1b7823b1fd
:10a918000e4b1b684ff480621a600d4b00221a70b0
:10a9280020462946e2f7a8fcdde70a4bd3e90001f7
:10a93800fbf76efd0028e8d0054b01221a70d2e71c
:10a94800080601207404012072040120a8020120d5
:08a958006304012078ff0020d8
:020000040000fa
:020000040002f8
:10a960002de9f041d2e900230c4686b007465feaa4
:10a97000d37820684968a5680590e66841d05242be
:10a9800063eb4303002908db20f002000590b8f1d7
:10a99000000f02d1059948072ad5691e05a8029023
:10a9a0000a20cde90010204603f004ffb8f1000fa3
:10a9b00002d1059b59071fd5b8f1000f00f1ff30f8
:10a9c00014bf2d232b2333542269059b0093013a96
:10a9d0002b46121a3118384602f030fe7b68db0530
:10a9e00003d563689842b8bf184606b0bde8f08149
:10a9f0000807d2d42946d1e71a07e5d50138202324
:08aa0000e1e70029c0dac5e717
:020000040000fa
:020000040002f8
:10aa080038b50c4610460df06ffba8b10546082c6a
:10aa18002fd8dfe804f0050912161a1e22262a008c
:10aa2800164802f053f907e0154802f04ff90023e1
:10aa380085f8d43085f8903038bd124802f046f9d0
:10aa4800fae7114802f042f9f6e7104802f03ef939
:10aa5800ede70f4802f03af9e9e70e4802f036f957
:10aa6800e5e70d4802f032f9e1e70c4802f02ef96b
:10aa7800dde721460a4802f029f9dde7044c020027
:10aa88001c4c0200344c02004c4c0200684c020082
:10aa9800804c02009c4c0200b44c0200c84c0200de
:04aaa800dc4c020080
:020000040000fa
:020000040002f8
:10aaac0055736167653a207365746d6163203c6909
:10aabc006e746572666163653e203c783a783a78cc
:10aacc003a783a783a783e200d0a000045783a20d8
:10aadc007365746d6163205049433332494e542081
:10aaec0061613a62623a63633a64643a65653a66f4
:10aafc0066200d0a00000000617267765b325d3ad9
:10ab0c002025730d0a000000496e76616c69642083
:10ab1c004d41432061646472657373207374726970
:10ab2c006e67200d0a000000536574204d414320d0
:10ab3c0061646472657373206661696c65640d0a87
:04ab4c00000000bf46
:020000040000fa
:020000040002f8
:10ab500074656c6e6574204e554c4c2064796e6142
:10ab60006d696320616c6c6f636174696f6e2068de
:10ab7000616e646c652f696e697420646174610034
:10ab80002074656c6e65742044796e616d69632014
:10ab9000616c6c6f636174696f6e206661696c656e
:10aba000640000002074656c6e65743a205365740f
:10abb00074696e6720545820427566666572206617
:10abc00061696c65643a2025640d0a002074656c27
:10abd0006e65743a2053657474696e67205258200c
:10abe000427566666572206661696c65643a202507
:04abf000640d0a00e6
:020000040000fa
:020000040002f8
:10abf4002de9f04182b0224d224bed1a15d02f469b
:10ac04004ff00008012605e008f0cafc661ca046c7
:10ac1400be420bd8bc1b06eb5404204605f084fc52
:10ac24000028f1d114b1671ef2e7a84643462a462c
:10ac34001549002003f0e2fe002101200df0d0f8b8
:10ac44000446c0b10df046fb054620460df050fb0e
:10ac5400064620460df045fb074620460df04ffb07
:10ac64000190009733462a460849002003f0c6fea7
:10ac740002b0bde8f0810649002003f0bffef7e70b
:10ac84003886022038060120409202009892020081
:04ac9400d892020050
:020000040000fa
:020000040002f8
:10ac980010b582b0022923dd14461b4950680cf018
:10aca800daff60bba468194920460cf0d4ff68b1ec
:10acb800174920460cf0cfff68b9164b00221a70ce
:10acc800134a1549002003f097fe16e0114b0122a4
:10acd8001a700e4af5e71149002003f08dfe0ce0ca
:10ace80002290cd00e4b1b6800930e4b1b680e4ab2
:10acf80012680e49002003f07ffe02b010bd0c4917
:10ad0800002003f079fef8e770a702006ca70200a4
:10ad180068a70200250601209ca7020074a702006c
:10ad2800840101208001012088010120e4a702009c
:04ad3800b0a70200be
:020000040000fa
:020000040002f8
:10ad3c0070b5a6b02d9d002b3fd01e46002d3fd0e8
:10ad4c0010b12b9b002b3ed02e9b802b3ed10b4663
:10ad5c000446309902912f99019100922a9a31461a
:10ad6c0005a803f068ffc8b92cb12c9a2b9905a83b
:10ad7c00fef7dafcf0b98022294605a8e9f7c4fef3
:10ad8c0010b14ff0ff340be08022294605a8e9f7fb
:10ad9c00bbfe003018bf0120444201e04ff0ff34ed
:10adac0005a809f077fd002818bf4ff0ff342046a6
:10adbc0026b070bd4ff0ff34f2e76ff0ac04f6e74d
:10adcc006ff0ac04f3e76ff0ac04f0e74ff0ff3436
:02addc00ede7a1
:020000040000fa
:020000040002f8
:02adde00fee78e
:020000040000fa
:020000040002f8
:10ade0002de9f84304460f46036b13b1032160308d
:10adf000984707eb07194fea8909c846012500bfa4
:10ae0000d4f88c00404418300cf000f90646b8b174
:10ae10003a4631692046f6f725f905460328efd171
:10ae2000d4f888300133c4f88830d4f88c00484412
:10ae3000314618300cf089fc236b1bb901200ce063
:10ae4000236b1bb1042104f160009847ebb2012b86
:10ae500014d9032d08bf012001d1bde8f883d4f82f
:10ae600084300133c4f88430e36a41f250026ff059
:10ae70000201304698476ff00a00eee70020ece749
:020000040000fa
:020000040002f8
:10ae8000254b834244d1002844d02de9f0411b6872
:10ae90001a8841f25003214f9a4218bf00271e4bd7
:10aea000b3f84c3013b90020bde8f0810c460846d9
:10aeb0000af046fd8046184d3a463f2128460af0e2
:10aec00023feb5f84e1021ea0401a5f84e10b5f89e
:10aed000523023ea0803a5f8523095f89c3083b12c
:10aee0000024e6b2314628460df06cfc424631465d
:10aef00028460df06bfc013495f89c20e3b29a4291
:10af0000efd83a463f2104480cf08ef80120cbe7f9
:10af10000020704700207047900401203004012079
:020000040000fa
:020000040002f8
:10af2000012946d190f83e1090f83d30994243d225
:10af300070b590f8411001f00803002b0cbf0023fe
:10af40004ff4000311f0020f1abf43f00403602610
:10af500048261546044643f00203028a082130467b
:10af60000af098fe0346a8b1144a8260c46094f8bf
:10af7000412012f0020f0fd0026900f14801116068
:10af80000122a0f8582000224db994f83e20013249
:10af900084f83e20184670bdc2690832f4e722608a
:10afa000218a11446160a260012284f83c20e360a0
:10afb000ebe70023184670470023fbe719950200d2
:020000040000fa
:020000040002f8
:10afc00070b5264b5c6864b31b68002b22dd24340b
:10afd0000025224e19e00af09bf920460af004f9f8
:10afe000a4f110000af000f9a4f120000af0fcf826
:10aff000b068c36854f8241c9847002344f8243ce4
:10b0000001353c343368ab4204dd54f8240c00288d
:10b01000e1d1f5e7114ca068c36861689847002347
:10b0200063600e4ca16804f120000df079f8002354
:10b03000a360e06918b10df048f90022e261074b06
:10b04000586c30b1036a13f0080f03d0034b002291
:10b050005a6470bd08f01efff8e700bf60f80020da
:020000040000fa
:020000040002f8
:10b06000657468300000000025733a206e6f74200c
:10b07000666f756e640a0d0025732054583a206f70
:10b080006b3d2564206572723d2564207146756ca8
:10b090006c3d25642070656e643d25640a0d0000da
:10b0a00025732052583a206f6b3d256420657272db
:10b0b0003d2564206e6f627566733d256420706562
:10b0c0006e643d25640a0d0025733a207374617423
:10b0d00073206e6f7420617661696c61626c650ac1
:10b0e0000d0000006d61696e206c6f6f703a202555
:10b0f0006c75206379636c65732f730a0d0000bf54
:020000040000fa
:020000040002f8
:10b1000010b598b901210a200cf0a2f9204b0022b9
:10b110001a70204bd3f8ac3123f4004323f08003a2
:10b120001c4ac2f8ac310124204610bd01210a207e
:10b1300009f03eff044668b1154b01221a70154b09
:10b14000d3f8ac31144a1278e2b923f4004343f047
:10b150008003e5e70a200df063f807f0cbfd034616
:10b160000a220e49002003f04bfc094b00221a7002
:10b17000084ad2f8ac3123f4004323f08003c2f82c
:10b18000ac31d1e743f4004343f08003c8e700bf8c
:10b1900072040120008000417304012080580300e4
:020000040000fa
:020000040002f8
:10b1a0007bb972b90029bebf00204ff0004106e014
:10b1b00008bf00281cbf6ff000414ff0ff300df0ba
:10b1c000e3bbadf1080c6de904ce002909db002bcf
:10b1d0001adbeaf74dfeddf804e0dde9022304b0f6
:10b1e0007047404261eb4101002b1bdbeaf740fe58
:10b1f000ddf804e0dde9022304b0404261eb4101e7
:10b20000524263eb43037047524263eb4303eaf756
:10b210002ffeddf804e0dde9022304b0404261ebdb
:10b2200041017047524263eb4303eaf721feddf828
:10b2300004e0dde9022304b0524263eb43037047ac
:020000040000fa
:020000040002f8
:10b240002de9f041079e089f00243c703480069d44
:10b250002c601588ac1ca4b28c4235d810f805803f
:10b2600000eb050c9cf801c04fea082e0ef4706e3e
:10b270004cea0e0c9c452ad1c8f30218b8f1040f11
:10b280001ed0b8f1060f24d12b1d9bb28b4222d8c1
:10b2900002354319445d5b7843ea04233380148804
:10b2a000251d2b449bb28b4217d82844069b18605f
:10b2b0001388043331880b4413800120387004e074
:10b2c00014800120387000e00120bde8f0810120e9
:0eb2d000fbe70020f9e70020f7e70020f5e794
:020000040000fa
:020000040002f8
:02b2de00fee789
:020000040000fa
:020000040002f8
:10b2e000f8b50c461746012106f0a2fe002840d012
:10b2f00006464568214606f093fc0446002835d0f2
:10b3000037b1837b043bdbb2022b9cbf83683b607d
:10b31000a27b531edbb2032b1ed9062a13d8052aa3
:10b320000dd00027a37b052b18d835b10df09efa60
:10b330002b7801332b700df09dfa3846f8bd0423ad
:10b34000a3730027f1e740f2f3420b4900200bf012
:10b35000eff96ff01307e5e70127e3e772680323ce
:10b3600098322146284602f019ffdee76ff0010708
:0cb37000dbe74ff0ff37e0e7807d0300d3
:020000040000fa
:020000040002f8
:10b37c002de9f041adf5007d0026234b1e823046b1
:10b38c000bf0f4f94ff400551024dff87c8022e028
:10b39c0020090bf0ebf914f0080f16d14ff40072e2
:10b3ac00ff2168460cf008feadf8006044f64553ea
:10b3bc00adf80230d8f80410294468460af090fc25
:10b3cc0020460bf0cdfb0136b6b20134a4b205f524
:10b3dc000075202c14d014f00f07d9d014f0080fde
:10b3ec00f3d14ff40072ff2168460cf0e5fdadf887
:10b3fc000060012fded143f27613adf80230d9e7ad
:0cb40c000df5007dbde8f081d0dd0020d2
:020000040000fa
:020000040002f8
:10b41800f8b5022837d01d4614460e460ab11368ff
:10b428005bb90023324629460120f3f71bfd054688
:10b43800b0f1ff3f2dd12846f8bd002110460bf092
:10b44800a9f9074610b30023324629460120f3f72d
:10b4580009fd0546b0f1ff3fedd0134b1b6853f8cb
:10b46800256022463946304606f02cfe96f84130d3
:10b4780043f0c00386f8413096f8423043f00203a7
:10b4880086f84230d7e74ff0ff35d4e74ff0ff3565
:10b49800d1e7054b1b6853f825600022114630465a
:0cb4a80006f010fee8e700bfcc00012019
:020000040000fa
:020000040002f8
:10b4b400202020202d205b25326c752d2025326c18
:10b4c40075207365635d2025336c752f2025336cdf
:10b4d40075202825326c7525252920202020253427
:10b4e4006c75204b6270730d0a0000002020202030
:10b4f4002d205b302e302d20256c752e256c75206b
:10b504007365635d2025336c752f2025336c75209e
:10b514002825326c752525292020202025346c759a
:10b52400204b6270730d0a0069706572663a206977
:10b534006e7374616e636520256420636f6d706c37
:0cb5440065746564202e2e2e000000bff0
:020000040000fa
:020000040002f8
:10b5500038b5431e9bb2092b42d81bb203ebc30480
:10b56000214810f8240000283cd020461e4c04eb53
:10b570008000808810f0200018d003ebc30004eb9b
:10b580008000c068446a44b103ebc303164800eb73
:10b5900083001c30a04780b21ae003ebc303124ab9
:10b5a00002eb8303ff22da70002011e003ebc304f7
:10b5b0000d4d05eb8404a468646b54b103ebc30325
:10b5c000094800eb83000023b0f90600a04780b2d1
:10b5d00038bd03ebc30305eb8303ff22da70f7e703
:0cb5e0000020f5e70020f3e768e70020fa
:020000040000fa
:020000040002f8
:10b5ec0070b5441ea4b2092c40d824b204ebc40597
:10b5fc00204810f8250000283ad0eab104ebc4002a
:10b60c001c4d05eb80008068c66be6b104ebc400f2
:10b61c00184d05eb80000069e8b9164804ebc40529
:10b62c0000eb85056a61ab612b46134ab5f9060040
:10b63c00b0472861b8b170bd0e4b03eb8504f823fd
:10b64c00e3700020f7e704ebc40405eb8404ff234c
:10b65c00e3700020efe704ebc40405eb8404f9234a
:10b66c00e3700020e7e7f723eb70e4e70020e2e764
:0cb67c000020e0e768e700209968030068
:020000040000fa
:020000040002f8
:10b68800244b002908bf1946234a136823f00203f4
:10b698001360d369002bfcd100282ed00368b3ebcc
:10b6a800510f2cd830b45b00b1fbf3f3013b1a4abd
:10b6b800116821f040511160146881684568294378
:10b6c80021431160ff2b28bfff23dbb2137353689c
:10b6d80023f0070353605368c1680b435360d36971
:10b6e800002bfcd101200c4a136843f002031360bd
:10b6f800d369002bfcd130bc7047002000e000204b
:10b70800054a136843f002031360d369002bfcd188
:0cb71800704700bf008793030030004022
:020000040000fa
:020000040002f8
:10b7240070b51e4b1b78e3b90c46154601291edd86
:10b734000022114668680cf06bfc064604281ad8ef
:10b74400022c26dd00221146a8680cf061fc01469b
:10b75400431eb3f5167f1dd31149002003f04ef9a3
:10b764001be0104a1049002003f048f915e00f4887
:10b7740009f0ccf811e004220d49002003f03ef951
:10b784000c49002003f03af90b49002003f036f984
:10b7940003e000213046f9f77bfd70bd4a04012027
:10b7a400b48802009ce50200d0e50200fb08030017
:0cb7b4001c880200408802008c88020003
:020000040000fa
:020000040002f8
:10b7c00038b50c468b7b022b3bd00546032b1dd096
:10b7d000012b08d040f293421e4900200af0a8ff36
:10b7e0000723a37338bdc0680cf0c8fd0028f9d149
:10b7f000a288c2f383112389c2f3440241f01001ed
:10b80000e8680af0eff90323a373ebe7c0680cf0d4
:10b81000b5fd0028e6d1a188c1f34402c1f383112c
:10b82000638942f0010241f01001e8680af0daf998
:10b83000637b03f00103002b0cbf02230623a373d9
:10b84000d0e7c0680cf09afd0028cbd10623a37383
:08b85000c8e700bf0c780300fb
:020000040000fa
:020000040002f8
:10b858001a4b1b680bb11a48704700292bd010b53a
:10b868000c460020174b1860174b1860174b1860d0
:10b87800174b1860174b1860174b1860104b18605f
:10b8880058609860d860186158619861134909f048
:10b8980003ff134b01221a706369124a13600bb13c
:10b8a800074810bd2046e4f7a1fc0028044808bf5b
:10b8b8004ff0ff30f5e74ff0ff3070473c000120b4
:10b8c800d4fb0020440001205cfc00204cfd00203b
:10b8d80028000120300001203400012064620300a8
:08b8e80049fc00204000012092
:020000040000fa
:020000040002f8
:10b8f0002de9f04f83b08a4611b100230b608b8095
:10b90000002839d00378cbb3c41c0025e94603e0f6
:10b9100001350334062d1ed014f8036c30460bf0ad
:10b92000ddfd68b314f8027c38460bf0d7fd48b350
:10b9300067f3070866f30f281ffa88f008f014fa77
:10b9400009f8010b14f8013c2bb13a2be0d02d2b58
:10b95000ded000200de0baf1000f06d00098caf842
:10b960000000bdf80430aaf80430052d14bf0020f3
:10b97000012003b0bde8f08f0120fae70120f8e7cd
:08b980000020f6e70020f4e7c7
:020000040000fa
:020000040002f8
:10b988007375636365737366756c00006661696cd3
:10b99800656421004e6f6e650000000073657400d9
:10b9a8006765740044656661756c7420696e7465ba
:10b9b8007266616365207365742025730d0a000043
:10b9c80044656661756c7420696e7465726661633e
:10b9d800652069733a2025730d0a00005573616765
:10b9e800653a206465666e6574207365742f6765b3
:10b9f80074203c696e746572666163653e0d0a0069
:10ba080045783a206465666e6574207365742065b0
:08ba18007468300d0a0000bf44
:020000040000fa
:020000040002f8
:10ba2000037e032b31d070b51b4b1b682bb11a4a18
:10ba3000136801331360012070bd212217490620cd
:10ba400006f084ff164b186008b316480cf09cfef5
:10ba500015480cf099fe154c124e04f19005214644
:10ba600030460bf0c0fd2434ac42f8d10af0fefca5
:10ba70004ff4fa7303fb00f303f2e7330c48a0fb27
:10ba800003239b090b4a1360d1e7012070470bf099
:10ba900041ff0020d0e700bf08010120e9b201000a
:10baa0000c01012004fd0020f8fc0020a4f300207c
:08bab000d34d621004010120d6
:020000040000fa
:020000040002f8
:10bab80038b5431e9bb2092b40d81bb203ebc30415
:10bac800204810f8240000283ad020461d4c04ebea
:10bad8008000808810f0200018d003ebc30004eb2e
:10bae8008000c068446944b103ebc303154800eb08
:10baf80083001c30a04780b218e003ebc303114a4f
:10bb080002eb8303ff22da7000200fe003ebc3048b
:10bb18000c4d05eb8404a468a46c44b103ebc30387
:10bb2800084800eb8303b3f90600a04738bd03ebd0
:10bb3800c30305eb8303ff22da70f7e70020f5e77c
:08bb48000020f3e768e700208c
:020000040000fa
:020000040002f8
:10bb5000f0b585b009f0d4fd04460d460cf080fc2c
:10bb600040b1024600232046294609f0b9fe0446aa
:10bb70000d4601e000242546194a002320462946a7
:10bb800009f0aefe104619464ff46162002309f039
:10bb9000a7fe0746124a00232046294609f0a0fec8
:10bba000064602943c2200232046294609f098fece
:10bbb00001924ff4616200232046294609f090fe6d
:10bbc000104619463c22002309f08afe00903b46ad
:10bbd00032460449002002f013ff05b0f0bd00bf5b
:08bbe0008051010064410300e3
:020000040000fa
:020000040002f8
:10bbe80030b583b004462422002108300cf0e6f971
:10bbf8001b4b2360012363600025019501a91948a7
:10bc0800f6f7dafd019ba360019501a91648f6f73e
:10bc1800d3fd019be360019501a91448f6f7ccfd1b
:10bc2800019b2361019501a91148f6f7c5fd019b08
:10bc38006361104b1b682576042262762522a27662
:10bc48001a0ce2761a0a22776377072323620823fd
:10bc580063622821204607f009ffa06203b030bdc7
:10bc6800464e414ce04e0300f04e0300004f0300e7
:08bc78000c4f0300fc61800089
:020000040000fa
:020000040002f8
:10bc800010b586b01949002002f0bafe002218490a
:10bc9000104602f0b5fe174ca16817480af036fcb2
:10bca000e16816480af032fc216915480af02efcba
:10bcb000616914480af02afc1349002002f0a0fe32
:10bcc00001a9002008f08afa01aa1049002002f018
:10bcd00097fe636a226a0e49002002f091fe0d4928
:10bce000002002f08dfe06b010bd00bfc865020046
:10bcf000dc65020048fa0020e8650200ec650200fd
:10bd0000f4650200fc650200046602000866020099
:08bd10002c66020054660200db
:020000040000fa
:020000040002f8
:10bd180010b582b000200af045ff0cf077fd1f4bec
:10bd28004ff0ff321a609a8040b31c4a0168c2f88b
:10bd3800061083885381194c88232373b5236373b2
:10bd48002a22aa2104f112000cf038f9144a1368c7
:10bd5800013313601a0ea2731a0ce2731a0a2274c2
:10bd6800637400200190009003463c22214608f0ad
:10bd7800c5fe034640b1184602b010bd074a00236d
:10bd8800c2f806305381d6e705490a68013a0a60c5
:10bd980004490a6801320a60ede700bf2cd300208d
:08bda800880101208401012043
:020000040000fa
:020000040002f8
:10bdb0004d69696d2025733a203078253034782c10
:10bdc000206e657449783a2025642c206164643ab9
:10bdd0002025642c2076616c3a2030782530387824
:10bde0000d0a00004d69696d2025733a2025642ce9
:10bdf000206e657449783a2025642c206164643a89
:10be00002025642c2076616c3a2030782534780d1a
:10be10000a00000050696e673a20444e5320666164
:10be2000696c75726520666f722025730d0a0000bb
:10be30004d69696d202573206572726f723a2025f5
:04be4000640d0a0083
:020000040000fa
:020000040002f8
:10be4400002946d070b582b00d4690f83c20012af6
:10be540001d002b070bd8a69d268c26190f8411005
:10be640011f0010f01d0416c01b942610446ab6984
:10be74001e690196066290f8403013f0200f0cd032
:10be8400ab6a6362238d23b194f8483013f0010f39
:10be9400dfd1eb691b882385dbe701a9a86a09f0d8
:10bea400e1fe0028ecd106f0f006e02ee8d0019b7c
:10beb400a2699a4206d094f840206ff3c71284f81e
:10bec4004020a36194f8403043f0400384f84030ac
:04bed400d6e77047f6
:020000040000fa
:020000040002f8
:10bed80000293cd0f8b50c460968002939d000285b
:10bee80039d090f8421011f0400f01d1002031e014
:10bef80015461b4b5e680cf0ddf9c0eb00108000a6
:10bf080037182146305803f0e3fa044628b303886b
:10bf180003f0c0030bb900201ce01db100692860c4
:10bf2800a38aab80238813f0800f01d1012011e090
:10bf38001437251d2946384607f0b8fc084b5b69bd
:10bf4800e3602946384608f0cafa012002e00020da
:10bf580070470020f8bd0020fce70020fae700bf8a
:04bf680060f800205d
:020000040000fa
:020000040002f8
:10bf6c0000b3f0b40446dab10d1f013ad2b201ebc2
:10bf7c0082011f4f4ff47a762278a2f13003dbb2a4
:10bf8c00092b32d912f0df0f0ad000bf14f8012fa1
:10bf9c00a2f13003dbb2092b27d912f0df0ff5d158
:10bfac00f0bc704700230b607047644603eb8303bf
:10bfbc0002eb4303303b04f1010c6278a2f1300038
:10bfcc00c0b20928f1d902f0df024b2a05d04d2a64
:10bfdc0006bf7b430234644602e006fb03f30234e3
:10bfec0045f8043f8d42c7d1dae722780023dde71c
:04bffc0040420f00b0
:020000040000fa
:020000040002f8
:10c000002de9f8430546884616461f46204b4ff05b
:10c01000ff39002404e0a14601341833082c2bd04a
:10c020005a68002af7d0aa42f6d104eb4403184a12
:10c0300002ebc303996830460bf011fe20bb04eb02
:10c040004403134a02ebc303d3f810e0d3f814c03f
:10c05000b4f1ff3f13d00e4b62001019c000191845
:10c060004d6043f800808e60cf60c1f810e0c1f8e9
:10c0700014c00120bde8f8834ff0000ce646b9f18a
:10c08000ff3f03d04c46e6e70020f3e70020f1e74e
:04c0900070f000202c
:020000040000fa
:020000040002f8
:10c0940030b583b0184b1b7843bb04460d46174b91
:10c0a4001870174b1970014600200cf05ff9154bfe
:10c0b400154a1a6044ea0523144a13600020144afe
:10c0c4001070144a10700c4a0221117000932b4610
:10c0d4002246114902f092fc64b1ac420ad32b46c9
:10c0e40022460e49002002f089fc03e00c4900209e
:10c0f40002f084fc03b030bd4a0401202306012071
:10c10400220601205c01012002ca040074010120fe
:10c114003a0401203b040120b4530200ec53020012
:04c124008053020042
:020000040000fa
:020000040002f8
:10c1280010b51a4b00200021c3e90001184b4ff04d
:10c13800ff304ff0ff31c3e9000106f0b3f9154baa
:10c148004ff480621a60144b1b7883b90023134a9a
:10c158001370134a1370134a136000221249c1e97d
:10c1680000231249c1e900230af030fa10bd104c2f
:10c178000021206808f032ff2368052118780bf0a9
:10c1880063f9054b00221a70e0e700bf40ff00206a
:10c19800c005012094810041670401206a04012040
:10c1a800680401208002012050ff002068ff002061
:04c1b80028ff00203c
:020000040000fa
:020000040002f8
:10c1bc0008b5194a136801331360184b01221a7021
:10c1cc00174b1b7823b1174bd3e90023134313d11f
:10c1dc00154a137883f001031370144a1368013362
:10c1ec001360134a136801331360124bc3e9000147
:10c1fc00114b1b7843b908bd104bd3e9002302f057
:10c20c000102094b1a70f0e7074b19780c4b1868b0
:10c21c0008f0e2feefe700bf7c0201206a04012077
:10c22c006904012040ff00206804012078020120ed
:10c23c008002012010ff00206704012018ff00205d
:04c24c0028ff0020a7
:020000040000fa
:020000040002f8
:10c25000f0b583b00446456803290bd003681b681a
:10c2600019492846984723681b6818492846984763
:10c2700003b0f0bd1646506807f094fd074680b144
:10c2800023685b68b2681249284698476946b068d7
:10c29000fff72efb58b923681b680e4928469847bc
:10c2a000e6e723681b680c4928469847e0e769469b
:10c2b00038460af0c5fb0028dad123681b68074915
:10c2c00028469847d4e700bfacaa0200d8aa0200cb
:10c2d00004ab020014ab0200982e020034ab020043
:020000040000fa
:020000040002f8
:10c2e000f8b505461646806aac69e3682361436881
:10c2f000e3606288130a43ea02236380e288130a38
:10c3000043ea0223e380237a0bb9642323722f6963
:10c3100023789b0003f03c03ba891a44ba8131b1f7
:10c320000022628190f8682012f0040f05d05eb9f7
:10c330002b6a43f002032b62f8bd00221946204607
:10c3400002f062fd6081f2e769690a4652f8063f31
:10c350000b6093888b80ab6a03b13c331868c1f8db
:10c3600006009b8893802a6993890e339381dfe7c7
:020000040000fa
:020000040002f8
:10c370003a20203c69706572663e20737461727465
:10c3800020636d640000000069706572666b0000d8
:10c390003a203c69706572666b3e206b696c6c205c
:10c3a000636d640069706572666900003a203c69db
:10c3b000706572666920616464726573733e2020e3
:10c3c000696e7465726661636520636d6400000068
:10c3d00069706572667300003a203c697065726628
:10c3e000732074782f72782073697a653e20747890
:10c3f0002f72782073697a6520636d64000000bf36
:020000040000fa
:020000040002f8
:10c400002de9f04f83b080468b4601f1080301937c
:10c4100018460bf063fb88b381460746d8f80060e6
:10c42000d8f8045008f1200ad8f81c40a4eb0a04fc
:10c43000a04207da3368134928469847013ca742cf
:10c44000f8d14c4634b1104f3368394628469847e6
:10c45000013cf9d1019950460cf07af833680b4948
:10c460002846984733685146284698470aeb0903ff
:10c47000c8f81830c8f81c30c8f8d4b003b0bde80c
:10c48000f08f00bf3c840300408403004484030019
:020000040000fa
:020000040002f8
:10c490000d0a2d2d2d2d2d2d2d20537570706f72a1
:10c4a00074656420636f6d6d616e642067726f7573
:10c4b0007073202d2d2d2d2d2d0000000d0a202a0a
:10c4c0002a2a2000202a2a2a000000000d0a2d2de9
:10c4d0002d2d2d2d2d2d2d2d204275696c7420694b
:10c4e0006e20636f6d6d616e6473202d2d2d2d2d6b
:10c4f0002d2d2d2d2d0000000d0a00000d0a556e6a
:10c500006b6e6f776e20636f6d6d616e6420677206
:10c510006f75702e205472792068656c700d0a005a
:020000040000fa
:020000040002f8
:10c5200030b32de9f0418646204b5a6bd0f8088095
:10c53000c2b193684046002198451bd300240025d2
:10c540009368e41845f100059369dbb1d3f808c09e
:10c5500014eb0c0645f10007b94208bfb04211d3f5
:10c560001a46ede7c0f80880104b586301201ae026
:10c57000002070470d4bc3f834e0cef8182000249b
:10c58000012004e0cef81830c2f818e00020a8eb33
:10c590000404cef80840def8183023b1def80810a5
:10c5a0009a68521a9a60bde8f08100bf30f9002005
:020000040000fa
:020000040002f8
:10c5b00010b582b000241d4b1c701d491d480af0a7
:10c5c0004bfe4ff47a700af0b7fe01230093234626
:10c5d000194a014620460af0bdfe184b186004f0c7
:10c5e000f7fc0af0effe09f005fc09f02ffc09f05a
:10c5f00043fc07f09ffaedf78fff09f053fcecf7cf
:10c60000fbfc08f057fd0bf0a1fcf3f7b1fdeef7d2
:10c6100085fb06f047fcf4f7d9f8f9f769ff03f05a
:10c6200093f8f9f78dfe02b010bd00bf140401208d
:10c630003c010120ed400300c157030058010120d7
:020000040000fa
:020000040002f8
:10c640005b5351495d20616c72656164792073743c
:10c650006f707065640a0d005b5351495d206d6f0a
:10c660006e69746f72696e672073746f7070656441
:10c670000a0d00005b5351495d20706f6c6c696e50
:10c68000672073746f707065642c20627574204c21
:10c69000414e2062757379202d20535149454e201b
:10c6a0004e4f5420636c6561726564202872657416
:10c6b00072792027737169206f666627206966206a
:10c6c00074686174206d617474657273290a0d0059
:020000040000fa
:020000040002f8
:10c6d000f0b585b000241c4b1c701c4b1c700294e0
:10c6e0001b4b01930123009313460a460146204643
:10c6f00006f05afd10b1002005b0f0bd0124154b25
:10c700001c7008f0fdff144f144b1d685e686b1918
:10c7100046eb06025b1946eb02024feac20c4ceafa
:10c72000537c4feac30e62461eeb050346eb020242
:10c73000d50045ea5375de00331845eb01013b6037
:10c7400079602046d8e700bf52040120530401203d
:10c75000617f030051040120c0fd0020e8fd00209e
:020000040000fa
:020000040002f8
:10c7600030b589b040b305461d2925d91a4803685c
:10c77000013303602b7f802b24d0022b27d0174a54
:10c780002b4653f8060f10609888908001221448b9
:10c79000027000200490a1f10e040393029208abf2
:10c7a00013e903008de8030004ab0ccba1b205f143
:10c7b0000e00e0f7adfa03e00a4a13680133136094
:10c7c00009b030bd084a136801331360f8e7074a1f
:10c7d000136801331360f3e7ac0301201800012054
:10c7e0008504012090030120a8030120a403012057
:020000040000fa
:020000040002f8
:10c7f000f8b5002839d00546002939d0002a39d0ab
:10c8000041f2c7102c5c8cb305f58856777c307ce0
:10c810000c36b679be1bf6b286422dd241f20c160a
:10c8200005eb060c0138384000ebc0008000af5922
:10c830003e18b160b2813284012286f8222086f847
:10c840002330069b7360079b3b509cf805301344d4
:10c850008cf8053041f2c813eb5c0bb11c4605e0c7
:10c8600028460021e2f778f900e000242046f8bdd0
:0cc870000024fbe70024f9e70024f7e7b0
:020000040000fa
:020000040002f8
:10c87c002de9f04105460b4653f8382fc0f89220ad
:10c88c009b88a0f896300b4600f12002403100bf87
:10c89c00d3f800c05f689e68dc68c2f800c05760bf
:10c8ac009660d460103310328b42f1d1012380f8a2
:10c8bc009a300022a0f8982040f2dc52a0f89c207c
:10c8cc0080f80531038aabb100244ff001080a4f00
:10c8dc0005f1b406688a2b6b42460146984701461f
:10c8ec008760c560304607f0f8fd0134e4b22b8a4e
:0cc8fc00a342efd8bde8f081fd69030005
:020000040000fa
:020000040002f8
:10c90800f8b504461546466803290cd003685b68e9
:10c91800126817493046984723685b682a681549a2
:10c9280030469847f8bd506807f038fa98b1af68b4
:10c938000222114938460af095fd28b102220f4912
:10c9480038460af08ffd60b923685b682a680c498d
:10c9580030469847e6e723681b680a4930469847f7
:10c96800e0e723681b68084930469847dae700bfc4
:10c97800b8de0200dcde0200681d03006c1d030047
:0cc988001cdf0200f4de020008df0200e9
:020000040000fa
:020000040002f8
:10c994002de9f0411b4b1b7853b91b4b1d78142315
:10c9a4002a461a49002002f029f845b3002608e077
:10c9b400154b1e7814231a461449002002f01ef861
:10c9c4001425013dedb202350124dff84c80104fef
:10c9d400731e23440f4aa2fb0312120902eb8202c4
:10c9e400a3eb820303ebc30303ebc30343442246d9
:10c9f4003946002002f002f80134ac42e8d1bde827
:10ca0400f08100bf3904012038040120c823030049
:0cca140008240300cdcccccc98c6002038
:020000040000fa
:020000040002f8
:10ca200010b58eb01a4807f0bdf928b304aa08a9ba
:10ca300009f0b4fb28b3164c059b0293079b0193a6
:10ca4000069b0093049b22461249002001f0d8ff68
:10ca5000099b02930d9b01930b9b0093089b22461d
:10ca60000d49002001f0ccff0c4b1a680c49002046
:10ca700001f0c6ff0eb010bd054a0a4901f0c0ff23
:10ca8000f2e7034a0849002001f0baffece700bfd3
:10ca900060b0020078b00200a0b002005001012096
:0ccaa000e4b0020068b00200c8b0020060
:020000040000fa
:020000040002f8
:10caac006e6f2073756368206770696f2068616ea4
:10cabc00646c650050756c736554696d65206d759b
:10cacc007374206e6f742062652030005374617231
:10cadc007454696d6552656c61746976653d31207d
:10caec006e6f7420737570706f72746564000000e3
:10cafc0070696e2068656c6420627920616e6f7459
:10cb0c00686572206f776e657200000073696e67de
:10cb1c006c652070756c7365206e6565647320534d
:0ccb2c007461727454696d65000000bff4
:020000040000fa
:020000040002f8
:10cb380090f89c30002b3fd02de9f0418846044600
:10cb4800002716e0002120460af0fbfc4246294651
:10cb58002046f6f76bf8294620460af06ffa0121bd
:10cb680020460af0eefc013794f89c20fbb29a426a
:10cb780020d9fdb205eb0516b600d4f88c30334445
:10cb88009b6983b1002120460af0dbfc4246294616
:10cb9800204605f018f8294620460af04ffa0121e8
:10cba80020460af0cefcd4f88c301e44736a002b61
:0acbb800c8d1d8e7bde8f08170474e
:020000040000fa
:020000040002f8
:10cbc20000293bd02de9f0478a469946044602ebfc
:10cbd20082084fea880802eb02129600002516e04e
:10cbe200236b1bb1052104f15c009847d4f88c003b
:10cbf2003044394608300af09afc236b1bb10621f7
:10cc020004f15c0098470135adb2aa4514d0d4f8be
:10cc120098304344d9890e39676a002289b2382094
:10cc2200b847074660b1b9f1000fd9d00269138a3b
:10cc320043f004031382d3e7002003e0002070478f
:08cc42004ff0ff30bde8f08760
:020000040000fa
:020000040002f8
:02cc4a00fee703
:020000040000fa
:020000040002f8
:10cc4c0038b50546d0f8a4401d4b1a6942f4804211
:10cc5c001a61da6942f00402da61236823f00803ee
:10cc6c002360236823f0040323604ff0ff33e36257
:10cc7c00236843f0200323600f23236240f23f1309
:10cc8c006361636a90f8d2309b039bb20d4a1a43de
:10cc9c00626090f8b1301bb1636843f080736360dd
:10ccac0005f19001284608f013ffd5f8ac309b7abb
:10ccbc0013f0010f14bf00230123e36038bd00bf44
:08cccc000008004003210e00e6
:020000040000fa
:020000040002f8
:10ccd4000fb430b583b00bf0cffd07f08df90446e7
:10cce400184b1b681bb3c31ab3f57a7f1fd3164bbb
:10ccf4001a68052a15d8134b00221a60124b012218
:10cd04001a6007ab0193114d069a5021284603f08f
:10cd14003bfc0c4b1c602a460d49002001f06efec2
:10cd24000be0053a0b49002001f068fee3e7064af0
:10cd3400136801331360052be3d903b0bde8304019
:10cd440004b0704734f4002094ee002070f7002003
:08cd5400187d0300087d0300b7
:020000040000fa
:020000040002f8
:10cd5c00457874426c6f636b2e5350495f45727209
:10cd6c005f496e740d0a0000457874426c6f636bfa
:10cd7c002e4d41435f424d47525f496e740d0a0080
:10cd8c00457874426c6f636b2e4d41435f496e74f2
:10cd9c000d0a0000457874426c6f636b2e484d5839
:10cdac005f496e740d0a0000457874426c6f636bba
:10cdbc002e47494e545f4d61736b0d0a0000000005
:10cdcc00457874426c6f636b2e556e6b6e6f776e1d
:08cddc004572726f720d0a002e
:020000040000fa
:020000040002f8
:10cde4002de9f84304460f46d0f81080436998476c
:10cdf400e368002b35d00546a36803fb00f32268e3
:10ce040002eb0309d35c13f0010f25d00026e3697c
:10ce14003a46494620469847d8b14544e368ab4270
:10ce240098bfed1a0136b34218d9a36803fb05f382
:10ce3400226802eb0309d35c13f0010fe7d1236ae4
:10ce44003a46494620469847a9f80260636a013386
:10ce540063624846bde8f8830026f0e74ff0000916
:08ce6400f7e74ff00009f4e7c5
:020000040000fa
:020000040002f8
:10ce6c00f0b583b00446456803290bd003681b68f2
:10ce7c0017492846984723681b681649284698473f
:10ce8c0003b0f0bd1646506806f086ff074650b159
:10ce9c0001a9b068f5f78efc58b923681b680e49d8
:10ceac0028469847ece723681b680c4928469847a6
:10cebc00e6e701a938460af021f923681b680849fe
:10cecc00084a002808bf114628469847d8e700bff3
:10cedc00248602006086020084860200982e0200de
:08ceec00e88502000486020043
:020000040000fa
:020000040002f8
:10cef40070b506460d4640f23c6003f015fb04464f
:10cf0400002830d040f23c6200210bf059f8266032
:10cf1400656004f12003a361e36104f1d80304f222
:10cf24003c6108e0c4f8cc30c4f8d0301b605b60ce
:10cf34005c338b420ed0d4f8cc20002af2d01a6095
:10cf4400d4f8d0205a601360d4f8cc205360c4f8cd
:10cf5400cc30ede70023a360064b1b682bb1054bd7
:10cf64005a6894605c60204670bd024b1c605c6033
:08cf7400f9e700bf3cfd0020bd
:020000040000fa
:020000040002f8
:10cf7c0008b5194b9847194b9847eff3108172b6c7
:10cf8c00174ad2f8883043f47003c2f88830bff3e4
:10cf9c004f8fbff36f8f01b962b6124a936823f0bb
:10cfac00010393601346da6812f0010ffbd10d4bad
:10cfbc0024225a6001229a6007f014fd0a4b23f0d8
:10cfcc007f03074a9360094b9847094b9847094bd5
:10cfdc0098470bf0acf9fee7275e0200275e0200d3
:10cfec0000ed00e00060004100000000510b030068
:08cffc00275e0200275e02001f
:020000040000fa
:020000040002f8
:10d0040008b51649002001f0f9fc1549002001f08b
:10d01400f5fc1449002001f0f1fc1349002001f053
:10d02400edfc1249002001f0e9fc1149002001f057
:10d03400e5fc1049002001f0e1fc0f49002001f05b
:10d04400ddfc0e49002001f0d9fc0d49002001f05f
:10d05400d5fc0c49002001f0d1fc08bdb45b0100f3
:10d06400cc5b0100005c0100385c0100785c0100cd
:10d07400c45c01001c5d0100705d0100b45d010031
:08d08400f85d0100385e0100b7
:020000040000fa
:020000040002f8
:10d08c002de9f04389b00023adf816300df11902eb
:10d09c0002920df11a02019207aa00920df11602ea
:10d0ac00fef7c8f840b39df819303bb3079fbdf8a5
:10d0bc001a9000231e464ff0050801e04646234611
:10d0cc00dc1ca4b2a1451ad31d46fa18f85c53789f
:10d0dc0043ea002008f09efb0028efd0007908f00e
:10d0ec00f1fe38b13d44a978003118bf012107f099
:10d0fc0073ffe4e74646e2e7052600e005263046e6
:06d10c0009b0bde8f0834c
:020000040000fa
:020000040002f8
:10d112002de9f04190f89cc0bcf1000f2ed0d0f860
:10d1220098500024a646a04616e003f108069f4246
:10d132000dd033461e6836f00306f6d01e6816f090
:10d14200010f14bf08f101080ef1010eede70134e1
:10d152001435a3b29c4514d96b7c012bf7d12f88cf
:10d16200002ff4d0d0f88c3004eb041603eb8603c6
:10d172005b68013fbfb203ebc707dbe74ff0000e6e
:10d18200f04609b1c1f800800ab1c2f800e00020ff
:04d19200bde8f08183
:020000040000fa
:020000040002f8
:10d1960070b5d0f8a460336823f0080333603368b1
:10d1a60023f004033360736811f0020f14bf43f0d9
:10d1b600020323f0020311f0100f14bf43f0010322
:10d1c60023f0010312f0080f14bf43f4005323f4b5
:10d1d6000053736011f4804f19d00023f36090f868
:10d1e6009c305bb105460024e1b2284609f027ffd2
:10d1f600013495f89c20e3b29a42f5d8336843f09f
:10d2060004033360336843f00803336070bd0123c1
:04d21600f360e4e7f6
:020000040000fa
:020000040002f8
:02d21a0070475b
:020000040000fa
:020000040002f8
:10d21c002de9f04182b004464568022907dc2368f9
:10d22c001b6816492846984702b0bde8f08116469f
:10d23c00906805f04cff80467768114938460af033
:10d24c0008fdc0b10f4938460af003fd0028e6d1ad
:10d25c0000210ffa88f00bf079fb23685c680a4b0d
:10d26c000a4a002808bf13460093434672680849cf
:10d27c002846a047d8e70121ebe700bf941d030027
:10d28c00681d03006c1d0300dc800200601d0300a0
:04d29c00701d0300fe
:020000040000fa
:020000040002f8
:10d2a0002de9f04188461746382838bf3820c31c7e
:10d2b00023f003039cb201f11d0525f00f05adb26b
:10d2c000174b186805f13201214489b24368984729
:10d2d000064608b304f1180200210af073fe344434
:10d2e000e5811a35658204f12f0222f00f02626097
:10d2f00042f8086c0122228234616268911ca160ac
:10d30000716127f001073762b8f1000f01d01032c8
:10d31000b261002386f82f303046bde8f08100bfaf
:04d320009c0001204c
:020000040000fa
:020000040002f8
:10d3240069706572666b3a205573696e6720696e21
:10d3340064657820300d0a000d0a697065726620f4
:10d3440073657373696f6e3a206e6f7420737461c2
:10d3540072746564210d0a000d0a69706572663a7b
:10d3640020747279696e6720746f2073746f7020f3
:10d37400697065726620696e7374616e63652025d9
:10d38400642e2e2e0d0a000055736167653a2069dc
:10d39400706572666b203c2d6920696e6465783e09
:04d3a4000d0a00006e
:020000040000fa
:020000040002f8
:10d3a80010b582b000230193030103f1824303f512
:10d3b800204393f84e30dbb20193019b13f0020f28
:10d3c8000dd0010101f1824202f52042022382f8c8
:10d3d8004e30134b0b4400221a73012400e0022440
:10d3e800019b13f0010f0cd0010101f1824202f5fb
:10d3f8002042012382f84e30094b0b4400221a7355
:10d408000224074b03eb00135b6833b1044a02ebb9
:10d41800001399685b682046984702b010bd00bfaa
:04d4280058fb00208d
:020000040000fa
:020000040002f8
:10d42c002de9f0411c4ad36a956a89b30e46ab428a
:10d43c0008bf002227d00122dff864c0174ca0f1ee
:10d44c00020e0138144f0ce0e15c81540133396b4e
:10d45c00994298bf0023b24214d2511cab4212d055
:10d46c000a46dcf8041001f007010129ecd159003f
:10d47c0014f813800ef812800131615c00f8121060
:10d48c000133e4e71d46044bdd621046bde8f08134
:10d49c001d460a46f7e700bfecf80020c89e0020a6
:04d4ac000034004008
:020000040000fa
:020000040002f8
:10d4b0001a4bdb6813f0807f24d0194b1b6813f0e4
:10d4c000010f1fd0164b5a68164b1b78f3b1164943
:10d4d0000b68d31a0a605b0898421dd203f500431b
:10d4e0001b1a1a0c511e072916d810b40f4c2168ac
:10d4f0000a4422601b0c1b040d4a136018445df89b
:10d50000044b7047074b00221a707047064b1a6095
:10d51000044b01221a707047704700bff0ed00e025
:10d52000001000e06404012068020120d002012004
:04d53000d402012000
:020000040000fa
:020000040002f8
:10d534002de9f04182b00746884616461c46002075
:10d5440009f032fb0bf064f905463c220021204629
:10d554000af036fd33682360b388a38025b12b68b5
:10d56400c4f80630ab88638188232373b6236373be
:10d574004246394604f10e0009f084ff0020019070
:10d58400009003463c22214607f0bafa024638b11d
:10d5940006490b6801330b60104602b0bde8f08108
:10d5a40003490b6801330b60f6e700bfb0030120a9
:04d5b400b40301209b
:020000040000fa
:020000040002f8
:10d5b800f0b51f4c2568a446002d36d00022294618
:10d5c80016461346d1f800e00f6986450ad132b1f4
:10d5d800176101f110031846f0bd3946f2e7ccf89f
:10d5e8000070f6e705d9ebb11c68a6453cbf1646a6
:10d5f8000b460a46002ff0d1002becd019461f69c4
:10d6080051f8102b121a102a05d918600844103a3c
:10d618000761026007469d420cbfccf80070376175
:10d628000b46d8e716460b46e3e72b46d3e700bf81
:04d63800f4030120d6
:020000040000fa
:020000040002f8
:10d63c002de9ff471d460c9b13f0010906468a464f
:10d64c00144601d195420bd822465146304606f07d
:10d65c00ebfea54204d82546284604b0bde8f08769
:10d66c002f1b102f3a464ff0200128bf102268467e
:10d67c00b8460af0a1fc00bfb8f10f0f11d83b0956
:10d68c006ff00f0202fb03726946304606f0ccfec7
:10d69c00b9f1000fe0d122465146304606f0c4fee7
:10d6ac00dae710226946304606f0befea8f11008f3
:04d6bc00e2e700bfe2
:020000040000fa
:020000040002f8
:10d6c0000ab9184670472de9f0470f4616469846a6
:10d6d000012201f07dfa054658b34ff00009ca4611
:10d6e00009e0361bb6b2a1441ffa89f980442d68bf
:10d6f000fdb1af68eeb1eb89ac681c44e41ba4b289
:10d70000ab8913b19c4228bf1c46b44228bf3446a3
:10d71000002cecd052462146384601f075fbc04340
:10d7200080b219f0010fdcd0030a43ea002080b276
:10d73000d7e740460af0ecfdc04383b21846bde887
:02d74000f08770
:020000040000fa
:020000040002f8
:02d7420070472e
:020000040000fa
:020000040002f8
:10d74400496e76616c6964204d41435048592c20e0
:10d754006f75693d307825582c206d6f64656c3d7c
:10d76400307825580d0a0000496e76616c69642092
:10d7740043686970205265766973696f6e0d0a009b
:10d78400636869705f6572726f722120506c6561a5
:10d79400736520636f6e74616374206d6963726f67
:10d7a4006368697020737570706f727420666f722d
:10d7b400207265706c6163656d656e742e0d0a0070
:020000040000fa
:020000040002f8
:10d7c40038b518b14ff0ff34204638bd0c461b481d
:10d7d40006f00efa0546a0b114f0080101d08388c2
:10d7e40093b92b8a9bb105f120042b8c23b34ff002
:10d7f400ff340bf039f82b7801332b700bf038f829
:10d80400e2e74ff0ff34dfe74ff0ff34f1e705f1d3
:10d81400100400220023a360e360012323806280bc
:10d8240065600223237319b16b8843f004036b8092
:10d83400ab880133ab80dce70122ebe730f1002059
:020000040000fa
:020000040002f8
:10d844001c4b1d4a1a604ff622029a814ff4403253
:10d854005a601a46d369002bfcd1164a136843f068
:10d8640002031360d369002bfcd1144b00221a620b
:10d874009a62da6283f8342083f83c209a63da8768
:10d884001a609a60da601a751a779a61094b5b68b4
:10d8940003f00703012b094b14bf4ff400624ff44c
:10d8a40080621a631a61034b80229a7504229a7566
:10d8b400704700bf0034004004011040ecf8002021
:020000040000fa
:020000040002f8
:10d8c4000eb430b5adf6080d0df6140353f8042b61
:10d8d40001934ff4006102a802f056fe421e40f28a
:10d8e400fe739a4221d8044602ab00221a54124b0a
:10d8f4001b680344b3f5006f24bf0f4b1a600e4b33
:10d904001b680e4d1d4402a928460af01ffe294635
:10d91400002009f0d7fc14f0030318bfc3f104037b
:10d92400054a1c4413681c4414600df6080dbde838
:10d93400304003b0704700bf14010120c8ae00207e
:020000040000fa
:020000040002f8
:10d944002de9f84380b3894617460546002414e0c0
:10d95400b8f1000f2cd008f10106222130460af05c
:10d9640039fb18b3864226d000230370bc4238bf6b
:10d9740049f824600134451c1ad0222128460af0b3
:10d9840029fb804608b1002303700c4e314628461b
:10d9940005f0aafa03460028dad0bc4238bf49f899
:10d9a400243001340025f1e7002401e04ff0ff3476
:10d9b4002046bde8f8834ff0ff34f9e76889030097
:020000040000fa
:020000040002f8
:10d9c40004eec63bb231df2c630a1afbe724949db4
:10d9d400005a587851e1aa795e477347c8b0566235
:10d9e4001c18bddcdd8d99fc5fc2b92053d8cfacc7
:10d9f400fb0bb8831205fad1ddd6c071318a6018e9
:10da0400f03b73f5ede4d4d071f9de03fd7aea104e
:10da14005d9299b8af99aa075bdb4db9aa28c18d6d
:10da2400174b56ee2a014d098896ff2282c955a844
:10da34001969e069fa8ce007a180183a07dfae178c
:020000040000fa
:020000040002f8
:10da4400d3e160c35b99f340b2628264d175106024
:10da5400e0045da383ff57a57d73a673d2b8d80de8
:10da6400aaf6a6c35a91bb4579d73fd0c8fed111b7
:10da7400b0391306828adfed528f018121b3febdd6
:10da8400c343e797b87dbb63db1333ded9d1ece145
:10da940077cfa6b71fe8ab1da46624ed6415e51c7b
:10daa400cde2c7ca86e283990eeaeb9112041552bd
:10dab4008b2295910281b02dd431f4c9f70427df6c
:020000040000fa
:020000040002f8
:10dac4006e6f69705f73656e640000003a20736561
:10dad4006e64204e207261772045746865726e65ad
:10dae40074206672616d6573206279706173736905
:10daf4006e672054435020737461636b20286e6feb
:10db040069705f73656e64203c6e3e205b67617074
:10db14005f6d735d290000006e6f69705f737461df
:10db2400740000003a2073686f77204e6f495020cc
:10db340054582f525820636f756e746572730000c9
:020000040000fa
:020000040002f8
:10db44002de9f04389b0904699461c4c04f18007b6
:10db5400002502e01034bc421fd02378002bf9d0fa
:10db64006379002bf6d1207908f0b0f9014600283a
:10db7400f0d0628808ab2b44100a03f8180c03f8a1
:10db8400172cae1cb6b2084607f045fb0335adb200
:10db940008ab1e4406f8180cdce7019502ab0093b1
:10dba4000023109a4946404603f0eefe002814bfb5
:10dbb4000020042009b0bde8f08300bf38f5002040
:020000040000fa
:020000040002f8
:10dbc400f8b50f280fd84b1edbb2042b0bd8012558
:10dbd4008540184b1b681d420bd1174a136801334b
:10dbe4001360002004e0144a13680133136000201a
:10dbf400f8bd0e460446114f00233b700af02efb7d
:10dc0400e3089b0003f1804303f52053da6904f031
:10dc1400070080000f21814022ea010206fa00f089
:10dc24001043d86102233b700af018fb7d61012088
:10dc3400dee700bf7c0301208003012000280040b0
:020000040000fa
:020000040002f8
:10dc440030b50d4689b004462022002168460af00a
:10dc5400b7f92878b0b16b786bb1013d012000bff2
:10dc640015f8013f83b921460125084611f8013b07
:10dc7400c3b9001b06e023461a46013311788142da
:10dc8400fad0101b09b030bd5a0908a901eb820271
:10dc940003f01f0352f8201c00fa03f30b4342f86d
:10dca400203cdde75a090df1200c0ceb820203f055
:10dcb4001f0352f8202c05fa03f31342d5d1d8e7f9
:020000040000fa
:020000040002f8
:10dcc400f8b50d4616461f4606980af00ffa50b1ed
:10dcd400044690f8023103b935b9002384f80231bf
:10dce400e36e0133e366f8bdd0f8ac500023c0f80e
:10dcf400ac30436e01334366286983686b610e332d
:10dd0400ab613a4631468068ebf7e4ff2b699b68c8
:10dd14001b78ff2b1abf2b6a43f0100320232b62be
:10dd2400294604f1c40006f0dcfbb4f8a40040f07a
:0edd34001000a4f8a400236c616c9847d3e79c
:020000040000fa
:020000040002f8
:10dd420000293bd070b40c460378ff2b06d14278f1
:10dd5200ff2a08bf013011d100e0013070bc7047ca
:10dd620002f11003dbb2092b0ed80230002cf5d0e1
:10dd72000378ff2bf2d14278ff2aeed0531ddbb29b
:10dd8200032bedd80330f1e7fa2ae7d1022ce5ddc7
:10dd9200032ce3dd831c0444661e01e0b342ddd0a4
:10dda2001a46e11a01331578ff2df7d11d78f02daf
:0eddb200f4d18c1e0232d1d01046d7e7704754
:020000040000fa
:020000040002f8
:10ddc0005365742042494f53204e616d65204f4b7f
:10ddd0000d0a00005365742042494f53204e616d77
:10dde00065206661696c65640d0a000055736167a2
:10ddf000653a2073657462696f73203c696e74655f
:10de000072666163653e203c782e782e782e783ecf
:10de1000200d0a0045783a2073657462696f73209b
:10de20005049433332494e54204d434850424f41ac
:0cde300052445f3239200d0a000000bf90
:020000040000fa
:020000040002f8
:10de3c0055736167653a20736574646e7320312f76
:10de4c0032203c696e746572666163653e203c7875
:10de5c002e782e782e783e200d0a000045783a2038
:10de6c00736574646e7320312065746830203235ac
:10de7c00352e3235352e3235352e30200d0a000038
:10de8c00556e6b6e6f776e20444e5320696e6465d1
:10de9c00780d0a0053657420444e5320256420618c
:0cdeac006464726573732025730d0a0016
:020000040000fa
:020000040002f8
:10deb80055736167653a202573203c696e746572f5
:10dec800666163653e203c6f6e2f6f66663e200d6f
:10ded8000a00000045783a20257320504943333220
:10dee800494e54206f6e200d0a000000556e6b6e6f
:10def8006f776e20696e746572666163650d0a00de
:10df0800556e6b6e6f776e206f7074696f6e0d0a49
:10df180000000000556e6b6e6f776e207365727629
:0cdf28006963652025730d0a000000bf2e
:020000040000fa
:020000040002f8
:10df340030b597b004b2b4f1ff3f31d01a4b1b890e
:10df440013f0020f09d001220df157012046f5f715
:10df5400b9fa38b39df8570007e0522201a92046c8
:10df6400fdf7f4fa014610b9002017b030bd01a83e
:10df7400451800234354fff7e2fe854214bf10f80e
:10df8400013b00238df8573001aa821a02d19df873
:10df94005700eae792b200212046f5f793faf6e734
:0cdfa4000020e2e70020e0e728fd00205c
:020000040000fa
:020000040002f8
:10dfb000882930b52cd012dc812930d003dc8029af
:10dfc0002dd0002030bd82290ed08429f9d11968c6
:10dfd00000680a1d1a600b6818800120f2e7a0296a
:10dfe0000fd00adc9029ecd119680a1dd0e9004550
:10dff0001a600b68c3e90045efe7c02901d0f0299a
:10e00000dfd11a680168101d186013681960e4e711
:10e01000196800680a1d1a600b681870dde7196836
:0ce0200000680a1d1a600b681860d6e743
:020000040000fa
:020000040002f8
:10e02c00842910b523d00cdc812903d0822913d08c
:10e03c0080290bd119680c1d1c600b6803601a60d9
:10e04c0013e0902921d003dc882917d0002010bdc3
:10e05c00a029efd0c029ece719680c1d1c600b68d7
:10e06c000360d1171046c3e900010120efe71968de
:10e07c000c1d1c600b6803601a80f6e719680c1df8
:10e08c001c600b6803601a70efe719680c1d1c60ac
:0ce09c0009680160d317c1e90023e6e722
:020000040000fa
:020000040002f8
:10e0a800002839d0f8b50c4605460369002b32d054
:10e0b800002718e0236b1bb1052104f15c00984789
:10e0c800d4f88c002946083009f02efa236b1bb1ce
:10e0d800062104f15c009847eeb1b4f9c8307268c3
:10e0e800d5582b69bbb11e681f602b691b8a13f0ba
:10e0f800040fdfd1b4f8d03013f0020f07d1d4f8f1
:10e108008c20d4f89830db8812699a42d2dda36a51
:0ae1180028469847e0e7f8bd70477d
:020000040000fa
:020000040002f8
:10e1220070b506460d4608f014f9002833d00446af
:10e1320038220021284609f044ff94f87730012b59
:10e1420022d0b4f86030ab84b4f86230eb84a36cb4
:10e15200ab6294f8763085f82c30a36962699b1a19
:10e16200eb85636822689b1a2b86204608f0e5fe41
:10e172006886304604f08dffa886204606f091fda1
:10e1820085f83600012070bd236c6b60636c6b6197
:0ae1920001232b70d5e70020f5e70c
:020000040000fa
:020000040002f8
:10e19c00f8b507460c4616461d46c87b40f22a5277
:10e1ac001849984214bf0020012008f0bbfa214600
:10e1bc00304605f015f8844208d040f23652114929
:10e1cc00002008f0affa022d18d0f8bd267b0023f2
:10e1dc0023606360a360e3602361214607f1800044
:10e1ec0009f0baf90123e373032eecd1f868f3f7c5
:10e1fc004cfe7b8823f008037b80e4e7f8680af088
:08e20c00aefae2e724780300fa
:020000040000fa
:020000040002f8
:10e214002de9f047884692461e4617689df820204f
:10e22400394600f0d3fc20b3054656b33a464ff0c6
:10e2340000090fe022463946404606f04ffaa04452
:10e24400361bb6b23a19a1441ffa89f92d689db15b
:10e25400af688eb1ec89ab682344db1b9bb2ac89fd
:10e26400b44228bf34469c4228bf1c46002cedd043
:10e27400e0e73a464ff00009caf800204846bde8f6
:08e28400f087b1463a46f7e7c6
:020000040000fa
:020000040002f8
:10e28c00f8b5194b1c68194b1b88cbb118340025f9
:10e29c00164f06e0fbf7bafd013518343b88ab424c
:10e2ac000edd264654f8140c20b101f00bfd0023b2
:10e2bc0044f8143c36f9180cb0f1ff3fecd0e9e708
:10e2cc000b4b1868084cc3682168984700232360df
:10e2dc00064a1380074b186820b109f0f0ff054b74
:10e2ec0000221a60f8bd00bfbc00012028fd0020f0
:08e2fc00c0000120c800012050
:020000040000fa
:020000040002f8
:10e3040070b4174a00211170516091601173117437
:10e314005161916111771348134b5863134c9c63fb
:10e324005c6944f081345c61114c1c6440f2094422
:10e33400048083f8451001251570032483f84d40ab
:10e344000c4e1e6540f60906068283f855101574b6
:10e3540083f85d4040f602721a8070bc704700bfbb
:10e3640058fb002038fb002000a0004178fb00206f
:08e37400000520000004200058
:020000040000fa
:020000040002f8
:10e37c0055736167653a2064756d70203c61646407
:10e38c00726573735f6865783e203c636f756e745d
:10e39c003e0a0d004578616d706c653a2064756db0
:10e3ac007020307832303030303030302036340a13
:10e3bc000d000000436f756e74206d7573742062d0
:10e3cc0065203e20300a0d004d656d6f727920641a
:10e3dc00756d703a203078253038582020257520fe
:08e3ec0062797465730a0d00eb
:020000040000fa
:020000040002f8
:10e3f400c0b6010005d00200c8b60100e4b60100b1
:10e404008d2b0300f0b6010008b7010051bb0200d8
:10e4140010b701003cb7010095c9020044b70100e0
:10e4240070b701002941030078b701009cb70100cf
:10e4340021ca0200a4b70100c4b70100f5ab020071
:10e44400ccb7010004b8010035fd02000cb801008e
:10e4540034b80100794e030040b8010064b80100eb
:08e46400cd0803006cb80100b3
:020000040000fa
:020000040002f8
:10e46c007265736574656e763a20726573746f723b
:10e47c00656420636f6d70696c65642064656661aa
:10e48c00756c74732c207065727369737465642079
:10e49c00616e64206170706c6965642e0d0a0000f9
:10e4ac007265736574656e763a2064656661756c29
:10e4bc007473206170706c6965642062757420459a
:10e4cc004550524f4d207772697465204641494c36
:08e4dc0045442e0d0a0000bfab
:020000040000fa
:020000040002f8
:10e4e40073617665656e763a2070657273697374cc
:10e4f400656420746f20454550524f4d20616e6411
:10e50400206170706c6965642028616e2049502018
:10e514006368616e67652064726f707320746865e8
:10e524002063757272656e7420636f6e6e656374ba
:10e53400696f6e292e0d0a0073617665656e763af1
:10e5440020454550524f4d207772697465204641ed
:08e55400494c45442e0d0a005c
:020000040000fa
:020000040002f8
:10e55c0055736167653a206c616e5f72656164200a
:10e56c003c616464726573735f6865783e0a0d0084
:10e57c004578616d706c653a206c616e5f72656197
:10e58c006420307830303034303030300a0d0000b8
:10e59c004552524f523a2050726576696f7573200e
:10e5ac004c414e206f7065726174696f6e2073748c
:10e5bc00696c6c20696e2070726f67726573730a78
:08e5cc000d00000025730000a2
:020000040000fa
:020000040002f8
:10e5d400f0b41a4bd3e90067194b1c685d68b94263
:10e5e40008bfb04215d2174b301a67eb01011a6805
:10e5f4005b6800fb03f302fb0131a2fb00230b4425
:10e60400100e40ea0320190e201a65eb0101f0bc3c
:10e6140070470c4b801b61eb07011a685b6800fbb9
:10e6240003f302fb0131a2fb00230b44100e40ea6a
:10e634000320190e001945eb0101e8e7f0fd002065
:08e64400f8fd002090fe00200b
:020000040000fa
:020000040002f8
:10e64c00756e73796e63656400000000756e6365aa
:10e65c00727461696e0000006365727461696e00aa
:10e66c00696e76616c6964003a2074696d656261eb
:10e67c007365202b207472696767657220286e6f32
:10e68c00777c6174203c6e733e7c72657365747c20
:10e69c00747269677c66697265203c6d733e7c7030
:10e6ac006572203c6d733e7c63616e63656c7c6d42
:08e6bc006f646529000000bf36
:020000040000fa
:020000040002f8
:10e6c40030b589b00023adf816300df1190202926d
:10e6d4000df11a02019207aa00920df11602fcf73d
:10e6e400adfd28b39df8193023b1bdf81a300bb134
:10e6f400002415e00f4c04f18005204603f06efc65
:10e704001034a542f9d1002009b030bd07f09ef8bd
:10e7140003f064fc0134bdf81a20a3b29a4205d96f
:10e72400a3b2079ad05cff28f0d1f3e70020ebe70f
:08e734000520e9e738f500209b
:020000040000fa
:020000040002f8
:10e73c0030b50d46097889b0044609b16b782bb910
:10e74c00204601f0bdfe001b09b030bd2022002187
:10e75c00684609f031fc013d012000bf15f8013f6e
:10e76c00a3b921460125084611f8013b002bead03c
:10e77c005a090df1200c0ceb820203f01f0352f826
:10e78c00202c05fa03f31342edd0dce75a0908a953
:10e79c0001eb820203f01f0352f8201c00fa03f372
:08e7ac000b4342f8203cd9e7c1
:020000040000fa
:020000040002f8
:10e7b4002de9f84f04460c9f6668d4f80cb0246920
:10e7c40010463a68013c002502f0020a0b9a0bf845
:10e7d4000450002e1946b8bf0126012390464fea83
:10e7e400e279002c03dcd3b12046bde8f88f50ea6f
:10e7f400010209d1721b002a06dc0a9a521b002a64
:10e80400f1ddbaf1000feed042464b4607f066f850
:10e81400013c134630320bf804200135e1e73b6834
:08e8240023f010033b60dfe765
:020000040000fa
:020000040002f8
:10e82c002de9f04781460f46144698460d68013a8b
:10e83c0092b22946fcf786fe10b90020bde8f0879d
:10e84c00064600232b5401462846fff774fa8246ed
:10e85c00421bb61a52b9e6b10d21284609f0b6fb97
:10e86c0058b13d60c8f800600120e7e792b2002182
:10e87c004846f4f723fe5546ede70a21284609f0f1
:10e88c00a5fb0028edd1013cb4420cbf02200020b6
:06e89c00d4e70020d2e7e2
:020000040000fa
:020000040002f8
:10e8a200f8b50f4615461e46069809f020fc20b31f
:10e8b200044690f8023103bbd0f8ac3073b11b6947
:10e8c200986832463946284408f0ddfdedb1d4f8a7
:10e8d200ac301a6993891e4496810ee0d0f8b430a8
:10e8e20063b1b43005f099fac4f8ac0003690022b0
:10e8f2009a81d4f8ac30002be1d1f8bd012380f825
:10e902000231436f01334367f7e7d4f8ac301b6938
:04e912009e81f2e709
:020000040000fa
:020000040002f8
:02e91600704748
:020000040000fa
:020000040002f8
:10e918002de9f04106460c461746194b5d6809f08b
:10e92800c9fc238813f0400f1dd1c0eb001005eb84
:10e93800800513f0800f0ed1211d05f1240004f08d
:10e94800b5ff4ff0010805f114033a46802120462f
:10e9580006f070f909e0211d05f1140004f0a6ff86
:10e968004ff00208efe74ff00308434604f11002a6
:10e9780004f10801304602f0b5febde8f08100bfa1
:04e9880060f8002013
:020000040000fa
:020000040002f8
:10e98c0070b50546d0f8c4305e6890f8cd301bb336
:10e99c000121284602f0cefe134beb1adb1003ebe1
:10e9ac00c30403eb4403c3eb432303eb83435c42f9
:10e9bc00d5f8c4301b685b6822460c493046984732
:10e9cc00284603f063fcd5f8c4301b685b6822460c
:10e9dc0007493046984770bd0221e8f705fb012333
:10e9ec0085f8cd30d4e700bf98ef0020501e03000f
:04e9fc00801e030076
:020000040000fa
:020000040002f8
:10ea000000282fd10eb410b583b0174b93f9003006
:10ea100033b1154b5b681bb1144b1b78012b04d031
:10ea200003b0bde8104003b07047104b00221a70cd
:10ea300006ab0193059a4ff400610d4801f0a6fd65
:10ea4000421e40f2fe739a4208d8094900230b5433
:10ea5000054b5a68546902469868a047034b012247
:10ea60001a70dde7704700bf10fd0020350401205b
:04ea7000c8b6002004
:020000040000fa
:020000040002f8
:10ea7400f8b50f46164609f0fffe00eb800000ebe8
:10ea8400800009f06ffd5eb309f04af84342c0b25a
:10ea9400dbb258bf584238703e44013e3d46c7f190
:10eaa400010707e009f0e8fe00eb800000eb8000be
:10eab40009f058fd7c19b54212d009f031f84342ef
:10eac400c0b2dbb258bf584205f8010f634204f0ec
:10ead400070403f0070358bf5c42072cead1e1e7bf
:04eae4000020f8bd59
:020000040000fa
:020000040002f8
:10eae80099b32de9f04188461f461646044606f0bc
:10eaf800a9fa054630b1c5f80480ae606f700120f0
:10eb0800bde8f081124b1b788bb1114b1b7d53b1c3
:10eb18000f4b93f8283043b10d4b93f83c3003204a
:10eb280033b10020ece7012002e0022000e00020e1
:10eb3800074b8200111889005d184ff0010c03f88b
:10eb480001c06c8000222a74d5e70020704700bffe
:04eb5800c0f70020e2
:020000040000fa
:020000040002f8
:10eb5c00154b1b7803b9704710b5144ad2f82c31f9
:10eb6c0023f47f03c2f82c31114a136823f00203fb
:10eb7c001360136913f0020ffbd10e4b1b782bb9ea
:10eb8c0000230d4a13600d4a137010bd0c4c00216c
:10eb9c00206806f021fa23680621187808f052fc48
:10ebac00044b00221a70ebe78c040120008000411a
:10ebbc00001400438b040120e80301208a04012087
:04ebcc00e40301203d
:020000040000fa
:020000040002f8
:10ebd0004ab30369002b32d0c06915e0884201d8de
:10ebe0008a420bd21b6813b908e01b6833b19a68dc
:10ebf0008a42fad8d88902449142f6d818465df87c
:10ec0000044b70471b68d3b19a688242fad810b49b
:10ec1000dc8922449042e1d91b68002beed09a682f
:10ec20008242f9d8f4e7036913b908e01b6833b1ed
:10ec30009a688a42fad8d88902449142f6d818468e
:02ec400070471b
:020000040000fa
:020000040002f8
:10ec42002de9f04184b004460e46174698468422c8
:10ec5200002109f0b6f90b9ba3670c9be36704f153
:10ec620008050a9b0393cdf80880019700960423b8
:10ec7200372229462046f1f74afe20b101231846e1
:10ec820004b0bde8f081002303930293372201927e
:10ec9200009504f13f012046f1f739fe034630b9f1
:10eca200012222600022626084f88020e7e70123cb
:02ecb200e5e794
:020000040000fa
:020000040002f8
:10ecb400f0b50c4649682368a768e56887b0002961
:10ecc4000593a4bf23f00203059305ab0293082325
:10ecd400cde900730646d2e900232046fff768fd1c
:10ece400059bd90642bf00f1ff3030232b54059b0e
:10ecf4001a0742bf00f1ff3020232b542269059be1
:10ed04000093013a3b46121a29183046fef794fc48
:10ed14007368db0503d563689842b8bf184607b02b
:02ed2400f0bd40
:020000040000fa
:020000040002f8
:02ed2600704734
:020000040000fa
:020000040002f8
:10ed28001a4ad42303fb0023b3f8503019402bd0e0
:10ed380010b51346d42202fb0032b2f852300b430e
:10ed4800a2f85230cb0003f010034c1204f0020476
:10ed5800234301f0040423430c0104f48064234397
:10ed6800490001f480710b43b2f84e100b43a2f82e
:10ed78004e30526d3ab1054bd42101fb0033b3f844
:10ed88004e00996d904710bd704700bf9004012058
:020000040000fa
:020000040002f8
:10ed980001eb81018900d0f898205318525a32b3f8
:10eda8005a8932b3da89511e89b2b1f5c06f22d2bd
:10edb80010b4597c012940f2064118bf00211b7c80
:10edc800012b08bf41f40761d0f8a43092090b4c1d
:10edd80044ea02421a6190f8b2201ab11a6942f460
:10ede80000621a61996200205df8044b70470620a2
:10edf8007047062070476ff0020070470407000153
:020000040000fa
:020000040002f8
:10ee0800a0b330b40346104613f0010507d013f839
:10ee1800014b02eb042262f30f00013989b24a0860
:10ee2800541ea4b2cab1013403eb440433f8022bd4
:10ee38001044a342fad111f0010f1cbf2378c01867
:10ee4800030c13fa80f000eb10439bb23db963f357
:10ee58000f00c04380b230bc70471c46ebe7dab203
:10ee68001b0a43ea022363f30f00f2e7002070470e
:020000040000fa
:020000040002f8
:10ee780008b5144b186820b107f0e6fc114b0022c6
:10ee88001a60114b1968114809f046f9104b002215
:10ee98001a60104806f0a4f90f4b186820b109f061
:10eea80010fa0d4b00221a600c4b196831b1064b51
:10eeb8001868c3689847094b00221a60024b002261
:10eec8001a6008bda8000120ac00012080fc0020c9
:10eed800a000012070fc0020b0000120a400012047
:020000040000fa
:020000040002f8
:10eee80020b3f8b5044617460e46124b0360124b82
:10eef8004360124b8360124bc360124b0361124b89
:10ef08004361124b836103f17453a3f52303a3f602
:10ef18009243c3610025056645668566856709f0e5
:10ef28000afde666276765672846f8bd6ff0ac00fe
:10ef3800704700bf67e6096a85ae67bb72f36e3c2f
:10ef48003af54fa57f520e518c68059babd9831fac
:020000040000fa
:020000040002f8
:10ef58005b4c4f475d20746f74616c3d2575207064
:10ef6800656e64696e673d2575206f766572666c9f
:10ef78006f77733d25752062756673697a653d25df
:10ef8800750d0a005b4c4f475d20706f6f6c5f6fab
:10ef980066667365743d257520706f6f6c5f736965
:10efa8007a653d257520282575206672616d657323
:10efb8002078202575206279746573290d0a000070
:020000040000fa
:020000040002f8
:10efc80070b44c08002b0cbf01260326c50105f1bf
:10efd800824505f500456b1883f84060eff310860d
:10efe80072b6254495f83030dbb211f0010f10d11c
:10eff80023f00f0302f00f02134304ebc01404f1d3
:10f00800824404f5004484f8303006b962b670bc16
:10f01800704703f00f0343ea0213dbb204ebc0149a
:0ef0280004f1824404f5004484f83030ede732
:020000040000fa
:020000040002f8
:10f0380050bb174b93f803310bb11548704770b5a7
:10f04800134e4ff486720021304608f0b7ff114b7b
:10f05800c6f8d830002386f80031012386f803313a
:10f06800344604f8043b0c4d0fcd0fc495e8070057
:10f0780084e8070006f1b40007f03eff06f1c4007b
:10f0880007f03aff024870bd4ff0ff30704700bfed
:0cf0980080ec0020372516728c730300fa
:020000040000fa
:020000040002f8
:10f0a400f8b550bb184e96f90630022b03d173887d
:10f0b40013f0010f1fd10d46a4220021124808f0bd
:10f0c4007fffedb109f0d0fb0f4c0127277009f049
:10f0d400cffb67800223a371002323816b68e36065
:10f0e400303404f15005e7732146284608f038fa15
:10f0f4001434ac42f7d13046f8bd4ff0ff36fae78e
:0cf104004ff0ff36f7e700bf30f10020ad
:020000040000fa
:020000040002f8
:10f11000184b1b7853b307282ad810b5adf5007dde
:10f120000c46144b93f812321bb1124b5b8a83428c
:10f1300014d0104b1844027a5b6803eb42224ff460
:10f140000071684609f014f84ff4fe7201a92046d8
:10f1500008f09af900200df5007d10bd4ff4fe7205
:10f160000549204608f090f90020f4e70420704794
:0cf1700002207047d0dd0020e6dd00200a
:020000040000fa
:020000040002f8
:10f17c0010b582b0002300938df80430154b5c68f9
:10f18c002388072b0bd86388adf80030b4f8023213
:10f19c00adf802301049684608f05bfdb0b104f5db
:10f1ac0000531b88072b0ed804f500535b88adf871
:10f1bc00003004f508546388adf8023006496846ff
:10f1cc0008f047fd20b1002002b010bd0120fbe784
:0cf1dc000120f9e7d0dd0020ec870300e3
:020000040000fa
:020000040002f8
:10f1e80038b5194b93f81432012b02d00023184676
:10f1f80038bd154c002584f81452042384f81332c2
:10f208002570fcf7b7f884f81252f4f78dff228abc
:10f218004ff6ff739a4209d10b4b032283f813224e
:10f228000023094a012182f81412e0e7fff7a2ff40
:10f23800034620b184f8135201212170f1e7024af4
:0cf24800032182f81312ece7d0dd002057
:020000040000fa
:020000040002f8
:10f2540070b586b00d460023039304930593009381
:10f264000193029300eb4000134c04eb800420460e
:10f2740007f0b8ff014638b1836aab420cbf03a85c
:10f28400684608f0aef9f2e701266ff00a0504e0db
:10f2940032462946184606f0b1f803a807f0a2ff43
:10f2a40003460028f4d1009b1bb16946204608f0b0
:0cf2b400a5f906b070bd00bf14f30020e7
:020000040000fa
:020000040002f8
:10f2c0003a20737461636b20636f6d6d616e64735c
:10f2d0000000000074637069700000004661696c92
:10f2e000656420746f2063726561746520544350b7
:10f2f000495020436f6d6d616e64730d0a0000000c
:10f30000544350495020636f6d6d616e6473207477
:10f3100061736b20726567697374726174696f6e73
:0cf32000206661696c65640d0a0000bf86
:020000040000fa
:020000040002f8
:10f32c002de9f043a1f1040e7346042b28bf0423ee
:10f33c00bef1000f26d08446002738460cf1ff386a
:10f34c0009e0002c08bf03200437cb1b042b28bf7b
:10f35c000423be4517d9fe18002b11dd08eb070559
:10f36c000ceb060263441e44002400bf12f8013b60
:10f37c0015f8019f83ea09031c43b242f6d1e0e77a
:0cf38c000320e1e70020bde8f08300bf93
:020000040000fa
:020000040002f8
:10f3980010b504464b1e622b9cbf134b1960134bd0
:10f3a8001870f9f701f8124bd3f8ac3123f4fe4387
:10f3b80023f07f0394b943f4266343f00a030c4a0d
:10f3c800c2f8ac310b4b1878fbf796fe074b1b784d
:10f3d8001bb1094b4ff480621a6010bd43f494438b
:10f3e80043f02a03ebe700bf000601207304012065
:0cf3f8000080004172040120948100415b
:020000040000fa
:020000040002f8
:10f40400092818d8dfe800f0190507090b0d0f11ba
:10f4140013150b4870470b4870470b4870470b484f
:10f4240070470b4870470b4870470b4870470b48b0
:10f4340070470b4870470b4870470b48704700bf34
:10f444001c460200384502004c4502006c4502008f
:10f4540084450200a0450200bc450200d4450200d8
:0cf46400fc450200304502003445020067
:020000040000fa
:020000040002f8
:10f470002de9f0410c46164981421dd100b30bb174
:10f480002d211960fcb12d2aa8bf2d221746e2b10b
:10f490000026104ddff8388024222946204609f046
:10f4a0005df86b6a4046984760620136283428351b
:10f4b000b742f1d1002001e06ff00500bde8f08116
:10f4c0006ff00500fae70020f8e70020f6e700bf3c
:08f4d0009004012010a00000cf
:020000040000fa
:020000040002f8
:10f4d8002de9f84305468846076943699847eb686c
:10f4e8003bb30446002607e03c44eb68a34298bfc0
:10f4f800e41a0136b34217d9ab6803fb04f32a6850
:10f5080002eb0309d35c13f0010fedd0eb6942461f
:10f518004946284698470028e6d199f800306ff305
:10f52800410389f8003001e04ff000094846bde882
:08f53800f8834ff00009f9e728
:020000040000fa
:020000040002f8
:10f540000288130a43ea022303804288130a43ea2b
:10f550000223438043681a0e42ea0362190201f44f
:10f560007f010a431b0a03f47f431343436083680c
:10f570001a0e42ea0362190201f47f010a431b0ad0
:10f5800003f47f4313438360c289130a43ea0223cf
:10f59000c381028a130a43ea02230382428a1302c6
:08f5a00043ea12234382704785
:020000040000fa
:020000040002f8
:10f5a80070b5154b1b68a3b1144b1b688bb10024b5
:10f5b800114e124d07e00022022102f089fa0134af
:10f5c8002b68a34205d9336853f824000028f2d1e8
:10f5d800f5e70b4b1868084cc36821689847002367
:10f5e8002360064a1360074b186820b108f069fecb
:10f5f800044b00221a6070bde0000120e4000120e5
:08f60800ec000120f8000120d4
:020000040000fa
:020000040002f8
:10f6100072657365740000003a205265736574204a
:10f62000686f737400000000710000003a2071756b
:10f63000697420636f6d6d616e642070726f6365b5
:10f6400073736f720000000068656c70000000004a
:10f650003a2068656c7000001b5b41001b5b420038
:10f660001b5b43001b5b44001b5b317e0000000002
:08f670001b5b347e000000bfab
:020000040000fa
:020000040002f8
:10f67800144b1b780bbb042a21d870b492b1031f1a
:10f68800114d0439114c561ef6b200eb860000bf2e
:10f6980053f8046f45f8046b51f8046f44f8046b91
:10f6a8008342f5d1074b1a70094b00221a70094b97
:10f6b80002221a70012070bc704700207047002099
:10f6c800704700bf4e04012090fc0020a0fc0020e1
:08f6d8004f0401202606012069
:020000040000fa
:020000040002f8
:10f6e000134b1b78834200d1704730b585b0044678
:10f6f000184604f0fff90546204604f0fbf90d4bcf
:10f70000d3e90023cde902230b4bd3e90023cde954
:10f71000002303462a4609490020fff771f9044bec
:10f720001c70074b1a68074b1a6005b030bd00bf4c
:10f7300055040120b0fd002090fd00200843030087
:08f74000c4010120cc010120ed
:020000040000fa
:020000040002f8
:10f7480010b528220021114808f038fc8022002139
:10f758000f4808f033fc01240e4b1c800e4b4ff66b
:10f76800ff721a800d4b00221a7005f0c5ff0c4b72
:10f77800c3e90001204607f0dbfd10b1094a10601b
:10f7880010bd084b01221a60fae700bfc4fa002036
:10f7980038f50020180601201e0601206204012009
:08f7a800c0fe00202c0201202c
:020000040000fa
:020000040002f8
:10f7b00038b50f280bd801248440144b1b681c4219
:10f7c0000bd1134a136801331360002004e0104a80
:10f7d000136801331360002038bd0d460d4b002225
:10f7e0001a7008f03dfd55b10a4b986804439c60bf
:10f7f000084b02221a7008f033fd0120ece7054b9c
:10f80000986820ea04049c60f2e700bf7c030120b2
:08f810008003012000280040e4
:020000040000fa
:020000040002f8
:10f818005b42544e5d202573202023256c752020e3
:10f82800256c6c752e2530396c6c75207320286d0d
:10f838006173746572290d0a000000005b42544e22
:10f848005d202573202023256c75202074696d6543
:10f858002062617365206e6f7420757361626c65d8
:10f86800202d2074696d657374616d7020696e76e2
:08f87800616c69640d0a0000d7
:020000040000fa
:020000040002f8
:10f88000f8b50f4614461d4606f064fd38b306462b
:10f890003cb307f053fb2b198342c4bf401b84b217
:10f8a000316a2944b5698d4203d27369eb1adb438f
:10f8b00019446d1a0135adb2ac4205d8224638461e
:10f8c00004f00eff20460de02a46384604f008fffb
:10f8d000621b7169781904f003ff204602e00020e2
:06f8e00000e02046f8bd27
:020000040000fa
:020000040002f8
:10f8e600f0b58fb00f4616461d46044608b3006fa6
:10f8f60005f01bff08b3436813b30023079308936f
:10f9060009930a930b930c930d93012301930623fa
:10f91600029306940397049605954368826801a9a5
:10f926000068984710f1ae0f08bf6ff487700fb0ec
:10f93600f0bd002003f003f9dce76ff48770f6e70b
:06f946006ff48770f3e787
:020000040000fa
:020000040002f8
:10f94c00f8b5174b834222d120b393f89c40013c6d
:10f95c0064b2002c21db04eb8405ad001e460de0e7
:10f96c00e7b23946304607f07afa39463046fbf7ab
:10f97c0031fa013c64b2143d002c06dbd6f8983009
:10f98c002b441b7c002bf4d0eae7002001e06ff045
:10f99c000500f8bd6ff00500fbe70020f9e700bf9c
:04f9ac0090040120a2
:020000040000fa
:020000040002f8
:10f9b00038b5174b83421fd108b393f91430022b8b
:10f9c00020d111b30c46124d284605f080f80323d0
:10f9d000e3800123237240f2dc53638195f8b13058
:10f9e000237395f8b230637395f8b330a37395f829
:10f9f000b830e373002001e06ff0050038bd6ff010
:10fa00000500fbe76ff00100f8e70020f6e700bf14
:04fa1000900401203d
:020000040000fa
:020000040002f8
:10fa140038b505460c468b7b012b0ad0022b1bd034
:10fa240040f2f2321249002006f080fe0723a3734d
:10fa340038bdc06808f0a0fc0028f9d1a288e1888c
:10fa4400e86806f0dbfa637b03f00103002b0cbfcc
:10fa540002230623a373ebe7c06808f08dfc00289b
:10fa6400e6d1e86808f051ffa0600623a373dfe73e
:04fa7400307d0300de
:020000040000fa
:020000040002f8
:10fa780038b504460d46fdf7b1f9034658b11a7872
:10fa880012f0010f0ebf42f003021a786ff3410221
:10fa98001a70184638bd616ae2689142f9d1a269c4
:10faa800002af6d02046904703460028f1d0027875
:10fab80012f0010f06d002786ff300020270636a39
:10fac800013b636229462046fdf788f90346002872
:04fad800d5d1dee7bf
:020000040000fa
:020000040002f8
:10fadc002de9f04160b3054690f8420010f0400f5c
:10faec0003d100242046bde8f081984617460e4607
:10fafc000021284608f03ff804460028f2d056b101
:10fb0c0033686b60b8f1000f05d0ab614fb13b6847
:10fb1c00ab60eb6105e027b13b68ab60b8f1000f5f
:10fb2c00f7d195f843306ff3041385f84330d9e7d8
:04fb3c000024d7e7e3
:020000040000fa
:020000040002f8
:10fb4000f8b505460e460161b1f8601041610276d4
:10fb50004376134ca4f160070c3ca36828469847f1
:10fb6000bc42f9d131460120fff774fb306d10b172
:10fb7000736c1b6a9847f06c10b1736cdb68984724
:10fb800000233365f36496f8432063f3861286f806
:10fb9000432096f8422063f3861286f84220f8bd8f
:04fba000cc01030091
:020000040000fa
:020000040002f8
:10fba40038b5044615460a6a42f008020a62086932
:10fbb40082890e3a82818c620f4807f012fd05b9e2
:10fbc40038bd08f051feb4f8623043f01003a4f8d5
:10fbd40062300a4a136801331360094c238b43f0e3
:10fbe4000103238308f044fe0022012104f11000e4
:10fbf40007f07afae4e700bf20f300204400012074
:04fc04001cd90020e7
:020000040000fa
:020000040002f8
:10fc080070b50446456803290ad003681b68104983
:10fc18002846984723681b680e492846984770bdb0
:10fc28001646506804f0baf860b1b16805f0bffa3a
:10fc380023681b680849094a002808bf1146284656
:10fc48009847ece723681b68054928469847e6e784
:10fc5800ecdd020014de0200c0dd0200d4dd02008b
:04fc6800982e0200d0
:020000040000fa
:020000040002f8
:10fc6c000d0a69706572663a205761726e696e672b
:10fc7c002c2054435020736572766572206469732e
:10fc8c00636f6e6e6563742064657465637465641c
:10fc9c000d0a000069706572663a204661696c65f0
:10fcac006420746f20676574202564206279746504
:10fcbc007320736f636b6574205458207370616389
:04fccc00650d0a00b8
:020000040000fa
:020000040002f8
:10fcd00008b5174b1b6833b338b30246834205d0cf
:10fce0009868f8b1824212d00346f9e7104b5b687e
:10fcf000834207d081680e4b1960104603f052fc16
:10fd000001200fe00a4b002119605960f5e7826875
:10fd10009a60074a5268824204bf054a536003f062
:10fd200041fc012008bd0020fce70020fae700bfed
:04fd30003cfd002076
:020000040000fa
:020000040002f8
:10fd340038b5032908d013490020fef75ffe1249a5
:10fd44000020fef75bfe38bd1446002211466068b1
:10fd540008f05ef9054600221146a06808f058f93b
:10fd6400044650b103462a4608490020fef746fee1
:10fd740021462846f6f704ffe5e70549fef73efe6f
:10fd8400e1e700bf7ce30200a0e30200d4e3020049
:04fd9400c0e30200c6
:020000040000fa
:020000040002f8
:10fd98000e4b1b78bbb90e4b18600e4b19600e4bff
:10fda8001a600e4b1a600e4b196001200d4b18702b
:10fdb80000230d4a13700d4a13700d4a1370034b3c
:10fdc80003221a7070470020704700bf4a040120c0
:10fdd8005c010120600101207401012078010120eb
:10fde8007c0101204b0401204c0401203a0401202d
:04fdf8003b040120a7
:020000040000fa
:020000040002f8
:10fdfc003a20544350206563686f207465737420f7
:10fe0c0073657276657220666f722062616e6477bc
:10fe1c00696474682d72616d702074657374696e99
:10fe2c006700000074657374736572766572000008
:10fe3c00544553545345525645523a205359535fe7
:10fe4c00434d445f414444475250206661696c65a0
:04fe5c00640a0d0027
:020000040000fa
:020000040002f8
:10fe600053573100535732005b42544e5d20455882
:10fe700054494e54257520636f756c64206e6f7401
:10fe800020626520636c61696d6564202d20616c62
:10fe900072656164792074616b656e20286d617391
:10fea0006b2030782530386c58292e20202573207f
:10feb00077696c6c204e4f54207265706f72742e8f
:04fec0000d0a000027
:020000040000fa
:020000040002f8
:10fec40038b505460139052904d8dfe801f00528cd
:10fed4000d1b2428002023e008f0c6fc01242c700c
:10fee40008f0c6fc20461be008f0befc2b781bb9ca
:10fef40008f0befc002013e0013b2b7008f0b8fcb6
:10ff040001200de008f0b0fc2b7801332b7008f0d1
:10ff1400affc012004e000230360012000e0012085
:02ff240038bde6
:020000040000fa
:020000040002f8
:10ff260010b50c4606f0d7f9a8b1034624b194f8eb
:10ff3600422012f0400f10d100225a6219e093f8c5
:10ff46003f2012f0020f14d193f840206ff3c30242
:10ff560083f840200de0002012e090f842206ff375
:10ff6600410280f84220446290f8492012f0040fc2
:10ff7600e5d093f8422042f0020283f842200120a5
:02ff860010bdac
:020000040000fa
:020000040002f8
:10ff880019b310b582b00c46096809b318b390f8d4
:10ff9800421011f0400f03d16ff0050002b010bd00
:10ffa800214653b190f8433013f0100f16d1009248
:10ffb8000123021df5f7f4f8f0e7fbf789ff0028a5
:10ffc80014bf02204ff0ff30e8e76ff004007047dd
:10ffd8006ff00400e2e76ff00500dfe76ff007005d
:02ffe800dce754
:020000040000fa
:020000040002f8
:10ffea002de9f04182b0064688461446089d099fcd
:10fffa004ff0030ccdf800c004f0bdfc024630b14e
:020000040003f7
:10000a00218801f108039bb2434504d90022104616
:10001a0002b0bde8f0817318380e7054390c59706b
:10002a00390a9970df7023880433f118280ef054c6
:10003a002b0c4b702b0a8b70cd70238808332380ce
:02004a00e5e7e8
:020000040000fa
:020000040003f7
:10004c0038b50c468b7b012b0ad0022b1dd040f20d
:10005c0013421249002006f065fb0723a37338bd39
:10006c000546c06808f084f90028f8d12389a288d5
:10007c00e188e86805f0b0fd637b03f00103002b19
:10008c000cbf02230623a373e9e7c06808f070f9dc
:10009c000028e4d10623a373e1e700bf447d0300ed
:020000040000fa
:020000040003f7
:1000ac00f8b50f46164602f059f878b105460488a3
:1000bc00104b742202fb04342046f6f72dfe78b167
:1000cc006f60ae602046f8f731fef8bd08f0bcf961
:1000dc000028fad008f0b2f9074905f0dbfaf4e78a
:1000ec0008f0b2f90028f0d008f0a8f9034905f09f
:1000fc00d1faeae738f60020f015030028160300c1
:020000040000fa
:020000040003f7
:10010c0038b50546154c042384f81332012384f8c2
:10011c0014324ff47c236360002384f81232f4f71a
:10012c0001f8228a4ff6ff739a420ad0fff720f8a3
:10013c0068b10a4b002283f8132201221a70284658
:10014c0038bd032284f813224ff0ff30f8e7034b3d
:10015c00032283f813224ff0ff30f1e7d0dd0020ab
:020000040000fa
:020000040003f7
:10016c000200000059be0100dd290300030000005d
:10017c0031230200f18d02000600000021ba0200ba
:10018c00a563030009000000e14e0200e91902001a
:10019c000a000000151b0200f18202001a00000088
:1001ac0055d90100b562030020000000e56902008a
:1001bc001947030021000000618f0200951703000e
:020000040000fa
:020000040003f7
:1001cc0038b504460d460f4b186820b102f084f880
:1001dc000c4b00221a6000220b4b1968202006f0f1
:1001ec0013f80a4b00221a7044b123685c68084b60
:1001fc001b68084a126808492846a047074b00228a
:10020c001a6038bd600001209800012015040120ff
:10021c004c0001205800012050470300940001209d
:020000040000fa
:020000040003f7
:10022c0008b590f87730012b02d04ff0ff3008bda5
:10023c00036c13b94ff0ff30f9e7b0f84230b0f867
:10024c0040201344b0f860201344b0f862205340af
:10025c00a0f87230002380f87830084b1b689b089c
:10026c00036501220221dcf763fa28b10028ccbf18
:10027c0001204ff0ff30dae70020d8e7e80001203a
:020000040000fa
:020000040003f7
:10028c004950204c617965722044756d702064650d
:10029c002d6163746976617465640a0d0000000059
:1002ac004950204c617965722044756d70206163f2
:1002bc0074697661746564206f6e20657468300aa9
:1002cc000d000000506172616d65746572206f7570
:1002dc0074206f662072616e67650a0d000000bfa6
:020000040000fa
:020000040003f7
:1002ec00346b01001da002003c6b0100646b01002b
:1002fc00652c0300706b0100a06b01003912030028
:10030c00ac6b0100e86b0100c9a00200f06b0100ae
:10031c00306c010025b702003c6c0100846c0100bc
:10032c00cd420300906c0100d06c01008565030088
:10033c00dc6c0100286d0100291502002c6d0100f8
:020000040000fa
:020000040003f7
:10034c0070b4144a531e0f32002100bf03f8011f72
:10035c009342fbd1104b03f1240601250f480ae010
:10036c005c7800ebc4146261497800ebc1118a60bf
:10037c000c33b3420bd019469a7805fa02f2dc78aa
:10038c00002cedd05c7800ebc414a261ece770bcdf
:10039c00704700bfc0fc0020706903000080004162
:020000040000fa
:020000040003f7
:1003ac006e6f2070776d2070617468206f6e207492
:1003bc006869732070696e00696e74657276616c21
:1003cc002062656c6f7720746865206d656173754c
:1003dc0072656420706572696f6420666c6f6f72f1
:1003ec000000000070696e2068656c6420627920e2
:1003fc0061206770696f2068616e646c650000bf76
:020000040000fa
:020000040003f7
:10040c0038b504460d46124a00238b4208bf82427f
:10041c0005d2104a002305f05dfa13430cd04ff4bb
:10042c007a7200232046294605f054fa02460a49fe
:10043c000020fef7dffa38bd064a00232046294685
:10044c0005f048fa024605490020fef7d3faf2e718
:10045c003f420f0040420f005882030050820300bd
:020000040000fa
:020000040003f7
:10046c00f0b583b004460d461646d3175f01500114
:10047c0047ead261801a61eb03018f0047ea90775b
:10048c004fea800c39461ceb020043eb0101cb0018
:10049c0043ea5073c20010461946074bd3e90023b8
:1004ac00faf778fe0190009622462b46034900206d
:1004bc00fef7a0fa03b0f0bd88ff00201c35030046
:020000040000fa
:020000040003f7
:1004cc00c9b2f8b50446f1b103469a0718461ed1d5
:1004dc004ff001354d431e4656f8044b84ea050790
:1004ec00a4f10132a7f1013022ea040220ea07004c
:1004fc00024312f0803f11d0184613f8012b2ab199
:10050c008a42f9d102e007f0e3fa2044f8bd13f86f
:10051c00012b002afad08a42d7d1f7e73346dae723
:020000040000fa
:020000040003f7
:10052c0037b5154d2b68044673b106f079fc019074
:10053c0001a807f099fb0f30019920f00f0007f08c
:10054c00dffa60b100232b60002c08bf01240f34ac
:10055c0034f00f0405d1094b0c221a60204603b06d
:10056c0030bd042c38bf04242046fdf71ff80028aa
:10057c00f5d040f8044cf2e714060120f8030120f2
:020000040000fa
:020000040003f7
:10058c00f0b59bb004460d46164600214c2207a838
:10059c001f4607f011fd4ff0ff33029303f20313d4
:1005ac00039304b901accde9044555b16a1e002d85
:1005bc00069208da094b4f221a604ff0ff301bb03d
:1005cc00f0bd2a46f3e71cbf002323703a463146a0
:1005dc0002a8cde9074406f089fff0e7f8030120f3
:020000040000fa
:020000040003f7
:1005ec0010b50446837d13f0200f10d0a37d13f0bb
:1005fc00080f18d0d4f8a8309b6b00221146206944
:10060c009847002816db032384f8463010bd05f00c
:10061c0013ffa36bc01ae36b9842f7d3a37d43f08f
:10062c002003a375e2e743f01003a375002384f8bd
:0c063c004630ebe7204606f003fce7e741
:020000040000fa
:020000040003f7
:100648002de9f04182b00f4690461e46089807f003
:100658004bfd08b3054690f8064124b10024204616
:1006680002b0bde8f081012380f80631d0f8880097
:1006780005f18c0301930096434632463946eaf762
:1006880039fdd5f88c30b3f1ff3f01d00124e6e7fe
:0c069800002385f80631e2e70024e0e7cb
:020000040000fa
:020000040003f7
:1006a400134b1b682bb1834200d07047104b0022c0
:1006b4001a60104b1b68104a1088b8b193f8422096
:1006c40012f0400f0bd1002201327433824205d064
:1006d40093f8421011f0400ff6d000e00023044ad2
:1006e4001268002ae1d1024a136070470023fae736
:0c06f400380001203c000120d4fb002055
:020000040000fa
:020000040003f7
:10070000154b5a6b1ab310b40146824204d1836967
:10071000abb1002206e01a469369d3b19942fad1ef
:100720008b6923b18c689868204498604ab18b69c2
:100730009361002000238b615df8044b70471a46db
:10074000f4e7054b5a6b92695a630120f2e70020e7
:0c07500070470020f0e700bf30f90020e7
:020000040000fa
:020000040003f7
:10075c002de978480646144c63689b69984760619c
:10076c00606907f031f9054608f07af8d4e90abc5b
:10077c001beb05024cf10003c4e90a2363692361f6
:10078c0008f072f8284604f09dff3046fbf7c2fed5
:10079c0008b9bde8788808f063f80446f8f76afff2
:0c07ac00204608f061f8f4e730f9002066
:020000040000fa
:020000040003f7
:1007b80008b5124b1b68abb9104b02221a60104bdc
:1007c80000221a6008f04ef80e4b01221a7008f049
:1007d8004df80d4807f07ffc002807da0020074b8a
:1007e800186008bd012b04d00020fae7044b064a24
:1007f8001a600120014b1860f3e700bf30010120a7
:0c0808002c010120370401208ced0020a1
:020000040000fa
:020000040003f7
:100814004c414e38363578004d4348505f4c414e7c
:1008240038363578000000003139322e3136382e12
:10083400302e3230300000003235352e3235352e30
:100844003235352e300000003139322e3136382e13
:10085400302e3100382e382e382e3800382e382ecf
:0c086400342e340066756c6c000000bf80
:020000040000fa
:020000040003f7
:10087000f0b58fb00f4616460546e0b1406904f06a
:1008800057ff0446e4b16368ebb12422002105a8b8
:1008900007f098fb0423019302950397049663687d
:1008a000a26801a92068984710f1ae0f08bf6ff445
:1008b00087700fb0f0bd002002f044f90446e1e774
:0c08c0006ff48770f5e76ff48770f2e7c3
:020000040000fa
:020000040003f7
:1008cc0000b583b01149d1f8003ad1f8040ad1f837
:1008dc000c2ad1f8081a1b1a40200190009103f041
:1008ec003f030b490020fef785f845f6e06240f225
:1008fc00ee53019310230093134606498a58064978
:10090c000020fef777f803b05df804fbb8940020e4
:0c091c0058ef0200000000208cef0200e9
:020000040000fa
:020000040003f7
:1009280010b584b0134803f039faa0b10446124b4d
:100938009a680092da6801921a6902925b690393d5
:10094800012301aa6946fff7c5f802a9204606f067
:10095800d7fb039b43b9084b93f8241093f8200066
:10096800fbf794fb04b010bd03a9204606f0d6fba4
:0c097800f1e700bfbc88030048fa002033
:020000040000fa
:020000040003f7
:1009840030b58db007f0fefc032815d001a802f0a5
:1009940019fda0b10d4c01ad0fcd0fc40fcd0fc487
:1009a40095e8070084e80700094b0a4a05210a482c
:1009b400fbf724fb0db030bdfef714fce6e703485b
:1009c400fbf710f903f0eafbeee700bf48fa00205a
:0c09d4001842030050420300544203008c
:020000040000fa
:020000040003f7
:1009e00008b50f4b1b788bb100220d4b1a700d4bc5
:1009f0001a700d4b1a704ff480410c48fff7ccf978
:100a000048b10b490020fdf7fbff03e00949002036
:100a1000fdf7f6ff08bd08490020fdf7f1fff9e7f3
:100a2000490401204704012048040120a0000400db
:0c0a300058c6020040c6020074c6020056
:020000040000fa
:020000040003f7
:100a3c0055736167653a206c616e5f777269746596
:100a4c00203c616464726573735f6865783e203c1a
:100a5c0076616c75655f6865783e0a0d0000000074
:100a6c004578616d706c653a206c616e5f77726968
:100a7c00746520307830303034303030302030787d
:0c0a8c0031323334353637380a0d0000a3
:020000040000fa
:020000040003f7
:100a9800f8b5134b1b78b3b1124bd3e900231343ba
:100aa80016d004f029fe104bd3e900458d4208bf4b
:100ab800844212d20b4bd3e90023001b61eb0501e2
:100ac80004f00afff8bd4ff0ff304ff0ff31f9e7af
:100ad8004ff0ff304ff0ff31f4e700200021f1e73d
:0c0ae8005b040120a0fe002080fe002026
:020000040000fa
:020000040003f7
:100af400134b1b784bb1124a0123117c31b10133e2
:100b04001032082bf9d10020704700230c491b0137
:100b1400c8180022ca5042608260c2600122ca54ce
:100b240008490a88531c9bb20b8042800bb90122ee
:100b34000a80054a92f82530013382f8253070473f
:0c0b440038f5002018060120c4fa00203b
:020000040000fa
:020000040003f7
:100b50000e4a38b5002313600d4a0e4c13600e4a3e
:100b60000e4d13600e4a13600e4a13600e4a536214
:100b700013610123936007f08bfbfdf7ccfeac42c1
:100b800000d338bd54f8043b9847f8e7000401202f
:100b90001cf800207002000018f800207402000009
:0c0ba00010f8002014f8002020f80020bd
:020000040000fa
:020000040003f7
:100bac0000b583b0e2b941f2cc13c35cc3b900f514
:100bbc008d530833d3e90023134301d1002302e002
:100bcc0000f58d53083300f58d521268009241f2f6
:100bdc00b812825a0121fdf76ff803b05df804fbdf
:100bec00002141f2cc13c15400f58d531b680093c6
:0a0bfc000b460a46fdf760f8efe72c
:020000040000fa
:020000040003f7
:100c0800144b834220d110b310b586b00c46002394
:100c18000093adf8043029b106226946204606f053
:100c280021fc60b900220023cde902238df814309d
:100c380002a90848ebf742ff002006b010bd049453
:100c480001238df81430f3e76ff0050070476ff05b
:080c5800050070479004012023
:020000040000fa
:020000040003f7
:100c600050100100bc8703001d1901002d6b03000b
:100c7000d79c01008152030031400200b15a0300a9
:100c80000d6b03002d280300090c03008d160000d6
:100c9000117902002dce01004df90200f56d020020
:100ca000b1f9020071f40200e5270300c9d7010081
:080cb00081ae0200d56f0300c4
:020000040000fa
:020000040003f7
:100cb80010110100e48703006f59030057be0100bb
:100cc80097110200fd880300cd640000c5f2010001
:100cd8004915030015a501000389030025710200c9
:100ce800e15f02006f36030009890300dd25030078
:100cf800fd60030059450100914503005787030033
:080d08001d210300dd8703003b
:020000040000fa
:020000040003f7
:100d100021b370b40e68eeb1114b1968114b1a88eb
:100d2000d2b100230de091f8424014f0400f04d0fe
:100d30004c6874408d682c4209d001337431934261
:100d400004d00028efd08842f7d1ece70021084614
:100d500070bc70470021fae70021f8e708467047a9
:080d60003c000120d4fb00203f
:020000040000fa
:020000040003f7
:100d6800756e6b6e6f776e006d69696d3a20416eb6
:100d78006f74686572206f7065726174696f6e2038
:100d88006f6e676f696e672e205265747279210dd8
:100d98000a0000006d69696d2025733a20616e2094
:100da8006572726f72206f636375727265643a2040
:080db8002564210d0a0000bfb3
:020000040000fa
:020000040003f7
:100dc000013880b2092820d810b500b200ebc00469
:100dd000104b13f82430d3b123460e4c04eb83039d
:100de0009b681c6944b100ebc0000a4b03eb800018
:100df000b0f90600a04710bd00ebc000054b03eba7
:100e00008000ff23c3700020f5e70020704700201a
:080e1000f1e700bf68e70020d4
:020000040000fa
:020000040003f7
:100e1800013880b2092820d808b500b200ebc0021a
:100e2800104b13f82230d3b113460e4a02eb83035a
:100e38009b689a6942b100ebc0000a4b03eb800043
:100e4800b0f90600904708bd00ebc000054b03eb66
:100e58008000ff23c3700020f5e7002070470020c2
:080e6800f1e700bf68e700207c
:020000040000fa
:020000040003f7
:100e7000013880b2092820d808b500b200ebc002c2
:100e8000104b13f82230d3b113460e4a02eb830302
:100e90009b68da6942b100ebc0000a4b03eb8000ab
:100ea000b0f90600904708bd00ebc000054b03eb0e
:100eb0008000ff23c3700020f5e70020704700206a
:080ec000f1e700bf68e7002024
:020000040000fa
:020000040003f7
:100ec800013880b2092820d808b500b200ebc0026a
:100ed800104b13f82230d3b113460e4a02eb8303aa
:100ee8009b68da6a42b100ebc0000a4b03eb800052
:100ef800b0f90600904708bd00ebc000054b03ebb6
:100f08008000ff23c3700020f5e700207047002011
:080f1800f1e700bf68e70020cb
:020000040000fa
:020000040003f7
:100f2000013880b2092821d808b500b200ebc00210
:100f3000104b13f82230dbb113460e4a02eb830349
:100f40009b681a6b4ab100ebc0000a4b03eb8000b0
:100f5000b0f90600904780b208bd00ebc000054b19
:100f600003eb8000ff23c3700020f5e700207047eb
:080f70000020f1e768e7002012
:020000040000fa
:020000040003f7
:100f780008b5144b9b7df3b1124a137edbb2927d08
:100f880012f0800f18d10f4a137edbb2927d12f057
:100f9800010f04d013f0010f01d0f9f739fb094a0a
:100fa800137edbb2927d12f0040f04d013f0040f0d
:100fb80001d0f8f789f808bd13f0800fe3d001f0ed
:080fc800b3f9e0e7003400403a
:020000040000fa
:020000040003f7
:100fd00038b5044603f02cfc10b3204602f0f0ffb5
:100fe0000546b0b14378b3b983680bb943688360f1
:100ff0000c4b93f8303043b92846fff7affb002481
:101000002c756c7501236b7006e02846fbf788fa97
:10101000f5e7012400e0002405f074fc204638bd0b
:081020000124fbe730f9002078
:020000040000fa
:020000040003f7
:10102800f0b583b01f4603b9f0b122b94ff0ff34d1
:10103800204603b0f0bd14460e4605460c4bd86852
:101048000c4a0023a0fb040104f046fc0097334639
:101058002a4601460020f8f7cdfc0446b0f1ff3fd0
:10106800e6d0fff7b1ffe3e74ff0ff34e0e700bf5a
:0810780030f9002040420f0096
:020000040000fa
:020000040003f7
:101080009d870300991e02002575020099f5010055
:10109000811501009d5903000000000000000000c0
:1010a000c9a402000000000095290300ed4d0200d4
:1010b000d184010000000000c96a0300c15c030084
:1010c00009680300495d02007126030005630300ff
:0810d00049140300af7b03008b
:020000040000fa
:020000040003f7
:1010d80093870300991e02002575020099f5010007
:1010e800811501009d590300000000000000000068
:1010f800c9a402000000000095290300ed4d02007c
:10110800d184010000000000c96a0300c15c03002b
:1011180009680300495d02007126030005630300a6
:0811280049140300af7b030032
:020000040000fa
:020000040003f7
:1011300035760300997a02002b1b03005d7b0200c9
:10114000192b0200bf660300a9600300f17b0300b6
:101150004f760300cb590300493f030023e102000f
:10116000e566030081f802000b670300f9590300ec
:101170007568030059700200e5ef010097800300d5
:0811800069760300997b03006e
:020000040000fa
:020000040003f7
:1011880071a50200997a02002b1b03005d7b020007
:10119800192b0200bf660300a9600300f17b03005e
:1011a8004f760300cb590300493f030023e10200b7
:1011b800e566030081f802000b670300f959030094
:1011c8007568030059700200e5ef0100978003007d
:0811d80069760300997b030016
:020000040000fa
:020000040003f7
:1011e00072656164656e763a2072656c6f616465e4
:1011f000642066726f6d20454550524f4d20616ee0
:1012000064206170706c6965642e0d0a0000000036
:1012100072656164656e763a206e6f2076616c69e6
:101220006420636f6e66696720696e204545505281
:081230004f4d2e0d0a0000bf16
:020000040000fa
:020000040003f7
:1012380038b5032908d010490020fdf7ddfb0f4918
:101248000020fdf7d9fb38bd14460022114660681e
:1012580006f0dcfe054600221146a06806f0d6fe20
:101268000146284603f010f80028ecd1044a054945
:10127800fdf7c2fbe7e700bf3c0a03006c0a030066
:081288009ce50200d0e5020024
:020000040000fa
:020000040003f7
:101290000b4b187000230b4a13600b4a13600b4a68
:1012a00013700b4a13700b4a13700b4a13700b4ade
:1012b00013700b4a13700b4b01221a70704700bf5a
:1012c00024060120700101206c010120420401204c
:1012d0004404012046040120450401204304012068
:0812e00047040120490401202c
:020000040000fa
:020000040003f7
:1012e8003a207261772045746865726e657420666d
:1012f80072616d6520746573742028457468657221
:10130800547970652030783838423529000000005b
:101318006e6f6970000000004e4f49503a205359d3
:10132800535f434d445f41444447525020666169ce
:081338006c65640a0d0000bfa2
:020000040000fa
:020000040003f7
:10134000746573747365727665723a20636c69654f
:101350006e7420636f6e6e65637465640a0d0000c1
:10136000746573747365727665723a20636c69652f
:101370006e7420646973636f6e6e65637465642058
:101380002872783d256c752074783d256c75206237
:0813900079746573290a0d0050
:020000040000fa
:020000040003f7
:1013980038b5036d04463bb1426d934204dc00232b
:1013a800e3644ff0ff3038bd204605f037f90028d8
:1013b800f5db236dd4e90f12a3b1656d5b1b551adc
:1013c800ab420fdc013b0b44e36422b1636d521a5c
:1013d80001321a44626511f8013c834218bf01f8d2
:0813e800010ce0e71346efe7fa
:020000040000fa
:020000040003f7
:1013f0002de9ff41134dd1f80080af88adf80c7096
:1014000006462868029002aca8798df80e00002ae2
:1014100018bf1446d1e901571a461bb9204606f0f9
:101420005dfb0246002d02dbaa4228bf2a46cdf80a
:1014300000803b4621463046fcf700f904b0bde889
:08144000f08100bff4880300f5
:020000040000fa
:020000040003f7
:1014480010b504f047ff10b3044690f83c30012b68
:1014580018bf002000d010bdc3682bb11b6a13f061
:10146800080f07d00023c360012211462046f9f770
:1014780053fd70b194f8413013f0020f02d04ff4cd
:10148800b860e8e76068a368c01a80b2e3e70020a4
:06149800e1e70020dfe7a0
:020000040000fa
:020000040003f7
:10149e00f0b50c4649682368a668e76887b000294e
:1014ae000593a4bf23f00203059305ab02930a2311
:1014be00cde900630546d2e900232046fdf773f916
:1014ce002269059b0093013a3346121a39182846b1
:1014de00fcf7adf86b68db0503d563689842b8bfbf
:0614ee00184607b0f0bd36
:020000040000fa
:020000040003f7
:1014f400f8b541f2c711445cf4b141f20c168519f8
:10150400297901396f79394001ebc1018900875983
:101514007e1886f8222033849df8183086f823300c
:10152400079b7360089b7b506b7901336b7141f2ad
:10153400c813c35c13b11c462046f8bd0021ddf777
:0415440009fbf9e7bf
:020000040000fa
:020000040003f7
:1015480070b50646446807f08df9114b187023787a
:10155800012b04bf00232370d4f88800f1f718fe8c
:101568004ff0ff33c4f8883094f8ff30013b84f81b
:10157800ff30002584f8015101232370044b1878ab
:1015880007f074f93560756084f8905070bd00bf3d
:04159800b7fb00207d
:020000040000fa
:020000040003f7
:10159c0038b50c468b7b012b0dd05ab2bab1043b3b
:1015ac00dbb2012b13d80831c06807f0c7f9b0b112
:1015bc000523a37313e00546c06806f0d9fe70b985
:1015cc00a288e188e86807f0b7f9a07307e04ff448
:1015dc0086620349002005f0a5f80723a37338bde4
:0415ec00587d030023
:020000040000fa
:020000040003f7
:1015f000496e76616c696420447269766572204830
:10160000616e646c650000004661696c65642074fd
:101610006f2067657420636c69656e74206d7574e6
:101620006578206c6f636b004661696c656420743b
:101630006f20676574207265736f75726365206cc7
:041640006f636b0069
:020000040000fa
:020000040003f7
:1016440008b528b1104b186805f0befa0346b0b9c6
:101654000e4b1b680e4a108898b1002203e0013239
:10166400743382420ad093f8421011f0400ff6d03e
:1016740093f86a1011f0010ff1d000e0002318462e
:1016840008bd0023fbe700bf380001203c00012017
:04169400d4fb002063
:020000040000fa
:020000040003f7
:1016980050696e673a2077726f6e67207265706c5a
:1016a800792072656365697665642e204d61736b78
:1016b8003a2030782532780d0a00000050696e67ac
:1016c8003a207265706c795b25645d2066726f6d77
:1016d8002025733a2074696d65203d2025646d735b
:0416e8000d0a0000e7
:020000040000fa
:020000040003f7
:1016ec002de9f04383b00546894690461f460f4cc2
:1016fc0004f1200004f0caff246a84b90c4805f0f8
:10170c007bfd03b0bde8f083a368009366683b469d
:10171c00424649462846b0472468002ceed0e36880
:10172c00002bf1d0ab42f7d1eee700bf60f8002000
:04173c0080f8002011
:020000040000fa
:020000040003f7
:1017400038b504460d4690f8ce30012907d0012b5c
:101750000cd00f4b1b78a3b184f8ce5038bd012bb1
:10176000f7d00b4a1378013b1370f2e7084a13785d
:101770000133137000224ff48071212000f0c8fa69
:10178000e7e74ff48071212004f058fde4e700bf43
:0417900031040120ff
:020000040000fa
:020000040003f7
:1017940070b5114b1c68002c02dd037e022b00d0b7
:1017a40070bd013c0c4b1c60002cf9d10b4b1b6829
:1017b400002bf5dd0a4d094e09e006f084fd0023f7
:1017c400c5f8c0300134d8353368a342e8ddd5f814
:1017d400c0000028f1d1f5e7fc0001200001012040
:0417e40098ef00205a
:020000040000fa
:020000040003f7
:1017e800114b1b7823b90123104a13700e4a13704a
:1017f800a0b9b1b10e4b93f9003013b14ff0ff30df
:10180800704710b588680a4b98604a685a60022485
:101818001c70536809689847002010bd4ff0ff30ce
:1018280070474ff0ff30704736040120350401201f
:0418380010fd00207f
:020000040000fa
:020000040003f7
:10183c00f0b583b01f4603b9f8b122b94ff0ff34ad
:10184c00204603b0f0bd14460e4605460c4bd86836
:10185c004ff47a720023a0fb040104f03bf80097cc
:10186c0033462a4601460020f8f7c2f80446b0f188
:10187c00ff3fe5d0fff7a6fbe2e74ff0ff34dfe7d1
:04188c0030f900200f
:020000040000fa
:020000040003f7
:101890003a204c414e38363578207265676973744a
:1018a0006572732c2074657374206d6f6465732c7e
:1018b00020504c43410000006c616e004c414e389a
:1018c0003635585f444941473a205359535f434d99
:1018d000445f414444475250206661696c65640a24
:0418e0000d0000bf38
:020000040000fa
:020000040003f7
:1018e4003a2050545020666f6c6c6f776572202bd1
:1018f40020736572766f202870747066206f6e2076
:101904007c206f6666207c20737461747573207c00
:1019140020736572766f205b6f6e7c6f66665d20e8
:101924007c206c6f67207c207462207c207265733d
:0419340065742900ad
:020000040000fa
:020000040003f7
:101938005b54424153455d206d6f64656c2077614f
:101948007320252b6c6c64206e73206f6666207480
:101958006865207265666572656e6365202d207204
:10196800652d616e63686f72656420616674657267
:101978002025752072656a656374696f6e732e0d14
:041988000a0000bf92
:020000040000fa
:020000040003f7
:10198c002de9f04182b0074688461546bdf8244043
:10199c000626009602f0eeff064630b12a88a31cfc
:1019ac0013449bb2434504d90026304602b0bde82f
:1019bc00f081bb18210ab9545c702888023080b2bf
:1019cc00288022460899384405f058fd2b881c4481
:0419dc002c80eae78a
:020000040000fa
:020000040003f7
:1019e00070b404468ab10b7804f8013b551e7bb1f4
:1019f0008618284406e011f8015f03f8015b021b1a
:101a00004db11c46a6422346f5d1204670bc704716
:101a100023462a460446002af7d01a44002100bf74
:101a200003f8011b9a42fbd1002c08bf1446204644
:041a300070bc7047cf
:020000040000fa
:020000040003f7
:101a340038b50d46012100f0f9faf8b14468294699
:101a440000f0ecf80146b0b1837b052b87bf04f1ad
:101a54009802032304f18c0202232046fcf79cfb2a
:101a6400002534b106f000ff23780133237006f01b
:101a7400fffe284638bd6ff00105f2e74ff0ff3551
:021a8400f7e782
:020000040000fa
:020000040003f7
:101a860038b520b3054606f0eefe95f84430b3b9f6
:101a960006f0edfe6b6ac3b100245a68944238bf63
:101aa60014461b68002bf8d106f0ddfe95f844308d
:101ab600013385f8443006f0dafe200138bd013bdb
:101ac60085f8443006f0d3fee4e70024ece7002472
:021ad600f3e734
:020000040000fa
:020000040003f7
:101ad80070b504460d46164690f87630023b072b43
:101ae80011d8dfe803f0080808081004080811f006
:101af800020f08d114e003680361c3608360002209
:101b08001421daf717fe15f0030f05d094f8753095
:101b180043f0040384f8753031462046eef70efd95
:021b280070bd8e
:020000040000fa
:020000040003f7
:101b2a002de9f0410746884616461d4604f00dfc8d
:101b3a00a8b1044690f87620d31edbb2022b10d946
:101b4a00082a12d035b12a464146384600f089ffa4
:101b5a00034638b15eb1a4f86060012302e00023b5
:101b6a0000e000231846bde8f0810023fae70123cc
:021b7a00f8e78a
:020000040000fa
:020000040003f7
:101b7c0070b500239ab098420393a6bf00f10043be
:101b8c0003f1ff334ff0ff330d4611900490002109
:101b9c00044602a81646129305f0caffdde91e237f
:101bac003146cde9002302a80122def72bff35b127
:101bbc00dde911329b1a179a13441c442c601ab09d
:021bcc0070bdea
:020000040000fa
:020000040003f7
:101bce002de9f0410446904601eb01118e0000f123
:101bde00600502e0d7b1e36a93b9236b13b1032119
:101bee0028469847d4f88c003044183005f007fa90
:101bfe000746236b002bedd0042128469847e9e7d2
:101c0e0041f25002414638469847e6e7bde8f0817a
:020000040000fa
:020000040003f7
:101c200009b310b50c46c87b831edbb2012b01d96a
:101c3000002010bd8b7b052b0ad840f213520b49b4
:101c4000022814bf0020012004f072fd2046f0e7b6
:101c500040f217520549032814bf0020012004f068
:101c600067fd2046e5e70846704700bf947d030006
:020000040000fa
:020000040003f7
:101c70008b691148c3f30721742202fb0101dbb217
:101c8000c96803eb830331f8333002fb0302526c63
:101c900002b9704710b5742202fb030400221146fa
:101ca000e06a05f03bfb636c626b0449e06af3f7a2
:101cb00051fc0023636410bd38f6002060fc002056
:020000040000fa
:020000040003f7
:101cc000e0b12de9f04180460f4b1c680f4b1f8897
:101cd000bfb1002503e001357434bd420ad0666c03
:101ce000002ef8d07168404605f0b9ff0028f2d107
:101cf000308801e04ff48050bde8f0814ff480500f
:101d000070474ff48050f7e73c000120d4fb0020df
:020000040000fa
:020000040003f7
:101d100001281cd938b515460c460e4b03eb0010b4
:101d200003890b430381002205f0e0f914f4807f5e
:101d300003d0094a1368013313600db1284638bd3a
:101d400000222146054805f0d1f90120f7e70020df
:101d5000704700bf1cd900202c0001202cd9002086
:020000040000fa
:020000040003f7
:101d60006661696c656400006f6e00006f666600f6
:101d700074637020747261636520257320666f72ce
:101d800020736f636b65743a2025642025730d0af8
:101d90000000000075736167653a207463707472a7
:101da000616365206f6e2f6f6666206e0d0a0000fe
:020000040000fa
:020000040003f7
:101db000495076343a204661696c656420746f201e
:101dc000726567697374657220415250206e6f743a
:101dd000696669636174696f6e21200d0a000000f5
:101de000495076343a2041525020656e74726965cc
:101df0007320706f6f6c20656d707479210d0a000f
:020000040000fa
:020000040003f7
:101e0000544350204e554c4c2064796e616d69638b
:101e100020616c6c6f636174696f6e2068616e64c1
:101e20006c652f696e697420646174610000000044
:101e3000205443502044796e616d696320616c6c5d
:101e40006f636174696f6e206661696c6564000020
:020000040000fa
:020000040003f7
:101e5000697065726620696e7374616e63652025b2
:101e6000643a20547820646f6e652e20536f636b44
:101e7000657420636c6f7365642e0d0a00000000aa
:101e800069706572663a20696e7374616e6365206d
:101e9000256420636f6d706c657465642e0d0a0097
:020000040000fa
:020000040003f7
:101ea00038b503681b680e4940689847c022002176
:101eb0000c4806f087f80c4b186868b11c460025e2
:101ec0006368834207bf656025608368236001f013
:101ed00069fb20680028f3d1044b01221a6038bd49
:101ee000d84c030070f000203cfd002018010120b8
:020000040000fa
:020000040003f7
:101ef00008b583b2cbb9184603eb43020f4b03eb93
:101f000082035a68a2b100eb40000c4b03eb800047
:101f1000536a8068984701280cd043b263b1022805
:101f20000cbf01204ff0ff3008bd4ff0ff30fbe742
:101f30000020f9e70220f7e70020f5e710fd002078
:020000040000fa
:020000040003f7
:101f400061646d696e00000070617373776f726415
:101f50000000000054656c6e657420416363657316
:101f6000732041757468656e746963617465640a91
:101f70000d00000054656c6e6574204163636573e9
:101f800073204465636c696e65640a0d000000bfd0
:020000040000fa
:020000040003f7
:101f900000b589b00023adf814300df1170202929c
:101fa00006aa01920122009205aaf4f753fe88b115
:101fb0009df8173083b1bdf8180003f031fc68b10b
:101fc00006f084fc00210846fdf7e6f9002009b080
:101fd0005df804fb0520fae70520f8e70520f6e7a1
:020000040000fa
:020000040003f7
:101fe00010b310b50446027882b14379012b0ed0ac
:101ff0000079022105f02cfa002323700b4b93f893
:1020000025301bb1013b094a82f8253010bd06f08e
:102010005dfc00210846fdf7bff920796379012bab
:102020000cbf03210221e5e7704700bfc4fa00207e
:020000040000fa
:020000040003f7
:10203000e8b110b504460288dab190f90c20022a02
:1020400019d169b94068b8b190f90620022a14d1b3
:10205000428802f00102002a14bf204600200be053
:10206000406801f0c7fd002818bf204604e00020aa
:0e2070007047002000e0002010bd0020fce7bb
:020000040000fa
:020000040003f7
:10207e0010b370b505460368fbb106f08af9064643
:10208e00012813dd002402e00134a6420ed02046c2
:10209e0004f085fd04f093fd02460028f4d02b6871
:1020ae0041684b4081680b42eed103e00120fff7ff
:0e20be00c2fa0246104670bd70470022fae7d3
:020000040000fa
:020000040003f7
:1020cc00416279b190f8493013f0040f0ad190f8bd
:1020dc003f3013f0020f05d190f840306ff3c3037b
:1020ec0080f840308ab190f83c30012b01d00020b0
:1020fc0070471368836190f8403043f060036ff3ce
:0e210c00c71380f84030012070470020704754
:020000040000fa
:020000040003f7
:10211c0038b50d46446806f0a3fb0f4b18702378b6
:10212c00012b04bf00232370b4f8a41021ea05018d
:10213c0009b2a4f8a410d4f8c43033b1b4f8a23066
:10214c0003f010031943a4f8a4100125257006f020
:0c215c008bfb284638bd00bfb7fb0020fd
:020000040000fa
:020000040003f7
:10216800431e13f1030f16d810f47f4f15d1c3b2d5
:102178000d4a9268934212d203eb83020a4bdb6842
:1021880003ebc2035a6a82420bd1da78002a08bfed
:102198000023184670470023fbe70023f9e70023d4
:0c21a800f7e70023f5e700bf38f6002041
:020000040000fa
:020000040003f7
:1021b40008b510f0160f09d1b1f862301843a1f830
:1021c40062000c4a13680133136012e0b1f8623004
:1021d4001843a1f86200074a1368013313600648e4
:1021e400038b43f00103038300220121103004f028
:0c21f4007bff08bd440001201cd9002026
:020000040000fa
:020000040003f7
:10220000e8b1f1b130b589b015460c46c3780193f9
:1022100083780093437802780b4903a805f058fab5
:1022200003a805f05bfc0130a84202d9002009b0e8
:1022300030bd03a9204606f08bf90120f7e7002006
:0c22400070470020704700bfac83030013
:020000040000fa
:020000040003f7
:10224c0010b5044603f006f994f842306ff34103dd
:10225c0084f84230204604f020fce06a20b10922c8
:10226c006ff0100103f0c6f8b4f91220054b1b688f
:10227c00002143f82210044b1868c3682146984784
:0c228c0010bd00bfcc000120dc000120d0
:020000040000fa
:020000040003f7
:1022980040f2b453a0f8d23040f2be53c3600022db
:1022a8000023c0e908238362c36203634363c0f861
:1022b800943080f8cd30c0f88830c0f88c30c0f841
:1022c8009830c0f89c30c0f8a030c0f8a430c0f8ee
:0c22d800a83080f8d030c0f8b430704757
:020000040000fa
:020000040003f7
:1022e40078b103460f4a116871b110b588420ed017
:1022f4000c681cb1a3420cd02146f9e76ff005002d
:102304000fe06ff0050070476ff0050070470c4652
:102314000021044804f0abf92146034805f061f9b3
:0c232400002010bdf8fc002004fd00208b
:020000040000fa
:020000040003f7
:1023300008b5104b5b8b13f0070300d108bd0e4aa4
:10234000d3870c4b80221a7607225a831b7e13f008
:10235000040f05d0074b9a6a1a7e12f0040ffad1c7
:10236000054b1b6a002be9d0034b596a1b6a0220fc
:0c2370009847e3e700340040ecf8002040
:020000040000fa
:020000040003f7
:10237c0038b50f4b1c7804ebc40505ebc5030d4dac
:10238c001d4450220146284606f0e2f8002385f849
:10239c0050300134e4b2132c02d8054b1c7038bdfc
:1023ac00034b00221a70044b01221a70f7e700bf8e
:0c23bc003804012098c6002039040120dc
:020000040000fa
:020000040003f7
:1023c800636f6d6d616e6420686973746f72793aba
:1023d8002025752f25752c206f6c64657374206615
:1023e8006972737420287468697320636f6d6d61f6
:1023f8006e6420696e636c75646564290d0a00005b
:0c24080020202532753a2025730d0a00b3
:020000040000fa
:020000040003f7
:102414005b4e6f49502d52585d20232575207365fe
:10242400713d25752066726f6d20253032583a252e
:102434003032583a253032583a253032583a25301d
:1024440032583a25303258206c656e3d256420742c
:0c245400733d256c6c75206d730d0a0043
:020000040000fa
:020000040003f7
:102460003a2050545020666f6c6c6f776572206f05
:102470006e2074686520543153207365676d656ef6
:1024800074000000707470660000000050545046e4
:102490003a205359535f434d445f4144444752509f
:0c24a000206661696c65640d0a0000bfd5
:020000040000fa
:020000040003f7
:1024ac0008b50d4b40225a7130221a729a720023d1
:1024bc000a4a13700a4a13700a4b1868b0f1ff3fae
:1024cc0003d1094b00221a7008bd01f0affd054b7a
:1024dc004ff0ff321a60f4e7003c00406d0401201d
:0c24ec0074040120080601206304012094
:020000040000fa
:020000040003f7
:1024f8002de9d003eff3108472b60d4b1b7803f06f
:10250800ff0273b10b4bd3e9006756ea070301d109
:10251800002206e0084bd3e90089c0e90089c1e937
:10252800006704b962b61046bde8d003704700bf23
:0c2538006304012048ff002078ff002011
:020000040000fa
:020000040003f7
:1025440001f000428b1aa3f16051b1f5801f0adb40
:10255400b1f17f6f09d242eac102c10071f10041b9
:1025640042eb507070471046704701285b4113f5e9
:10257400001f02d842f0ff407047c90041ea507082
:0c258400104340f4800040f0804070479d
:020000040000fa
:020000040003f7
:1025900010b50f4c236863b1002813da0d4b226885
:1025a0001b68d21a43429a4208db2268104420601a
:1025b00006e003f0adf92368002bedd14ff0ff32b8
:1025c000104610bd044b1a682368d21a8242ebe70a
:0c25d0001cfd002024fd002020fd002048
:020000040000fa
:020000040003f7
:1025dc00e9b1f0b40c46eab14368194651f8605fb2
:1025ec0048688f68ce6825606060a760e6600d69fa
:1025fc0048692561606153f8784f58689968db68c1
:10260c00146050609160d3600020f0bc70476ff094
:0a261c00050070476ff00500f7e7b6
:020000040000fa
:020000040003f7
:1026260070b50e46154660b1044690f8422012f089
:10263600400f13d13bb93046fff71efd044690b15b
:102646000de0002bf7d029460020fef75efb04467e
:1026560048b93046fff710fd044604e01bb9204692
:0a26660005f019f92860204670bd48
:020000040000fa
:020000040003f7
:1026700070b5d9b10d46dab1144603f02ffe064607
:10268000c8b104f0aff808b9002412e0b06873686c
:102690001b1a9ab2944228bf144654b122462946c6
:1026a00002f01ef8b3682344b36002e0002400e0a7
:0a26b0001446204670bd0024fbe72d
:020000040000fa
:020000040003f7
:1026ba00fab138b515460c4603f00bfe034620b1b5
:1026ca0090f83c20a24201d0002038bd012a01d056
:1026da000020fae793f8402012f0030f0bd12a6882
:1026ea005a6193f8412042f0010283f84120012007
:0a26fa00ebe7002070470020e7e73f
:020000040000fa
:020000040003f7
:102704002de9f04182b080460f461446089d02260a
:10271400009602f033f9024628b121880b1d9bb2c2
:10272400bb4204d90022104602b0bde8f08108eb98
:102734000103280e08f80100290c5970290a997020
:0a274400dd70238804332380ede7e5
:020000040000fa
:020000040003f7
:10274e0010b590f948305a1e134380f84830d0e93e
:10275e0005239a42044603d90022c36a11469847bc
:10276e0060680023a362c4e90533830755bfd4e92b
:10277e00023240f010009b18606056bfc4e90f3360
:0a278e004ff0ff3040f3c00010bd13
:020000040000fa
:020000040003f7
:10279800c1f30a5340f21e42d21a0edd202a0ad88b
:1027a800cb0243ea505040f00040d04090eae1703c
:1027b800b0ebe1707047002070474b00004218bf33
:1027c80043f0010313f5001f88bf21f0004111f009
:0a27d800004058bf6ff0004070474a
:020000040000fa
:020000040003f7
:1027e40030b40f4c844216d1b0b10bb1382018600c
:1027f400a1b1372a01d800200ee00c46094d0fcdb7
:102804000fc40fcd0fc40fcd0fc495e8030084e8a7
:102814000300382000e0002030bc70470020fbe7b4
:082824009004012020050120b1
:020000040000fa
:020000040003f7
:10282c000f4b834216d1b8b19b7d13f0040f15d01a
:10283c0010b50b4cd4f8a8301b69e068984794f895
:10284c004620084b53f8223020469847a07dc0f311
:10285c00001010bd0020704700207047002070470a
:08286c0090040120b87c030078
:020000040000fa
:020000040003f7
:10287400a5f00200332c0200394b0300256103004c
:1028840005e40100c5d70200353803001f6a0300c0
:102894006d7b0300c32f0300c94503009577030034
:1028a4007f750300ad770300e1b20200351a03001f
:0828b40099750300c5770300cc
:020000040000fa
:020000040003f7
:1028bc00b0f5805f16d010b40d4b1b680d4a148810
:1028cc009cb15a88824209d0002201327433a24250
:1028dc0003d059888142f8d100e0002318465df8f6
:1028ec00044b70470023184670470023f6e700bfdf
:0828fc003c000120d4fb002088
:020000040000fa
:020000040003f7
:1029040009680e4b994217d010b40d4b18680d4b43
:102914001c887cb14368994209d000230133743088
:10292400a34203d042689142f8d100e000205df850
:10293400044b70470020fae7704700bf7f00000196
:082944003c000120d4fb00203f
:020000040000fa
:020000040003f7
:10294c00c9b130b40c46831e9bb2252b15d80c494b
:10295c000301c818cd5825b1a54202d0002030bcc7
:10296c007047cc5022b1074b1b689a4238bf1ab241
:10297c0082814281f3e7002070470020efe700bf1f
:08298c001cd9002034000120d9
:020000040000fa
:020000040003f7
:1029940010b503f0a1fc08b9002010bd044605f0f1
:1029a40063ff0c4b1b7873b905f062ff2046fff7f9
:1029b4004bfc05f059ff074a13780133137005f0f7
:1029c40057ff0120e9e7013b024a137005f050ff6d
:0829d400ece700bf2e04012016
:020000040000fa
:020000040003f7
:1029dc00104bdb68002b1cdd10b5027e042a04d0e2
:1029ec00013b0c4ad3608bb110bd0a4b1b7c002bf6
:1029fc00fad0084b5c68006905f05afcc0eb00107b
:102a0c0014eb8000f0d003f08bfcede7f8f7d2fa72
:082a1c00eae7704760f80020b2
:020000040000fa
:020000040003f7
:102a240070b50546b0f8666084694369e41aa4b2d7
:102a340004f082fa201a80b284420cd0864211d269
:102a44006408801bb5f86c309c4228bf1c46a04229
:102a540001dc002007e0012210212846d9f76cfe92
:082a6400012000e0002070bd1c
:020000040000fa
:020000040003f7
:102a6c00f2b138b515460c4603f06efc034620b1a6
:102a7c0090f87720a24205d0002038bd2a681a644d
:102a8c000120fae790f87600c11ec9b2022909d9d3
:102a9c00082808bf0020f0d0012aefd00020ece776
:082aac00002070470020e8e75c
:020000040000fa
:020000040003f7
:102ab40058f602005b6f0300030000005cf602009e
:102ac4008d7903000300000060f60200ed6c030042
:102ad4000300000064f60200ad720300030000006e
:102ae40068f60200815503000400000070f602003d
:082af40051550300040000002d
:020000040000fa
:020000040003f7
:102afc0003000000c081030006000000000000007d
:102b0c0002000000bc64030009000000b48803004c
:102b1c000a000000ac8803001a0000008484030043
:102b2c002000000000000000210000000000000058
:082b3c0001000000a0050120ca
:020000040000fa
:020000040003f7
:102b440007281cdc00eb40030e4a52f8233013f133
:102b5400020f0cd100eb40030a4a02eb830301305d
:102b640008280ad053f80c2f12f1020ff7d000eb0b
:102b74004000044b03eb80007047002070470020a6
:082b8400704700bfacf6002011
:020000040000fa
:020000040003f7
:102b8c0038b50c4c21460020fbf734ff0a4d0b4a9c
:102b9c0029460020fbf72eff094a29460020fbf7a7
:102bac0029ff08490020fbf725ff21460020fbf7f1
:102bbc0021ff38bd6c7e0200bc7e0200a87e0200a4
:082bcc00c47e0200107f02002c
:020000040000fa
:020000040003f7
:102bd40030b58db001a800f0f5fb88b10b4c01ad08
:102be4000fcd0fc40fcd0fc495e8070084e807008c
:102bf400fdf798fe06490020fbf700ff0db030bd3d
:102c040004490020fbf7fafef8e700bf48fa002069
:082c1400e0110300101203009f
:020000040000fa
:020000040003f7
:102c1c0005280ed8dfe800f00f030507090b07485d
:102c2c007047074870470748704707487047074880
:102c3c007047074870470748704700bf5c77020031
:102c4c00cc760200f076020014770200387702008e
:082c5c00b8760200c476020004
:020000040000fa
:020000040003f7
:102c640008b5022908d00c490020fbf7c7fe0b4920
:102c74000020fbf7c3fe08bd134600221146586826
:102c840005f0c6f901f042fe0028f4d1044a0549d2
:102c9400fbf7b4feefe700bf5ce502007ce5020051
:082ca4009ce50200d0e50200ee
:020000040000fa
:020000040003f7
:102cac0030b58bb00e4c002a08bf2246dde90e452c
:102cbc00cde9084506935379059313790493d3789a
:102ccc0003939378029353780193137800930b46f4
:102cdc00024604490020fbf78dfe0bb030bd00bf4f
:082cec00100001201424030074
:020000040000fa
:020000040003f7
:102cf400013805280ed8dfe800f00f030507090b9b
:102d040006487047064870470648704706487047ab
:102d1400064870470648704706487047185803002d
:102d2400fc57030000580300085803001058030020
:082d3400f0570300f4570300ff
:020000040000fa
:020000040003f7
:102d3c0000b589b00023adf814300df117020292e2
:102d4c0006aa01920122009205aaf3f77dff68b151
:102d5c009df8173063b1bdf8180002f05bfd48b167
:102d6c00fff738f9002009b05df804fb0520fae7fd
:082d7c000520f8e70520f6e749
:020000040000fa
:020000040003f7
:102d84000e4ad36843f08073d3600d4b1b6813f075
:102d9400007f0ed10a4b00225a601a6842f00102e9
:102da4001a605a685b68d31a18bf0123054a137066
:102db4007047044b00221a70704700bff0ed00e02a
:082dc400001000e0650401208d
:020000040000fa
:020000040003f7
:102dcc0038b50d4b1b7823b90024254620462946df
:102ddc0038bd05f045fd094b5c68094b1b68a342e7
:102dec0003d9084a136801331360054b1c60054b6b
:102dfc001d6805f039fde9e765040120001000e0cd
:082e0c00600201205c020120bc
:020000040000fa
:020000040003f7
:102e140010b504460a4b187004f00afb74b1094b50
:102e240001221a70084b1a68084b1a60084b0022da
:102e34001a70084b00200021c3e9000110bd00bf37
:102e44007a040120780401200003012004030120f6
:082e54007704012098ff002023
:020000040000fa
:020000040003f7
:102e5c00012920d9f0b4071d012606e0334640f8bd
:102e6c002350731c994214d9013657f8045b76b180
:102e7c0057f8082c9542f1da3c46334644f8042db9
:102e8c00013becd054f8082caa42f7dce7e70560cc
:082e9c00eae7f0bc7047704743
:020000040000fa
:020000040003f7
:102ea40008b505f0dbfa0c4ba3fb0030800968b1d0
:102eb4000a4b186000225a60094b4ff6ff721a80c1
:102ec400084b00200021c3e9000108bd034b012089
:102ed4000021c3e90001efe7d34d6210f0ff0020a9
:082ee40020060120e0ff0020a0
:020000040000fa
:020000040003f7
:102eec0070b50e4604460f4d08b92c6844b1204607
:102efc003146faf7a1fe044423781bb92b601c461b
:102f0c00204670bd31462046fbf712fc2044286059
:102f1c00037823b1431c2b6000230370f0e72b6074
:082f2c00eee700bff0030120f5
:020000040000fa
:020000040003f7
:102f3400812910b50fd0832903d0802912d0002015
:102f440010bd1368191d1160d0e900011b68c3e9a5
:102f540000010120f4e71368191d11601b68d0e912
:102f64000001f4e713681c1dd0e9000114601c681b
:082f7400fff7e6fa2060ece72c
:020000040000fa
:020000040003f7
:102f7c0038b50446d0f8a850eb6900699847012889
:102f8c0010d02b6a2069984768b9b4f8403013f018
:102f9c00010f0cd0a37d13f0100f14bf00230223dc
:102fac0084f8463038bd204603f04afffae7204645
:062fbc0003f046fff6e7fa
:020000040000fa
:020000040003f7
:102fc20038b51546a9b10c460121fff730f8034682
:102fd200b0b184600db100222a705d6805f045fc35
:102fe2002b7801332b7005f044fc204638bd28466f
:102ff200fce76ff00203002df9d02b700020f5e7fb
:063002004ff0ff33f7e779
:020000040000fa
:020000040003f7
:1030080010b502688a420bd082b11468a14208bf89
:1030180014460dd0acb122688a4209d01446f9e7ab
:103028000c4604f0ddf80ce0446006e0144608e0c5
:103038000a68226042688a42f6d08368013b83604e
:063048000c46204610bdfd
:020000040000fa
:020000040003f7
:10304e00a9b130b583b00c460a689ab103f0b7fd4a
:10305e0098b190f8433013f0100f11d10023009364
:10306e000123021d2146f2f798f803b030bd6ff030
:10307e00040070476ff00400f7e76ff00500f4e707
:06308e006ff00700f1e7fe
:020000040000fa
:020000040003f7
:1030940010b503f05df9d0b1044690f87730012bf8
:1030a40001d0002010bdc36c9bb190f87630032b87
:1030b40003d0082b01d00020f4e7204602f0fef9eb
:1030c400636822689b1a013b181a80b2eae7002061
:0630d400e8e70020e6e73a
:020000040000fa
:020000040003f7
:1030da0010b50278202a034600f10100f9d0a2f1c6
:1030ea0009010429f5d92b2a07d02d2a11d101214a
:1030fa000133013b00200a2403e00021f8e7604382
:10310a00801a13f8012f303a092af8d901b9404236
:06311a0010bd0021ede7ed
:020000040000fa
:020000040003f7
:1031200041f2c713c35ccbb110b400f58852547c94
:10313000137c0c329279a21ad2b29a4210d2013b7d
:10314000234003ebc30341f20c12825802eb8303ca
:1031500008330b6003205df8044b70470020704774
:043160000020f8e76c
:020000040000fa
:020000040003f7
:10316400f0b583b00446099804f0c0ff90f8083124
:1031740093b1002380f80831084f1e46084d00968d
:103184002b4601223946204603f076ff20b901215f
:103194002046dff731fcf2e703b0f0bd87000a00f8
:0431a400293e0200be
:020000040000fa
:020000040003f7
:1031a800c0b90f4890f99000022816d100b585b033
:1031b80008980290079801909df818000090084818
:1031c800d0f8ec0003f0f4fb80f0010040b205b049
:1031d8005df804fb6ff0120070476ff00400704751
:0431e80080ec002057
:020000040000fa
:020000040003f7
:1031ec0008b503688b420cd002467bb1186881424b
:1031fc0008bf18460cd0a0b103688b4208d0184603
:10320c00f9e703f051ff0ce0506006e0184608e0c7
:10321c000b68036053688b42f6d09368013b936054
:04322c00084608bd8b
:020000040000fa
:020000040003f7
:10323000e0b970b582b00c4615461e462f212046d7
:1032400004f058fc034648b15c1c00962b4622460d
:1032500007490020fbf7d4fb02b070bd5c2120467b
:1032600004f048fc03460028efd0ede7704700bfac
:0432700070460300a1
:020000040000fa
:020000040003f7
:10327400d0b10346d1b1112a01d80020704700b55e
:1032840085b0024608465b79039313790293d37899
:1032940001939378009353781278054904f016fa51
:1032a400012005b05df804fb002070470020704742
:0432b4000c6c03009b
:020000040000fa
:020000040003f7
:1032b800f8b507460024c473451ee6b215f8010f99
:1032c80005f045f8c0b2287018b101340f2cf4d1bc
:1032d800f8bd0e2efcd83446bb1901373c44c6f164
:1032e8000e0654fa86f4202203f8012ba342fbd1e0
:0432f800eee700bf3e
:020000040000fa
:020000040003f7
:1032fc0038b505460a4c0b4b1b68db6920689847b0
:10330c0000232360084a136005b938bd1a46074be1
:10331c001968202002f078ff054b00221a70f4e7a0
:10332c0078000120800001208400012098000120f9
:04333c001504012053
:020000040000fa
:020000040003f7
:10334000554450204e554c4c2064796e616d696334
:1033500020616c6c6f636174696f6e2068616e646c
:103360006c6500005544502044796e616d6963209e
:10337000616c6c6f636174696f6e206661696c6506
:04338000640000bf26
:020000040000fa
:020000040003f7
:1033840038b5044604f08efe002c16db63090c49a4
:1033940051f8235004f01f04e54005f00105012213
:1033a40002fa04f4203341f82340bff34f8fbff3f4
:1033b4006f8f04f080fe284638bd0025f9e700bf72
:0433c40000e100e044
:020000040000fa
:020000040003f7
:1033c80010b504462c2201460020f2f7f9faa0b9fc
:1033d80022680b4b9a4201d0002010bd6368012b74
:1033e80001d00020f9e72821204600f03ffba36a1e
:1033f800834214bf00200120efe70020ede700bf63
:04340800464e414c9f
:020000040000fa
:020000040003f7
:10340c005b504c43415d20656e61626c696e672058
:10341c007472616e736d69742d6f70706f727475e8
:10342c006e6974792f424541434f4e20636f756e20
:10343c007465727320286f6e652d74696d65290a29
:04344c000d0000bfb0
:020000040000fa
:020000040003f7
:10345000d0b582b0044602f053f96a4603f076fa1a
:10346000034688b10a4ad2e90067dde90001b942a2
:1034700008bfb04238bfcde90067dde90001044a6a
:10348000c2e90001c4e90001184602b0d0bd00bf86
:0434900038fe0020e2
:020000040000fa
:020000040003f7
:103494003a20636f72726563746564204d435520ee
:1034a40074696d6562617365000000007462617324
:1034b4006500000054424153453a205359535f4339
:1034c4004d445f414444475250206661696c6564d1
:0434d4000d0a0000dd
:020000040000fa
:020000040003f7
:1034d8002de9f04182b080460e461446bdf82070b2
:1034e8000125009501f048fa024628b121888b1c75
:1034f8009bb2b34204d90022104602b0bde8f08165
:1035080008eb0103380a08f801005f7023880233ca
:043518002380f1e734
:020000040000fa
:020000040003f7
:10351c005b545249475d20616374696f6e203220a1
:10352c0066697265643a207363686564756c65647a
:10353c0020256c6c75206e732c206c6174652025b5
:10354c006c64207469636b732028256c64206e7323
:04355c00290d0a002b
:020000040000fa
:020000040003f7
:103560005b474449565d204c454431206e6f7420c2
:10357000696e207468652070696e207461626c6584
:10358000202d2074686520677269642064697669fb
:103590006465722077696c6c204e4f542072756e92
:0435a0002e0d0a00e2
:020000040000fa
:020000040003f7
:1035a40070b590b10e4d2a68a0f110042e46a2b158
:1035b40050f8101c43189a42136807d1103312694b
:1035c40002600b4440f8103c2c6070bd1033d518d9
:1035d400ac4202d10b441360f7e702603460f4e7b5
:0435e400f4030120cb
:020000040000fa
:020000040003f7
:1035e800eab10378c9b28b421ad0431c0244934211
:1035f800184603f1010312d010b404788c4207d0a6
:103608009342184603f1010305d004788c42f7d1a0
:103618005df8044b704700205df8044b70470020ac
:04362800704700bf28
:020000040000fa
:020000040003f7
:10362c0038b50446d0f8a850eb69006998470128d2
:10363c000ed02b6a2069984758b9eb6b04f1400205
:10364c00002120699847002807db042384f84630c2
:10365c0038bd204603f0f4fbfae7204603f0f0fbfc
:02366c00f6e77f
:020000040000fa
:020000040003f7
:10366e0038b50d4614464368d3f8c40098b103f13b
:10367e00c40000f0ccfb2db1002814bf00236ff066
:10368e000d032b7034b1021c18bf0122637962f353
:10369e000413637138bd11b16ff00d03f1e70846e5
:0236ae00f0e743
:020000040000fa
:020000040003f7
:1036b00038b504460d46c06a18b10922022101f04e
:1036c0009ffee5627db1ea692b6923639b89083b14
:1036d000a3869388e386eb690833a36329462046d3
:1036e000f8f7b0fb38bd00232363a386e386a3630a
:0236f000f4e7fd
:020000040000fa
:020000040003f7
:1036f20090f8753013f0100303d0826c0ab10120e8
:10370200704710b50446003318bf012300f144028c
:1037120000f14001806cfef785ffa06438b194f897
:10372200753043f0100384f87530012010bd00207d
:02373200fce7b2
:020000040000fa
:020000040003f7
:1037340010b5054c227832b9044b13b10448aff3e9
:1037440000800123237010bdb8fb0020000000009e
:103754000000000008b5034b1bb103490348aff355
:10376400008008bd00000000bcfb00200000000039
:020000040000fa
:020000040003f7
:10377400dab908b5b0f1ff3f01d048b908bd0b4b29
:10378400d3f880200132c3f88020da6e0132da6681
:10379400064b002283f80621012814bf00210121d1
:1037a40093f8fd00edf7f6fce8e7704780ec0020a5
:020000040000fa
:020000040003f7
:1037b400a8b90e4890f99000022813d100b583b03f
:1037c40005980190049800900848d0f8ec0003f0a4
:1037d400bbf980f0010040b203b05df804fb6ff068
:1037e400120070476ff00400704700bf80ec0020a7
:020000040000fa
:020000040003f7
:1037f40030b583b00446084604f078fc054605f06d
:103804003bf800f0f9fbc5f8e80000230093074bf0
:1038140001220821204603f02ffc08b103b030bd7b
:1038240001212046dff7e8f8f8e700bff5ec0100d6
:020000040000fa
:020000040003f7
:1038340038b5b9b10d460121fef7f8fba8b14468cb
:103844002946e068f5f71afa0546638843f002034f
:10385400638005f009f823780133237005f008f834
:10386400284638bd6ff00605fae74ff0ff35f7e755
:020000040000fa
:020000040003f7
:1038740030b40d4b1b680d4a14889cb1002203e040
:1038840001327433a24209d093f8421011f0400f70
:10389400f6d05d6801688d42f2d100e0002318463d
:1038a40030bc70470023fae73c000120d4fb002021
:020000040000fa
:020000040003f7
:1038b40038b5437b13b90025284638bd0d46044668
:1038c40004f0d2ff237b73b904f0d2ff29462046cb
:1038d400fff798fb054604f0c7ff237b01332373ee
:1038e40004f0c6ffe8e7013b237304f0c1ffede7f2
:020000040000fa
:020000040003f7
:1038f40038b505460c460a4b1b685b690021094a2a
:1039040010889847431e13f1030f05d92b681b68d1
:103914000549204698470020044b186038bd00bf75
:10392400800001207c000120e4780300780001205d
:020000040000fa
:020000040003f7
:1039340010b40d4b1c68002c14dd0c4b19680439b1
:10394400002302e00133a34208d051f8042f002ad7
:10395400f8d0528d8242f5d1002000e001205df8bc
:10396400044b70470120fae7d0000120cc0001206d
:020000040000fa
:020000040003f7
:1039740010b40d4b1c68acb10c4b1968043900230e
:1039840002e00133a34209d051f8042f002af8d0f1
:10399400b2f862208242f4d1002000e001205df8f8
:1039a400044b70470120fae7e4000120e000012005
:020000040000fa
:020000040003f7
:1039b400013880b2092813d800b200ebc0020b4bc7
:1039c40013f822307bb110b4084bc200111803eb7a
:1039d40081010024cc70b1f906005df8044b7047f6
:1039e4006ff0040070476ff00400704768e7002030
:020000040000fa
:020000040003f7
:1039f4000d4b01221a601a46136913f0010ffbd113
:103a0400094b10221a6003221a734ef65f229a831e
:103a140033229a72054a0021116020225a721a46f2
:103a24001369002bfcd170470038004034fd00209e
:020000040000fa
:020000040003f7
:103a340008b50d4b1b683bb104f016ff0b4b1b780c
:103a44005bb904f015ff05e0fcf7b4fe064b1b68f8
:103a5400002bf1d1044b186808bd013b034a1370d5
:103a640004f006fff6e700bf2c0101203704012013
:020000040000fa
:020000040003f7
:103a7400a9b130b4441e4b1ec5184ff0ff300b499a
:103a840001e0ac420fd014f8013f5840082240f343
:103a940000030b4083ea5000013af8d1f1e74ff0fc
:103aa400ff30c0437047c04330bc70472083b8ed3b
:020000040000fa
:020000040003f7
:103ab40004280cd8dfe800f00d03050709000648c8
:103ac40070470648704706487047064870470648de
:103ad40070470648704700bf8876020010760200df
:103ae4002c7602005c760200f0750200fc75020080
:020000040000fa
:020000040003f7
:103af40004280cd8dfe800f00d0305070900064888
:103b0400704706487047064870470648704706489d
:103b140070470648704700bf704f0300544f0300be
:103b2400604f0300684f0300484f03004c4f0300ed
:020000040000fa
:020000040003f7
:103b340008b50a4b00221a701a7683f8302083f8ed
:103b44004820074b074a01210748f8f757fa00b104
:103b540008bd0649faf752fffae700bf10f7002044
:103b64006024030084240300c08403008c24030025
:020000040000fa
:020000040003f7
:103b7400eff3108272b60c4b1b68002b14bf0123a9
:103b840000230dd030b4094cd4e90045c0e9004508
:103b940005480068086002b962b6184630bc704730
:103ba40002b962b6184670470003012090ff002056
:020000040000fa
:020000040003f7
:103bb4000b4b1b7883b10b4ad2f8a0315b0803f49a
:103bc4008061c2f89811db4303f48063c2f8943136
:103bd400054a136801331360044b40225a6170474d
:103be4008304012000800041640301200028004078
:020000040000fa
:020000040003f7
:103bf40038b5a8b10446054690f90620022a11d129
:103c0400428812f0010f10d004f02efe237813b96d
:103c140004f02efe07e0013b237004f029fe02e0cd
:0e3c2400002500e00025284638bd0025fbe7fe
:020000040000fa
:020000040003f7
:103c3200d0b110b50446426a82b1026b42b9242265
:103c4200002104f0bef9236ce06b9847002010bd00
:103c5200f92280f838206ff00600f8e7f92280f8a0
:0e3c620038206ff00600f2e76ff008007047a0
:020000040000fa
:020000040003f7
:103c700070b50d46164602f031fb98b1044602f0cd
:103c8000b1fd034678b14eb1a26815442268aa423c
:103c90000bd86268aa4203d2002304e02268f4e74a
:0e3ca000a56000e00023184670bd0023fbe77e
:020000040000fa
:020000040003f7
:103cae0090f83f30c3f3011363b1012b14bf00230f
:103cbe00012383f0010390f8752063f3c71280f897
:103cce0075207047436802689a1ab0f86a3003eba1
:0e3cde004303b2eb630facbf01230023e9e701
:020000040000fa
:020000040003f7
:103cec002de9f041846b02f580770646884615462f
:103cfc0000213a462046fff771fc00b1071bbd427c
:103d0c0028bf3d4621462a46404603f0b7fb6319bf
:0e3d1c003c44f3633464b4632846bde8f08190
:020000040000fa
:020000040003f7
:103d2c0098b90d4890f99000022811d100b583b0d4
:103d3c00049800900848d0f8ec0003f099f980f052
:103d4c00010040b203b05df804fb6ff01200704745
:0c3d5c006ff00400704700bf80ec0020f6
:020000040000fa
:020000040003f7
:103d68000346020a462a84bf203a62f30f23c0b2f0
:103d7800462884bf203860f30703c3f30720392897
:103d88008cbf37383038c2b2dbb2392b8cbf373be7
:0c3d9800303bd8b240ea0210c0b27047c5
:020000040000fa
:020000040003f7
:103da400f8b506460b4b1c680b4b1f8857b1002512
:103db400314604f16c0003f050ff48b1013574340e
:103dc400bd42f5d13046fdf779fffef775fd044697
:0c3dd4002046f8bd3c000120d4fb00207c
:020000040000fa
:020000040003f7
:103de00038b50446154600eb40000a4b03eb800053
:103df00003f0f9fb0db9012038bd074800eb0410b2
:103e0000038943f0010303810022012103f06ef9cd
:0c3e1000f1e700bf14f300201cd90020d3
:020000040000fa
:020000040003f7
:103e1c0038b5437b13b90025284638bd044604f059
:103e2c001ffd237b6bb904f01ffd204603f0d6f970
:103e3c00054604f015fd237b0133237304f014fdb8
:0c3e4c00eae7013b237304f00ffdeee7f2
:020000040000fa
:020000040003f7
:103e580038b5437b03b938bd044604f003fd237b22
:103e68007bb904f003fd2546284603f0b9f900287c
:103e7800fad104f0f7fc237b0133237304f0f6fc3a
:0c3e8800e9e7013b237304f0f1fcece7d8
:020000040000fa
:020000040003f7
:103e9400036a13f0010f16d170b50546016961b1cb
:103ea400094e01e0214644b10c680b8a13f0010f5e
:103eb400f8d13068c3689847f4e7034b1868c368bf
:0c3ec4002946984770bd70479c00012003
:020000040000fa
:020000040003f7
:103ed000022815d008b5184613460a4601460120a7
:103ee000eaf7c4ffb0f1ff3f09d0074b1b6853f856
:103ef000202092f8423043f0020382f8423008bd9d
:0c3f00004ff0ff30704700bfcc000120e4
:020000040000fa
:020000040003f7
:103f0c0038b504460c2380f87630b0f93c20094bc8
:103f1c001b68002143f82210074d2868c3686169ab
:103f2c0098472868c368216898472868c368214661
:0c3f3c00984738bde0000120ec00012097
:020000040000fa
:020000040003f7
:103f480010b502f003faa8b1044690f97430002bba
:103f580009db90f8753043f0040380f875300121cf
:103f6800f6f7b0f940b1002201212046fdf7b0fd77
:0c3f7800012000e0002010bd0120fce74b
:020000040000fa
:020000040003f7
:103f84000b4b00221a621a779a60da60094b4ff4dd
:103f940000325a601a46d369002bfcd1054b01222a
:103fa4001a73054a1a601a46d369002bfcd170476c
:0c3fb4001cfa0020003000400e0030100d
:020000040000fa
:020000040003f7
:103fc000431e13f1030f0fd883b2042b0ed80a4af5
:103fd00002eb4312d26982420ad15a0106498a5c35
:103fe00042b101eb4310704700207047002070473a
:0c3ff0000020704700207047d4f1002032
:020000040000fa
:020000040003f7
:103ffc0038b5024600244301c10e181a61eb0401c6
:10400c008b0043ea907385001946a81844eb010114
:10401c00cb0043ea5073c20010461946024bda68d3
:0c402c00234601f057fc38bd30f900209d
:020000040000fa
:020000040003f7
:1040380010b5044600f0f8fbb0b12046fff7bcff0e
:10404800044678b1437843b9002020756075207024
:10405800044602f053fc204610bdfcf74dfb00233c
:0c4068006370f1e70124f4e70124f4e7a1
:020000040000fa
:020000040003f7
:1040740038b5b8b1054611b90c46204638bd0c46d2
:10408400fff7d6fc60b12246294603f044fb04f056
:10409400ebfb054a13780133137004f0e9fbece7fa
:0c40a4000024f4e70024e8e737040120c2
:020000040000fa
:020000040003f7
:1040b0000346a8b1c1650c4ac26402f188320265a8
:1040c00002f12942a2f59612a2f68b624265a2f194
:1040d00088328265002018605860986018667047c2
:0c40e0006ff0ac00704700bf0123456783
:020000040000fa
:020000040003f7
:1040ec0010b50c46094903f0b4fd20b90849204627
:1040fc0003f0affd28b107490020faf77bfc002044
:10410c0010bd0549faf776fc0120f9e7401f0300c2
:0c411c00481f0300741f0300541f030021
:020000040000fa
:020000040003f7
:1041280008b550681022002103f070ff074b186093
:1041380038b101280cbf064906490020faf75cfc93
:1041480008bd0549faf758fcfae700bf400101200d
:0c415800ac020300d00203008c02030044
:020000040000fa
:020000040003f7
:10416400757074696d653a20257564202530327543
:104174003a253032753a25303275202028256c7561
:1041840020732073696e636520626f6f742f6c6196
:0c4194007374207265736574290d0a00b5
:020000040000fa
:020000040003f7
:1041a00010b50c4c0c4b2360012363602821204682
:1041b000fff760fca0622c2221460020eff794fa62
:1041c00008b1002010bd01f023fdb0fa80f04009d5
:0c41d000f8e700bf48fa0020464e414cc2
:020000040000fa
:020000040003f7
:1041dc0010b100230b70704700b587b00846094b2f
:1041ec005a7f04921a7f0392da7e02929a7e01928f
:1041fc005a7e00921b7e044a122103f056fa07b035
:0c420c005df804fb48fa00208c6d0300f4
:020000040000fa
:020000040003f7
:104218003a2070657273697374656e74206e657484
:10422800776f726b20636f6e66696720287361769b
:1042380065656e762f72656164656e762f73686f3b
:0c42480077656e7629000000656e760038
:020000040000fa
:020000040003f7
:10425400500a020081bc0200580a0200880a0200c7
:1042640055c70100900a0200d40a02005d650300ec
:10427400dc0a02000c0b0200d52b0300140b020015
:0c428400540b0200ad4e0300600b020062
:020000040000fa
:020000040003f7
:10429000094b1b786bb9094b1860094b1960002357
:1042a000084a1370084a1370034b02221a70012047
:1042b00070470020704700bf4a0401205c010120c4
:0c42c000740101203a0401203b0401209d
:020000040000fa
:020000040003f7
:1042cc0008b501290bdd134600221146586803f08e
:1042dc009bfe074b1978c0b2f7f7d6fe08bd044b0e
:1042ec001b78044a127804490020faf783fbf5e79f
:0c42fc002206012023060120205e0300a2
:020000040000fa
:020000040003f7
:104308005b505450465d20736572766f202573208c
:104318002d3e2025732020286f666673657420253e
:104328006c6c64206e732c207261746520256c6c33
:0c4338006420707062290d0a000000bfb4
:020000040000fa
:020000040003f7
:104344000023084a1360084a136000200021074a2a
:10435400c2e90001064ac2e90001064a1360064a9e
:10436400136070471402012010020120b0fe0020e7
:0c437400a8fe00200c020120180201200d
:020000040000fa
:020000040003f7
:1043800070b50e46154600f061fe70b1044603f0ac
:1043900037ff10b9084b1b784bb1237c13b1e3688e
:1043a000b34206d02c60002070bd0120fce7022043
:0c43b000fae70520f8e700bf70040120c8
:020000040000fa
:020000040003f7
:1043bc0038b504460025e36be26c934210d25a1ccc
:1043cc00e2631878202809d00938042806d9e36c50
:1043dc0013b1e36b013be363284638bd0135eae7d3
:0c43ec002046fcf7d3ff431cecd1f5e7a2
:020000040000fa
:020000040003f7
:1043f80030b50d4a002300bf12f8134024b902eb70
:1044080043035b78184630bd01680d78a54209bfa3
:1044180002eb430301335b78013114bfdbb2016067
:0c4428000a2be9d9eee700bfa07c0300de
:020000040000fa
:020000040003f7
:1044340038b5436813f4807f0446154611d00369e8
:104444009a4228bf1d465db12a46406903f01af816
:10445400636922692b44551b0022636125611a702c
:0c44640038bddb06fcd403f073fbf9e765
:020000040000fa
:020000040003f7
:104470004ff4001c1ceb410f98bf1ceb430f11d8ed
:1044800051ea030c50ea4c0c5cea020c0cd004d24a
:1044900082428b4180410130704790429941804176
:0c44a00001307047002070470120704779
:020000040000fa
:020000040003f7
:1044ac00f8b50c461646074650b16c3003f010fbbd
:1044bc0005461cb116b12db9002323702846f8bd52
:1044cc000025f6e7721e07f16c01204604f040f857
:0a44dc003444002304f8013cf0e72b
:020000040000fa
:020000040003f7
:1044e60038b5437b03b938bd0d46044604f0bbf925
:1044f600237b6bb904f0bbf92946204603f070f81c
:1045060004f0b1f9237b0133237304f0b0f9eae731
:0a451600013b237304f0abf9eee75c
:020000040000fa
:020000040003f7
:10452000d0f88c3023b1022906d0012909d0704778
:10453000064bc0f88c30f6e7d0f88c30044a5a614c
:104540007047d0f88c30034a5a60f0e7a8f8002092
:0845500038f4002078f400208b
:020000040000fa
:020000040003f7
:1045580038b504460d46d0f89830b3f91200fef786
:104568000dff084a012303fa05f1136823ea010342
:104578001360d4f898300146b3f9120002f0d2fb68
:0845880038bd00bfe4820020f1
:020000040000fa
:020000040003f7
:104590001b2a01d80020704770b4426852f8045fab
:1045a00054689068d6680d604c608860ce6015696c
:1045b000546990690d614c6188611bb11c201860c1
:0845c00070bc70471c20fbe7f2
:020000040000fa
:020000040003f7
:1045c80038b50c460121fdf72ffd78b10346826806
:1045d800a2420ed1002484605d6804f043f92b7870
:1045e80001332b7004f042f9204638bd4ff0ff34f8
:0845f800fae76ff00204efe79f
:020000040000fa
:020000040003f7
:104600005443502f495020537461636b3a204e65d8
:1046100074776f726b20636f6e6669677572617411
:10462000696f6e206c6f6164206661696c65643ac5
:084630002025640d0a0000bf03
:020000040000fa
:020000040003f7
:104638002e2e2f7372632f636f6e6669672f646502
:104648006661756c742f6c6962726172792f74631c
:104658007069702f7372632f74637069705f6d6116
:084668006e616765722e6300ac
:020000040000fa
:020000040003f7
:10467000544350495020537461636b2041737365f8
:1046800072743a20696e2066696c653a2025732c35
:104690002066756e633a2025732c206c696e653a2e
:0846a0002025642c200d0a0006
:020000040000fa
:020000040003f7
:1046a80030b400240b4b03f1280504e082420cd0ff
:1046b8000433ab4206d01a88002af7d1002c08bf71
:1046c8001c46f5e721b10c600023184630bc704742
:0846d8000b46fae7640501201e
:020000040000fa
:020000040003f7
:1046e00070b402f00306920814d0041f95004b1911
:1046f00051f8042b44f8042f9942f9d128443eb1d3
:104700000138991913f8012b00f8012f9942f9d1ba
:0847100070bc70470b46f2e794
:020000040000fa
:020000040003f7
:1047180008b50b4b1b68002b02dd027e022a00d075
:1047280008bd013b064a1360002bf9d1054b1868f8
:104738000028f5d003f0c5fd024b00221a60efe710
:08474800480001209800012047
:020000040000fa
:020000040003f7
:1047500050696e673a20646f6e652e2053656e74e3
:104760002025642072657175657374732c207265e1
:10477000636569766564202564207265706c69657f
:08478000732e0d0a000000bfba
:020000040000fa
:020000040003f7
:10478800c2b170b414464269951d19b10e6816601d
:10479800898891802168c2f80610a188a980190a21
:1047a80041ea03219181026993890e3393810120a3
:0847b80070bc7047002070473f
:020000040000fa
:020000040003f7
:1047c000f8b503f0aff96fea80406fea904084b229
:1047d0004ff480454ff6ff764ff440472046fff7f1
:1047e000a9f838b9b4421abf0134a4b23c46013d1d
:0847f000f4d100242046f8bdbd
:020000040000fa
:020000040003f7
:1047f800f8b500f009fb6fea80406fea904084b298
:104808004ff480454ff6ff764ff440472046fff7b8
:10481800adf838b9b4421abf0134a4b23c46013de0
:08482800f4d100242046f8bd84
:020000040000fa
:020000040003f7
:104830000c4b93f830309bb90a4b93f83830012b6e
:1048400001d00020704710b5064c002384f83830a2
:10485000b4f90800fef796fd84f83100012010bd80
:084860000120704730f900202f
:020000040000fa
:020000040003f7
:10486800140803001c0803008c0501202c08030011
:104878003c0803004c0803005808030060080300c4
:104888006808030000000000b80c030000000000e6
:08489800000000000000000018
:020000040000fa
:020000040003f7
:1048a00010b400f1840402460021134603f8011bf2
:1048b0001a46a342f9d1431e00f18301002000bf34
:1048c00013f8012f10438b42fad1003018bf01209a
:0848d0005df8044b704700bfc6
:020000040000fa
:020000040003f7
:1048d80008b10020704710b582b00948fff75efaaa
:1048e80058b1084b9a680192db68009301236a4625
:1048f80001a9fbf7eff802b010bd0020fbe700bfed
:08490800bc88030048fa0020fe
:020000040000fa
:020000040003f7
:10491000084b1b7863b9084b18600023074a1370d3
:10492000074a1370074a13700120024b1870704732
:10493000002070474a0401205c0101204c04012042
:084940003a0401203b040120b0
:020000040000fa
:020000040003f7
:104948003a20544350206563686f2074657374205f
:1049580073657276657220287465737473657276f0
:104968006572205b7374617274205b706f72745d22
:084978007c73746f705d29006f
:020000040000fa
:020000040003f7
:10498000b3f5805f14d230b41588ac1ca4b28c424d
:1049900010d8190a9df8084041ea041141551188c0
:1049a00008444370138802331380012030bc7047e1
:0849b000002070470020f9e728
:020000040000fa
:020000040003f7
:1049b80008b500f0a1fe0a4bc3e91001da6c013218
:1049c800da6493f848301bb9054b012283f8482074
:1049d800034b93f8712001239340024a536108bda9
:0849e800b8f500200028004092
:020000040000fa
:020000040003f7
:1049f00070b50b480b4d4ff6ff76016821b943683f
:104a000013b9f8f79efe70bd83684268334000f129
:104a10000c0455f823302046984704eb8000ece75f
:084a20008c020000b07f0300ce
:020000040000fa
:020000040003f7
:104a28004ff4001c1ceb410f98bf1ceb430f11d82f
:104a380051ea030c50ea4c0c5cea020c0ad004d28e
:104a480082428b4180414042704790429941804167
:084a5800404270470020704746
:020000040000fa
:020000040003f7
:104a60004ff4001c1ceb410f98bf1ceb430f11d8f7
:104a700051ea030c50ea4c0c5cea020c0ad004d256
:104a80009042994180414042704782428b4180412f
:084a900040427047002070470e
:020000040000fa
:020000040003f7
:104a9800bab110b4144690f877308b4203d0002096
:104aa8005df8044b7047012901d00020f8e723681e
:104ab800436490f8753043f0100380f87530012096
:064ac800eee7002070473c
:020000040000fa
:020000040003f7
:104ace00d0f8a430d3f888200a70d3f88820120ac0
:104ade004a70d3f88820120c8a70d3f88820120ef0
:104aee00ca70d3f88c200a71d3f88c301b0a4b7124
:044afe0000207047dd
:020000040000fa
:020000040003f7
:104b0400a0b90b4890f99000022801d0002070470a
:104b140000b583b005980190049800900448d0f83b
:104b2400ec00f7f763fe03b05df804fb0020704768
:044b340080ec0020f1
:020000040000fa
:020000040003f7
:104b380010b5fff75bf870b104461030238a5bb9f3
:104b480004f12000238c53b9a4220021204603f04d
:104b580035fa0023a37110bdeef754fff0e7eef726
:044b680051fff1e721
:020000040000fa
:020000040003f7
:104b6c00496e76616c69642044726976657220497d
:104b7c006e7374616e636500576173207468652091
:104b8c0064726976657220696e697469616c697aa0
:044b9c0065643f000d
:020000040000fa
:020000040003f7
:104ba000a0b110b50446b0f8423044f240021a42b7
:104bb00001d1012010bd0323042201460448faf765
:104bc000bfff2046fbf76efd0120f3e70020704792
:044bd000d4fb0020f2
:020000040000fa
:020000040003f7
:104bd40010b5026d7ab1436c1b6b104698470446be
:104be400c04341f2ad13054a0549c0f3c010fef7b6
:104bf4001dfb204610bd6ff00d04fae70c7e030088
:044c0400384603002b
:020000040000fa
:020000040003f7
:104c08005443502f495020537461636b3a204865d0
:104c180061702044656c657465206661696c21204b
:104c28004e6f207472616365206578697374730dc3
:044c38000a0000bfaf
:020000040000fa
:020000040003f7
:104c3c0038b50446058825f0c005294301801ab112
:104c4c00106820619288a282054a5269e2600122b2
:104c5c00e2821bb11846211dfff73ffc38bd00bf97
:044c6c0060f80020cc
:020000040000fa
:020000040003f7
:104c700089b10b460949896871b110b584b0002427
:104c8000009401930292039010236a46044801f0b5
:104c9000e1f904b010bd00210846704760f800201b
:044ca00080f8002078
:020000040000fa
:020000040003f7
:104ca40090f87620d31edbb2022b11d9082a14bf48
:104cb4000123032390f83f2012f0020f18bf43f0a2
:104cc400040312f0040f18bf43f00803184670479a
:044cd4000323efe7e0
:020000040000fa
:020000040003f7
:104cd8000d0a202a2a2a205175697474696e672082
:104ce80074686520436f6d6d616e642050726f63e8
:104cf8006573736f722e20427965202a2a2a0d0a5d
:044d0800000000bfe8
:020000040000fa
:020000040003f7
:104d0c0098b90b460a494979012902d04ff0ff3076
:104d1c00704710b511461846054c00236371236883
:104d2c001b6898470123637110bd4ff0ff3070472b
:044d3c0044fd002012
:020000040000fa
:020000040003f7
:104d400098b90b460a494979012902d04ff0ff3042
:104d5000704710b511461846054c0023637123684f
:104d6000db6898470123637110bd4ff0ff30704737
:044d700044fd0020de
:020000040000fa
:020000040003f7
:104d740060b908b50a4b93f9003053b1084b5b682e
:104d840053b19b6806488068984708bd4ff0ff30d0
:104d940070474ff0ff30f8e74ff0ff30f5e700bf02
:044da40010fd0020de
:020000040000fa
:020000040003f7
:104da80060b908b50a4b93f9003053b1084b5b68fa
:104db80053b1db68064a9068984708bd4ff0ff304a
:104dc80070474ff0ff30f8e74ff0ff30f5e700bfce
:044dd80010fd0020aa
:020000040000fa
:020000040003f7
:104ddc0060b908b50a4b93f9003053b1084b5b68c6
:104dec0053b15b6906488068984708bd4ff0ff30a7
:104dfc0070474ff0ff30f8e74ff0ff30f5e700bf9a
:044e0c0010fd002075
:020000040000fa
:020000040003f7
:104e100000b583b000230193fef70cfe20b10422fd
:104e20000deb020102f079fc03f020fd044a137837
:104e30000133137003f01efd019803b05df804fb0d
:044e40003704012012
:020000040000fa
:020000040003f7
:104e4400b081030000000000010000002830004091
:104e54002830004074fa002001000000946403002c
:104e6400948803008c88030001000000ecfa002001
:044e7400ec790300d2
:020000040000fa
:020000040003f7
:104e780008b5094bd3f8002ac3f8042a0020c3f860
:104e8800080ac3f80c0a054a45f6e063d0500449fd
:104e9800f9f7b2fd08bd00bfb8940020000000205b
:044ea800e0730300b0
:020000040000fa
:020000040003f7
:104eac0008b50948f6f79afefff774f930b1fbf72d
:104ebc0035fd06490020f9f79dfd08bd0449002089
:104ecc00f9f798fdf9e700bf48fa00206ce40200fe
:044edc00ace4020040
:020000040000fa
:020000040003f7
:104ee0003139322e3136382e302e3230300000003b
:104ef0003235352e3235352e3235352e3000000024
:104f00003139322e3136382e302e3100382e382eaf
:044f1000382e3800ff
:020000040000fa
:020000040003f7
:104f14000023064a1370064a1370064a1370064aa1
:104f24001370064a1370064a137070474a0401202e
:104f34003b0401204b0401204c04012047040120c0
:044f44003e04012006
:020000040000fa
:020000040003f7
:104f48003f000000554e494e495400004841524424
:104f580053594e4300000000434f4152534500004f
:104f680046494e45000000004d41544348465245cd
:044f7800510000bf25
:020000040000fa
:020000040003f7
:104f7c0008b50b4b187878b103280dd0fbf786fddc
:104f8c0040f6b83200238b4208bf824205d3044b53
:104f9c001878022818bf012008bd0120fce700bfcb
:044fac005d0401207f
:020000040000fa
:020000040003f7
:104fb0000f280ed838b50d46044600f089ff50b1d1
:104fc000074b1b5d0bb1ab4207d1054b1d550120b3
:104fd00038bd002070470020fae70020f8e700bf46
:044fe000c0fc0020f1
:020000040000fa
:020000040003f7
:104fe4000346b0b1807801228240d87808b181f0bc
:104ff400010139b15b78db0103f1824303f500431e
:105004009a6170475b78db0103f1824303f5004347
:045014005a61704726
:020000040000fa
:020000040003f7
:105018005043323120284c45443129005041313623
:1050280020284c4544322900504431302028455826
:1050380054312d352c2070726f62652070696e298d
:04504800000000bfa5
:020000040000fa
:020000040003f7
:10504c000a4b002203e001321433042a0cd013f86b
:10505c00021c0029f7d019888142f4d102eb82029c
:10506c00034800eb8200704700207047c2f7002015
:04507c00c0f7002059
:020000040000fa
:020000040003f7
:1050800010b40b4a931c52320020012402e0143366
:1050900093420ad013f8021c0029f8d019881f295e
:1050a0009cbf04fa01f10843f1e75df8044b704737
:0450b000c0f7002025
:020000040000fa
:020000040003f7
:1050b40008b50123002208491846f9f713fd002317
:1050c4001a4606490220f9f70dfd0123002204497e
:1050d4000420f9f707fd08bded6d03006d0403001e
:0450e400bdc1020048
:020000040000fa
:020000040003f7
:1050e8000b4b80225a711b6913f0100f07d13f2315
:1050f80007490a6912f0100f01d1013bf9d1044a9e
:10510800136913f0100ffbd1014b988a704700bf49
:0451180000c0014191
:020000040000fa
:020000040003f7
:10511c0008b500f0effa094bc3e90001da68013277
:10512c00da601b7a13b9054b01221a72034b93f800
:10513c00312001239340024a536108bdb8f5002089
:04514c0000280040f7
:020000040000fa
:020000040003f7
:105150000b4b80225a711b6913f0100f07d13f23ac
:1051600007490a6912f0100f01d1013bf9d1044a35
:10517000136913f0100ffbd1014b988a704700bfe1
:0451800000140043d4
:020000040000fa
:020000040003f7
:10518400027843781b0443ea0263c27813438078ad
:1051940043ea002080ea104080ea102080ea1010e0
:1051a40080ea900080ea500080f0010000f00100e5
:0251b400704742
:020000040000fa
:020000040003f7
:1051b600a8b1034690f8422012f0400f01d100201a
:1051c600704770b52c300e684d688c68ca68de6210
:1051d60045608460c260fef76cf8012070bd002057
:0251e600704710
:020000040000fa
:020000040003f7
:1051e80038b5437b03b938bd044603f03bfb237b4a
:1051f80053b903f03bfb2546284601f0f1ff002890
:10520800fad100236373eee7013b237303f02efb0f
:02521800f1e7bc
:020000040000fa
:020000040003f7
:10521a000246a0b14378db0103f1824303f5004360
:10522a001b698178012088401840d3781bb9003067
:10523a0018bf01207047b0fa80f04009704700207b
:02524a007047ab
:020000040000fa
:020000040003f7
:10524c004ff4001c1ceb410f98bf1ceb430f0cd808
:10525c0050ea410c08bf52ea430c08d0904208bff8
:10526c0099420cbf0120002070470020704701209c
:02527c00704779
:020000040000fa
:020000040003f7
:105280000a4b834208d150b19b7d13f0010f09d026
:10529000064b93f9140070474ff0ff3070474ff002
:1052a000ff3070474ff0ff30704700bf900401207f
:020000040000fa
:020000040003f7
:1052b000f0b583b005460027084e01240097334619
:1052c00022460921284601f0d9fe20b92146284668
:1052d000ddf794fbf2e703b0f0bd00bf35c001007d
:020000040000fa
:020000040003f7
:1052e000496e76616c6964206472697665722069c2
:1052f0006e7374616e636500496e7374616e63658d
:1053000020616c726561647920696e207573650037
:020000040000fa
:020000040003f7
:105310000368c2689ab1002205e081680b4401323b
:10532000c16891420bd9197811f0010ff5d01978a5
:105330006ff300011970416a01394162ede770476e
:020000040000fa
:020000040003f7
:10534000094b83420cd169b130b40c46074d0fcde7
:105350000fc495e8030084e80300012030bc7047c7
:105360000020704701207047d4fb0020f0fb002094
:020000040000fa
:020000040003f7
:1053700088b170b50546094c04f120060834b442e2
:105380000ad061680029f9d0284602f068fc00289c
:10539000f4d1207801e07047002070bd2c6c030030
:020000040000fa
:020000040003f7
:1053a000024689b141180948030103eb4003034455
:1053b00003ebc01303eb002303eb006312f8010bb4
:1053c00058409142f0d1704700487047c59d1c81fc
:020000040000fa
:020000040003f7
:1053d00010b50a4b00221a6050b1044643683821c8
:1053e0009847014620b1e36820469847034b1c606c
:1053f000024b1868003018bf012010bd9c0001202e
:020000040000fa
:020000040003f7
:1054000008b509b180f82e10002380f82f3083688a
:1054100013b1c168984708bd03f01cf80128fad9f8
:1054200003f012f80149f9f7ebfaf4e76c6c0300aa
:020000040000fa
:020000040003f7
:1054300038b50d6815b10023184638bd0c4601f08b
:10544000c5fb03460028f7d090f8432012f0100f58
:10545000f2d0226a02f40002002a08bf2b46ebe7d2
:020000040000fa
:020000040003f7
:1054600010b5044690f83c30012b02d00023e360d5
:1054700010bdc0680028f9d0036a13f0080ff5d1f9
:10548000fef708fd94f83e30013b84f83e30ede72e
:020000040000fa
:020000040003f7
:1054900008b54068426a42b108494b6992689b1a54
:1054a0004a6b934201d3243000e01430fef7b6fc7f
:1054b000034600b1031f184608bd00bf60f8002076
:020000040000fa
:020000040003f7
:1054c00090f87630032b01d0082b0fd18268c36887
:1054d0009a4203d2981a013880b270474168006836
:1054e000091a0139d01a081a80b270470020704793
:020000040000fa
:020000040003f7
:1054f0008872030041c1000070c3020088c302002b
:10550000a98e020090c30200a4c302005524020029
:10551000acc30200d0c3020015d30100d8c30200ff
:020000040000fa
:020000040003f7
:1055200000b583b08df80710084b5888fcf7e0fcf5
:10553000022802d003b05df804fb01220df107013f
:10554000024b5888fff74afcf4e700bf1001012026
:020000040000fa
:020000040003f7
:10555000c2698369d21a00d1704770b584b004461d
:1055600006684568054901a802f0b2f8336801a948
:1055700028469847e369a36104b070bd5c880300c6
:020000040000fa
:020000040003f7
:10558000f0b585b000f120058269521b01d105b04c
:10559000f0bd044607684668044901a802f098f87f
:1055a0003b6801a930469847a561f0e7648803008d
:020000040000fa
:020000040003f7
:1055b000024660b10749006808600748002303609d
:1055c000436052884a80054a1360012070470020da
:1055d000704700bf100101203cfd00201801012090
:020000040000fa
:020000040003f7
:1055e00080b90a4b5b79012b02d04ff0ff30704736
:1055f00010b5064c0023637123681b69984701238b
:10560000637110bd4ff0ff30704700bf44fd0020b4
:020000040000fa
:020000040003f7
:1056100080b90a4b5b79012b02d04ff0ff30704705
:1056200010b5064c0023637123685b69984701231a
:10563000637110bd4ff0ff30704700bf44fd002084
:020000040000fa
:020000040003f7
:1056400080b90a4b5b79012b02d04ff0ff307047d5
:1056500010b5064c0023637123689b6898470123ab
:10566000637110bd4ff0ff30704700bf44fd002054
:020000040000fa
:020000040003f7
:1056700080b90a4b5b79012b02d04ff0ff307047a5
:1056800010b5064c0023637123685b6898470123bb
:10569000637110bd4ff0ff30704700bf44fd002024
:020000040000fa
:020000040003f7
:1056a00090b938b5094b93f9003063b1074b5d6889
:1056b0004db10c46084602f011fa6b6902462146cc
:1056c00002488068984738bd704700bf10fd002031
:020000040000fa
:020000040003f7
:1056d0000a4b5b6b73b168b1002105e09a68801ad0
:1056e00099609b6933b128b19a688242f6d39a686f
:1056f000101a9860014b5a691a61704730f90020fe
:020000040000fa
:020000040003f7
:1057000070b503f0b3f80646084c63689b69984788
:1057100002f060f9d4e90a23141843f10005304679
:1057200003f0a8f82046294670bd00bf30f90020dc
:020000040000fa
:020000040003f7
:105730000a4b1b6898420ad0084a0123d16881426b
:1057400006d001330c32082bf8d10020704700231b
:1057500003eb4303014800eb83007047acf60020e5
:020000040000fa
:020000040003f7
:1057600063363377e41e86468deb0ab4a8ed683fb6
:105770006a134e47e014c700454e81e95358a569a6
:10578000808aa38f2a72a62359915a9f8a04ca68d5
:020000040000fa
:020000040003f7
:10579000a65ad0f345db4e0effe875c3a2e71f42c1
:1057a000c7129d620ff5c119a9ef55f05185e0fbb5
:1057b0008581f9317517276e06e9607ddbcbcc2e2c
:020000040000fa
:020000040003f7
:1057c000074b1b6813b1013b054a1360054b196871
:1057d000054a1368cb1a054803601160704700bf83
:1057e000440101204c0101205401012050010120fd
:020000040000fa
:020000040003f7
:1057f0002d000000747269676765720070776d0034
:10580000626c696e6b000000677269646c656400ad
:1058100067726964646976006770696f000000bf31
:020000040000fa
:020000040003f7
:10582000094b002203e001321033082a0ad013f892
:10583000021c0029f7d019888142f4d1034800ebfb
:1058400002107047002070473af5002038f500201c
:020000040000fa
:020000040003f7
:10585000094b002203e001321033082a0ad013f862
:10586000041c0029f7d019788142f4d1034800ebd9
:1058700002107047002070473cf5002038f50020ea
:020000040000fa
:020000040003f7
:105880005b545249475d2070696e2025752069730d
:105890002068656c6420627920272573272c206e90
:1058a0006f742064726976696e672069740d0a00ee
:020000040000fa
:020000040003f7
:1058b00070b598b004460d46164600216022684631
:1058c00002f080fb054b02943246294668460e944e
:1058d000119301f01ffe18b070bd00bf8589030051
:020000040000fa
:020000040003f7
:1058e00053b94ab9002908bf00281cbf4ff0ff3147
:1058f0004ff0ff3003f048b8adf1080c6de904ce6d
:10590000e0f7b6faddf804e0dde9022304b0704701
:020000040000fa
:020000040003f7
:10591000064b1a680ab9064a1a60064a116809b99c
:10592000054911601a68054b1a60704724fd002074
:105930003806012020fd0020388602201cfd0020b2
:020000040000fa
:020000040003f7
:10594000c31003f00203420202f48062134300f02a
:1059500004021343021102f040021343421102f009
:0e59600010021343401000f0800018437047ff
:020000040000fa
:020000040003f7
:10596e0038b5a0f58850103880b20f2803d94ff003
:10597e00ff34204638bd0d468968f9f756fb0446bc
:0e598e00b0f1ff3ff5d06968f6f771fff1e761
:020000040000fa
:020000040003f7
:10599c0010b500f09dfc80b10446036b2bb194f85c
:1059ac003c30012b04d0002010bd02f05bfaf6e76e
:0e59bc006069003018bf0120f6e70020f4e714
:020000040000fa
:020000040003f7
:1059ca0010b500f0c2fc80b1044690f876300b2b7b
:1059da0001d0002010bdfaf724fc002801da0020cb
:0e59ea00f8e7012084f87600f4e70020f2e7e9
:020000040000fa
:020000040003f7
:1059f800f8b582b117461d460e4600f0a7fc0446ce
:105a080038b1c36f4bb9c767a0f87a60c0f8805047
:0e5a18003c462046f8bd0024fbe70024f9e7d9
:020000040000fa
:020000040003f7
:105a260070b506460d461446fff77ffe034620b1c5
:105a36001e605d609c60002070bd6ff00100fff786
:0e5a460074fe03460028f3d16ff08300f4e7ee
:020000040000fa
:020000040003f7
:105a54002de9f04182b005460e4617469846089c4b
:105a6400204602f039f880b20190009443463a4649
:0e5a740031462846fbf788ff02b0bde8f081fe
:020000040000fa
:020000040003f7
:105a820010b50b681b78202b0c4602d0093b042b67
:105a92000bd8fef792fc23685a1c22605b78202bfd
:0e5aa200f9d0093b042bf6d910bd0020fce71b
:020000040000fa
:020000040003f7
:105ab000094b9b7d13f0010f07d013f0020f07d1a4
:105ac000054843f00203837570474ff0ff3070477d
:0c5ad0004ff0ff30704700bf9004012031
:020000040000fa
:020000040003f7
:105adc00d0f8a420c8788b781b0443ea00630878bc
:105aec000343487843ea0023c2f8883048790b799d
:0c5afc0043ea0023c2f88c300020704701
:020000040000fa
:020000040003f7
:105b080011f0010f11d010b514463ab1d0f8983001
:105b1800b3f91200fdf732fc207010bdd0f89830b0
:0c5b2800b3f91200fdf72afcf7e7704704
:020000040000fa
:020000040003f7
:105b340011f0010f0fd0d0f89830b3f91230002bc8
:105b440009db5a0903f01f03012101fa03f3603250
:0c5b5400014941f82230704700e100e0f8
:020000040000fa
:020000040003f7
:105b600011f0010f0ed0d0f89830b3f91230002b9d
:105b700008db590903f01f03012202fa03f3024a6a
:0c5b800042f82130704700bf00e100e057
:020000040000fa
:020000040003f7
:105b8c0008b5084b596a89b240f20643194204d051
:105b9c00054a136843f0010313600020f9f7bef8bf
:0c5bac0008bd00bf00080042e482002099
:020000040000fa
:020000040003f7
:105bb80038b50c461d46059802f096fa38b13cb146
:105bc800c0f8e45090f8fc20013280f8fc2038bd81
:0c5bd80090f8fc20013a80f8fc20f8e76f
:020000040000fa
:020000040003f7
:105be40010b40446c90501f078610b43920402f431
:105bf400f8010b4343f0a04343f400334363a36829
:0c5c040013f0040ffbd05df8044b704758
:020000040000fa
:020000040003f7
:105c100038b5094b93f81432012b01d0042038bd5c
:105c2000054d002485f8144200f090fa012385f810
:0c5c300014322046f3e700bfd0dd002056
:020000040000fa
:020000040003f7
:105c3c0000f11c0200f1200310f1180f1cbf816948
:105c4c0041600ab1c26982600bb1036ac36090f80b
:0c5c5c0043306ff3041380f843307047ae
:020000040000fa
:020000040003f7
:105c680008b588b190f8422012f0400f01d1002009
:105c780008bd0a68b2f1ff3f04d000f0b3fa00f0a3
:0c5c88000100f5e70120fae70020f1e739
:020000040000fa
:020000040003f7
:105c940038b50c4603f40031002914bf2825142517
:105ca4002244a9181a4689b2f7f7f8fa034618b13c
:0c5cb40014b182691544c561184638bd62
:020000040000fa
:020000040003f7
:105cc000f8b57ab117461e460d4600f007fb0446ac
:105cd00030b1836d43b98765c665a0f860503c4616
:0c5ce0002046f8bd0024fbe70024f9e793
:020000040000fa
:020000040003f7
:105cec0010b4094b00221a80031f00f5fe74081a29
:105cfc000430c21853f8041f1160a342f9d10120db
:0c5d0c005df8044b704700bf2a04012022
:020000040000fa
:020000040003f7
:105d180008b5084b5b7a63b1064b987ac0b2332258
:105d28009a72054b1b6823b118b1034b59681b685d
:0c5d3800984708bd0038004034fd0020f2
:020000040000fa
:020000040003f7
:105d440000030000117f03000d4d03007156030092
:105d540041560300414d0300e15503001156030071
:0c5d6400df4e0200918103006d890300f6
:020000040000fa
:020000040003f7
:105d700000b587b0074b019301230293064b0393b1
:105d800009230493002005906946f5f765fd07b0e7
:0c5d90005df804fb68480300fc2a0300d7
:020000040000fa
:020000040003f7
:105d9c0010b5d9f7f7ff074c074b1b69606998479b
:105dac00e068d5f71bf8e069f3f730f9e3f704f88e
:0c5dbc0010bd00bf10fb00207428030085
:020000040000fa
:020000040003f7
:105dc80030b589b06ff001040694002405940e9d47
:105dd80004950d9d03950c9d0295019300920b4629
:0c5de80022462146f4f7a6ff09b030bdaa
:020000040000fa
:020000040003f7
:105df40008b5064b064a08210648f6f7fff800b135
:105e040008bd0549f8f7fafdfae700bf901803004a
:0c5e1400b8180300ec020300bc180300e7
:020000040000fa
:020000040003f7
:105e20005b504c43415d2063757272656e74206ee9
:105e30006f64652049443a20257520284e4f44451b
:0c5e40005f434e543d2575290d0a0000fb
:020000040000fa
:020000040003f7
:105e4c0008b5064b064a02210648f6f7d3f800b10e
:105e5c0008bd0549f8f7cefdfae700bfe8120300cc
:0c5e6c0018130300347a03002013030015
:020000040000fa
:020000040003f7
:105e780008b5064b064a01210648f6f7bdf800b1f9
:105e880008bd0549f8f7b8fdfae700bffcfd0200b8
:0c5e980030fe0200b48403003cfe020057
:020000040000fa
:020000040003f7
:105ea40008b5064b064a01210648f6f7a7f800b1e3
:105eb40008bd0549f8f7a2fdfae700bf94340300d2
:0c5ec400b0340300d8840300b83403009d
:020000040000fa
:020000040003f7
:105ed000022809d0062805d00a2808bf022004d0cd
:105ee00000207047012000e0002000eb4003024842
:0c5ef00000eb8300704700bf70690300e6
:020000040000fa
:020000040003f7
:105efc006e6f20636170747572652d636170616281
:105f0c006c6520696e70757420696e2074686520ec
:0c5f1c0070696e207461626c650000bf4b
:020000040000fa
:020000040003f7
:105f28007431732d666f6c6c6f77657200000000ba
:105f3800415453414d453534503230410000000042
:0c5f48002d0000007431732d312e30004c
:020000040000fa
:020000040003f7
:105f540070696e20696e646578206e6f74206d615f
:105f640070706564000000006e6f2068616e646c80
:0c5f74006520736c6f7420667265650018
:020000040000fa
:020000040003f7
:105f800000b553ec112b83b051ec100b8ded002bb1
:105f9000ebf7fafb9ded002b53ec122be2f7b9fb6c
:0c5fa00041ec100b03b05df804fb00bfe7
:020000040000fa
:020000040003f7
:105fac0038b50446d0f8a8301d6c002300f140022f
:105fbc0019460069a847002803db012384f8463002
:0a5fcc0038bd204600f03cfffae764
:020000040000fa
:020000040003f7
:105fd60010b51c46029802f088f868b1c26f013a03
:105fe600c267826f01328267236a23f00803236245
:0a5ff600a368e1682046984710bd3b
:020000040000fa
:020000040003f7
:1060000010b40446c90501f07861930403f4f80361
:10601000194341f0c04141f400314163a36813f0da
:0a602000040ffbd05df8044b70473d
:020000040000fa
:020000040003f7
:10602a0070b50c46fcf79bf858b106465cb100f116
:10603a000c050fcc0fc523682b60012086f82000c1
:0a604a0070bd0020fce70020fae71b
:020000040000fa
:020000040003f7
:10605400f8b50746084616461d464b682946984734
:10606400044640b11eb12a46314601f00bfa2146de
:0a6074003846fef736fa2046f8bd64
:020000040000fa
:020000040003f7
:10607e000eb410b5b5b0044637ab53f8042b3393ba
:10608e00c82101a8faf77bfa01a9204600f0f7fd16
:0a609e0035b0bde8104003b07047b4
:020000040000fa
:020000040003f7
:1060a80008b500f053f960b190f83f2012f0020fe4
:1060b80009d090f83f206ff3410280f83f2001207b
:0a60c80002e0012000e0002008bd06
:020000040000fa
:020000040003f7
:1060d200802910db812901dd83290cd11368073364
:1060e20023f0070303f108011160d3e90023c0e99b
:0a60f20000230120704700207047d2
:020000040000fa
:020000040003f7
:1060fc0079b110b40a46436853f8924f58689968be
:10610c00db68146050609160d36000205df8044b34
:08611c0070474ff0ff3070479f
:020000040000fa
:020000040003f7
:10612400034658b190f9060002280ad15b8803f0af
:106134000103002b08bf4ff0ff3070474ff0ff30d2
:0861440070474ff0ff30704777
:020000040000fa
:020000040003f7
:10614c00084b93f8123203b9704710b5054c638aab
:10615c002344187a00f004fdbff34f8f002384f81a
:08616c00123210bdd0dd00204d
:020000040000fa
:020000040003f7
:1061740008b5074a1368013313600648038943f0de
:106184000203038100220221103000f0adff08bd9c
:08619400280001201cd90020a5
:020000040000fa
:020000040003f7
:10619c0080b1034690f8420010f0400f01d100206e
:1061ac00704710b5586cc46b186da047b0fa80f0ee
:0861bc00400910bd00207047ee
:020000040000fa
:020000040003f7
:1061c40080b138b5044690f8420010f0400f01d178
:1061d400002038bd606c456c206da847b0fa80f093
:0861e4004009f6e700207047b6
:020000040000fa
:020000040003f7
:1061ec0080b190f8422012f0400f01d1002070478e
:1061fc008268406860ea02000b68984214bf002075
:08620c000120704700207047db
:020000040000fa
:020000040003f7
:106214000b4659b1096859b122b1064909688a4245
:1062240038bf0ab29a815a81012070470020704712
:08623400002070473400012036
:020000040000fa
:020000040003f7
:10623c00074b03eb0013188920ea01021a8111f4b1
:10624c00807f03d0034a1368013b1360704700bf83
:08625c001cd900202c000120d8
:020000040000fa
:020000040003f7
:106264005443502f495020537461636b3a20496e54
:10627400697469616c697a6174696f6e20537461c1
:0862840072746564200d0a002c
:020000040000fa
:020000040003f7
:10628c004950763420496e69743a204661696c65d0
:10629c006420746f20696e6974616c697a653a2048
:0862ac00256421200d0a000009
:020000040000fa
:020000040003f7
:1062b40008b5084b1b68002b02dd027e022a00d0c1
:1062c40008bd013b034a1360002bf9d1f7f7dcff4b
:0862d400f6e700bfc400012041
:020000040000fa
:020000040003f7
:1062dc00002808db064b1b68984206da054b1b6846
:1062ec0053f820007047002070470020704700bf13
:0862fc00d0000120cc000120bc
:020000040000fa
:020000040003f7
:1063040010b5fff7e9ff68b10446036b0bb1c38e08
:1063140033b9204601f0aafd236b0bb9002000e03d
:08632400e08e10bd0020fce733
:020000040000fa
:020000040003f7
:10632c00036883b110b504461846fef7ebff04f181
:10633c002400fdf78bfd04f11400fdf787fd201df3
:08634c00fdf784fd10bd704750
:020000040000fa
:020000040003f7
:10635400002808db064b1b68984206d2054b1b68d5
:1063640053f820007047002070470020704700bf9a
:08637400e4000120e00001201b
:020000040000fa
:020000040003f7
:10637c0008b5826803699a420cd0b0f864300bb946
:10638c00002008bd01221021d6f7d2f9b0fa80f016
:08639c004009f6e70020f4e7d8
:020000040000fa
:020000040003f7
:1063a40008b5084b1b68002b02dd027e022a00d0d0
:1063b40008bd013b034a1360002bf9d101f0a8fa90
:0863c400f6e700bf080101200b
:020000040000fa
:020000040003f7
:1063cc00000100f1824202f52042136c23f002031b
:1063dc001364136c13f0020ffbd189b2014b1952e9
:0863ec000120704738fb00207e
:020000040000fa
:020000040003f7
:1063f400074b00221a80074b58611b8803f03003b7
:106404001bb9044b4af203529a800120704700bf23
:086414002a04012000400041b0
:020000040000fa
:020000040003f7
:10641c00084a537943f080035371136913f0040f46
:10642c00fbd1044a537913f0e00ffbd1014b988a4e
:08643c00704700bf003800406a
:020000040000fa
:020000040003f7
:1064440008b5084b1b683bb1fff758f9054b1a68b0
:106454000023fff743fa08bd012000f06bff014b56
:086464001860f1e7240101209a
:020000040000fa
:020000040003f7
:10646c0008b5084b1b6833b101f0f4ff054b1b68f2
:10647c00b0fbf3f008bd012000f058ff014b186091
:08648c00f2e700bf240101202a
:020000040000fa
:020000040003f7
:106494000000000001000000ffffffffffffffffff
:1064a400fffffffffffffffffffffffffffffffff8
:0864b400ffffffffffffffffe8
:020000040000fa
:020000040003f7
:1064bc000500000001000000b00400003c000000da
:1064cc0002000000320000004b0000000100000040
:0864dc000300000001000000b4
:020000040000fa
:020000040003f7
:1064e40020202025730a0d00253038783a2000003a
:1064f4002025303278000000202020002020202594
:08650400730000000a0d000005
:020000040000fa
:020000040003f7
:10650c0010b586b004460091142201a96846fbf729
:10651c0071fe01ab224603490020f8f76bfa06b076
:08652c0010bd00bfc48803008c
:020000040000fa
:020000040003f7
:1065340010b5084c2062616202b1a2603bb9054cff
:1065440028212046fdf794faa062012010bdfdf732
:0865540025fefbe748fa0020d8
:020000040000fa
:020000040003f7
:10655c0008b5fdf71ffe30b1faf7e0f90449002049
:10656c00f8f748fa08bd03490020f8f743faf9e7b1
:08657c00e4e402003ce502002a
:020000040000fa
:020000040003f7
:1065840008b5064b1b7813b9f4f798f808bd044a0c
:1065940004490020f8f732faf8e700bf4a04012062
:0865a4009ce50200d0e50200b5
:020000040000fa
:020000040003f7
:1065ac0003ca0400180004001a000400360004009a
:1065bc002400040025000400260004002700040029
:0865cc0012020100f6080200b2
:020000040000fa
:020000040003f7
:1065d40008b5064b1b7813b1054b1b7803b908bdee
:1065e4000021044b1868fef7fbfcf8e78c0401203b
:0865f4008b040120e4030120e7
:020000040000fa
:020000040003f7
:1065fc0030b57ab101380a4410f8013f0d4633b179
:10660c0011f8014b1cb1914201d0a342f4d02a786d
:08661c00981a30bd1046fce79e
:020000040000fa
:020000040003f7
:1066240013b50446fcf791f818b14ff0ff3002b0ef
:1066340010bd636c01220df1070120469847012823
:08664400f3d19df80700f2e715
:020000040000fa
:020000040003f7
:10664c00002343620368c26862b110b4002214468e
:10665c001c8081680b440132c1689142f8d85df806
:06666c00044b704770476b
:020000040000fa
:020000040003f7
:1066720008b569b103460a46086840b1016811606d
:106682005968814208bf5a609a68013a9a6008bd07
:0666920000f0a9fdfbe78a
:020000040000fa
:020000040003f7
:1066980010b50446407b00b910bd02f0e3f8237b37
:1066a8001bb902f0e3f80020f6e7013b237302f080
:0666b800ddf80120f0e70f
:020000040000fa
:020000040003f7
:1066be0008b5fff748fe60b190f87600c31edbb256
:1066ce00022b04d9082814bf0020012000e001206d
:0666de0008bd0020fce7ee
:020000040000fa
:020000040003f7
:1066e40008b5fff735fe50b190f87720012a01d0a4
:1066f400002008bdc26c22b1fff73efef9e700207e
:06670400f7e70020f5e7b5
:020000040000fa
:020000040003f7
:10670a0038b5fff722fe60b1044600f012fc0546d8
:10671a0008b9284638bde36923622046fcf77df9ab
:06672a00f7e70025f5e78a
:020000040000fa
:020000040003f7
:1067300000b1704708b513460a460449f8f760f9f6
:10674000034a1368002bfcd108bd00bf5467030047
:046750000cf7002022
:020000040000fa
:020000040003f7
:10675400644d49494d204173736572743a20257321
:106764002c20696e206c696e653a2025642c200dfe
:046774000a0000bf58
:020000040000fa
:020000040003f7
:1067780008b5000180b2064b5b6803eb402000f0cf
:1067880083fd00bf01f07afb0028fbd108bd00bfe4
:04679800d0dd002030
:020000040000fa
:020000040003f7
:10679c0010b50c4628b102681ab1fdf765f803462e
:1067ac0010b91cb1024b1b68184610bd0023fbe747
:0467bc003800012080
:020000040000fa
:020000040003f7
:1067c000333c0300b56a020021720300b9180200cd
:1067d000b9830300871a030085800300c583030083
:0467e000c57b030072
:020000040000fa
:020000040003f7
:1067e40090f83c30012b01d000207047c06828b1dc
:1067f400036a03f00803002b18bf0020003018bf01
:0468040001207047b8
:020000040000fa
:020000040003f7
:1068080010b50c46fff766fd50b1826da24201d06b
:10681800002010bd00228265a0f860200120f8e762
:046828000020f6e76f
:020000040000fa
:020000040003f7
:10682c0008b5064a1c213820f6f734fd034618b18a
:10683c00034a82600022c260184608bd02000100b3
:04684c00cd6c03000c
:020000040000fa
:020000040003f7
:1068500008b530b1054a92682ab1054900f0f6f949
:1068600008bd0020fce70020fae700bf60f8002028
:0468700080f800208c
:020000040000fa
:020000040003f7
:1068740010b50c46fff76cfd50b1c26fa24201d0b7
:10688400002010bd0022c267a0f87a200120f8e79a
:046894000020f6e703
:020000040000fa
:020000040003f7
:1068980038b55d694db10548181a8410044800fbe5
:1068a80004f001309b6900b2a84738bd68e70020b2
:0468b800398ee338fa
:020000040000fa
:020000040003f7
:1068bc0010f60200a579030018f6020028f6020073
:1068cc00a11e03002cf6020048f60200a1f90100fb
:0468dc0050f6020070
:020000040000fa
:020000040003f7
:1068e000bff34f8f0549ca6802f4e062044b1343bb
:1068f000cb60bff34f8f00bffde700bf00ed00e0ae
:046900000400fa0590
:020000040000fa
:020000040003f7
:1069040010b5074c94f83110b4f9080000f00cfaf3
:1069140094f8303013b9012284f8382010bd00bf38
:0469240030f9002026
:020000040000fa
:020000040003f7
:10692800054b1b783bb10023034a1370034a04212b
:106938001170034a13707047540401205704012052
:0469480051040120d5
:020000040000fa
:020000040003f7
:10694c00074b1b7843b14ab110b51446f7f73cfe20
:10695c00c4e90001012010bd0020704700207047e1
:04696c005d040120a5
:020000040000fa
:020000040003f7
:10697000020215010000000018500300060010017b
:1069800000000000245003000a030a000100000078
:046990003050030080
:020000040000fa
:020000040003f7
:106994000b0d40f21e42d21a09dbcb0243ea5050df
:1069a40040f00040202a28bf2022d04070474900f0
:0469b4008041704767
:020000040000fa
:020000040003f7
:1069b80010b584b0089c0394079c029401939df839
:1069c8001830009313460a460321edf7abfe04b0d6
:0269d80010bdf0
:020000040000fa
:020000040003f7
:1069da0038b50d461c46059801f085fb20b125b156
:1069ea00c4f3c03480f8074138bd002280f807217b
:0269fa00fae7ba
:020000040000fa
:020000040003f7
:1069fc0010b50446084601f075fb48b1426e013ae9
:106a0c004266026e013202662146b430fdf765fd26
:026a1c0010bdab
:020000040000fa
:020000040003f7
:106a1e0010b50121fbf705fb50b10446ecf7efff73
:106a2e00646801f01cff23780133237001f01bff13
:026a3e0010bd89
:020000040000fa
:020000040003f7
:106a400068b190f8422012f0400f01d10020704749
:106a50000a68c2638a88a0f840200120704700209d
:026a600070477d
:020000040000fa
:020000040003f7
:106a6200034668b190f8420010f0400f01d10020b7
:106a72007047986d18b9da65996508467047002025
:026a820070475b
:020000040000fa
:020000040003f7
:106a840000b583b08df8071000b2b0f1ff3f02d11a
:106a940003b05df804fb01220df10701f5f70af8d4
:026aa400f6e713
:020000040000fa
:020000040003f7
:106aa60038b500f14c040925204600f09afb034650
:106ab60030b12a466ff010011846fef79efcf3e748
:026ac60038bdd9
:020000040000fa
:020000040003f7
:106ac80010b5fff707fc50b10346026b2ab1c48e1c
:106ad800184601f0c9f9204610bd0024f8e7002443
:026ae800f9e7cc
:020000040000fa
:020000040003f7
:106aea0010f0004160b148bf40420a0d02f21d4257
:106afa00b0fa80f3d21a9840c30a400503eb025158
:026b0a007047d2
:020000040000fa
:020000040003f7
:106b0c00064b834209d140b19b7d13f0010f04d099
:106b1c00024b9a7d6ff341029a75704790040120e5
:020000040000fa
:020000040003f7
:106b2c0008b5064b834204d118b19b7d13f0010fbd
:106b3c0000d108bd0148e5f797f8fae79004012069
:020000040000fa
:020000040003f7
:106b4c0010b584b0079c0394069c02940024019415
:106b5c00009313460a460121edf7e2fd04b010bd87
:020000040000fa
:020000040003f7
:106b6c0008b5064b5b6803eb4020fff73dfc00bf0c
:106b7c0001f082f90028fbd108bd00bfd0dd002058
:020000040000fa
:020000040003f7
:106b8c0050b190f8422012f0400f01d10020704714
:106b9c00024a106001207047002070473800012025
:020000040000fa
:020000040003f7
:106bac00054b1b88984205d2044b1b68742202fbd0
:106bbc000030704700207047d4fb00203c000120bf
:020000040000fa
:020000040003f7
:106bcc0028b190f8422012f0400f01d100207047fc
:106bdc0090f86a2002f00102002a08bf00207047da
:020000040000fa
:020000040003f7
:106bec00060802000000010000080300000000007d
:106bfc00ffff040000000000ffff05000000000084
:020000040000fa
:020000040003f7
:106c0c00252e32783a252e32783a252e32783a25ae
:106c1c002e32783a252e32783a252e32780000bf63
:020000040000fa
:020000040003f7
:106c2c00000000000000000001000000207e0300b6
:106c3c0002000000287e0300030000002c7e0300ed
:020000040000fa
:020000040003f7
:106c4c0038b50446084615462146fcf72dfe28b1fa
:106c5c00eb68214628469847012038bd0020fce708
:020000040000fa
:020000040003f7
:106c6c005061636b65742041636b3a206f7270687e
:106c7c00616e207061636b657421200d0a0000bf8a
:020000040000fa
:020000040003f7
:106c8c0038b505b2b5f1ff3f00d138bd0c4608460a
:106c9c0000f01eff82b221462846f4f707fff4e706
:020000040000fa
:020000040003f7
:106cac000288130a43ea022303804288130a43ea48
:106cbc0002234380c288130a43ea0223c38070472d
:020000040000fa
:020000040003f7
:106ccc0008b5064b5b6c834202d0fdf7ddf808bdbe
:106cdc00036a23f008030362f9e700bf60f80020a1
:020000040000fa
:020000040003f7
:106cec008269c3699a420ad210b5044603681b68cc
:106cfc00096840689847a3690133a36110bd7047c8
:020000040000fa
:020000040003f7
:106d0c0000b583b001220df10701044b5888fef742
:106d1c002bf89df8070003b05df804fb100101206f
:020000040000fa
:020000040003f7
:106d2c0051b1002808db420900f01f00012303facf
:106d3c0000f0024b43f82200704700bf00e100e076
:020000040000fa
:020000040003f7
:106d4c008811030030110300d810030080100300d9
:106d5c000000000000000000000000000000000027
:020000040000fa
:020000040003f7
:106d6c00e62b8a8ee8f141b6980566e3bfe3c0498d
:106d7c0003dad4ac2cdf9f2280010a6739bc83d3a1
:020000040000fa
:020000040003f7
:106d8c00253032583a253032583a253032583a2587
:106d9c003032583a253032583a253032580000bf3c
:020000040000fa
:020000040003f7
:106dac00044ad3690133d361034b044a1a600520aa
:106dbc00704700bfc4fa0020f4050120cc6d03001d
:020000040000fa
:020000040003f7
:106dcc00737475623a207065726970686572616c73
:106ddc00206e6f7420636f6e6669677572656400f0
:020000040000fa
:020000040003f7
:106dec0008b5fef787fc044bc3e90001034a13689e
:106dfc000133136008bd00bff0fe002064020120c7
:020000040000fa
:020000040003f7
:106e0c005b54524947434d445d206c697374656e05
:106e1c00696e67206f6e205544502025750d0a0051
:020000040000fa
:020000040003f7
:106e2c0010b5054c22680ab9fef76cfd034b1868c7
:106e3c002368c01a10bd00bf1cfd002020fd0020df
:020000040000fa
:020000040003f7
:106e4c0010b50446837d03f0ef036ff34513837590
:0e6e5c00fff7f2faa063002384f8463010bd61
:020000040000fa
:020000040003f7
:106e6a0038b504460d4601f078fa00b938bd204617
:0e6e7a0001f081fb29462046e8f737fef6e7d7
:020000040000fa
:020000040003f7
:106e8800d0f8a4301a6842f008021a601a6842f072
:0e6e980004021a601a6842f080021a60704705
:020000040000fa
:020000040003f7
:106ea60058b190f8422012f0400f01d100207047ef
:0e6eb6008268406860ea020070470020704762
:020000040000fa
:020000040003f7
:106ec40008b5034638b190f8422002f04002002a87
:0e6ed40014bf03460023184600f0defc08bd84
:020000040000fa
:020000040003f7
:106ee20058b190f8422012f0400f01d100207047b3
:0e6ef20090f86a0000f0010070470020704721
:020000040000fa
:020000040003f7
:106f000038b50446002343600360836001f0aefca3
:0e6f10000125257301f0aefc6573284638bddf
:020000040000fa
:020000040003f7
:106f1e0048b103694bb100209a8910441b68002bbd
:0e6f2e00fad180b270470020fbe70020f9e79f
:020000040000fa
:020000040003f7
:106f3c00c269016a8a4207d283695b1a4069101ad6
:0e6f4c001844013080b27047501a80b270476e
:020000040000fa
:020000040003f7
:106f5a0008b5d0f8d4303bb11968d0f8cc308b42a0
:0e6f6a0001d0f5f748fa08bdd0f8cc10f9e7d1
:020000040000fa
:020000040003f7
:106f7800034650b1827bc07b000440ea02605a7c21
:0e6f880010431b7c40ea032070470020704736
:020000040000fa
:020000040003f7
:106f960050f8040c30b50023040c4d1c000e9a4228
:0e6fa60001d8002030bdcc54e8540233f7e788
:020000040000fa
:020000040003f7
:106fb40010b50023934206d113f0030018bf01203b
:0e6fc40000eb930010bdc45ccc540133f2e727
:020000040000fa
:020000040003f7
:106fd400054b834204d128b1b3f84e0080b2704708
:0c6fe4000020704700207047900401203e
:020000040000fa
:020000040003f7
:106ff0004452562050485920696e69742066616970
:0c7000006c65643a2025640d0a0000bf96
:020000040000fa
:020000040003f7
:10700c000346006848b15a68824206bf00225a60a3
:0c701c0002681a609a68013a9a60704796
:020000040000fa
:020000040003f7
:1070280011f0010f09d042b108b5d0f898301178a5
:0c703800b3f91200fff776fe08bd7047a8
:020000040000fa
:020000040003f7
:1070440001eb01118900d0f88c300b440022da875f
:0c705400d0f88c301944a1f8402070479f
:020000040000fa
:020000040003f7
:1070600008b541f2c713c15419b141f2c813c35c4a
:0c70700003b108bd0121d7f76ffdfae75e
:020000040000fa
:020000040003f7
:10707c0010b584b0069c03940293002301930092f4
:0c708c000a460221edf74cfb04b010bdd9
:020000040000fa
:020000040003f7
:1070980053657474696e67206661696c65642c2039
:0c70a800616464723d307825580d0a00c8
:020000040000fa
:020000040003f7
:1070b4000346006848b15a68824206bf00225a60fb
:0c70c40002681a609a68013a9a607047ee
:020000040000fa
:020000040003f7
:1070d000496e73756666696369656e74205175657e
:0c70e0007565204465707468000000bff6
:020000040000fa
:020000040003f7
:1070ec0010b5446834b113460a460349411ac1f33a
:0c70fc000f11a04710bd00bf1cd90020e0
:020000040000fa
:020000040003f7
:1071080050b190f8422012f0400f01d10020704792
:0c7118000a68c260012070470020704728
:020000040000fa
:020000040003f7
:10712400034638b190f8422012f0400f0ebf0023fe
:0c7134000a680261181c18bf0120704797
:020000040000fa
:020000040003f7
:1071400050b190f8422012f0400f01d1002070475a
:0c7150000a68426101207047002070476f
:020000040000fa
:020000040003f7
:10715c00034638b190f8422002f04002002a14bfd6
:0c716c0003460023181c18bf01207047c8
:020000040000fa
:020000040003f7
:1071780008b548b190f8422012f0400f01d1002024
:0c71880008bd00f093fbfbe70020f9e7d6
:020000040000fa
:020000040003f7
:1071940008b548b190f8422012f0400f01d1002008
:0c71a40008bdfff79cfefbe70020f9e7a8
:020000040000fa
:020000040003f7
:1071b00008b5044b834204d1034b1b680bb1f3f7b2
:0c71c0002ff908bdd4fb00203c0001208a
:020000040000fa
:020000040003f7
:1071cc00756e6b0065746800776c616e0000000072
:0c71dc007070700067336164700000bfc9
:020000040000fa
:020000040003f7
:1071e8000346006848b15a68824206bf00225a60c6
:0c71f80002681a609a68013a9a607047b9
:020000040000fa
:020000040003f7
:1072040038b5447b0cb9204638bd054601f02cfb4b
:0c7214002b7b01332b7301f02bfbf4e704
:020000040000fa
:020000040003f7
:1072200038b502fb01f52946eff744fc044618b1d6
:0c7230002a46002100f0c6fe204638bdb2
:020000040000fa
:020000040003f7
:10723c0050b190f8422012f0400f01d1002070475d
:0c724c00b0f8660014387047002070474e
:020000040000fa
:020000040003f7
:10725800044b1b6823b9044b1960024b1860704734
:0c72680000207047b8000120b400012095
:020000040000fa
:020000040003f7
:107274003a20697065726620636f6d6d616e647328
:0c7284000000000069706572660000bf29
:020000040000fa
:020000040003f7
:10729000044b00221a80044b58614af201529a8032
:0c72a000012070472a040120004000413a
:020000040000fa
:020000040003f7
:1072ac0008b5836900f12002934206d90268013bbc
:0c72bc008361136809684068984708bdaa
:020000040000fa
:020000040003f7
:1072c80010b50c46084600f005fc02462146024b64
:0c72d8005888fdf77ffd10bd100101205b
:020000040000fa
:020000040003f7
:1072e4000d0a202a2a2a2053797374656d20526569
:0c72f400626f6f74202a2a2a0d0a000025
:020000040000fa
:020000040003f7
:107300004a68044b1a60044b0a895a8002221a7098
:0c731000002070471c010120200101201a
:020000040000fa
:020000040003f7
:10731c0070b505460c46164601f072f820f4406133
:0c732c00344321432846fff74bf870bda6
:020000040000fa
:020000040003f7
:1073380008b5054bd9684ff47a720023a1fb000108
:0c734800fef7cafa08bd00bf30f90020b3
:020000040000fa
:020000040003f7
:1073540010b582b09df8104004b922b10094f2f740
:0c7364004bfb02b010bd4ff0ff30fae709
:020000040000fa
:020000040003f7
:1073700008b5044b1a60012302460348faf75efa87
:0c73800008bd00bf28010120a18103000e
:020000040000fa
:020000040003f7
:10738c0000004f4e52000000c0e1e4000200000675
:0c739c0040070800800101010000000013
:020000040000fa
:020000040003f7
:1073a800318403005d790300757903005588030073
:0c73b800d57e0300e97e03001d64030085
:020000040000fa
:020000040003f7
:1073c40008b5034b034a0a210348f4f717fe08bd26
:0c73d4001c7a03002c7a0300f4e3020092
:020000040000fa
:020000040003f7
:1073e0005b4c4f475d2072696e672062756666650b
:0c73f0007220636c65617265640d0a0018
:020000040000fa
:020000040003f7
:1073fc00034a1170034a1360034b01221a70704741
:0c740c003c040120640101203a0401202e
:020000040000fa
:020000040003f7
:10741800034a1170034a1360034b01221a70704724
:0c7428003c040120680101203a0401200e
:020000040000fa
:020000040003f7
:1074340008b5054b1b78834200d108bd024b187078
:0c744400e3f768f8f9e700bf5c040120e2
:020000040000fa
:020000040003f7
:107450000f2803d8044b1b5c8b4200d07047024bb3
:0c74600000221a54fae700bfc0fc002014
:020000040000fa
:020000040003f7
:10746c0030b501390024a24206d0035d01340d5d14
:0c747c00ab42f8d0581b00e0002030bdef
:020000040000fa
:020000040003f7
:107488005ab110b40a44431e11f8014b03f8014fd6
:0c7498009142f9d15df8044b7047704739
:020000040000fa
:020000040003f7
:1074a40010b5c9b20244824201d1002304e0013a7a
:0c74b400134614788c42f6d1184610bd27
:020000040000fa
:020000040003f7
:1074c00050b140f21d42b0fa80f1521a8840c30a0e
:0c74d000400503eb0251704701007047bb
:020000040000fa
:020000040003f7
:1074dc00a0f13003092b07d940f0200061380528b2
:0c74ec008cbf0020012070470120704779
:020000040000fa
:020000040003f7
:1074f80013b50446019201aadcf7bcf8636813f0df
:0c750800100f18bf4ff0ff3002b010bd94
:020000040000fa
:020000040003f7
:1075140013b50446019201aad9f774f8636813f00d
:0c752400100f18bf4ff0ff3002b010bd78
:020000040000fa
:020000040003f7
:1075300000230b6043682bb11960416083680133fd
:0a7540008360704741600160f8e7c6
:020000040000fa
:020000040003f7
:10754a00d0f8a43021b11a6842f008021a607047d4
:0a755a001a6822f008021a60704758
:020000040000fa
:020000040003f7
:1075640000230b6043682bb11960416083680133c9
:0a7574008360704741600160f8e792
:020000040000fa
:020000040003f7
:10757e0010b584b002240294079c01949df8184023
:0a758e000094edf71efd04b010bddf
:020000040000fa
:020000040003f7
:1075980010b584b005240294079c01949df8184006
:0a75a8000094edf711fd04b010bdd2
:020000040000fa
:020000040003f7
:1075b200034640b190f8420010f0400000d17047fd
:0a75c20093f86b0070470020f9e712
:020000040000fa
:020000040003f7
:1075cc0008b5fff7fdfa30b190f8430080f01000d9
:0a75dc00c0f3001008bd0020fce71a
:020000040000fa
:020000040003f7
:1075e60000230b6043682bb1196041608368013347
:0a75f6008360704741600160f8e710
:020000040000fa
:020000040003f7
:1076000038b505460c462046fff7eefd014618b199
:0a7610002846fff7e8fff6e738bd53
:020000040000fa
:020000040003f7
:10761a0038b505460c462846fcf7fbfb014618b16f
:0a762a00e36820469847f6e738bdf4
:020000040000fa
:020000040003f7
:10763400022807d008b513460a4601210846dcf79c
:0a76440095fc08bd4ff0ff307047c1
:020000040000fa
:020000040003f7
:10764e0008b5fef780fe08b9002008bd0121f2f74b
:0a765e0036fec043c0f3c010f7e78a
:020000040000fa
:020000040003f7
:1076680008b5fef773fe20b1c26c22b1fdf724ff06
:0a76780008bd0020fce70020fae73f
:020000040000fa
:020000040003f7
:1076820000b583b06ff00103009300231a46194638
:0a769200e6f771fc03b05df804fb9d
:020000040000fa
:020000040003f7
:10769c000eb403b503aa52f8041b0192fef702f9cb
:0a76ac0002b05df804eb03b0704774
:020000040000fa
:020000040003f7
:1076b6000cb407b504ab53f8042b0193f8f763ff3a
:0a76c60003b05df804eb02b070475a
:020000040000fa
:020000040003f7
:1076d0000eb403b503aa52f8041b019200f04aff4e
:0a76e00002b05df804eb03b0704740
:020000040000fa
:020000040003f7
:1076ea0008b518b129b1ecf71efe08bd6ff0ac0061
:0876fa00fbe76ff0ac00f8e7bc
:020000040000fa
:020000040003f7
:1077020008b518b129b1f1f73efd08bd6ff0ac0024
:08771200fbe76ff0ac00f8e7a3
:020000040000fa
:020000040003f7
:10771a0008b518b129b1ebf76cf908bd6ff0ac00e8
:08772a00fbe76ff0ac00f8e78b
:020000040000fa
:020000040003f7
:10773200d0f8a4301a6822f008021a601a6822f0ff
:0877420004021a605b6a704743
:020000040000fa
:020000040003f7
:10774a0031b102682ab10a6001608368013383603b
:08775a00704741600160f8e78f
:020000040000fa
:020000040003f7
:1077640008b519b10121fff779fc08bd0148f5f707
:08777400affafae77c7703008d
:020000040000fa
:020000040003f7
:10777c0046696e616c2073657474696e672066610e
:08778c00696c65640d0a000040
:020000040000fa
:020000040003f7
:1077940010b584b001240294069c01940093002344
:0877a400edf714fc04b010bd68
:020000040000fa
:020000040003f7
:1077ac0010b584b003240294069c0194009300232a
:0877bc00edf708fc04b010bd5c
:020000040000fa
:020000040003f7
:1077c40010b584b004240294069c01940093002311
:0877d400edf7fcfb04b010bd51
:020000040000fa
:020000040003f7
:1077dc005f4452565f4d49494d5f4f704c6973740d
:0877ec0052656d6f7665000027
:020000040000fa
:020000040003f7
:1077f4004d49494d5f50726f636573735f526561a4
:0878040064457874000000bf28
:020000040000fa
:020000040003f7
:10780c004d49494d5f50726f636573735f57726971
:08781c0074654578740000bf9b
:020000040000fa
:020000040003f7
:107824005f4452565f4d49494d5f52656c656173c3
:08783400654f7044637074009d
:020000040000fa
:020000040003f7
:10783c000b7813f0010f06d00b786ff300030b706d
:08784c00436a013b43627047ef
:020000040000fa
:020000040003f7
:1078540040b190f8422012f0400f01d1002070474f
:08786400c06870470020704766
:020000040000fa
:020000040003f7
:10786c0040b190f8422012f0400f01d10020704737
:08787c0000697047002070470d
:020000040000fa
:020000040003f7
:1078840040b190f8422012f0400f01d1002070471f
:087894004069704700207047b5
:020000040000fa
:020000040003f7
:10789c0040b190f8422012f0400f01d10020704707
:0878ac0040687047002070479e
:020000040000fa
:020000040003f7
:1078b40040b190f8422012f0400f01d100207047ef
:0878c400806870470020704746
:020000040000fa
:020000040003f7
:1078cc0008b500eb4000034b03eb8000fff786fc90
:0878dc0008bd00bf14f30020f9
:020000040000fa
:020000040003f7
:1078e4006d69696d206f70656e3a206661696c65bb
:0878f40064210d0a000000bf31
:020000040000fa
:020000040003f7
:1078fc0010b5044608460421fdf74cfde368b0fbc7
:08790c00f3f202fb130010bdb1
:020000040000fa
:020000040003f7
:1079140008b5044b186820b100f0d5fc014b0022d7
:087924001a6008bd0c010120ee
:020000040000fa
:020000040003f7
:10792c00044a9368d06883423ebf024a12699b188e
:08793c00181a7047ecf8002056
:020000040000fa
:020000040003f7
:10794400044bd86a9b6a984282bf024a126b9b1806
:08795400181a7047ecf800203e
:020000040000fa
:020000040003f7
:10795c00044a136843f002031360136913f0020f17
:08796c00fbd170470038004018
:020000040000fa
:020000040003f7
:10797400044a136823f002031360136913f0020f1f
:08798400fbd170470038004000
:020000040000fa
:020000040003f7
:10798c0008b5d0f8d43033b15968d0f8d0308b4228
:08799c0001d0f4f72ffd08bd36
:020000040000fa
:020000040003f7
:1079a40008b503681b68034940689847fef796ffcb
:0879b40008bd00bfe4720300ee
:020000040000fa
:020000040003f7
:1079bc0038b504460d4600f023fd20f440712943f0
:0879cc002046fef7fdfc38bd6a
:020000040000fa
:020000040003f7
:1079d400044b1b69834232bfc01ac3f58033c018fd
:0879e400704700bf30f90020dc
:020000040000fa
:020000040003f7
:1079ec00000000002e0000002f00000030000000fe
:0879fc001f0000002000000044
:020000040000fa
:020000040003f7
:107a04002dd4020045790300ad7e030069620200b3
:087a14004d880300c17e030050
:020000040000fa
:020000040003f7
:107a1c003a205465737420436f6d6d616e6473000e
:087a2c0054657374000000bff3
:020000040000fa
:020000040003f7
:107a3400c4da020079d10100d0da02001cdb0200b2
:087a440099ac020028db0200ee
:020000040000fa
:020000040003f7
:107a4c0000b583b0cde9002302460b460020d1f7e8
:087a5c0039ff03b05df804fbe3
:020000040000fa
:020000040003f7
:107a6400034b1870034b00200021c3e90001704749
:087a74002a060120b8fe0020e3
:020000040000fa
:020000040003f7
:107a7c00eff3108172b6034a53690343536101b9a2
:087a8c0062b6704700080040db
:020000040000fa
:020000040003f7
:107a9400eff3108172b6034a93690343936101b90a
:087aa40062b6704700080040c3
:020000040000fa
:020000040003f7
:107aac00eff3108172b6034ad3690343d36101b972
:087abc0062b6704700080040ab
:020000040000fa
:020000040003f7
:107ac400eff3108172b6034a136a0343136201b9d8
:087ad40062b670470008004093
:020000040000fa
:020000040003f7
:107adc0003783bb1034600bf13f8012f002afbd1fa
:087aec00181a70471846704794
:020000040000fa
:020000040003f7
:107af40038b504460d46fff7efff2946421c2046e1
:087b0400bde83840fff7ccbcde
:020000040000fa
:020000040003f7
:107b0c00044a136823b910600361016001207047b7
:087b1c0000207047f403012072
:020000040000fa
:020000040003f7
:107b2400034b04481a68504301301860400c7047f6
:087b3400fc0301202d7f954c9c
:020000040000fa
:020000040003f7
:107b3c00d0e90f2310b59c1a0165446511b18c4234
:087b4c00c8bf5318c36410bd4b
:020000040000fa
:020000040003f7
:107b540010b4c46a1cb123465df8044b184700688e
:087b64005df8044b00f0e3bee4
:020000040000fa
:020000040003f7
:107b6c0008b50021faf75efa10b190f90c0008bdc7
:067b7c004ff0ff30fbe7b3
:020000040000fa
:020000040003f7
:107b820038b1b0f8423013f0070f0cbf01200020cb
:067b92007047002070475f
:020000040000fa
:020000040003f7
:107b980008b50021fcf784fd18b1807800f00100d9
:067ba80008bd0020fce70f
:020000040000fa
:020000040003f7
:107bae0008b50021fcf779fd18b14088c0f34000fc
:067bbe0008bd0020fce7f9
:020000040000fa
:020000040003f7
:107bc400034628b190f93800002283f83820704722
:067bd4006ff0080070478d
:020000040000fa
:020000040003f7
:107bda00b2f5007f00d0704708b5012211461a207d
:067bea00faf791f808bd56
:020000040000fa
:020000040003f7
:107bf00008b5fef7affb20b190f83f00c0f380005e
:067c000008bd0020fce7b6
:020000040000fa
:020000040003f7
:107c0600b2f5807f00d0704708b5012211462120c9
:067c1600faf77bf808bd3f
:020000040000fa
:020000040003f7
:107c1c00b2f5007f00d0704708b501221146212033
:067c2c00faf770f808bd34
:020000040000fa
:020000040003f7
:107c320008b528b16ff001020021fcf738fa08bd3f
:067c42006ff0ac00fbe74f
:020000040000fa
:020000040003f7
:107c4800027843781b0443ea0263c27813438078be
:067c580043ea0020704722
:020000040000fa
:020000040003f7
:107c5e0010b50023c25ccc5ca24202d10133002ad3
:067c6e00f8d1101b10bd4f
:020000040000fa
:020000040003f7
:107c74000068002808b501da002008bdfaf786fc80
:067c8400431cfad1f8e7f1
:020000040000fa
:020000040003f7
:107c8a0037b54ff0ff344ff0ff35cde90045f9f72e
:067c9a0070ff03b030bdd5
:020000040000fa
:020000040003f7
:107ca00068076c094c836a9074a07ac00080688869
:067cb00000846c820081db
:020000040000fa
:020000040003f7
:107cb800ad5f03007d2f0300ed0503002d360300a3
:047cc80071840200c1
:020000040000fa
:020000040003f7
:107ccc00034b186880f0010040f30000c0b270470d
:047cdc00e48200201e
:020000040000fa
:020000040003f7
:107ce000d0f8a420536823f0105323f4fc731943f5
:047cf0005160704728
:020000040000fa
:020000040003f7
:107cf40001b1704708b511460148f4f7e9ff08bd22
:047d04009870030070
:020000040000fa
:020000040003f7
:107d08005b736b697070656420256c755d0d0a0086
:047d180025730000cf
:020000040000fa
:020000040003f7
:107d1c005f4452565f4d49494d5f50726f636573b6
:047d2c00734f700021
:020000040000fa
:020000040003f7
:107d30004d49494d5f50726f636573735f52656162
:047d4000640000bf1c
:020000040000fa
:020000040003f7
:107d44004d49494d5f50726f636573735f57726934
:047d54007465000052
:020000040000fa
:020000040003f7
:107d58004d49494d5f50726f636573735f5363613b
:047d68006e0000bfea
:020000040000fa
:020000040003f7
:107d6c005f4452565f4d49494d5f5265706f727456
:047d7c004f70000044
:020000040000fa
:020000040003f7
:107d80005f4452565f4d49494d5f4f705265737560
:047d90006c7400000f
:020000040000fa
:020000040003f7
:107d94005f4452565f4d49494d5f4765744f704487
:047da4006370740094
:020000040000fa
:020000040003f7
:107da80015fa02004d0003009d15030079a3020097
:047db800c1b702004d
:020000040000fa
:020000040003f7
:107dbc0008b518b10278012a01d0002008bdedf7f2
:047dcc006dfefbe766
:020000040000fa
:020000040003f7
:107dd00028b190f8422012f0400f01d100207047e6
:047de0003c3070477c
:020000040000fa
:020000040003f7
:107de400034b1b7b834206bf014b986800207047fe
:047df400d4fb00209c
:020000040000fa
:020000040003f7
:107df800cc710300d0710300d4710300dc7103005f
:047e0800e071030022
:020000040000fa
:020000040003f7
:107e0c005f5443504950537461636b5061636b65ad
:047e1c007454780022
:020000040000fa
:020000040003f7
:107e200066756c6c000000006c6f7700646f776e95
:047e3000000000bf8f
:020000040000fa
:020000040003f7
:107e3400681401007c140100241401007014010072
:047e440084140100a1
:020000040000fa
:020000040003f7
:107e480000b2b0f1ff3f01d10020704708b5f2f74a
:047e580035f808bd34
:020000040000fa
:020000040003f7
:107e5c008d6c03007f600300856a0300497e03007c
:047e6c0035df0200fc
:020000040000fa
:020000040003f7
:107e700010b504464c30fff7b7f901462046fbf732
:047e800017fc10bd1e
:020000040000fa
:020000040003f7
:107e8400034b588a80f0010000f00100704700bfe6
:047e94000040004169
:020000040000fa
:020000040003f7
:107e9800034b187e80f00200c0f34000704700bf1b
:047ea8000030004066
:020000040000fa
:020000040003f7
:107eac0010b5034b1c6bfff747fd013c201a10bdae
:047ebc00ecf80020be
:020000040000fa
:020000040003f7
:107ec00010b5034b1c69fff731fd013c201a10bdb2
:047ed000ecf80020aa
:020000040000fa
:020000040003f7
:107ed400034b98831a46136913f0400ffbd1704784
:047ee4000038004022
:020000040000fa
:020000040003f7
:107ee800034bd8831a46136913f0800ffbd17047f0
:047ef800003800400e
:020000040000fa
:020000040003f7
:107efc00c9720300c5d8020021550300818103001b
:047f0c000d6d0300f4
:020000040000fa
:020000040003f7
:107f100028b9034b01225a71096819601a71704718
:047f200044fd0020fc
:020000040000fa
:020000040003f7
:107f240008b5002202491046fdf77bfd08bd00bfdd
:047f34003989030084
:020000040000fa
:020000040003f7
:107f3800024b1970024b01221a7070473c04012051
:047f48003a040120d6
:020000040000fa
:020000040003f7
:107f4c0008b500231a4602490320f6f7c7fd08bd01
:047f5c009d840300fd
:020000040000fa
:020000040003f7
:107f6000024b1970024b01221a7070475304012012
:047f70005204012096
:020000040000fa
:020000040003f7
:107f7400024b034a1a600520704700bff405012034
:047f8400fc5e03009c
:020000040000fa
:020000040003f7
:107f88006e6f20737563682070776d2068616e640a
:047f98006c65000014
:020000040000fa
:020000040003f7
:107f9c00034b59681a4653685b1a8342fbd37047ec
:047fac00001000e0e1
:020000040000fa
:020000040003f7
:107fb000cd800300b56f0300976f0300798903003c
:047fc00079890300b8
:020000040000fa
:020000040003f7
:107fc40032b1c9b20244034603f8011b9342fbd108
:047fd400704700bf33
:020000040000fa
:020000040003f7
:107fd80010b50c46f8f776fa0378e4b2a34218bf56
:047fe800002010bda8
:020000040000fa
:020000040003f7
:107fec00034600bf11f8012b184603f8012b002a99
:047ffc00f8d1704701
:020000040000fa
:020000040003f7
:1080000037b500244ff00045cde90045f9f7b6fd3e
:0480100003b030bdcc
:020000040000fa
:020000040003f7
:1080140037b54ff0ff340025cde90045f9f7acfd45
:0480240003b030bdb8
:020000040000fa
:020000040003f7
:1080280037b54ff000440025cde90045f9f7a2fd2a
:0480380003b030bda4
:020000040000fa
:020000040003f7
:10803c0008b518b1fff7f7fd002008bd6ff0ac00d4
:02804c00fbe750
:020000040000fa
:020000040003f7
:10804e00d0f8b42000231370d0f8bc201370012098
:02805e00704769
:020000040000fa
:020000040003f7
:1080600008b5084600f044f810b1012280f8042158
:0280700008bd49
:020000040000fa
:020000040003f7
:10807200036a2bb11a6a026200225a751a621a70d6
:02808200704745
:020000040000fa
:020000040003f7
:10808400034620b1c06a1b6bc01a00017047002070
:02809400704733
:020000040000fa
:020000040003f7
:1080960008b5fef75cf910b1fef74dff08bd0020ec
:0280a600fce7f5
:020000040000fa
:020000040003f7
:1080a800eff3108072b6bff35f8fb0fa80f040092b
:0280b80070470f
:020000040000fa
:020000040003f7
:1080ba0018b1bff35f8f62b6704772b6bff35f8fb6
:0280ca007047fd
:020000040000fa
:020000040003f7
:1080cc000a440023914201d10020704701f8013b82
:0280dc00f8e7c3
:020000040000fa
:020000040003f7
:1080de0008b510b1fff7cefa08bd6ff0ac00fbe7a4
:020000040000fa
:020000040003f7
:1080f000024b98420cbf18460020704780ec0020cd
:020000040000fa
:020000040003f7
:108100004452565f4d49494d5f5461736b73000093
:020000040000fa
:020000040003f7
:108110000000000038800100448001004c80010014
:020000040000fa
:020000040003f7
:1081200010b50446fff779fa2046fdf75df810bd5b
:020000040000fa
:020000040003f7
:1081300008b5fef7d3f8034600b1436a184608bdf8
:020000040000fa
:020000040003f7
:1081400008b5fef707f9034600b1836c184608bd71
:020000040000fa
:020000040003f7
:10815000024b03eb001041608260704758fb002027
:020000040000fa
:020000040003f7
:10816000024b40f204521a80704700bf00400041a9
:020000040000fa
:020000040003f7
:1081700008b513460a461946fff786f9012008bddf
:020000040000fa
:020000040003f7
:1081800008b5024b5888fcf70ffe08bd100101200e
:020000040000fa
:020000040003f7
:1081900010b9024b187970470320704744fd002046
:020000040000fa
:020000040003f7
:1081a00008b5024b1b680021984708bd2801012033
:020000040000fa
:020000040003f7
:1081b00089b6020081e80100997e0300258403004e
:020000040000fa
:020000040003f7
:1081c0000a000000000000000000000000000000a5
:020000040000fa
:020000040003f7
:1081d0000028024818bf0020704700bf60fa002046
:020000040000fa
:020000040003f7
:1081e000024b1878003018bf012070474a04012064
:020000040000fa
:020000040003f7
:1081f000024b186801301860704700bf80010120f1
:020000040000fa
:020000040003f7
:1082000008b5fcf7bbfe022814bf0020012008bd02
:020000040000fa
:020000040003f7
:108210004ce6020058e6020064e602006ce602004a
:020000040000fa
:020000040003f7
:108220000f289abf014b185c00207047c0fc00204b
:020000040000fa
:020000040003f7
:1082300010b582b0049c0094f4f728ff02b010bd82
:020000040000fa
:020000040003f7
:10824000024b4ff48062c3f89c21704700800041cc
:020000040000fa
:020000040003f7
:10825000256c75206d730000256c7520757300000a
:020000040000fa
:020000040003f7
:10826000024a536813f0020ffbd170470028004008
:020000040000fa
:020000040003f7
:10827000494e4600696e66004e414e006e616e00ca
:020000040000fa
:020000040003f7
:10828000494e4600696e66004e414e006e616e00ba
:020000040000fa
:020000040003f7
:1082900008b5f6f748fdf6f746fdf6f744fd08bdcc
:020000040000fa
:020000040003f7
:0e82a00018b141f2c112805c7047ff20704798
:020000040000fa
:020000040003f7
:0e82ae0010b1b0f8600070474ff0ff3070471d
:020000040000fa
:020000040003f7
:0e82bc0010b1b0f8600070474ff0ff3070470f
:020000040000fa
:020000040003f7
:0e82ca0020b10022026042608260c2607047f4
:020000040000fa
:020000040003f7
:0e82d80008b510b10369984708bd0020fce707
:020000040000fa
:020000040003f7
:0e82e60008b510b14369984708bd0020fce7b9
:020000040000fa
:020000040003f7
:0e82f40008b510b18369984708bd0020fce76b
:020000040000fa
:020000040003f7
:0e83020008b510b1c369984708bd0020fce71c
:020000040000fa
:020000040003f7
:0e83100083b203eb104000eb104080b27047c8
:020000040000fa
:020000040003f7
:0e831e0048f6b503984214bf002001207047b6
:020000040000fa
:020000040003f7
:0e832c0008b54ff49c720021fff746fe08bd15
:020000040000fa
:020000040003f7
:0e833a0008b50020f0f70ffafdf72bfdfce769
:020000040000fa
:020000040003f7
:0e834800a0f14103192b98bf40f020007047b0
:020000040000fa
:020000040003f7
:0e835600a0f16103192b98bf00f05f00704783
:020000040000fa
:020000040003f7
:0c836400d0f8a4305869c0f340107047f6
:020000040000fa
:020000040003f7
:0c83700008b9014b5975704780ec0020e3
:020000040000fa
:020000040003f7
:0c837c00806880f00400c0f380007047af
:020000040000fa
:020000040003f7
:0c838800014b93f813027047d0dd002079
:020000040000fa
:020000040003f7
:0c839400014b1868704700bf3800012042
:020000040000fa
:020000040003f7
:0c83a000014b1888704700bfd4fb002080
:020000040000fa
:020000040003f7
:0c83ac0025642e25642e25642e25640017
:020000040000fa
:020000040003f7
:0c83b80010b1c06a00017047002070473f
:020000040000fa
:020000040003f7
:0c83c40010b1406b0001704700207047b2
:020000040000fa
:020000040003f7
:0c83d000014b00221a6070479c00012045
:020000040000fa
:020000040003f7
:0c83dc0008b501220146e0f721ff08bdb2
:020000040000fa
:020000040003f7
:0c83e800014b1868704700bfd000012056
:020000040000fa
:020000040003f7
:0c83f40013688868c01a18bf0120704789
:020000040000fa
:020000040003f7
:0c840000014b1868704700bfe400012029
:020000040000fa
:020000040003f7
:0c840c000001014b185a704738fb00209b
:020000040000fa
:020000040003f7
:0c84180003695a400a405a400261704754
:020000040000fa
:020000040003f7
:0c842400014b1862596270471cfa0020de
:020000040000fa
:020000040003f7
:0c843000014b18605960704734fd0020bb
:020000040000fa
:020000040003f7
:0c843c0008200800080000000d0a3e00a7
:020000040000fa
:020000040003f7
:0c844800014b5888704700bf2001012044
:020000040000fa
:020000040003f7
:0c845400014b1868704700bf1c0101209c
:020000040000fa
:020000040003f7
:0c846000014bd868704700bf30f90020c5
:020000040000fa
:020000040003f7
:0c846c0000000000040000000000000000
:020000040000fa
:020000040003f7
:0c84780070890300445d03000000000058
:020000040000fa
:020000040003f7
:0c8484000200000000001700000000bf14
:020000040000fa
:020000040003f7
:0c849000014b93f82000704748fa0020d0
:020000040000fa
:020000040003f7
:0c849c0008b5fff7cffef3f739fc08bd70
:020000040000fa
:020000040003f7
:0c84a800014b1878704700bf250601202a
:020000040000fa
:020000040003f7
:0c84b40030fe020045fc010048490300b6
:020000040000fa
:020000040003f7
:0c84c00084240300a91c0100e418030040
:020000040000fa
:020000040003f7
:0c84cc00014b1878704700bf5c040120d1
:020000040000fa
:020000040003f7
:0c84d800b03403002991000074e602009b
:020000040000fa
:020000040003f7
:0c84e400014b1870704700bf62040120bb
:020000040000fa
:020000040003f7
:0c84f000014b1878704700bf65040120a4
:020000040000fa
:020000040003f7
:0c84fc00014b1870704700bf7004012095
:020000040000fa
:020000040003f7
:0c850800014bd3e90001704718ff002070
:020000040000fa
:020000040003f7
:0c851400014b1870704700bf6c04012080
:020000040000fa
:020000040003f7
:0c852000014b1868704700bf00030120e9
:020000040000fa
:020000040003f7
:0c852c00014b1868704700bf7c03012061
:020000040000fa
:020000040003f7
:0c853800014b1868704700bf8003012051
:020000040000fa
:020000040003f7
:0c854400014b01221a7070478a040120cc
:020000040000fa
:020000040003f7
:0c85500010b50446fff74afd204610bda0
:020000040000fa
:020000040003f7
:0c855c0010b50446f9f73efa204610bda9
:020000040000fa
:020000040003f7
:0c856800014b013818607047fc03012033
:020000040000fa
:020000040003f7
:0c85740013460a466ff00041f8f706b805
:020000040000fa
:020000040003f7
:0a858000d0f8a43020225a617047a1
:020000040000fa
:020000040003f7
:0a858a00d0f8a430d3f800017047c8
:020000040000fa
:020000040003f7
:0a859400d0f8a430d3f804017047ba
:020000040000fa
:020000040003f7
:0a859e00d0f8a430d3f808017047ac
:020000040000fa
:020000040003f7
:0a85a800d0f8a430d3f80c0170479e
:020000040000fa
:020000040003f7
:0a85b200d0f8a430d3f81001704790
:020000040000fa
:020000040003f7
:0a85bc00d0f8a430d3f81401704782
:020000040000fa
:020000040003f7
:0a85c600d0f8a430d3f81801704774
:020000040000fa
:020000040003f7
:0a85d000d0f8a430d3f81c01704766
:020000040000fa
:020000040003f7
:0a85da00d0f8a430d3f82001704758
:020000040000fa
:020000040003f7
:0a85e400d0f8a430d3f8240170474a
:020000040000fa
:020000040003f7
:0a85ee00d0f8a430d3f8280170473c
:020000040000fa
:020000040003f7
:0a85f800d0f8a430d3f82c0170472e
:020000040000fa
:020000040003f7
:0a860200d0f8a430d3f8300170471f
:020000040000fa
:020000040003f7
:0a860c00d0f8a430d3f83401704711
:020000040000fa
:020000040003f7
:0a861600d0f8a430d3f83801704703
:020000040000fa
:020000040003f7
:0a862000d0f8a430d3f83c017047f5
:020000040000fa
:020000040003f7
:0a862a00d0f8a430d3f840017047e7
:020000040000fa
:020000040003f7
:0a863400d0f8a430d3f844017047d9
:020000040000fa
:020000040003f7
:0a863e00d0f8a430d3f848017047cb
:020000040000fa
:020000040003f7
:0a864800d0f8a430d3f84c017047bd
:020000040000fa
:020000040003f7
:0a865200d0f8a430d3f850017047af
:020000040000fa
:020000040003f7
:0a865c00d0f8a430d3f854017047a1
:020000040000fa
:020000040003f7
:0a866600d0f8a430d3f85801704793
:020000040000fa
:020000040003f7
:0a867000d0f8a430d3f85c01704785
:020000040000fa
:020000040003f7
:0a867a00d0f8a430d3f86001704777
:020000040000fa
:020000040003f7
:0a868400d0f8a430d3f86401704769
:020000040000fa
:020000040003f7
:0a868e00d0f8a430d3f8680170475b
:020000040000fa
:020000040003f7
:0a869800d0f8a430d3f86c0170474d
:020000040000fa
:020000040003f7
:0a86a200d0f8a430d3f8700170473f
:020000040000fa
:020000040003f7
:0a86ac00d0f8a430d3f87401704731
:020000040000fa
:020000040003f7
:0a86b600d0f8a430d3f87801704723
:020000040000fa
:020000040003f7
:0a86c000d0f8a430d3f87c01704715
:020000040000fa
:020000040003f7
:0a86ca00d0f8a430d3f88001704707
:020000040000fa
:020000040003f7
:0a86d400d0f8a430d3f884017047f9
:020000040000fa
:020000040003f7
:0a86de00d0f8a430d3f888017047eb
:020000040000fa
:020000040003f7
:0a86e800d0f8a430d3f88c017047dd
:020000040000fa
:020000040003f7
:0a86f200d0f8a430d3f890017047cf
:020000040000fa
:020000040003f7
:0a86fc00d0f8a430d3f894017047c1
:020000040000fa
:020000040003f7
:0a870600d0f8a430d3f898017047b2
:020000040000fa
:020000040003f7
:0a871000d0f8a430d3f89c017047a4
:020000040000fa
:020000040003f7
:0a871a00d0f8a430d3f8a001704796
:020000040000fa
:020000040003f7
:0a872400d0f8a430d3f8a401704788
:020000040000fa
:020000040003f7
:0a872e00d0f8a430d3f8a80170477a
:020000040000fa
:020000040003f7
:0a873800d0f8a430d3f8ac0170476c
:020000040000fa
:020000040003f7
:0a874200d0f8a430d3f8b00170475e
:020000040000fa
:020000040003f7
:0a874c0041f2ca130022c254704724
:020000040000fa
:020000040003f7
:0a8756004368a3f8a2100120704749
:020000040000fa
:020000040003f7
:0a876000036843f010030360704744
:020000040000fa
:020000040003f7
:0a876a00036823f01003036070475a
:020000040000fa
:020000040003f7
:0a87740010b1406c00b1406870477e
:020000040000fa
:020000040003f7
:0a877e0090f8420000f00700704779
:020000040000fa
:020000040003f7
:0a8788000023436003608360704724
:020000040000fa
:020000040003f7
:0a87920008b50123f2f73ffe08bd11
:020000040000fa
:020000040003f7
:0a879c0008b50223fbf796fb08bda9
:020000040000fa
:020000040003f7
:0a87a60008b50020f4f7fdfd08bd42
:020000040000fa
:020000040003f7
:0a87b00008b50120f4f7f8fd08bd3c
:020000040000fa
:020000040003f7
:0887bc00474d4143000000bfde
:020000040000fa
:020000040003f7
:0887c400d0f8a430586a704798
:020000040000fa
:020000040003f7
:0887cc00d0f8a4309a62704756
:020000040000fa
:020000040003f7
:0887d400d0f8a430da6270470e
:020000040000fa
:020000040003f7
:0887dc004368b3f8a4007047e4
:020000040000fa
:020000040003f7
:0887e4004c414e3836355800b7
:020000040000fa
:020000040003f7
:0887ec00454d7631000000bf8d
:020000040000fa
:020000040003f7
:0887f40008b50368984708bdb1
:020000040000fa
:020000040003f7
:0887fc0008b54368984708bd69
:020000040000fa
:020000040003f7
:0888040008b58368984708bd20
:020000040000fa
:020000040003f7
:08880c0008b5c368984708bdd8
:020000040000fa
:020000040003f7
:0888140008b5fff7dbfa08bd0f
:020000040000fa
:020000040003f7
:08881c00003018bf0120704775
:020000040000fa
:020000040003f7
:08882400688001007080010072
:020000040000fa
:020000040003f7
:08882c0058800100608001008a
:020000040000fa
:020000040003f7
:0888340008b5fef763fb08bd67
:020000040000fa
:020000040003f7
:08883c0008b5f8f703fe08bdc2
:020000040000fa
:020000040003f7
:0888440008b5fbf725fb08bd98
:020000040000fa
:020000040003f7
:08884c0008b5fff76df808bd47
:020000040000fa
:020000040003f7
:08885400004870470087930300
:020000040000fa
:020000040003f7
:08885c001b5b2564430000bf13
:020000040000fa
:020000040003f7
:088864001b5b2564440000bf0a
:020000040000fa
:020000040003f7
:08886c0008b5fff71bfc08bd75
:020000040000fa
:020000040003f7
:0888740008b5fff720fc08bd68
:020000040000fa
:020000040003f7
:08887c0008b5fcf73fff08bd41
:020000040000fa
:020000040003f7
:088884000000000000080042a2
:020000040000fa
:020000040003f7
:08888c000000001000000000d4
:020000040000fa
:020000040003f7
:088894000000000000000020bc
:020000040000fa
:020000040003f7
:08889c00010000004c6d030017
:020000040000fa
:020000040003f7
:0888a400a87303006b00000043
:020000040000fa
:020000040003f7
:0888ac000a00000000020002b6
:020000040000fa
:020000040003f7
:0888b4000a00000200000000b0
:020000040000fa
:020000040003f7
:0888bc0065746830000000bf84
:020000040000fa
:020000040003f7
:0888c40025732573000000bfbd
:020000040000fa
:020000040003f7
:0888cc0008b5f3f72bfc08bd11
:020000040000fa
:020000040003f7
:0888d4006d73000075730000d4
:020000040000fa
:020000040003f7
:0888dc00ffffffffffff00bfdb
:020000040000fa
:020000040003f7
:0888e40083f00043dff713bf2e
:020000040000fa
:020000040003f7
:0888ec00286e696c29002500cb
:020000040000fa
:020000040003f7
:0788f400286e756c6c290071
:020000040000fa
:020000040003f7
:0688fc0090f990007047a6
:020000040000fa
:020000040003f7
:068902006ff00500704754
:020000040000fa
:020000040003f7
:068908006ff0050070474e
:020000040000fa
:020000040003f7
:06890e00406b80b27047cf
:020000040000fa
:020000040003f7
:0689140000b12c30704799
:020000040000fa
:020000040003f7
:06891a006ff0050070473c
:020000040000fa
:020000040003f7
:068920006ff00500704736
:020000040000fa
:020000040003f7
:068926006ff0070070472e
:020000040000fa
:020000040003f7
:06892c0013688b60704728
:020000040000fa
:020000040003f7
:068932004ff0ff3070471a
:020000040000fa
:020000040003f7
:068938006ff48770704728
:020000040000fa
:020000040003f7
:06893e006ff0010070471c
:020000040000fa
:020000040003f7
:048944000720704751
:020000040000fa
:020000040003f7
:048948000020704754
:020000040000fa
:020000040003f7
:04894c000820704748
:020000040000fa
:020000040003f7
:04895000002070474c
:020000040000fa
:020000040003f7
:048954000020704748
:020000040000fa
:020000040003f7
:048958000020704744
:020000040000fa
:020000040003f7
:04895c00006a7047f6
:020000040000fa
:020000040003f7
:04896000816170477a
:020000040000fa
:020000040003f7
:0489640041617047b6
:020000040000fa
:020000040003f7
:0489680020092c00b6
:020000040000fa
:020000040003f7
:04896c00012070472f
:020000040000fa
:020000040003f7
:04897000047a030082
:020000040000fa
:020000040003f7
:048974004d207047db
:020000040000fa
:020000040003f7
:048978000020704724
:020000040000fa
:020000040003f7
:04897c000020704720
:020000040000fa
:020000040003f7
:04898000002070471c
:020000040000fa
:020000040003f7
:04898400fbf7b2b992
:020000040000fa
:020000040003f7
:04898800704700bf75
:020000040000fa
:0200000400807a
:044000003912003c35
:020000040000fa
:0200000400807a
:044004008000a82a66
:020000040000fa
:0200000400807a
:04400800ffffffffb8
:00000001FF
