:020000040000fa
:10000000f8ff0320b953020069f402006df4020006
:1000100075f4020079f402007df402000000000093
:1000200000000000000000000000000065f4020075
:1000300071f402000000000065f4020065f40200a3
:1000400065f4020065f4020065f4020065f4020044
:1000500065f4020065f4020065f4020065f4020034
:1000600065f4020065f4020065f4020065f4020024
:1000700065f4020065f4020065f4020065f4020014
:1000800065f4020065f4020065f4020065f4020004
:1000900065f4020065f4020065f4020065f40200f4
:1000a00065f4020065f4020065f4020065f40200e4
:1000b00065f4020065f4020065f40200d5980200c0
:1000c0002999020065f4020065f4020065f402005b
:1000d00065f4020065f4020065f4020065f40200b4
:1000e00065f4020065f4020000000000000000005a
:1000f0000000000065f402004dbd01004dbd01008f
:100100004dbd01004dbd0100e59d0200e59d0200d1
:10011000e59d0200e59d020065f4020065f4020021
:1001200065f4020065f4020065f4020065f4020063
:1001300065f4020065f4020065f4020065f4020053
:1001400065f4020065f4020065f4020065f4020043
:1001500065f4020065f4020065f4020065f4020033
:1001600065f4020065f4020065f4020065f4020023
:1001700065f4020065f4020065f4020065f4020013
:1001800065f4020065f4020065f4020065f4020003
:10019000c9cd020065f4020065f4020065f40200b6
:1001a00065f4020065f4020065f4020065f40200e3
:1001b00065f4020065f4020065f4020065f40200d3
:1001c00065f4020065f4020065f4020065f40200c3
:1001d00065f4020065f4020065f4020065f40200b3
:1001e00065f4020065f4020065f4020059cf0200d4
:1001f00065f4020065f4020065f4020065f4020093
:1002000065f4020065f4020065f4020065f4020082
:1002100065f4020065f4020065f4020065f4020072
:1002200065f4020065f4020065f4020065f4020062
:1002300065f4020065f4020065f4020065f4020052
:1002400065f4020065f4020065f4020065f4020042
:1002500065f4020065f4020065f4020065f4020032
:0402600065f402003f
:020000040000fa
:10026400f8b500bff8bc08bc9e467047e5ad020077
:10027400f8b500bff8bc08bc9e467047c1ad02008b
:020000040000fa
:08028400484a010001000000de
:020000040000fa
:10028c00504859204173736572743a2025732c20a1
:10029c00696e206c696e653a2025642c200d0a006d
:1002ac0050485920436f6e643a2025732c20696e98
:1002bc00206c696e653a2025642c200d0a00000024
:1002cc004452565f504859206f7065726174696f63
:1002dc006e206572726f723a2025640d0a00000060
:1002ec004452562050485920696e697420666169e1
:1002fc006c65643a2025640d0a000000474d4143ab
:10030c0000000000436869702d5265766973696f4f
:10031c006e000000504c43412d456e61626c65646b
:10032c0000000000504c43412d53746174757300f0
:10033c00504c43412d4e6f6465496400504c434111
:10034c002d4e6f6465436f756e740000504c4341c5
:10035c002d4275727374436f756e7400504c43412b
:10036c002d427572737454696d6572005443362d49
:10037c004368756e6b53697a6500000054582d43c1
:10038c0075745468726f75676800000052582d437d
:10039c0075745468726f75676800000050726f6de9
:1003ac00697363756f75730053504920467265719c
:1003bc0075656e63790000005b736b6970706564c2
:1003cc0020256c755d0d0a00257300004c414e38dc
:1003dc003635785f25642000537461747573302e44
:1003ec005472616e736d69742050726f746f636fa9
:1003fc006c204572726f720d0a00000053746174a8
:10040c007573302e5472616e736d6974204275660b
:10041c00666572204f766572666c6f7720457272d6
:10042c006f720d0a00000000537461747573302ee6
:10043c005472616e736d69742042756666657220c4
:10044c00556e646572666c6f77204572726f720db3
:10045c000a000000537461747573302e5265636525
:10046c0069766520427566666572204f76657266a0
:10047c006c6f77204572726f720d0a005374617441
:10048c007573302e4c6f7373206f66204672616dde
:10049c00696e67204572726f720d0a005374617435
:1004ac007573302e486561646572204572726f7287
:1004bc000d0a0000537461747573302e52657365a8
:1004cc007420436f6d706c6574650d0a000000003c
:1004dc00537461747573302e50485920496e74658d
:1004ec0072727570740d0a00537461747573302eca
:1004fc005472616e736d69742054696d65737461a7
:10050c006d70204361707475726520417661696c01
:10051c0061626c6520410d0a000000005374617427
:10052c007573302e5472616e736d69742054696ddd
:10053c00657374616d7020436170747572652041d0
:10054c007661696c61626c6520420d0a00000000e6
:10055c00537461747573302e5472616e736d69745b
:10056c002054696d657374616d702043617074758e
:10057c00726520417661696c61626c6520430d0a7d
:10058c0000000000537461747573302e5472616ee8
:10059c00736d6974204672616d6520436865636b89
:1005ac002053657175656e6365204572726f720daf
:1005bc000a000000537461747573302e436f6e74af
:1005cc00726f6c20446174612050726f7465637437
:1005dc00696f6e204572726f720d0a0053746174ec
:1005ec007573302e556e6b6e6f776e204269743d4d
:1005fc002564207265672d76616c3d307825640d1d
:10060c000a000000436f6e66696730207265676987
:10061c00737465722072656164206661696c6564cf
:10062c000d0a0000537461747573312e52585f4e6d
:10063c006f6e5f5265636f76657261626c655f4564
:10064c0072726f720d0a0000537461747573312edf
:10065c0054585f4e6f6e5f5265636f766572616260
:10066c006c655f4572726f720d0a00005374617491
:10067c007573312e46534d5f53746174655f4572cb
:10068c00726f720d0a000000537461747573312e11
:10069c005352414d5f4543435f4572726f720d0a71
:1006ac0000000000537461747573312e556e6465cf
:1006bc0072766f6c746167650d0a00005374617417
:1006cc007573312e496e7465726e616c5f42757311
:1006dc005f4572726f720d0a0000000053746174f2
:1006ec007573312e54585f54696d657374616d70f8
:1006fc005f436170747572655f4f766572666c6f7f
:10070c00775f410d0a000000537461747573312ecc
:10071c0054585f54696d657374616d705f4361709b
:10072c00747572655f4f766572666c6f775f420d9c
:10073c000a000000537461747573312e54585f5461
:10074c00696d657374616d705f436170747572650a
:10075c005f4f766572666c6f775f430d0a00000021
:10076c00537461747573312e54585f54696d65738d
:10077c0074616d705f436170747572655f4d697300
:10078c007365645f410d0a00537461747573312e87
:10079c0054585f54696d657374616d705f4361701b
:1007ac00747572655f4d69737365645f420d0a0001
:1007bc00537461747573312e54585f54696d65733d
:1007cc0074616d705f436170747572655f4d6973b0
:1007dc007365645f430d0a00537461747573312e35
:1007ec004d434c4b5f47454e5f5374617475730dad
:1007fc000a000000537461747573312e67505450a5
:10080c005f50415f54535f45475f53746174757318
:10081c000d0a0000537461747573312e457874653c
:10082c006e6465645f426c6f636b5f537461747567
:10083c00730d0a00537461747573312e556e6b6ea3
:10084c006f776e4572726f720d0a00005365747487
:10085c00696e67206661696c65642c2061646472e2
:10086c003d307825580d0a00457874426c6f636be7
:10087c002e5350495f4572725f496e740d0a000029
:10088c00457874426c6f636b2e4d41435f424d470c
:10089c00525f496e740d0a00457874426c6f636b3d
:1008ac002e4d41435f496e740d0a00004578744229
:1008bc006c6f636b2e484d585f496e740d0a0000c7
:1008cc00457874426c6f636b2e47494e545f4d6193
:1008dc00736b0d0a00000000457874426c6f636bfb
:1008ec002e556e6b6e6f776e4572726f720d0a00bd
:1008fc0046696e616c2073657474696e67206661fd
:10090c00696c65640d0a0000496e76616c6964203f
:10091c004d41435048592c206f75693d307825580e
:10092c002c206d6f64656c3d307825580d0a0000e5
:10093c00496e76616c6964204368697020526576f3
:10094c006973696f6e0d0a00636869705f65727216
:10095c006f722120506c6561736520636f6e7461da
:10096c006374206d6963726f63686970207375704e
:10097c00706f727420666f72207265706c61636543
:10098c006d656e742e0d0a005443364572726f728b
:10099c005f5375636365656465640d0a0000000050
:1009ac005443364572726f725f4e6f486172647752
:1009bc006172650d0a0000005443364572726f7205
:1009cc005f556e657870656374656453760d0a00c7
:1009dc005443364572726f725f556e6578706563fd
:1009ec00746564447645760d0a0000005443364520
:1009fc0072726f725f426164436865636b73756d8d
:100a0c000d0a00005443364572726f725f556e6565
:100a1c00787065637465644374726c0d0a00000031
:100a2c005443364572726f725f426164547844610c
:100a3c0074610d0a000000005443364572726f72e7
:100a4c005f53796e634c6f73740d0a0054433645d3
:100a5c0072726f725f5370694572726f720d0a0019
:100a6c005443365f4572726f7220756e6b6e6f7782
:100a7c006e5f666c61673d25640d0a004c414e3813
:100a8c003635583000000000644d49494d20417303
:100a9c00736572743a2025732c20696e206c696e14
:100aac00653a2025642c200d0a000000496e766101
:100abc006c69642064726976657220696e73746106
:100acc006e636500496e7374616e636520616c7250
:100adc006561647920696e2075736500496e766175
:100aec006c69642044726976657220496e73746116
:100afc006e63650057617320746865206472697653
:100b0c00657220696e697469616c697a65643f000d
:100b1c00496e76616c69642044726976657220480e
:100b2c00616e646c650000004661696c65642074dc
:100b3c006f2067657420636c69656e74206d7574c5
:100b4c006578206c6f636b004661696c656420741a
:100b5c006f20676574207265736f75726365206ca6
:100b6c006f636b00496e73756666696369656e7455
:100b7c00205175657565204465707468000000002f
:100b8c00454d763100000000544350204e554c4cde
:100b9c002064796e616d696320616c6c6f63617444
:100bac00696f6e2068616e646c652f696e69742064
:100bbc006461746100000000205443502044796e3d
:100bcc00616d696320616c6c6f636174696f6e2019
:100bdc006661696c656400006664622066756c6ca5
:100bec000000000025732c20616464726573733af5
:100bfc002025730d0a0000006661696c20616c6c25
:100c0c006f63000025732c207061636b6574733afd
:100c1c0020256c750d0a000025732c206465736308
:100c2c00726970746f72733a20256c750d0a00002e
:100c3c006661696c204d54550000000025732c2012
:100c4c0073697a653a20256c750d0a006661696cca
:100c5c002053697a65000000706b7420706f6f6ca4
:100c6c0020656d70747900006463707420706f6f10
:100c7c006c20656d707479006661696c206c6f63b3
:100c8c006b000000656e74727920616464656400a9
:100c9c00656e747279206578706972656400000005
:100cac00756e6b6e6f776e210d0a0000427269646f
:100cbc006765206576656e743a2025732c20746ff9
:100ccc0074616c206576656e74733a2025640d0a28
:100cdc0000000000737461746963000064796e61d4
:100cec006d6963006578740076616c69640000005e
:100cfc00696e76616c69640073746174757300005d
:100d0c007374617475733a2025640d0a0000000039
:100d1c007374617473000000636c72006661696cbb
:100d2c00656420746f20676574207374617473211b
:100d3c000d0a000073746174732072657475726ea1
:100d4c0065643a2025640d0a0000000009206661e4
:100d5c00696c506b74416c6c6f633a2025642c2069
:100d6c006661696c44637074416c6c6f633a2025e6
:100d7c00642c206661696c4c6f636b733a2025643c
:100d8c002c2066646246756c6c3a2025640d0a0052
:100d9c0009206661696c4d61633a2025642c2066dc
:100dac0061696c4d74753a2025642c206661696c00
:100dbc0053697a653a2025640d0a00000920616c9c
:100dcc006c6f635061636b6574733a2025642c20df
:100ddc0066726565645061636b6574733a20256453
:100dec002c2061636b5061636b6574733a202564ce
:100dfc002c2064656c61795061636b6574733a2067
:100e0c0025640d0a000000000920706b74506f6f90
:100e1c006c53697a653a2025642c20706b74506f82
:100e2c006f6c4c6f7753697a653a2025642c20706f
:100e3c006b74506f6f6c456d7074793a2025640d2e
:100e4c000a000000092064637074506f6f6c536962
:100e5c007a653a2025642c2064637074506f6f6c33
:100e6c004c6f7753697a653a2025642c2064637043
:100e7c0074506f6f6c456d7074793a2025640d0a4f
:100e8c00000000000920706f7274202564207374b8
:100e9c006174733a0d0a0000090920706b74732099
:100eac0072656365697665643a2025642c206465f7
:100ebc007374206d652d75636173743a2025642cf1
:100ecc002064657374206e6f746d652d756361732a
:100edc00743a2025642c2064657374206d636173ef
:100eec00743a2025640d0a00090920706b74732074
:100efc0072657365727665643a2025642c2066777a
:100f0c00642075636173743a2025642c20667764c1
:100f1c00206d636173743a2025642c2066776420fd
:100f2c006469726563743a2025640d0a0000000040
:100f3c007265676973746572000000007265676999
:100f4c007374657220726573756c743a20307825f1
:100f5c003038780d0a000000726567697374657229
:100f6c00656420616c72656164793a203078253053
:100f7c0038780d0a00000000646572656769737447
:100f8c006572000064652d72656769737465722003
:100f9c00726573756c743a2025640d0a00000000ac
:100fac006e6f742072656769737465726564210d68
:100fbc000a0000006664620073686f77000000002e
:100fcc0046444220656e74726965733a2025640d3f
:100fdc000a0000000d0a09456e747279206e756d59
:100fec006265723a2025640d0a00000009456e7492
:100ffc00727920646573744164643a2025730d0a18
:10100c00000000006e6f6e65000000002c20257340
:10101c00000000002c20706f7274202573000000fb
:10102c0009456e74727920666c6167733a2030786a
:10103c00253032783a2025730d0a000009456e746c
:10104c007279206c6561726e20706f72743a202513
:10105c00640d0a0009456e747279206f7574506fb7
:10106c0072744d61705b25645d3a2000257320001d
:10107c0009456e74727920744578706972653a20ee
:10108c003078253038780d0a0000000009456e7460
:10109c007279206677645061636b6574733a2025ae
:1010ac006c750d0a0000000075736167653a20626b
:1010bc007269646765207374617475730d0a00003e
:1010cc0075736167653a2062726964676520737431
:1010dc00617473203c636c723e0d0a00757361671a
:1010ec00653a20627269646765207265676973741a
:1010fc006572203c706172616d3e0d0a000000004b
:10110c0075736167653a206272696467652066640d
:10111c00622073686f770d0a0000000073756363bb
:10112c00657373007463702074726163652025733a
:10113c0020666f7220736f636b65743a2025642090
:10114c0025730d0a0000000075736167653a207401
:10115c0063707472616365206f6e2f6f6666206eac
:10116c000d0a000054435020736f636b6574733a1f
:10117c00202564200d0a000009736b7449783a200d
:10118c0025642c20616464547970653a2025642ca4
:10119c002072656d6f7465506f72743a2025642ce3
:1011ac00206c6f63616c506f72743a2025642c2034
:1011bc00666c6167733a203078253032780d0a00fe
:1011cc0009727853697a653a2025642c2074785317
:1011dc00697a653a2025642c2073746174653a2011
:1011ec0025642c20727850656e643a2025642c207e
:1011fc00747850656e643a2025640d0a0000000076
:10120c0075736167653a2074637020696e666f2030
:10121c003c6e3e0d0a00000055736167653a206d07
:10122c006163696e666f200d0a00000045783a20f4
:10123c006d6163696e666f200d0a0000496e7465fe
:10124c0072666163653a2025732044726976657213
:10125c0020537461746973746963730d0a00000020
:10126c000d0a205265636569766520537461746953
:10127c0073746963730d0a0009206e52784f6b50ba
:10128c0061636b6574733a2025640d0a09206e52f4
:10129c007850656e64427566666572733a20256493
:1012ac000d0a09206e527853636865644275666650
:1012bc006572733a2025640d0a00000009206e52f5
:1012cc00784572726f725061636b6574733a202546
:1012dc00640d0a09206e5278467261676d656e74f2
:1012ec004572726f72733a2025640d0a09206e5292
:1012fc0078427566664e6f74417661696c61626c9a
:10130c00653a2025640d0a000d0a205472616e7333
:10131c006d697420537461746973746963730d0a15
:10132c000000000009206e54784f6b5061636b65b0
:10133c0074733a2025640d0a09206e547850656e3a
:10134c0064427566666572733a2025640d0a09203d
:10135c006e54784572726f725061636b6574733a38
:10136c002025640d0a09206e547851756575654603
:10137c00756c6c3a2025640d0a0d0a00096e6f74a9
:10138c0020737570706f727465640d0a0000000034
:10139c00496e746572666163653a202573204861f5
:1013ac007264776172652052656769737465722027
:1013bc005374617475730d0a0000000009202573c5
:1013cc003a20307825780d0a0000000050696e67cd
:1013dc003a20646f6e652e2053656e742025642050
:1013ec0072657175657374732c20726563656976ab
:1013fc006564202564207265706c6965732e0d0a16
:10140c000000000050696e672055736167653a20d3
:10141c0070696e67203c73746f703e2f3c6e616d0b
:10142c00652f616464726573733e203c6920696e3c
:10143c00746572666163653e203c6e206e50696e09
:10144c0067733e203c74206d73506572696f643e07
:10145c00203c732073697a653e0d0a0073746f70bb
:10146c000000000050696e673a20636f6d6d616e0d
:10147c006420696e2070726f67726573732e2052d0
:10148c0065747279206c617465722e0d0a0000000f
:10149c0050696e673a20486f7374206e616d6520d9
:1014ac00746f6f206c6f6e672e2052657472792e7c
:1014bc000d0a000050696e673a2044617461207314
:1014cc00697a6520746f6f206269672e204d617890
:1014dc003a2025642e2052657472790d0a000000a2
:1014ec0050696e673a20556e6b6e6f776e20706127
:1014fc0072616d657465720d0a00000050696e674b
:10150c003a207265736f6c76696e6720686f7374be
:10151c003a2025730d0a0000556e6b6e6f776e20a6
:10152c006865617020747970652e205573653a205a
:10153c005b312c2025645d0d0a0000004e6f206885
:10154c0065617020696e666f2065786973747320ad
:10155c00666f7220747970653a202573210d0a002c
:10156c004865617020747970653a2025732e204986
:10157c006e697469616c206372656174656420685e
:10158c006561702073697a653a202564204279740c
:10159c0065730d0a00000000416c6c6f6361626c36
:1015ac006520626c6f636b20686561702073697a6b
:1015bc00653a2025642042797465730d0a00000099
:1015cc00416c6c20617661696c61626c6520686548
:1015dc0061702073697a653a2025642042797465bc
:1015ec00732c20686967682077617465726d61720d
:1015fc006b3a2025640d0a004c6173742068656198
:10160c0070206572726f723a20307825780d0a005e
:10161c004e6f20547261636520696e666f20657829
:10162c00697374732e0d0a00537461636b207570ab
:10163c00206661696c65640d0a0000005374616377
:10164c006b207570207375636365656465640d0a42
:10165c000000000055736167653a20737461636b19
:10166c00203c75702f646f776e3e203c70726573f2
:10167c00657276653e0d0a0045783a207374616395
:10168c006b20646f776e2070726573657276650d72
:10169c000a000000537461636b20616c72656164b5
:1016ac0079207570210d0a005475726e2053746187
:1016bc00636b20646f776e20616e64207468656e56
:1016cc00207570210d0a0000526573746172746983
:1016dc006e672074686520737461636b207769741e
:1016ec006820256420696e74657266616365287371
:1016fc00290d0a00537461636b20646f776e3a2076
:10170c0063616e6e6f742067657420612073746101
:10171c00636b2068616e646c650d0a0053746163c1
:10172c006b20646f776e20646f6e650d0a0000008d
:10173c0055736167653a206966203c696e74657201
:10174c00666163653e203c646f776e2f75703e203a
:10175c000d0a000045783a2069662050494333321f
:10176c00494e5420646f776e200d0a00556e6b6ed7
:10177c006f776e20696e7465726661636520737035
:10178c0065636966696564200d0a000054686973b5
:10179c0020696e7465726661636520616c72656147
:1017ac0064792075700d0a004f7065726174696ff1
:1017bc006e206661696c65642e204e6f20636f6ebf
:1017cc0066696775726174696f6e0d0a00000000be
:1017dc005468697320696e74657266616365206113
:1017ec006c726561647920646f776e0d0a0000007d
:1017fc0057726f6e6720706172616d6574657220cf
:10180c00737065636966696564200d0a00000000e9
:10181c004f7065726174696f6e2073756363657365
:10182c007366756c210d0a004f7065726174696f77
:10183c006e206661696c6564210d0a0055736167e1
:10184c00653a207365746d6163203c696e746572d2
:10185c00666163653e203c783a783a783a783a7813
:10186c003a783e200d0a000045783a207365746d75
:10187c006163205049433332494e542061613a62ce
:10188c00623a63633a64643a65653a6666200d0aa7
:10189c0000000000617267765b325d3a2025730da3
:1018ac000a000000496e76616c6964204d4143204a
:1018bc006164647265737320737472696e67200d52
:1018cc000a000000536574204d414320616464722a
:1018dc00657373206661696c65640d0a0000000015
:1018ec005365742042494f53204e616d65204f4b18
:1018fc000d0a00005365742042494f53204e616d10
:10190c0065206661696c65640d0a0000557361673a
:10191c00653a2073657462696f73203c696e7465f7
:10192c0072666163653e203c782e782e782e783e68
:10193c00200d0a0045783a2073657462696f732034
:10194c005049433332494e54204d434850424f4145
:10195c0052445f3239200d0a000000005365742098
:10196c006761746577617920616464726573732053
:10197c004f4b0d0a000000005365742067617465bd
:10198c007761792061646472657373206661696c38
:10199c0065640d0a0000000055736167653a207399
:1019ac0065746777203c696e746572666163653e29
:1019bc00203c697076342f362061646472657373d1
:1019cc003e203c76616c696454696d653e200d0a5d
:1019dc000000000045783a20736574677720504901
:1019ec00433332494e54203139322e3136382e3071
:1019fc002e31200d0a000000496e76616c6964205e
:101a0c004950206164647265737320737472696edb
:101a1c0067200d0a00000000536574206970206176
:101a2c00646472657373204f4b0d0a005365742008
:101a3c0069702061646472657373206661696c659a
:101a4c00640d0a0055736167653a2073657469709b
:101a5c00203c696e746572666163653e203c6970fa
:101a6c0076342f3620616464726573733e203c6952
:101a7c007076346d61736b2f697076362070726579
:101a8c00666978206c656e3e0d0a000045783a2038
:101a9c007365746970205049433332494e54203178
:101aac0039322e3136382e302e38203235352e3212
:101abc0035352e3235352e30200d0a004e6f207301
:101acc0075636820696e74657266616365206973fd
:101adc002075700d0a000000416e2061646472650f
:101aec007373207365727669636520697320616c0a
:101afc0072656164792072756e6e696e672e205303
:101b0c00746f7020444843502c205a434c4c2c206a
:101b1c006574632e2066697273740d0a00000000f0
:101b2c00496e76616c6964204950206d61736b203d
:101b3c00737472696e67200d0a000000557361673b
:101b4c00653a20736574646e733420696620616431
:101b5c0064203c312f323e0d0a00000045783a20bb
:101b6c00736574646e733420657468302031393257
:101b7c002e3136382e312e310d0a0000556e6b6e1b
:101b8c006f776e20696e7465726661636520737021
:101b9c00656369666965640d0a000000496e7661cb
:101bac006c69642049507634206164647265737387
:101bbc0020737472696e670d0a000000556e6b6eaf
:101bcc006f776e20444e5320696e6465780d0a0061
:101bdc0053657420444e53202564206164647265ff
:101bec0073732025730d0a007375636365737366d5
:101bfc00756c00006661696c656421004e6f6e65e2
:101c0c0000000000736574006765740044656661cc
:101c1c00756c7420696e746572666163652073659a
:101c2c00742025730d0a000044656661756c742080
:101c3c00696e746572666163652069733a202573f9
:101c4c000d0a000055736167653a206465666e6520
:101c5c0074207365742f676574203c696e746572ab
:101c6c00666163653e0d0a0045783a206465666ed0
:101c7c0065742073657420657468300d0a0000006b
:101c8c0055500000444f574e000000004e6f74201a
:101c9c005265616479000000556e6b6e6f776e2033
:101cac00696e746572666163650d0a002d2d2d2dac
:101cbc002d2d2d2d2d2d20496e7465726661636559
:101ccc00203c25732f25733e28256429202d2d2d8e
:101cdc002d2d2d2d2d2d2d0d0a000000496e746516
:101cec00726661636520697320646f776e0d0a00fc
:101cfc00486f7374204e616d653a202573202d203a
:101d0c004e424e532064697361626c6564200d0a07
:101d1c00000000004950763420416464726573738e
:101d2c003a2025730d0a00004d61736b3a20257320
:101d3c000d0a0000476174657761793a2025730daf
:101d4c000a000000444e53313a2025730d0a00005e
:101d5c00444e53323a2025730d0a00004d41432066
:101d6c00416464726573733a2025730d0a00000098
:101d7c0064656661756c7420495020616464726599
:101d8c00737300002573206973204f4e0d0a0000f9
:101d9c004c696e6b2069732025730d0a00000000de
:101dac005374617475733a2025730d0a000000009a
:101dbc0050696e673a2077726f6e67207265706c2f
:101dcc00792072656365697665642e204d61736b4d
:101ddc003a2030782532780d0a00000050696e6781
:101dec003a207265706c795b25645d2066726f6d4c
:101dfc002025733a2074696d65203d2025646d7330
:101e0c000d0a000050696e673a20444e53206661fb
:101e1c00696c75726520666f722025730d0a00005f
:101e2c00444e53204c6f6f6b75703a20444e5320c8
:101e3c006661696c75726520666f722025732c2043
:101e4c006572723a2025640d0a000000444e53203e
:101e5c004c6f6f6b75703a20726571756573742079
:101e6c0074696d656f75742e0d0a00004c6f6f6b85
:101e7c00757020416e737765723a0d0a2d2d2d2ddc
:101e8c002d2d2d2d2d2d2d2d2d2d2d2d2d2d2d2d76
:101e9c002d2d0d0a000000004e6f204c6f6f6b75de
:101eac007020656e74727920666f72205b25735d8d
:101ebc000d0a00005b25735d2041204950763420cb
:101ecc00416464726573733a2025642e25642e2553
:101edc00642e25640d0a00005b25735d2041414191
:101eec0041204950763620416464726573733a2000
:101efc0025730d0a00000000656e61626c650000c0
:101f0c00656e61626c65640064697361626c650026
:101f1c0064697361626c65640000000055736167ed
:101f2c00653a20646e7363203c64656c2f696e6641
:101f3c006f2f6f6e2f6f66662f6c6f6f6b75703ea9
:101f4c00200d0a0055736167653a202573203c6f9c
:101f5c006e2f6f66663e203c696e746572666163b7
:101f6c00653e203c7374726963742f707265663eb3
:101f7c002f3c636c6561723e200d0a0045783a2057
:101f8c002573206f6e20657468300d0a0000000008
:101f9c0073747269637400007072656600000000ef
:101fac00636c656172000000556e6b6e6f776e200e
:101fbc006f7074696f6e0d0a000000002573202588
:101fcc00730d0a004661696c656420746f2025737b
:101fdc002025730d0a00000055736167653a206473
:101fec006e7363206c6f6f6b7570203c74797065c9
:101ffc003e203c686f73744e616d653e200d0a0087
:10200c0048656c703a203c686f73744e616d653e28
:10201c002855524c29202d206c6f6f6b2075702029
:10202c00666f7220686f73746e616d650d0a0000c7
:10203c0048656c703a203c747970653e203a20619a
:10204c00206f72204120666f7220495076342061d7
:10205c00646472657373206c6f6f6b75700d0a001e
:10206c0048656c703a203c747970653e203a20616a
:10207c00616161206f72204141414120666f722085
:10208c00495076362061646472657373206c6f6f8f
:10209c006b75700d0a00000048656c703a203c743a
:1020ac007970653e203a20616e7920666f722062ed
:1020bc006f7468204950763420616e6420495076e4
:1020cc00362061646472657373206c6f6f6b75700e
:1020dc000d0a0000646e7363206c6f6f6b75703a41
:1020ec0020636f6d6d616e6420696e2070726f6716
:1020fc00726573732e205265747279206c617465ed
:10210c00722e0d0a00000000414141410000000008
:10211c006161616100000000414e5900616e7900ff
:10212c00646e7363206c6f6f6b75703a205b2573f4
:10213c005d204c6f6f6b75702054797065206e6fdd
:10214c007420737570706f727465642e0d0a0000c4
:10215c00646e7363206c6f6f6b75703a20486f738d
:10216c0074206e616d6520746f6f206c6f6e672ebe
:10217c002052657472792e0d0a000000646e736330
:10218c00206c6f6f6b75703a207265736f6c76692b
:10219c006e6720686f73743a20257320666f722007
:1021ac00747970653a202573200d0a0055736167a8
:1021bc00653a20646e73632064656c203c686f73b1
:1021cc00744e616d653e7c616c6c200d0a000000e4
:1021dc0048656c703a203c686f73744e616d653e57
:1021ec002855524c29202d2052656d6f7665207430
:1021fc00686520656e7472792069662065786973ec
:10220c007473200d0a00000048656c703a20616cf4
:10221c006c202d2052656d6f766520616c6c20747e
:10222c006865207265736f6c76656420656e747278
:10223c0079200d0a00000000616c6c005b25735d59
:10224c00206e6f742070617274206f6620746865e4
:10225c0020444e5320436163686520656e74727927
:10226c00200d0a00496e636f6d706c657465206398
:10227c006f6d6d616e64200d0a000000557361670f
:10228c00653a20646e736320696e666f200d0a00d8
:10229c0048656c703a20646973706c61792074685d
:1022ac006520444e5320636163686520656e7472cb
:1022bc00792064657461696c73200d0a000000005c
:1022cc00444e5320436c69656e7420697320646faf
:1022dc00776e210d0a000000444e5320436c696553
:1022ec006e74204946202d205374726963743a2011
:1022fc0025732c205072656665727265643a2025d0
:10230c00730d0a00444e5320436c69656e74202d86
:10231c002074696d653a2025642c2070656e6469a3
:10232c006e673a2025642c2063757272656e743a60
:10233c002025642c20746f74616c3a2025640d0a7e
:10234c0000000000486f73746e616d65203d2025a0
:10235c0073200d0a54696d656f7574203d202564da
:10236c00200d0a0049507634203d25730d0a0000db
:10237c002d2d2d2d2d2d2d2d2d2d2d2d2d2d2d2d81
:10238c002d2d2d2d2d2d2d2d2d2d2d2d2d2d2d2d71
:10239c002d2d2d2d2d2d2d2d2d2d2d2d2d2d2d2d61
:1023ac002d2d2d2d0d0a000049507636203d20256f
:1023bc00730d0a004e6f20444e5320436c69656eba
:1023cc007420436163686520656e7472696573205f
:1023dc000d0a0000496e76616c696420496e707557
:1023ec007420436f6d6d616e64203a5b2025732001
:1023fc005d200d0a0000000055736167653a2025c9
:10240c0073203c696e746572666163653e203c6f37
:10241c006e2f6f66663e200d0a00000045783a204c
:10242c002573205049433332494e54206f6e200d92
:10243c000a000000556e6b6e6f776e2073657276b6
:10244c006963652025730d0a000000003a2073743f
:10245c0061636b20636f6d6d616e647300000000cf
:10246c0074637069700000004661696c6564207467
:10247c006f2063726561746520544350495020434a
:10248c006f6d6d616e64730d0a000000544350490a
:10249c005020636f6d6d616e6473207461736b207b
:1024ac00726567697374726174696f6e20666169b5
:1024bc006c65640d0a000000696e7465726e616c67
:1024cc0000000000706f6f6c000000006578746590
:1024dc00726e616c0000000064656c006c6f6f6b59
:1024ec0075700000646566006677640066696c74dc
:1024fc00000000006e6574696e666f003a204765d7
:10250c0074206e6574776f726b20696e666f726d76
:10251c006174696f6e0000006465666e657400001e
:10252c003a205365742f4765742064656661756c39
:10253c007420696e74657266616365007a636c6c95
:10254c00000000003a205475726e205a434c4c2007
:10255c006f6e2f6f66660000736574646e73340063
:10256c003a2053657420444e5320495076342061f0
:10257c0064647265737300007365746970000000a5
:10258c003a205365742049502061646472657373fa
:10259c0020616e64206d61736b000000736574675d
:1025ac00770000003a2053657420476174657761a9
:1025bc0079206164647265737300000073657462e2
:1025cc00696f73003a2053657420686f73742773b6
:1025dc00204e657442494f53206e616d65000000ba
:1025ec007365746d616300003a20536574204d412e
:1025fc0043206164647265737300000069660000b7
:10260c003a204272696e6720616e20696e74657241
:10261c00666163652075702f646f776e0000000033
:10262c00737461636b0000003a20537461636b2018
:10263c007475726e206f6e2f6f66660068656170c0
:10264c00696e666f000000003a20436865636b207a
:10265c0068656170207374617475730070696e675e
:10266c00000000003a2050696e6720616e204950ce
:10267c00206164647265737300000000646e7363a0
:10268c00000000003a20444e5320636c69656e7460
:10269c0020636f6d6d616e64730000006d61636922
:1026ac006e666f003a20436865636b204d41432092
:1026bc00737461746973746963730000746370007c
:1026cc003a2054435020636f6d6d616e647300004b
:1026dc007463707472616365000000003a20456e8b
:1026ec0061626c6520544350207472616365000014
:1026fc003a20427269646765000000002d7478000e
:10270c006970657266733a2073697a652072616ebe
:10271c006765206572726f72210d0a002d72780048
:10272c002d2d696e646578006970657266733a2048
:10273c00696e6465782072616e6765206572726f70
:10274c0072210d0a0000000055736167653a20691b
:10275c007065726673203c2d74782073697a653ebf
:10276c00203c2d72782073697a653e203c2d6920bf
:10277c00696e6465783e0d0a000000000d0a6970f0
:10278c006572663a20496e76616c69642073657374
:10279c0073696f6e206e756d6265722e204d696e59
:1027ac003a20302c204d61783a2025640d0a000027
:1027bc006970657266733a2030203c2073697a65c3
:1027cc00203c2036353533360d0a000069706572b1
:1027dc0066733a204f4b2c20696e7374616e63657f
:1027ec002025642074782073697a6520697320250c
:1027fc00640d0a006970657266733a204f4b2c2089
:10280c00696e7374616e6365202564207278207321
:10281c00697a652069732025640d0a0069706572f8
:10282c00666b3a205573696e6720696e6465782013
:10283c00300d0a0069706572666b3a20696e6465ca
:10284c00782072616e6765206572726f72210d0a55
:10285c000000000055736167653a20697065726607
:10286c006b203c2d6920696e6465783e0d0a000072
:10287c000d0a69706572662073657373696f6e3ac1
:10288c00206e6f742073746172746564210d0a007c
:10289c000d0a69706572663a20747279696e6720e8
:1028ac00746f2073746f7020697065726620696e26
:1028bc007374616e63652025642e2e2e0d0a000044
:1028cc0055736167653a20697065726669202d6180
:1028dc002061646472657373203c2d6920696e6499
:1028ec0065783e0d0a0000006970657266693a20d1
:1028fc0075736520612076616c6964204950206194
:10290c00646472657373210d0a000000697065724e
:10291c0066693a20696e6465782072616e6765201d
:10292c006572726f72210d0a000000006970657289
:10293c0066693a20556e6b6e6f776e2070617261ae
:10294c006d657465720d0a000d0a697065726669b1
:10295c003a2063616e6e6f74206368616e676520e8
:10296c007468652069702061646472657373207784
:10297c0068696c652073657373696f6e3a202564a2
:10298c002072756e6e696e67210d0a006970657232
:10299c0066693a204f4b2c2073657420746865204f
:1029ac004950206164647265737320746f20696e82
:1029bc007374616e63653a2025640d0a0000000093
:1029cc00202020202d205b25326c752d2025326c8b
:1029dc0075207365635d2025336c752f2025336c52
:1029ec0075202825326c752525292020202025349a
:1029fc006c75204b6270730d0a00000020202020a3
:102a0c002d205b302e302d20256c752e256c7520dd
:102a1c007365635d2025336c752f2025336c752011
:102a2c002825326c752525292020202025346c750d
:102a3c00204b6270730d0a0069706572663a2069ea
:102a4c006e7374616e636520256420636f6d706caa
:102a5c0065746564202e2e2e000000000d0a69702e
:102a6c006572663a205761726e696e672c2054430a
:102a7c00502073657276657220646973636f6e6e35
:102a8c006563742064657465637465640d0a000085
:102a9c0069706572663a204661696c656420746f72
:102aac002067657420256420627974657320736fc8
:102abc00636b65742054582073706163650d0a0054
:102acc0069706572663a20536f636b657420736529
:102adc006e64206661696c65640d0a0069706572cc
:102aec006620696e7374616e63652025643a2054a8
:102afc007820646f6e652e20536f636b6574206352
:102b0c006c6f7365642e0d0a0000000069706572ad
:102b1c00663a20696e7374616e6365202564206368
:102b2c006f6d706c657465642e0d0a000d0a69700a
:102b3c006572663a20416c6c20696e7374616e63c9
:102b4c00657320627573792e205265747279206cce
:102b5c0061746572210d0a002d2d73657276657294
:102b6c00000000002d2d7564700000002d2d626199
:102b7c006e647769647468000a476976656e2069cb
:102b8c006e2042573a20256c752b256c753d256cb3
:102b9c00750000002d2d786d6974726174650000ec
:102bac002d2d636c69656e74000000002d2d746909
:102bbc006d6500002d2d6e756d0000002d5300000d
:102bcc002d2d746f730000000a476976656e2054d2
:102bdc004f532076616c75652069732025642c2019
:102bec006d547970654f66536572766963653a25e5
:102bfc00640000002d4d00002d2d6d73730000003e
:102c0c002d6900002d2d696e74657276616c000063
:102c1c002d7000002d2d706f727400002d6c000053
:102c2c002d2d6c656e00000069706572663a20543b
:102c3c006865206d696e696d756d2064617461677e
:102c4c0072616d2073697a652069732025640d0aa1
:102c5c000000000069706572663a205573696e67f2
:102c6c00207468652064656661756c7420696e7487
:102c7c00657266616365210d0a0000002d2d2d2df6
:102c8c002d2d2d2d2d2d2d2d2d2d2d2d2d2d2d2d68
:102c9c002d2d2d2d2d2d2d2d2d2d2d2d2d2d2d2d58
:102cac002d2d2d2d2d2d2d2d2d2d2d2d2d2d2d2d48
:102cbc002d2d2d2d2d0d0a0069706572663a20534d
:102ccc006572766572206c697374656e696e6720c7
:102cdc006f6e2000554450005443500020706f72aa
:102cec00742025640d0a00000d0a69706572663a3d
:102cfc00205374617274696e672073657373696fa6
:102d0c006e20696e7374616e63652025640d0a0014
:102d1c000d0a69706572663a20696e7374616e6330
:102d2c00652025642073746172746564202e2e2ec8
:102d3c000d0a0000202020202d204c6f63616c2098
:102d4c002025752e25752e25752e257520706f72f4
:102d5c007420257520636f6e6e65637465642077cf
:102d6c006974680d0a000000202020202d20526577
:102d7c006d6f74652025752e25752e25752e257580
:102d8c0020706f72742025750d0a00002020202001
:102d9c002d205461726765742072617465203d202a
:102dac00256c64206270732c20706572696f6420ce
:102dbc003d20256c64206d730d0a0000202020201e
:102dcc002d2d2d2d2d2d2d2d2d2d2d2d2d2d2d2d27
:102ddc002d2d2d2d2d2d2d2d2d2d2d2d2d2d2d2d17
:102dec002d2d2d2d2d2d2d2d2d0d0a00697065727b
:102dfc00663a20556e737570706f727465642043fb
:102e0c006f6e66696775726174696f6e0d0a00008a
:102e1c0069706572663a204372656174652054432b
:102e2c005020736f636b6574206661696c65640d0b
:102e3c000a00000069706572663a20536574206f51
:102e4c0066205258206275666665722073697a65d1
:102e5c00206661696c65640d0a000000697065721a
:102e6c00663a204372656174652055445020736f37
:102e7c00636b6574206661696c65640d0a00000003
:102e8c0069706572663a2050726f746f636f6c2054
:102e9c006572726f720d0a0069706572663a205520
:102eac0044502047657420417272617920466169f3
:102ebc006c65640d0a0000000d0a69706572663a53
:102ecc0020696e7374616e6365202564207365736d
:102edc0073696f6e2073746172746564202e2e2e6c
:102eec000d0a000069706572663a202d20466972e1
:102efc00737420706b74206964203d20256c6420f1
:102f0c002873686f756c642062652030290d0a0087
:102f1c0069706572663a2052656376206475706cd0
:102f2c0069636174656420706b740d0a00000000a5
:102f3c0069706572663a2052782074696d656420f8
:102f4c006f75740d0a0000000d0a697065726620b9
:102f5c00696e7374616e63652025643a2052782023
:102f6c00646f6e652e20536f636b657420636c6f9a
:102f7c007365642e0d0a0000697065726620696eb7
:102f8c007374616e63652025643a205265616479bf
:102f9c0020666f7220746865206e65787420736586
:102fac007373696f6e2e0d0a0000000069706572f4
:102fbc006620696e7374616e63652025643a2063c4
:102fcc006f6d706c657465642e0d0a0069706572a6
:102fdc00663a20636c69656e742073657373696ff0
:102fec006e20636c6f7365642e0d0a0069706572d8
:102ffc00663a2041525020756e61626c6520746f88
:10300c00207265736f6c766520746865204d414342
:10301c002061646472657373206f662072656d6fd6
:10302c00746520736964652e0d0a00002020202031
:10303c002d2052656d6f74654e6f6465204d414354
:10304c003a20257820257820257820257820257889
:10305c002025780d0a00000069706572663a2053cd
:10306c006574206f66205458206275666665722000
:10307c0073697a65206661696c65640d0a000000ed
:10308c0069706572663a20536574206f66205458d7
:10309c002071756575696e67206c696d6974206641
:1030ac0061696c65640d0a0069706572663a20434b
:1030bc006c69656e7420636f6e6e656374696e67a0
:1030cc0020746f2025752e25752e25752e25752cb3
:1030dc002055445020706f72742025750d0a000025
:1030ec0069706572663a20436c69656e7420636f13
:1030fc006e6e656374696e6720746f2025752e255e
:10310c00752e25752e25752c2054435020706f720a
:10311c00742025750d0a000069706572663a20549a
:10312c00435020436c69656e7420636f6e6e6563eb
:10313c0074696f6e2074696d656f75740d0a00008b
:10314c003a20697065726620636f6d6d616e647391
:10315c000000000069706572660000003a20203c97
:10316c0069706572663e20737461727420636d645d
:10317c000000000069706572666b00003a203c69c3
:10318c00706572666b3e206b696c6c20636d6400bd
:10319c0069706572666900003a203c6970657266f8
:1031ac006920616464726573733e2020696e746576
:1031bc00726661636520636d6400000069706572fe
:1031cc00667300003a203c697065726673207478ef
:1031dc002f72782073697a653e2074782f7278206c
:1031ec0073697a6520636d64000000004950763481
:1031fc00204173736572743a2025732c20696e20fc
:10320c006c696e653a2025642c200d0a00000000c4
:10321c004950763420496e69743a204661696c6570
:10322c006420746f20696e6974616c697a653a20e8
:10323c00256421200d0a0000495076343a2046615d
:10324c00696c656420746f2072656769737465724c
:10325c0020415250206e6f74696669636174696fa6
:10326c006e21200d0a000000495076343a2041525c
:10327c005020656e747269657320706f6f6c206579
:10328c006d707479210d0a002e2e2f7372632f63cb
:10329c006f6e6669672f64656661756c742f6c69f7
:1032ac0062726172792f74637069702f7372632ffd
:1032bc00646e732e630000002e2e2f7372632f63c7
:1032cc006f6e6669672f64656661756c742f6c69c7
:1032dc0062726172792f74637069702f7372632fcd
:1032ec0074637069705f68656c706572735f70721f
:1032fc0069766174652e68002e2e2f7372632f63ae
:10330c006f6e6669672f64656661756c742f6c6986
:10331c0062726172792f74637069702f7372632f8c
:10332c0074637069705f68656c706572732e63008e
:10333c0025642e25642e25642e256400252e3278d6
:10334c003a252e32783a252e32783a252e32783a92
:10335c00252e32783a252e32780000006c6f7700db
:10336c00544350495020537461636b20417373650f
:10337c0072743a20696e2066696c653a2025732c4c
:10338c002066756e633a2025732c206c696e653a45
:10339c002025642c200d0a005443502f49502053f3
:1033ac007461636b3a202573204d414320696e692b
:1033bc007469616c697a6174696f6e206661696c9d
:1033cc0065640d0a000000005443502f49502053ef
:1033dc007461636b3a202573204d4143204f706517
:1033ec006e206661696c65640d0a00005443502fb1
:1033fc00495020537461636b3a204d6f64756c6552
:10340c00206e6f3a20256420496e697469616c697d
:10341c007a6174696f6e206661696c65640d0a006f
:10342c005443502f495020537461636b3a202573d9
:10343c00204d4143206576656e74206e6f7469660d
:10344c0069636174696f6e2073657474696e67204b
:10345c006661696c65640d0a0000000054435049b4
:10346c005020537461636b20436f6e643a20696e15
:10347c002066696c653a2025732c2066756e633a5c
:10348c002025732c206c696e653a2025642c200d48
:10349c000a0000005443502f495020537461636b51
:1034ac003a2048656170206372656174696f6e20a3
:1034bc006661696c65642c20747970653a202564aa
:1034cc000d0a00005443502f495020537461636b14
:1034dc003a204e6574776f726b20636f6e66696706
:1034ec0075726174696f6e20616c6c6f6361746965
:1034fc006f6e206661696c65643a20256c750d0ae7
:10350c00000000005443502f495020537461636bea
:10351c003a205061636b657420696e697469616ce3
:10352c00697a6174696f6e206661696c65643a20b2
:10353c00307825780d0a00005443502f4950205301
:10354c007461636b3a2044656661756c7420466cdb
:10355c00617368204e6574776f726b20636f6e6653
:10356c00696775726174696f6e206c6f6164206637
:10357c0061696c656420257a750d0a005443502fdf
:10358c00495020537461636b3a204e6574776f72a7
:10359c006b20636f6e66696775726174696f6e20fc
:1035ac00696e697469616c697a6174696f6e2066a1
:1035bc0061696c65643a2025640d0a005443502ff0
:1035cc00495020537461636b3a204e6574776f7267
:1035dc006b20636f6e66696775726174696f6e3aa2
:1035ec0020696e76616c6964204950206164647254
:1035fc006573733a2030782538780d0a0000000086
:10360c002573257a750000002573257a753a256493
:10361c00000000005443502f495020537461636bd9
:10362c003a20506f776572204d6f646520696e6922
:10363c007469616c697a6174696f6e206661696c1a
:10364c003a2025640d0a00005443502f4950205352
:10365c007461636b3a2044796e616d6963206d65aa
:10366c006d6f7279206973206c6f773a20256c75b9
:10367c000d0a00005443502f495020537461636b62
:10368c003a20496e697469616c697a6174696f6e0c
:10369c00206661696c6564202564202d2041626f71
:1036ac007274696e6721200d0a0000005443502f7c
:1036bc00495020537461636b3a20496e6974696197
:1036cc006c697a6174696f6e20537461727465648d
:1036dc00200d0a005443502f495020537461636be2
:1036ec003a204e6574776f726b20636f6e666967f4
:1036fc0075726174696f6e206c6f616420666169ac
:10370c006c65643a2025640d0a0000005443502f68
:10371c00495020537461636b3a205469636b207277
:10372c006567697374726174696f6e206661696c28
:10373c0065643a2025640d0a000000005443502fa4
:10374c00495020537461636b3a20496e6974696106
:10375c006c697a6174696f6e2053595320544d52c1
:10376c00206661696c65643a202564202d204162d5
:10377c006f7274696e6721200d0a00005443502f3c
:10378c00495020537461636b3a20496e69746961c6
:10379c006c697a6174696f6e20456e646564202d66
:1037ac002073756363657373200d0a005443502fa7
:1037bc00495020537461636b3a20496e746572668c
:1037cc0061636520496e697469616c697a617469b9
:1037dc006f6e206661696c65643a203078257820bc
:1037ec002d2041626f7274696e6721200d0a0000f2
:1037fc002e2e2f7372632f636f6e6669672f64654d
:10380c006661756c742f6c6962726172792f746366
:10381c007069702f7372632f74637069705f6d6160
:10382c006e616765722e6300756e6b00657468005f
:10383c00776c616e0000000070707000673361641b
:10384c00700000005061636b65742041636b3a201b
:10385c006f727068616e207061636b657421200dee
:10386c000a000000554450204e554c4c2064796e93
:10387c00616d696320616c6c6f636174696f6e203c
:10388c0068616e646c6500005544502044796e612b
:10389c006d696320616c6c6f636174696f6e206617
:1038ac0061696c656400000042726964676520415f
:1038bc0073736572743a2025732c20696e206c69c1
:1038cc006e653a2025642c200d0a0000546f6f2081
:1038dc006d75636820646174612e2041626f72742f
:1038ec0065640d0a000000000d0a41636365737383
:1038fc002064656e6965640d0a0d0a00506173736e
:10390c00776f72643a20fffd2d0000000d0a4c6f9a
:10391c006767656420696e2073756363657373668e
:10392c00756c6c790d0a0d0a000000000d0a2d2d26
:10393c002d2054656c6e657420436f6e736f6c65cf
:10394c00202d2d2d0d0a547970652068656c702022
:10395c00666f7220636f6d6d616e64730d0a3e004d
:10396c004661696c656420746f20636f6e6e65636d
:10397c007420746f2074686520636f6d6d616e6464
:10398c002070726f636573736f722e2041626f7259
:10399c0074696e67210d0a002e2e2f7372632f63cc
:1039ac006f6e6669672f64656661756c742f6c69e0
:1039bc0062726172792f74637069702f7372632fe6
:1039cc0074656c6e65742e630000000074656c6e1b
:1039dc006574204e554c4c2064796e616d69632082
:1039ec00616c6c6f636174696f6e2068616e646c7e
:1039fc00652f696e69742064617461002074656c54
:103a0c006e65742044796e616d696320616c6c6fb6
:103a1c00636174696f6e206661696c656400000097
:103a2c002074656c6e65743a2053657474696e67a6
:103a3c0020545820427566666572206661696c6513
:103a4c00643a2025640d0a002074656c6e65743a26
:103a5c002053657474696e672052582042756666ef
:103a6c006572206661696c65643a2025640d0a00f4
:103a7c000d0a2d2d2d2d2d2d2d20537570706f723f
:103a8c0074656420636f6d6d616e642067726f7511
:103a9c007073202d2d2d2d2d2d0000000d0a202aa8
:103aac002a2a2000202a2a2a000000000d0a2d2d87
:103abc002d2d2d2d2d2d2d2d204275696c742069e9
:103acc006e20636f6d6d616e6473202d2d2d2d2d09
:103adc002d2d2d2d2d0000000d0a556e6b6e6f7760
:103aec006e20636f6d6d616e642067726f75702ee2
:103afc00205472792068656c700d0a00082008004b
:103b0c00080000001b5b2564430000001b5b256460
:103b1c00440000000d0a202a2a2a20517569747469
:103b2c00696e672074686520436f6d6d616e6420eb
:103b3c0050726f636573736f722e20427965202a01
:103b4c002a2a0d0a000000000d0a202a2a2a2053d6
:103b5c00797374656d205265626f6f74202a2a2afe
:103b6c000d0a000020092c004661696c6564207404
:103b7c006f206372656174652074686520436f6e95
:103b8c00736f6c65204150490d0a0000202a2a2ac7
:103b9c0020436f6d6d616e642050726f636573733b
:103bac006f723a20506c6561736520747970652072
:103bbc00696e206120636f6d6d616e642a2a2a0d17
:103bcc000a000000202a2a2a20436f6d6d616e6462
:103bdc002050726f636573736f723a20756e6b6ee3
:103bec006f776e20636f6d6d616e642e202a2a2aaa
:103bfc000d0a00000a0d20546f6f206d616e792044
:103c0c00617267756d656e74732e204d6178696d88
:103c1c00756d206172677320737570706f72746547
:103c2c00643a202564210d0a000000003e000000cb
:103c3c00081b5b4b25731b5b25644400081b5b4b0b
:103c4c00000000001b5b4b25731b5b2564440000cc
:103c5c00202a2a2a20436f6d6d616e642050726f8a
:103c6c00636573736f722062756666657220657822
:103c7c006365656465642e2052657472792e202a02
:103c8c002a2a0d0a0000000072657365740000009a
:103c9c003a20526573657420686f737400000000dd
:103cac00710000003a207175697420636f6d6d614d
:103cbc006e642070726f636573736f720000000026
:103ccc0068656c70000000003a2068656c7000003c
:103cdc001b5b41001b5b42001b5b43001b5b4400f6
:103cec001b5b317e000000001b5b347e000000007b
:103cfc004c414e38363578004d4348505f4c414e60
:103d0c0038363578000000003139322e3136382ef5
:103d1c00302e3131000000003235352e3235352e43
:103d2c003235352e300000003139322e3136382ef6
:103d3c00302e3100302e302e302e30004d43485076
:103d4c00424f4152445f43003139322e3136382ec6
:103d5c00302e3132000000003139322e3136382eff
:103d6c00302e2e3100000000546573742067726f82
:103d7c00757020636f6d6d616e64733a0a0d00008f
:103d8c00202068656c7020202020202020202020fe
:103d9c002020202020202020202020202020202d0a
:103dac002053686f7720746869732068656c700a9b
:103dbc000d000000202074696d657374616d7020b6
:103dcc0020202020202020202020202020202020e7
:103ddc002020202d2053686f77206275696c642039
:103dec0074696d657374616d700a0d0020207570b7
:103dfc0074696d6520202020202020202020202088
:103e0c0020202020202020202020202d2054696dcf
:103e1c00652073696e636520626f6f742f6c6173bc
:103e2c00742072657365740a0d000000202069709f
:103e3c0064756d70203c6d6f64653e2020202020e1
:103e4c0020202020202020202020202d2044756d93
:103e5c0070205258204950207061636b6574732038
:103e6c0028303d6f66662c20313d657468302c20ff
:103e7c00323d657468312c20333d626f7468290ab9
:103e8c000d0000002020737461747320202020200a
:103e9c002020202020202020202020202020202016
:103eac002020202d2053686f772054582f525820f3
:103ebc00636f756e7465727320666f7220657468bb
:103ecc003020616e6420657468310a0d00000000ba
:103edc0020206d656d696e666f20202020202020cb
:103eec002020202020202020202020202020202db9
:103efc002046726565206d656d6f7279206f6e203e
:103f0c0074686520432d72756e74696d65206865e3
:103f1c00617020616e6420746865205443502f4991
:103f2c005020686561700a0d000000002020647547
:103f3c006d70203c616464723e203c636f756e74de
:103f4c003e202020202020202020202d2044756d74
:103f5c0070206d656d6f72792028686578206164ba
:103f6c0064722c20636f756e74290a0d00000000ba
:103f7c0020207065656b203c616464723e205b732d
:103f8c00697a655d20202020202020202020202df3
:103f9c00205265616420612073696e676c652076c0
:103fac00616c7565202873697a653d317c327c348f
:103fbc00290a0d002020706f6b65203c61646472cf
:103fcc003e203c76616c3e205b73697a655d2020f7
:103fdc002020202d20577269746520612073696e32
:103fec00676c652076616c7565202873697a653d10
:103ffc00317c327c34290a0d0000000020206c6fcb
:10400c0067636c65617220202020202020202020f6
:10401c0020202020202020202020202d20436c65d3
:10402c006172206465666572726564207061636b91
:10403c006574206c6f67206275666665720a0d0088
:10404c0020206c6f67737461742020202020202046
:10405c002020202020202020202020202020202d47
:10406c002053686f77206465666572726564206c96
:10407c006f6720737461746973746963730a0d00dc
:10408c000a0d4c414e383635782072656769737469
:10409c006572732c2074657374206d6f6465732c5a
:1040ac0020504c43413a2073656520276c616e6843
:1040bc00656c70270a0d0000506f7274206d697268
:1040cc00726f722f736e69666665723a20736565de
:1040dc0020276d6972726f72272f27736e6966665f
:1040ec006572272e20526177206672616d6520748f
:1040fc006573743a2073656520276e6f69705f7302
:10410c00656e64272e0a0d00544350206563686f5a
:10411c00207365727665723a207365652027746525
:10412c007374736572766572272e2050657273698d
:10413c007374656e7420636f6e6669673a2073657d
:10414c0065202773686f77656e76272e0a0d000041
:10415c003d3d3d3d3d3d3d3d3d3d3d3d3d3d3d3d83
:10416c003d3d3d3d3d3d3d3d3d3d3d3d3d3d3d3d73
:10417c003d3d3d3d3d3d0a0d0000000074637069fe
:10418c00705f69706572665f6c616e383635782069
:10419c00627269646765202d204275696c642049e0
:1041ac006e666f0a0d0000004275696c64205469dc
:1041bc006d657374616d703a2041756720333120e1
:1041cc00323032362031393a32343a35350a0d0034
:1041dc005b4c4f475d2072696e6720627566666541
:1041ec007220636c65617265640d0a005b4c4f470d
:1041fc005d20746f74616c3d25752070656e64690b
:10420c006e673d2575206f766572666c6f77733db2
:10421c0025752062756673697a653d25750d0a00f2
:10422c005b4c4f475d20706f6f6c5f6f666673659c
:10423c00743d257520706f6f6c5f73697a653d25d1
:10424c007520282575206672616d65732078202590
:10425c0075206279746573290d0a00002530387851
:10426c003a20000020253032780000002020200069
:10427c0020202025730a0d00432d72756e74696d14
:10428c006520686561703a20746f74616c3d2575aa
:10429c0020206c617267657374206672656520629c
:1042ac006c6f636b3d25752020286e616e6f2d6dd4
:1042bc00616c6c6f633b206e6f206578616374205a
:1042cc006672656520636f756e74290d0a000000b7
:1042dc005443502f495020686561703a20202020ab
:1042ec0073697a653d25752020667265653d257577
:1042fc0020206d6178626c6f636b3d2575202068a2
:10430c0069676877617465723d25750d0a00000058
:10431c005443502f495020686561703a202020206a
:10432c00286e6f2068616e646c65290d0a000000b0
:10433c00657468300000000065746831000000008e
:10434c0025733a206e6f7420666f756e640a0d00cb
:10435c0025732054583a206f6b3d2564206572728a
:10436c003d2564207146756c6c3d25642070656e2e
:10437c00643d25640a0d000025732052583a206fc5
:10438c006b3d2564206572723d2564206e6f6275ed
:10439c0066733d25642070656e643d25640a0d00ce
:1043ac0025733a207374617473206e6f7420617678
:1043bc0061696c61626c650a0d0000006d61696e6b
:1043cc00206c6f6f703a20256c75206379636c6577
:1043dc00732f730a0d000000757074696d653a20b7
:1043ec0025756420253032753a253032753a2530e2
:1043fc003275202028256c7520732073696e6365d7
:10440c0020626f6f742f6c617374207265736574a6
:10441c00290d0a0061646d696e0000007061737390
:10442c00776f72640000000054656c6e65742041f7
:10443c0063636573732041757468656e7469636139
:10444c007465640a0d00000054656c6e657420413f
:10445c006363657373204465636c696e65640a0df0
:10446c000000000055736167653a20706f6b652022
:10447c003c616464726573735f6865783e203c765a
:10448c00616c75655f6865783e205b73697a653d24
:10449c00317c327c345d0a0d000000004578616d82
:1044ac00706c653a20706f6b652030783432303028
:1044bc0030303030203078313233343536373820a4
:1044cc00340a0d00307825303858203c3d203078a7
:1044dc00253032580a0d0000307825303858203cf1
:1044ec003d203078253034580a0d000030782530c6
:1044fc003858203c3d203078253038580a0d0000c3
:10450c0053697a65206d75737420626520312c2097
:10451c00322c206f7220340a0d0000005573616735
:10452c00653a207065656b203c61646472657373d9
:10453c005f6865783e205b73697a653d317c327cbf
:10454c00345d0a0d000000004578616d706c653ab1
:10455c00207065656b20307834323030303030303c
:10456c0020340a0d000000003078253038583a20ed
:10457c003078253032580a0d000000003078253094
:10458c0038583a203078253034580a0d0000000095
:10459c003078253038583a203078253038580a0d84
:1045ac000000000055736167653a20697064756d91
:1045bc0070203c6d6f64653e202028303d6f666630
:1045cc002c20313d657468302c20323d6574683187
:1045dc002c20333d626f7468290a0d004950204c21
:1045ec00617965722044756d702064652d6163740a
:1045fc006976617465640a0d000000004950204c16
:10460c00617965722044756d70206163746976619f
:10461c00746564206f6e20657468300a0d000000ac
:10462c004950204c617965722044756d702061632e
:10463c0074697661746564206f6e20657468310ae4
:10464c000d0000004950204c617965722044756d55
:10465c007020616374697661746564206f6e206587
:10466c0074683020616e6420657468310a0d000036
:10467c00506172616d65746572206f7574206f6620
:10468c002072616e67650a0d00000000557361674a
:10469c00653a2064756d70203c6164647265737357
:1046ac005f6865783e203c636f756e743e0a0d0042
:1046bc004578616d706c653a2064756d702030784a
:1046cc0032303030303030302036340a0d000000bb
:1046dc00436f756e74206d757374206265203e2077
:1046ec00300a0d004d656d6f72792064756d703aee
:1046fc002030782530385820202575206279746553
:10470c00730a0d003a205465737420436f6d6d610c
:10471c006e64730054657374000000004f4b00000e
:10472c004641494c45442028736c6f7420616c726f
:10473c00656164792074616b656e2900205b54524d
:10474c00554e435d0000000054656c6e657420612d
:10475c007574682068616e646c6572207265676937
:10476c007374726174696f6e3a2025730a0d0000c0
:10477c0045303a2575206c656e3d25752074733d6a
:10478c00256c6c75206d7325730d0a0045313a2527
:10479c0075206c656e3d25752074733d256c6c75ac
:1047ac00206d7325730d0a003a2073686f772054bf
:1047bc006573742067726f757020636f6d6d616eb9
:1047cc006473000074696d657374616d7000000032
:1047dc003a2073686f77206275696c642074696d18
:1047ec00657374616d700000757074696d6500009f
:1047fc003a2074696d652073696e636520626f6f12
:10480c00742f6c6173742072657365742028642036
:10481c0068683a6d6d3a73732900000069706475ad
:10482c006d7000003a2064756d702072782069708c
:10483c00207061636b6574732028303a6f66662054
:10484c00313a6574683020323a6574683120333af5
:10485c00626f7468290000003a2073686f772054e7
:10486c00582f525820636f756e7465727320666f83
:10487c0072206574683020616e6420657468310044
:10488c006d656d696e666f003a2066726565206da8
:10489c00656d6f7279206f6e2074686520432d7280
:1048ac00756e74696d65206865617020616e642039
:1048bc00746865205443502f49502068656170001e
:1048cc0064756d70000000003a2064756d70206d89
:1048dc00656d6f7279202864756d70203c6164641d
:1048ec00725f6865783e203c636f756e743e29007c
:1048fc007065656b000000003a2072656164206190
:10490c002073696e676c652076616c756520287004
:10491c0065656b203c616464725f6865783e205b02
:10492c0073697a653d317c327c345d29000000006e
:10493c00706f6b65000000003a2077726974652017
:10494c00612073696e676c652076616c75652028d3
:10495c00706f6b65203c616464725f6865783e20a3
:10496c003c76616c75655f6865783e205b73697a2f
:10497c00653d317c327c345d290000006c6f6763cf
:10498c006c656172000000003a20636c65617220f6
:10499c006465666572726564207061636b65742012
:1049ac006c6f672062756666657200006c6f67736a
:1049bc00746174003a2073686f7720646566657261
:1049cc00726564206c6f67207374617469737469a9
:1049dc0063732028746f74616c2c2070656e64692d
:1049ec006e672c206f766572666c6f77732900008a
:1049fc0075736167653a20736574656e76203c6be0
:104a0c0065793e203c76616c3e0d0a202049502091
:104a1c006b6579733a2020206970302f6d61736b50
:104a2c00302f6777302f646e73302c206970312fe4
:104a3c006d61736b312f6777312f646e733120206a
:104a4c0028646f747465642d71756164290d0a2076
:104a5c00204d4143206b6579733a20206d616330a2
:104a6c002c206d61633120202858583a58583a58f8
:104a7c00583a58583a58583a58583b206170706c0c
:104a8c00696573206166746572207265736574293b
:104a9c000d0a2020504c4341206b6579733a2070ed
:104aac006c63615f69642028302e2e323534292cda
:104abc0020706c63615f636e742028312e2e32354a
:104acc0035290d0a20206d6972726f723a202020f0
:104adc0020307c31202028657468302d3e65746848
:104aec003120706f7274206d6972726f72206174f4
:104afc0020626f6f74290d0a2020736e69666665db
:104b0c00723a202020307c3120202873757070720e
:104b1c00657373207468652065746830205048593b
:104b2c00207472616e736d69747465722061742087
:104b3c00626f6f74290d0a006d6972726f720000da
:104b4c00736574656e763a206d6972726f72206d42
:104b5c007573742062652030206f7220310d0a004d
:104b6c00736574656e763a206d6972726f72203d52
:104b7c0020256c75202852414d206f6e6c793b209e
:104b8c002773617665656e762720746f2070657269
:104b9c00736973743b2074616b657320656666651d
:104bac00637420617420746865206e65787420626b
:104bbc006f6f74202d2075736520276d6972726f6d
:104bcc007220256c752720746f2073776974636865
:104bdc00206974206e6f77290d0a0000736e696668
:104bec0066657200736574656e763a20736e6966dd
:104bfc00666572206d7573742062652030206f724b
:104c0c0020310d0a00000000736574656e763a2041
:104c1c00736e6966666572203d20256c752028527e
:104c2c00414d206f6e6c793b202773617665656e04
:104c3c00762720746f20706572736973743b2074cf
:104c4c00616b65732065666665637420617420749e
:104c5c006865206e65787420626f6f74202d2075e6
:104c6c0073652027736e696666657220256c7527df
:104c7c0020746f20737769746368206974206e6f79
:104c8c0077290d0a000000006d6163300000000000
:104c9c006d6163310000000025783a25783a25785b
:104cac003a25783a25783a257800000073657465c2
:104cbc006e763a20626164204d414320272573278c
:104ccc0020287573652058583a58583a58583a580d
:104cdc00583a58583a5858290d0a0000706c6361bc
:104cec005f696400706c63615f636e740000000048
:104cfc00736574656e763a20706c63615f696420cd
:104d0c0072616e676520302e2e3235340d0a00002c
:104d1c00736574656e763a20706c63615f636e7454
:104d2c002072616e676520312e2e3235350d0a00ea
:104d3c00736574656e763a202573203d20256c755d
:104d4c00202852414d206f6e6c793b202773617681
:104d5c0065656e762720746f207065727369737445
:104d6c00290d0a00697030006d61736b3000000012
:104d7c0067773000646e733000000000697031009a
:104d8c006d61736b3100000067773100646e7331b5
:104d9c0000000000736574656e763a20756e6b6e5c
:104dac006f776e206b657920272573270d0a00001d
:104dbc00736574656e763a206261642049502027d1
:104dcc002573270d0a000000736574656e763a2012
:104ddc002573203d202573202852414d206f6e6c89
:104dec00793b202773617665656e762720746f207a
:104dfc0070657273697374290d0a000073657465ac
:104e0c006e763a202573203d202573202852414d83
:104e1c00206f6e6c793b202773617665656e762703
:104e2c0020746f20706572736973743b204d41431d
:104e3c00206170706c696573206166746572207294
:104e4c0065736574290d0a006f6b000042414400c4
:104e5c004f4e20004f4646004f4e0000656e7620a8
:104e6c002852414d20736861646f77293a0d0a000e
:104e7c002020656e76202020696420257320207602
:104e8c00657273696f6e20256c75202063726320c8
:104e9c00257320207c20206669726d7761726520f5
:104eac006964202573202076657273696f6e2025e6
:104ebc006c75202025730d0a000000007463706966
:104ecc00705f69706572665f6c616e383635785fdd
:104edc00627269646765000020206574682564202f
:104eec00200000006970200025732573000000006d
:104efc0020206d61736b200020206777200000005c
:104f0c002020646e73200000253032583a25303250
:104f1c00583a253032583a253032583a25303258e2
:104f2c003a2530325800000020206574683020206b
:104f3c006d61632025730d0a00000000202065744c
:104f4c00683120206d6163202573202028617070ea
:104f5c006c69656420617420626f6f74290d0a009e
:104f6c002020706c63612020696420256c752020e2
:104f7c00636f756e7420256c7520202865746830fd
:104f8c002f543153290d0a0020206d6972726f72f3
:104f9c0020257320617420626f6f742020286e6f3f
:104fac00773a202573290d0a000000002020736e2b
:104fbc00696666657220257320617420626f6f7458
:104fcc002020286e6f773a202573290d0a000000e7
:104fdc0020202873617665656e76203d20706572a1
:104fec00736973742b6170706c792c2072656164b9
:104ffc00656e76203d2072656c6f61642c20726545
:10500c00736574656e76203d2064656661756c749d
:10501c0073290d0a000000007265736574656e7665
:10502c003a20726573746f72656420636f6d70697a
:10503c006c65642064656661756c74732c20706596
:10504c007273697374656420616e64206170706c36
:10505c006965642e0d0a00007265736574656e7661
:10506c003a2064656661756c7473206170706c694c
:10507c0065642062757420454550524f4d207772ff
:10508c00697465204641494c45442e0d0a000000c8
:10509c0072656164656e763a2072656c6f616465e9
:1050ac00642066726f6d20454550524f4d20616ee5
:1050bc0064206170706c6965642e0d0a000000003c
:1050cc0072656164656e763a206e6f2076616c69ec
:1050dc006420636f6e66696720696e204545505287
:1050ec004f4d2e0d0a00000073617665656e763aa1
:1050fc002070657273697374656420746f20454504
:10510c0050524f4d20616e64206170706c69656403
:10511c002028616e204950206368616e67652064a9
:10512c00726f7073207468652063757272656e742b
:10513c0020636f6e6e656374696f6e292e0d0a00a5
:10514c0073617665656e763a20454550524f4d2019
:10515c007772697465204641494c45442e0d0a000e
:10516c00656e763a206d6967726174656420762588
:10517c0075207265636f726420746f2076257520bc
:10518c002873657474696e6773206b6570742c205a
:10519c00736e69666665723d30290d0a0000000069
:1051ac00656e763a206d6967726174656420762548
:1051bc0075207265636f726420746f20762575207c
:1051cc002873657474696e6773206b6570742c201a
:1051dc006d6972726f723d302c20736e69666665f4
:1051ec00723d30290d0a0000656e763a2044495311
:1051fc00434152444544207468652073746f726552
:10520c0064207265636f72642028696420257320a2
:10521c0076657273696f6e20256c752063726320de
:10522c00257329202d2074686973206669726d7747
:10523c0061726520777269746573206964202573c7
:10524c002076657273696f6e20256c752028257326
:10525c00292e0d0a656e763a20636f6d70696c6548
:10526c00642064656661756c747320617265206975
:10527c006e207573652c20504c4341206e6f646515
:10528c00206964206973206e6f772025752e20436a
:10529c006865636b202773686f77656e762720626d
:1052ac0065666f72652072656c79696e67206f6eca
:1052bc0020746865206c696e6b2e0d0a000000006e
:1052cc003a2070657273697374656e74206e6574c0
:1052dc00776f726b20636f6e6669672028736176d7
:1052ec0065656e762f72656164656e762f73686f77
:1052fc0077656e762900000073686f77656e7600af
:10530c003a2073686f7720746865206375727265d4
:10531c006e74206e6574776f726b20636f6e666946
:10532c0067202852414d20736861646f7729000013
:10533c00736574656e7600003a20736574656e76dd
:10534c00203c6b65793e203c76616c3e20202869c0
:10535c0070302e2e2f646e73312c206d6163302fc4
:10536c006d6163312c20706c63615f69642c2070fb
:10537c006c63615f636e742c206d6972726f722c3a
:10538c0020736e696666657229000000736176652c
:10539c00656e76003a207065727369737420636f62
:1053ac006e66696720746f20454550524f4d2061e1
:1053bc006e64206170706c79206974206c697665fc
:1053cc000000000072656164656e76003a207265bb
:1053dc006c6f616420636f6e6669672066726f6db7
:1053ec0020454550524f4d20616e64206170706ca9
:1053fc00792028646973636172647320756e7361bc
:10540c007665642065646974732900007265736540
:10541c0074656e76000000003a2072657365742026
:10542c00746f20636f6d70696c6564206465666170
:10543c00756c74732c207065727369737420616e53
:10544c0064206170706c79004c414e383635782090
:10545c00646961676e6f737469637320636f6d6ddc
:10546c00616e64733a0a0d0020206c616e5f726588
:10547c00616420203c616464723e20202020202046
:10548c00202020202020202d205265616420204cdb
:10549c00414e3836355820726567697374657220d1
:1054ac00286865782061646472657373290a0d003d
:1054bc0020206c616e5f7772697465203c61646456
:1054cc00723e203c76616c75653e20202020202d9c
:1054dc00205772697465204c414e3836355820720d
:1054ec0065676973746572202868657820616464e7
:1054fc00722c206865782076616c7565290a0d0020
:10550c0020206c616e5f726d77203c616464723e2a
:10551c00203c6d61736b3e203c76616c3e20202def
:10552c0020526561642d6d6f646966792d7772699f
:10553c007465202b207665726966793a206e6577e2
:10554c003d286f6c64267e6d61736b297c76616c73
:10555c000a0d00002020746573746d6f6465205b08
:10556c00302e2e345d205b7365636f6e64735d202b
:10557c002020202d20494545452054582074657322
:10558c0074206d6f64652c2076657269666965643c
:10559c0020627920726561646261636b20286e6f92
:1055ac0020617267203d2073686f77290a0d000017
:1055bc002020706c63615f6e6f6465205b69645d55
:1055cc002020202020202020202020202020202dc2
:1055dc00204765742f73657420504c4341206e6fc7
:1055ec00646520494420286e6f20617267203d203d
:1055fc0073686f772063757272656e74290a0d007b
:10560c002020706c63615f737461742020202020f3
:10561c002020202020202020202020202020202d71
:10562c0020504c434120627573206865616c74682e
:10563c002062656c6f772049502d6672616d652014
:10564c006c6576656c20286c696e6b2f6e6f64656b
:10565c00732f544f2b424541434f4e20636f756e51
:10566c0074732f6576656e7473290a0d0000000043
:10567c002020737169205b6e6f64657c616c6c7c3f
:10568c006f66665d20202020202020202020202de9
:10569c00205369676e616c205175616c6974792057
:1056ac00496e64696361746f722c20636f6e7469e8
:1056bc006e756f757320286e6f20617267203d20a8
:1056cc0073686f77207265706f7274290a0d000011
:1056dc002020737169207265706f7274203c736541
:1056ec00633e7c6f66662020202020202020202d09
:1056fc00206175746f2d7072696e742074686520ea
:10570c00737169207265706f727420657665727939
:10571c00203c7365633e20732c206f722073746f72
:10572c007020646f696e6720736f0a0d00000000b3
:10573c000a0d41646472657373203d20284d4d53ee
:10574c00203c3c20313629207c206f6666736574c2
:10575c002e204d4d532033203d2050485920504d84
:10576c00412f504d442c204d4d532034203d20765c
:10577c00656e646f722073706563696669632e0a67
:10578c000d0000004578616d706c653a206c616e9f
:10579c005f72656164203078303030344341303290
:1057ac0020202028504c43415f4354524c313a2026
:1057bc004e4f44455f434e543c3c38207c204e4f6a
:1057cc0044455f4944290a0d000000004578616d8d
:1057dc00706c653a20746573746d6f64652031204c
:1057ec003330202020202020202020287465737442
:1057fc00206d6f646520312c206175746f2d72657e
:10580c00766572742061667465722033302073295a
:10581c000a0d00004578616d706c653a20737169f2
:10582c0020616c6c20202020202020202020202093
:10583c00202020286d6f6e69746f7220616c6c2053
:10584c00504c4341206e6f6465732c2077656967fb
:10585c00687465642061766572616765290a0d005c
:10586c004578616d706c653a207371692072657052
:10587c006f7274203520202020202020202020280a
:10588c007072696e7420746865207265706f7274c2
:10589c00206576657279203520732c2073746172c3
:1058ac007473206d6f6e69746f72696e67206966b0
:1058bc00206e6565646564290a0d000072756e6e54
:1058cc00696e67007374617274696e670000000022
:1058dc003f000000756e646566696e6564000000cb
:1058ec005b5351495d206e6f74206d6f6e69746fe0
:1058fc0072696e67202d2027737169203c6e6f646e
:10590c006520302e2e3235343e27206f72202773bf
:10591c00716920616c6c2720746f207374617274d0
:10592c000a0d00005b5351495d206e6f64653a208f
:10593c00616c6c2028776569676874656429202020
:10594c002073746174653a2025730a0d0000000001
:10595c005b5351495d206e6f64653a20257520209c
:10596c002073746174653a2025730a0d00000000e1
:10597c005b5351495d206e6f2076616c69642073b6
:10598c00616d706c6520796574202d206163637581
:10599c006d756c6174696f6e206475726174696f7a
:1059ac006e20646570656e6473206f6e2074726116
:1059bc00666669630a0d00005b5351495d206c619a
:1059cc0073743a2025730a0d000000005b53514993
:1059dc005d206d696e3a2025752020206d61783a26
:1059ec0020257520202073616d706c65733a20251d
:1059fc00750a0d005b5351495d206572726f7273ad
:105a0c003a20257520286c6173743a202573290a75
:105a1c000d00000055736167653a206c616e5f770d
:105a2c0072697465203c616464726573735f686548
:105a3c00783e203c76616c75655f6865783e0a0d32
:105a4c00000000004578616d706c653a206c616ee9
:105a5c005f77726974652030783030303430303094
:105a6c003020307831323334353637380a0d000077
:105a7c004552524f523a2050726576696f757320b9
:105a8c004c414e206f7065726174696f6e20737437
:105a9c00696c6c20696e2070726f67726573730a23
:105aac000d0000005b544553544d4f44455d20722e
:105abc00657175657374696e67202575202d2025b9
:105acc0073202854315354535443544c3d3078254f
:105adc00303858290a0d00005b544553544d4f443f
:105aec00455d2074686520543153206c696e6b20c1
:105afc00697320646f776e207768696c65207468b1
:105b0c006973206d6f6465206973206163746976b5
:105b1c00650a0d005b544553544d4f44455d20615f
:105b2c0075746f2d7265766572742061726d656423
:105b3c0020696e20257520730a0d00005b544553b7
:105b4c00544d4f44455d206e6f2074696d656f75c3
:105b5c007420676976656e202d2072657665727487
:105b6c0020776974682027746573746d6f64652081
:105b7c0030270a0d0000000055736167653a206cf0
:105b8c00616e5f72656164203c61646472657373fd
:105b9c005f6865783e0a0d004578616d706c653afa
:105bac00206c616e5f726561642030783030303407
:105bbc00303030300a0d000055736167653a20743f
:105bcc006573746d6f6465205b302e2e25755d20ba
:105bdc005b7365636f6e64735d0a0d00202030206b
:105bec003d206e6f726d616c2c2031203d20766fe4
:105bfc006c746167652f6a69747465722c2032202d
:105c0c003d2064726f6f702c2033203d2050534424
:105c1c00206d61736b2c2034203d20545820686912
:105c2c0067682d5a0a0d000020206e6f2061726784
:105c3c00756d656e74203d2073686f772074686590
:105c4c002063757272656e74206d6f64650a0d0049
:105c5c00746573746d6f64653a207365636f6e64fd
:105c6c0073206d75737420626520312e2e363030a2
:105c7c000a0d000055736167653a206c616e5f72a6
:105c8c006d77203c616464725f6865783e203c6d82
:105c9c0061736b5f6865783e203c76616c75655fff
:105cac006865783e0a0d0000202020202020206e00
:105cbc006577203d20286f6c642026207e6d6173f3
:105ccc006b29207c2076616c75650a0d0000000044
:105cdc004578616d706c653a206c616e5f726d77a2
:105cec00203078303030333038463920307830300e
:105cfc00303030303031203078303030303030305f
:105d0c003120202028736574204c4245290a0d004f
:105d1c004578616d706c653a206c616e5f726d7761
:105d2c0020307830303033303846392030783030cd
:105d3c00303030303031203078303030303030301e
:105d4c003020202028636c656172204c4245290a62
:105d5c000d0000006c616e5f726d773a206d61739f
:105d6c006b2069732030202d206e6f7468696e670c
:105d7c0020776f756c64206368616e67652c207585
:105d8c007365206c616e5f777269746520696e73e0
:105d9c00746561640a0d00006c616e5f726d773a18
:105dac00205741524e494e472076616c75652068ec
:105dbc0061732062697473206f75747369646520f4
:105dcc00746865206d61736b2028307825303858e5
:105ddc00293b2074686520647269766572204f5285
:105dec0073207468656d20696e20726567617264da
:105dfc006c6573730a0d0000726573657276656469
:105e0c00000000005b504c43415d204c414e206231
:105e1c00757379202d206170706c7920736b6970ab
:105e2c0070656420287265747279207768656e20bd
:105e3c0069646c65290d0a005b504c43415d206e12
:105e4c006f64652049442073657420746f20257538
:105e5c0020284e4f44455f434e543d25752c2072ef
:105e6c0065673d30782530386c58290d0a000000e4
:105e7c005b504c43415d2063757272656e74206e8d
:105e8c006f64652049443a20257520284e4f4445bf
:105e9c005f434e543d2575290d0a00005b504c4361
:105eac00415d20656e61626c696e67207472616e13
:105ebc00736d69742d6f70706f7274756e6974790f
:105ecc002f424541434f4e20636f756e746572735c
:105edc0020286f6e652d74696d65290a0d00000010
:105eec005b5351495d20616c7265616479207374f8
:105efc006f707065640a0d005b5351495d206d6fc6
:105f0c006e69746f72696e672073746f70706564fc
:105f1c000a0d00005b5351495d20706f6c6c696e0b
:105f2c00672073746f707065642c20627574204cdc
:105f3c00414e2062757379202d20535149454e20d6
:105f4c004e4f5420636c65617265642028726574d1
:105f5c0072792027737169206f6666272069662025
:105f6c0074686174206d617474657273290a0d0014
:105f7c007265706f7274000055736167653a2073b7
:105f8c007169207265706f7274203c7365636f6efb
:105f9c00647320312e2e333630303e7c6f66660aa9
:105fac000d0000005b5351495d206175746f2d72bb
:105fbc0065706f72742073746f707065640a0d0075
:105fcc005b5351495d206175746f2d7265706f72f2
:105fdc007420616c72656164792073746f70706584
:105fec00640a0d00737169207265706f72743a20c7
:105ffc007365636f6e6473206d75737420626520b6
:10600c00312e2e333630300a0d0000005b535149cf
:10601c005d206175746f2d7265706f72742065767a
:10602c0065727920257520732061726d65640a0d87
:10603c000000000055736167653a20737169205b3d
:10604c003c6e6f646520302e2e3235343e7c616c94
:10605c006c7c6f66665d0a0d0000000020206e6f80
:10606c0020617267756d656e74203d2073686f7763
:10607c002074686520616363756d756c617465640b
:10608c00207265706f72740a0d0000005b535149e9
:10609c005d207374617274696e67202d20706f6c53
:1060ac006c207e31782f732c20676976652069749b
:1060bc00206120666577207365636f6e647320744e
:1060cc006f20616363756d756c6174650a0d0000fa
:1060dc00696e2072616e6765000000004f55542098
:1060ec004f462052414e4745000000004c414e386f
:1060fc003635582052656164206661696c65642090
:10610c00746f2073746172743a20726573756c7459
:10611c003d25640a0d0000004c414e3836355820a0
:10612c00526561642074696d656f757420666f7259
:10613c0020616464723d3078253038580a0d0000b7
:10614c005b5351495d206572726f723a2025732042
:10615c002d207265636f766572696e6720285351c6
:10616c0049454e206f66662f6f6e290a0d000000a0
:10617c005b504c43415d206c696e6b3a202573205b
:10618c0028504c43415f5354532e5053543d257566
:10619c00290a0d005b504c43415d20636f6f7264a4
:1061ac00696e61746f72206379636c65206c656ec7
:1061bc006774683a20257520285052535354532e37
:1061cc004d415849442c206d61792064696666659f
:1061dc00722066726f6d206f7572206f776e204e15
:1061ec004f44455f434e54290a0d00005b504c430d
:1061fc00415d2073696e6365206c61737420636804
:10620c0065636b3a20256c75207472616e736d69d1
:10621c0074206f70706f7274756e69746965732c0d
:10622c0020256c7520424541434f4e730a0d0000ea
:10623c005b504c43415d206c617374207472616ed1
:10624c00736d69742d6f70706f7274756e6974797b
:10625c00206576656e742061742049442025752074
:10626c0028535453332e455252544f49442c2075c5
:10627c006e72656c6961626c65206966206d756c07
:10628c007469706c65206576656e74732062656cdc
:10629c006f77290a0d0000005b504c43415d20656f
:1062ac0076656e743a20504859534943414c2054fa
:1062bc0052414e534d495420434f4c4c4953494f36
:1062cc004e2028535453312e5458434f4c29202dd3
:1062dc00206e6f74206120504c43412061646472c5
:1062ec00657373696e6720636f6e666c6963742c7b
:1062fc002061207265616c20656c656374726963e2
:10630c00616c2d6c61796572206661756c740a0d17
:10631c00000000005b504c43415d20657863657361
:10632c007369766520636f6c6c6973696f6e73202b
:10633c0073696e6365206c61737420636865636b4d
:10634c003a2025752028535441545331302e58434c
:10635c004f4c202d204d41432d6c6576656c2c20c7
:10636c00646174617368656574207761726e732003
:10637c00746869732063616e20626520636f6e665a
:10638c007573656420627920504c43412773206fec
:10639c00776e206c6f676963616c20636f6c6c69de
:1063ac0073696f6e73290a0d000000005b504c433b
:1063bc00415d20636f7272757074656420747261d4
:1063cc006e736d697373696f6e732073696e636539
:1063dc00206c61737420636865636b3a20257520ab
:1063ec002854315350435344494147322e434f5262
:1063fc005458434e54202d20746865206461746198
:10640c0073686565742d7265636f6d6d656e64651b
:10641c006420706879736963616c20636f6c6c695c
:10642c0073696f6e20636f756e746572290a0d0047
:10643c005b504c43415d206576656e743a20756ef9
:10644c00657870656374656420424541434f4e2006
:10645c007265636569766564202d20636865636b7e
:10646c0020666f722061207365636f6e6420636faa
:10647c006f7264696e61746f720a0d005b504c43ed
:10648c00415d206576656e743a20424541434f4e1e
:10649c00207265636569766564206265666f7265f6
:1064ac00206f7572206f776e207472616e736d69d8
:1064bc0074206f70706f7274756e6974790a0d0048
:1064cc005b504c43415d206576656e743a20667274
:1064dc00616d6520726563656976656420647572ab
:1064ec00696e67206f7572206f776e207472616ea3
:1064fc00736d6974206f70706f7274756e697479d6
:10650c000a0d00005b504c43415d206576656e744e
:10651c003a20656d70747920504c43412063796347
:10652c006c65202d206e6f206e6f64652074726117
:10653c006e736d69747465640a0d00005b504c4396
:10654c00415d206576656e743a20756e6578706570
:10655c006374656420636172726965722073656e21
:10656c00736520647572696e672041434d412074d8
:10657c00696d6520736c6f742028535453312e55fc
:10658c004e435253290a0d005b504c43415d20652c
:10659c0076656e743a20504c43412073796d626f6e
:1065ac006c73206465746563746564207768696cca
:1065bc006520504c43412069732064697361626c9f
:1065cc006564206c6f63616c6c7920285354533173
:1065dc002e504c434153594d290a0d005b504c43ee
:1065ec00415d206576656e743a20504c43412073b2
:1065fc007461747573206368616e67656420736978
:10660c006e6365206c61737420636865636b0a0d3f
:10661c00000000005b504c43415d206e6f20504cdd
:10662c004341206576656e7420666c6167732073d8
:10663c00696e6365206c61737420636865636b0ab3
:10664c000d0000005b504c43415d2073746174205d
:10665c0072656164206661696c6564206174206197
:10666c006464723d307825303858202d2061626f7b
:10667c007274696e670a0d004c414e3836355820dd
:10668c0052656164204f4b3a20416464723d30780e
:10669c00253038582056616c75653d30782530387a
:1066ac00580a0d005b5645524946595d20504153de
:1066bc005320616464723d307825303858206d6108
:1066cc00736b65643d30782530385820286d6173c4
:1066dc006b20307825303858290a0d005b5645520e
:1066ec004946595d204641494c20616464723d30f5
:1066fc0078253038582065787065637465643d3052
:10670c00782530385820676f743d307825303858ec
:10671c0020286d61736b20307825303858290a0d8c
:10672c00000000005b544553544d4f44455d206eb2
:10673c006f77202575202d2025730a0d0000000091
:10674c004c414e383635582052656164206661697b
:10675c006c656420666f7220616464723d307825cc
:10676c003038580a0d0000005b5645524946595db9
:10677c00204641494c20616464723d3078253038a4
:10678c0058202d20726561646261636b20646964ba
:10679c00206e6f7420636f6d706c6574650a0d00ec
:1067ac004c414e38363558205772697465206661f5
:1067bc00696c656420746f2073746172743a207212
:1067cc006573756c743d25640a0d00004c414e38a0
:1067dc003635582057726974652074696d656f750c
:1067ec007420666f7220616464723d307825303895
:1067fc00580a0d004c414e38363558205772697482
:10680c0065204f4b3a20416464723d307825303816
:10681c00582056616c75653d3078253038580a0d16
:10682c00000000004c414e383635582057726974c0
:10683c0065206661696c656420666f7220616464b2
:10684c00723d3078253038580a0d00004c414e38d6
:10685c0036355820524d57206661696c656420743a
:10686c006f2073746172743a20726573756c743d29
:10687c0025640a0d000000004c414e383635582076
:10688c00524d572074696d656f757420666f722058
:10689c00616464723d3078253038580a0d00000070
:1068ac004c414e3836355820524d57204f4b3a20dc
:1068bc00416464723d307825303858204d61736bdb
:1068cc003d3078253038582056616c75653d3078f0
:1068dc00253038582046696e616c3d30782530384b
:1068ec00580a0d004c414e3836355820524d572021
:1068fc006661696c656420666f7220616464723dc8
:10690c003078253038580a0d000000005b54455390
:10691c00544d4f44455d206175746f2d72657665dd
:10692c0072743a20726573746f72696e67206e6f41
:10693c00726d616c206f7065726174696f6e0a0d97
:10694c00000000005b5351495d206d6f6e69746fe0
:10695c0072696e6720616c6c206e6f6465732028a1
:10696c00776569676874656429202d2027737169c0
:10697c00272073686f777320746865207265706f59
:10698c0072740a0d000000005b5351495d206d6f5d
:10699c006e69746f72696e67206e6f646520257501
:1069ac00202d2027737169272073686f77732074eb
:1069bc006865207265706f72740a0d003a204c4144
:1069cc004e38363578207265676973746572732c2e
:1069dc002074657374206d6f6465732c20504c4368
:1069ec00410000006c616e004c414e383635585fea
:1069fc00444941473a205359535f434d445f414406
:106a0c0044475250206661696c65640a0d000000b1
:106a1c006e6f726d616c206f7065726174696f6ef0
:106a2c000000000074657374206d6f646520312064
:106a3c00286f757470757420766f6c74616765203f
:106a4c002f2074696d696e67206a69747465722988
:106a5c000000000074657374206d6f646520322033
:106a6c00286f75747075742064726f6f70290000d4
:106a7c0074657374206d6f64652033202850534403
:106a8c00206d61736b202f207472616e736d69744d
:106a9c0074657220646973746f7274696f6e290007
:106aac0074657374206d6f64652034202874726172
:106abc006e736d6974746572206869676820696d9e
:106acc00706564616e636529000000006c6f77204f
:106adc007468726573686f6c642061626f76652090
:106aec006d6178206c696d69746174696f6e0000fa
:106afc0068696768207468726573686f6c6420617c
:106b0c00626f7665206d6178206c696d6974617453
:106b1c00696f6e006c6f77207468726573686f6c48
:106b2c00642062656c6f77206d696e206c696d698d
:106b3c00746174696f6e00006869676820746872ac
:106b4c006573686f6c642062656c6f77206d696e1d
:106b5c00206c696d69746174696f6e006c6f77205d
:106b6c007468726573686f6c642061626f766520ff
:106b7c0068696768207468726573686f6c6400007c
:106b8c003020776f727374202028534e52203c3d76
:106b9c00207e3564422c2020424552203e3d207ef2
:106bac00332e38452d322900312020202020202062
:106bbc002028534e52207e352d313064422c20201b
:106bcc00424552207e332e38452d322e2e372e380c
:106bdc00452d3429000000003220202020202020c8
:106bec002028534e52207e31302d313264422c20dd
:106bfc00424552207e372e38452d342e2e332e34de
:106c0c00452d352900000000332020202020202095
:106c1c002028534e52207e31322d313464422c20a8
:106c2c00424552207e332e34452d352e2e322e37b2
:106c3c00452d372900000000342020202020202062
:106c4c002028534e52207e31342d313664422c2074
:106c5c00424552207e322e37452d372e2e312e3482
:106c6c00452d313029000000352020202020202007
:106c7c002028534e52207e31362d313764422c2041
:106c8c00424552207e312e34452d31302e2e372e5a
:106c9c0032452d31332900003620202020202020a1
:106cac002028534e52207e31372d313864422c200f
:106cbc00424552207e372e32452d31332e2e392e21
:106ccc0039452d3136290000372062657374202038
:106cdc002028534e52203e3d207e313864422c20d9
:106cec00424552203c3d207e392e39452d313629e6
:106cfc00000000006c616e68656c70003a206c6975
:106d0c00737420746865204c414e38363578206495
:106d1c006961676e6f737469637320636f6d6d6106
:106d2c006e6473006c616e5f7265616400000000dc
:106d3c003a2072656164204c414e383635582072c9
:106d4c006567697374657220286c616e5f7265612a
:106d5c0064203c616464725f6865783e29000000c1
:106d6c006c616e5f77726974650000003a2077720f
:106d7c00697465204c414e38363558207265676908
:106d8c007374657220286c616e5f7772697465200c
:106d9c003c616464725f6865783e203c76616c751a
:106dac00655f6865783e29006c616e5f726d770077
:106dbc003a20726561642d6d6f646966792d777206
:106dcc00697465202b2076657269667920286c6160
:106ddc006e5f726d77203c616464723e203c6d6125
:106dec00736b3e203c76616c75653e29000000009b
:106dfc00746573746d6f6465000000003a2049453a
:106e0c004545207472616e736d697474657220747b
:106e1c00657374206d6f64652028746573746d6f71
:106e2c006465205b302e2e345d205b7365636f6e62
:106e3c0064735d2c206e6f20617267203d20736837
:106e4c006f772900706c63615f6e6f646500000082
:106e5c003a206765742f73657420504c4341206e43
:106e6c006f64652049442028706c63615f6e6f64a9
:106e7c0065205b69645d2c206e6f206172673a201f
:106e8c0073686f772063757272656e7429000000e9
:106e9c00706c63615f737461740000003a20504c35
:106eac00434120627573206865616c74682062656b
:106ebc006c6f772049502d6672616d65206c65761c
:106ecc00656c20286c696e6b2f6e6f6465732f5424
:106edc004f2b424541434f4e20636f756e74732f99
:106eec006576656e74732900737169003a20636f5f
:106efc006e74696e756f7573205369676e616c2063
:106f0c005175616c69747920496e64696361746f41
:106f1c00722028737169205b6e6f64657c616c6c88
:106f2c007c6f66665d2c20737169207265706f7260
:106f3c0074203c7365633e7c6f66662c206e6f20fc
:106f4c006172673a2073686f77207265706f727424
:106f5c002900000020206462673a2072785f686f15
:106f6c006f6b3d256c75207061737365645f66692a
:106f7c006c7465723d256c7520706f6f6c5f656d00
:106f8c007074793d256c75206e6f5f657468313d4a
:106f9c00256c752074785f7375626d6974746564a3
:106fac003d256c750a0d000020206462673a206153
:106fbc00636b5f6f6b3d256c752061636b5f666106
:106fcc00696c3d256c75206c6173745f61636b5fdc
:106fdc007265733d2564206d61785f6c656e5f73bf
:106fec0075626d69747465643d2575206d61785f9b
:106ffc006c656e5f6f6b3d25750a0d002020646219
:10700c00673a207472756e63617465643d256c75a6
:10701c0020286672616d65732063757420746f200f
:10702c002575206279746573206265666f726520c0
:10703c006d6972726f72696e672c2073656520645e
:10704c006f63732f534e49464645525f345f45522a
:10705c004745424e495353452e6d64290a0d000095
:10706c006574683028543153292d3e65746831207d
:10707c006d6972726f723a2025730a0d0000000060
:10708c00202043617074757265206f6e2074686582
:10709c002050432028657468312920696e20576977
:1070ac007265736861726b20746f207365652074f0
:1070bc006865205431532062757320747261666662
:1070cc0069633a0a0d000000202052582028656e92
:1070dc0064706f696e74202d3e20627269646765fe
:1070ec003a207265706c6965732f415250292041aa
:1070fc004e4420746865206272696467652773204a
:10710c006f776e2054582e0a0d000000757361675e
:10711c00653a206269676672616d65203c746f74b4
:10712c00616c5f6672616d655f6c656e5f627974d0
:10713c0065733e20202825752e2e2575290a0d00f5
:10714c006269676672616d653a206c656e6774681a
:10715c00206d7573742062652025752e2e25750a99
:10716c000d0000006269676672616d653a20657496
:10717c006831206e6f742075700a0d006269676645
:10718c0072616d653a207061636b657420616c6c23
:10719c006f63206661696c65640a0d0062696766dd
:1071ac0072616d653a2073656e64696e6720257532
:1071bc002d6279746520726177206672616d65202d
:1071cc006f6e206574683120286473743d62726f31
:1071dc006164636173742c20657468657274797072
:1071ec00653d307825303458290a0d0065746830b7
:1071fc0028543153292d3e6574683120736e6966ad
:10720c006665723a2025730a0d0000002020436148
:10721c007074757265206f6e207468652050432001
:10722c0028657468312920696e2057697265736806
:10723c0061726b20746f2073656520414c4c205437
:10724c0031532062757320747261666669632c0a0f
:10725c000d0000002020696e636c7564696e6720f8
:10726c006672616d6573206265747765656e206ffb
:10727c0074686572206e6f64657320746861742025
:10728c00646f206e6f7420696e766f6c76652074f7
:10729c00686973206272696467652e0a0d000000cc
:1072ac002020543153207472616e736d697474654f
:1072bc00722064697361626c6564202870617373f9
:1072cc006976652074617029202d20666f72776154
:1072dc007264696e672069732070617573656420d0
:1072ec006d65616e7768696c652e0a0d0000000093
:1072fc004d4952524f523a20706f6f6c20696e6933
:10730c007420676f74206f6e6c792025752f25752e
:10731c0020627566666572730a0d00003a2065740a
:10732c0068302d3e6574683120706f7274206d6901
:10733c0072726f7220666f72205769726573686122
:10734c00726b00007370616e000000004d49525268
:10735c004f523a205359535f434d445f4144444785
:10736c005250206661696c65640a0d004d49525299
:10737c004f523a206574683028543153292d3e659c
:10738c00746831206d6972726f7220656e61626c07
:10739c0065642066726f6d20656e760a0d000000c4
:1073ac00534e49464645523a20657468302854314c
:1073bc005329207472616e736d69747465722073d5
:1073cc007570707265737365642066726f6d20657d
:1073dc006e7620287065726d616e656e7420736eaa
:1073ec006966666572290a0d000000003a206d6915
:1073fc0072726f7220657468302854315329205290
:10740c00582b545820746f206574683120666f7245
:10741c002057697265736861726b20286d6972728e
:10742c006f72205b307c315d290000003a206d6961
:10743c0072726f7220414c4c206574683028543144
:10744c00532920525820746f20657468312c206e9b
:10745c006f74206a75737420746869732062726922
:10746c006467652773206f776e2074726166666936
:10747c00632028736e6966666572205b307c315db3
:10748c00290000006269676672616d65000000008a
:10749c003a2073656e64206f6e6520726177206f81
:1074ac0076657273697a6564206672616d652073a6
:1074bc0074726169676874206f75742065746831c3
:1074cc0020286269676672616d65203c746f746117
:1074dc006c5f6c656e3e29005b4e6f49505d2054ad
:1074ec00583d2575202052583d25750d0a00000089
:1074fc005b4e6f49505d20636f756e74206d7573b4
:10750c007420626520312e2e25750d0a00000000b6
:10751c005b4e6f49505d206761705f6d73206d75b8
:10752c00737420626520302e2e25750d0a00000024
:10753c005b4e6f49505d2073697a65206d7573746d
:10754c002062652025752e2e25750d0a0000000081
:10755c005b4e6f49502d54585d20737461727420ca
:10756c00636f756e743d2575206761705f6d733d3b
:10757c0025752073697a653d25750d0a000000009c
:10758c005b4e6f49502d54585d2073656e642066b8
:10759c0061696c6564206174207365713d25750d9e
:1075ac000a0000005b4e6f49502d54585d207365e6
:1075bc006e74207365713d25750d0a005b4e6f4925
:1075cc00502d52585d20232575207365713d25750e
:1075dc002066726f6d20253032583a253032583a79
:1075ec00253032583a253032583a253032583a251f
:1075fc00303258206c656e3d25642074733d256ccb
:10760c006c75206d730d0a003a20726177204574f9
:10761c006865726e6574206672616d652074657341
:10762c0074202845746865725479706520307838f8
:10763c0038423529000000006e6f697000000000b0
:10764c004e4f49503a205359535f434d445f414488
:10765c0044475250206661696c65640a0d00000055
:10766c006e6f69705f73656e640000003a2073651d
:10767c006e64204e207261772045746865726e6569
:10768c0074206672616d65732062797061737369c1
:10769c006e672054435020737461636b20286e6fa7
:1076ac0069705f73656e64203c6e3e205b67617031
:1076bc005f6d735d290000006e6f69705f7374619c
:1076cc00740000003a2073686f77204e6f49502089
:1076dc0054582f525820636f756e74657273000086
:1076ec0073746172740000007465737473657276e0
:1076fc0065723a20616c72656164792072756e6e88
:10770c00696e67206f6e20706f72742025750a0d7c
:10771c0000000000746573747365727665723a20ac
:10772c0054435049505f5443505f536572766572b1
:10773c004f70656e206661696c65640a0d0000000f
:10774c00746573747365727665723a206c697374c0
:10775c00656e696e67206f6e20706f727420257570
:10776c000a0d0000746573747365727665723a2045
:10777c006e6f742072756e6e696e670a0d00000074
:10778c00746573747365727665723a2073746f7076
:10779c00706564202872783d256c752074783d25c1
:1077ac006c75206279746573290a0d0075736167b5
:1077bc00653a2074657374736572766572205b73b9
:1077cc0074617274205b706f72745d7c73746f7013
:1077dc005d0a0d00746573747365727665723a2078
:1077ec0069646c650a0d0000746573747365727658
:1077fc0065723a206c697374656e696e67206f6e82
:10780c0020706f72742025752c206e6f20636c694c
:10781c00656e74207965740a0d00000074657374cc
:10782c007365727665723a206563686f696e67205e
:10783c006f6e20706f7274202575202872783d252c
:10784c006c752074783d256c75206279746573298c
:10785c000a0d0000746573747365727665723a2054
:10786c00636c69656e7420636f6e6e6563746564ba
:10787c000a0d0000746573747365727665723a2034
:10788c00636c69656e7420646973636f6e6e656397
:10789c00746564202872783d256c752074783d25bc
:1078ac006c75206279746573290a0d003a20544373
:1078bc0050206563686f20746573742073657276ed
:1078cc00657220666f722062616e64776964746899
:1078dc002d72616d702074657374696e67000000a1
:1078ec0074657374736572766572000054455354f5
:1078fc005345525645523a205359535f434d445fba
:10790c00414444475250206661696c65640a0d001d
:10791c003a20544350206563686f2074657374205b
:10792c0073657276657220287465737473657276ec
:10793c006572205b7374617274205b706f72745d1e
:08794c007c73746f705d29006b
:020000040000fa
:107954002de9f04f0f219db01f2025f0e9fc0028f0
:107964004dd0dff8a0b2dbf80030002b47d09c4f9d
:107974000026a7f13c0500bf95f89630012ba5f130
:10798400440833d0023b102b01f2b380dfe813f03c
:107994005f036002330245042603aa032502bd01e6
:1079a400a10111003c01fe00e400d8006200420085
:1079b4003a00d5f88c3095f89740d3f80480002c21
:1079c40000f063851b6887491b684046984795f813
:1079d4009630854c012b237802d0013bdbb2237017
:1079e400002b00f00685012385f89630dbf8003083
:1079f40001369e4207f1e80705f1e805bcd31db046
:107a0400bde8f08f404617f0adf835f9080c20f0ca
:107a14006df8ebe715f8302c35f9080c0b210af05a
:107a2400ebff40460bf09cfc012800f0a1860228e5
:107a3400dcd195f896306c4c012b01f00c80237846
:107a4400002b00f09587122385f8963025f024fd4d
:107a54006865cbe7d5f88c3035f8321c5c682a466b
:107a6400012024f015f90346013325f8080c00f031
:107a740031855e4a4ff48071002322f03ffe55f8b1
:107a8400382c35f9080c05210af0b6ff30b9d5f8c1
:107a94008c3057491b6820461b68984735f9080cf9
:107aa400022206210af0a8ff30b9d5f88c305149da
:107ab4001b6820461b689847d5f8901035f9080cc8
:107ac40020f040fb5422002107a826f0c5ff07a997
:107ad40035f9080c1af0bafdd5f88c30bdf86220df
:107ae4001b6845491b686a8720469847d5f88c303f
:107af40035f8322c1b680292ea780192aa78009237
:107b040020462a785c683d496b78a04795f8963002
:107b1400354c012b00f0a2862378002b00f0108650
:107b2400112385f8963025f0b7fceb6c28650344e7
:107b3400ab654ff4c8625521314826f08dff55e7f7
:107b4400404617f00ff835f90a0c1cf0a3ff4ff666
:107b5400ff7325f80a3c49e740460bf001fc012875
:107b640000f0438602287ff441af95f896301e4c0e
:107b7400012b00f065872378002b00f0f2860f2399
:107b840085f8963025f088fc68652fe7d5f88c30a9
:107b940095f89780d3f80490b8f1000f40f0cc84a6
:107ba40035f90a0c23f0bcfc0446002800f070856b
:107bb40035f90a0c23f08cff25f06efceb6c28657c
:107bc4000344ab6595f89630012b00f08486064c8f
:107bd4002378002b00f03b860e2385f8963005e7ca
:107be400b8a90020d82f000029b700202de80200f2
:107bf400643000008c300000882c0000b430000099
:107c040058820020bcb50020d5f88c3035f8321ce1
:107c1400d3f804800022012026f0f2fd034601334c
:107c240025f80a0c00f080840023804a4ff4007188
:107c340022f0d4fceb6b002b40f0908500222b4605
:107c4400012135f90a0c20f035fc4ff480636b8771
:107c5400d5f88c3076491b6840461b689847d5f8a0
:107c64008c3035f8322c1b680292ea780192aa789b
:107c740000925c686f496b782a784046a04795f873
:107c840096306d4c012b00f0f4852378002b00f026
:107c94005e850d23d5f8802035f90a0c85f89630d9
:107ca400032115f023fa30b9d5f88c3063491b68e9
:107cb40040461b68984735f90a0c22f009ff25f065
:107cc400ebfb4ff4c862686754215d4826f0c4fe9c
:107cd4008ce6d5f8900026f01dfb032804d0d5f8d7
:107ce4009000294622f09efc95f89630524c012bc8
:107cf40000f09c852378002b00f054840b2385f836
:107d0400963025f0c9fb686770e615f8342cd5f871
:107d14008c30012a5c6800f03d84022a09d135f9cf
:107d24000c0c1cf0b7fe4ff6ff7325f80c3cd5f88d
:107d34008c301b684349d3f80490434ba8eb0303ee
:107d4400db10c3ebc31203ebc202c2eb823203ebc0
:107d5400021303eb830842462046c8470023c5e9c3
:107d64001433c5e91933c5e91b3385f8953085f813
:107d74009830eb6740f2b453a5f89a3095f899100f
:107d840040f2be53002245f8383c002345e909235c
:107d940045e9072345e90523c5e91723204642465b
:107da400002900f0b78295f89790b9f1000f40f0e0
:107db400b182d5f88c3025491b685b68984795f8e3
:107dc4009630012b00f0e1851b4c2378002b00f04a
:107dd400a085022385f8963008e695f89540002c96
:107de40000f03083144c2378002b00f00e83092319
:107df40085f89630fae535f9080c23f07ff9002868
:107e040040f037830c4c95f8972095f896302178fc
:107e1400002a00f07d83012be5d101312170024657
:107e24004ff480711f2020f025fddce719e80200e3
:107e3400882c0000ec30000029b7002064300000da
:107e440058820020542f000038a90020842f0000fd
:107e54009b4bcdf81480a8eb0303db10c3ebc312d8
:107e640003ebc202c2eb823203eb021303eb830384
:107e74000493d5f88c30d3f8049000bf35f9080c7e
:107e840023f03cf90b28044640f28d80dff8508241
:107e940035f9080c0c22414617f060fb0c2840f021
:107ea4002183d8f8003093fa83f8eb6d45f81c8ce5
:107eb400c246002b40f03682b8f1000fc0f2d982de
:107ec400d5f88c307f491b6801225b68ea65484617
:107ed400049a984755f81c2c72b1d5f88c307a491d
:107ee4001b6848465b68984755f8143c55f81c2ca9
:107ef400013b134445f8143c45f8182c0021542246
:107f040007a826f0a9fd07a935f9080c1af09efb6d
:107f140035f9080c24f0f6ff26f0aefcd5f88c30c9
:107f240035f8322c1b680292020e0192c0f307420c
:107f340000925c686549ddf82080c0f30723c2b273
:107f44004846a047d5f88c30bdf860201b680292e3
:107f54004fea18620192c8f3074200925c495c68d8
:107f64005ffa88f2c8f307234846a047c5f80080a3
:107f7400bdf860302b8425f08ffa55f81c3c6b66f5
:107f8400eb6d2b6655f8143c28652867ab6635f90c
:107f9400080c23f099fe35f9080c23f0aff80b28f0
:107fa40004463ff673afeb6dddf81480002b40f010
:107fb4003b8395f89730002b3ff418ad95f8962045
:107fc400444c012a237840f09a82013300224ff472
:107fd40080711f20237020f04dfc90e295f897806b
:107fe400b8f1000f40f00c8235f90c0c23f098fa2c
:107ff40000283ff4fbac3822414607a826f02cfdac
:1080040007ac07a935f90c0c18f0d4fc0fcca5f17a
:10801400040cace80f000fccace80f000fccace8bc
:108024000f0094e803008ce8030095f89630012bc8
:1080340000f0b784274c2378002b00f07e840723bc
:1080440035f90c0c85f8963023f042fdcee4d5f8d2
:108054008c3095f899205c68002a00f0778215f836
:10806400340c012800f04c83022840f0b58235f925
:108074000c0c421c00f05484174a4ff40071002386
:1080840022f0acfad5f8842035f90c0c022115f055
:108094002df830b9d5f88c3010491b6820461b6880
:1080a400984795f896300b4c012b00f09d8423786b
:1080b400002b00f04984062385f8963096e400bf2f
:1080c40038a90020c42e0000f02e0000402d00002e
:1080d400742d000029b7002019e80200402e00008a
:1080e40008b20020d5f88c3035f90c0cd3f8049084
:1080f40022f024ff0446002800f02e8255f81c3c90
:10810400002b47d1d5f88c20c34b1268c349d2f851
:1081140004a0a8eb0303db10c3ebc31203ebc202fe
:10812400c2eb823203eb021202eb82024846d047d2
:1081340025f0b2f955f81c3c6b662865286735f9bb
:108144000c0c24f08ffe26f097fbd5f88c3035f814
:10815400322c1b680292020e0192c0f30742009275
:10816400d3f804a0ae49c0f30723c2b24846d047af
:10817400d5f88c302a8c1b680292ea780192aa788e
:10818400009248462a78d3f80490a6496b78c847e9
:1081940055f81c3cdff8a4a2013345e90733eb6d25
:1081a4000133eb65204625f025ff02460b4655e9d1
:1081b40009010df02dff45e9090100bfb4f5c86fb1
:1081c400a14628bf4ff4c8691ffa89f9a4eb090432
:1081d40035f90c0c4a465146a4b226f08fff002c08
:1081e400ecd155f81c3c002b40f07c8295f897307c
:1081f400002b3ff4fbab95f896308b4c012b00f031
:1082040008842378002b00f0ba83082385f896307d
:1082140025f042f96865fff7e9bb95f89530002b26
:1082240000f0c78135f9080c22f068ff04460028e5
:1082340040f01f8195f894305a1c0a2b85f894203d
:1082440000f2078135f9080c80211ef0e5ff0028b3
:108254003ff4ccab55f8183cdff8e4815a4212ba2b
:1082640093fa83f9802355e90901c8f80020c8f876
:108274000c30c8e90144c8f8104025f079f9c8e980
:108284000b446a4bc8f8289000bac8f8140019685f
:10829400dfed676a35f9080cd5e9142307ee901a67
:1082a4009b1ab3fbf1f201fb1233b8ee676a07eed7
:1082b400903af8ee677a12ba67eea67ac8f81820f0
:1082c40087ee867a55f8143c1bbac8f8203041462c
:1082d400342267ee267afceee77a17ee903a1bba60
:1082e400c8f81c3055f8103c1bbac8f824301ef0ee
:1082f400cbff21464c2207a826f0aefb35f9080c2b
:1083040007a94c221ef0c0ff35f9080c0ef0e2fc60
:10831400fff76cbbd5f88c3046491b685b689847ff
:10832400fff755bb0133eb65204625f063fe02469b
:108334000b4655e909010df06bfeb8f1000f45e954
:1083440009013bdb55f8183c5a1c524533d05345c0
:108354002adb55f8103c03f1010345f8103c0ad11f
:10836400d5f88c3034491b6848461b68984755e952
:1083740007a39a451fdc0c3ca4b2002c3ff47ead4d
:10838400dff8b88035f9080cb4f5c86fa24628bfe9
:108394004ff4c86aa4eb0a0452464146a4b217f04b
:1083a400ddf8002ceed169e555f8142c013ad31a06
:1083b400534445f8143c45f818acdce7c8f1000315
:1083c40045f81c3c25f068f895f89630dff858809d
:1083d40068650022012b85f8942000f0f28098f85b
:1083e4000030002b4bd0042355f81cac85f8963094
:1083f400a8e74ff480711f2024f09afffff7f3ba27
:10840400094c2378002b7ff4f2ac4ff480711f20c9
:1084140024f08effebe400bf38a90020c42e000036
:10842400402d0000742d000029b70020b4b50020b1
:1084340000007a44b82f00001c2f0000588200204e
:1084440008b20020404602210df09efb012385f86e
:10845400953095f89630012b7ff4c4ac2246c74c76
:1084640023784ff4807101331f20237020f002fa27
:10847400b9e435f9080c23f027fcfff7b7ba4ff439
:1084840080711f2024f054ffade7d5f8900025f04b
:1084940041ff032800f0fe812b7803f0f003e02b6a
:1084a40040f0a08015f8343c012b00f00182022b2f
:1084b4007ff49caa95f89620b04c012a237800f00a
:1084c400eb822378002b00f0d7820c2385f89630ba
:1084d400fff78cbad5f88c30a9491b6820461b6875
:1084e400fff774bad5f88c30a6491b68a34c1b68f7
:1084f4004846984795f89630012b00f0008223787f
:10850400002b00f09e81042385f89630fff76ebaa5
:10851400012b00f0ec812378002b00f0b3800523bd
:1085240085f89630fff762ba4046d5f88c30964904
:108534001b681b68fff74aba904c2378002b00f0a5
:10854400cb800f2385f89630fff750ba1b688f490c
:108554001b682046fff73aba35f90c0c23f0b8fa39
:1085640030b935f90c0c24f021fa00283ff439ae67
:1085740024f092ff95f89630804c6865012b00f04a
:108584003e822378002b00f0e681082385f896309c
:10859400fff72cba35f9080c1ff0a8fad5f88c307f
:1085a400fff7c7bb4ff480711f2024f0c1fefff713
:1085b400a5bb404602210df0e7fa012385f895306a
:1085c40030e698f800304ff4807101331f2088f8aa
:1085d400003020f04ff902e71b686d491b68204604
:1085e400fff7f4b9d5f8900005f1340229461ef0de
:1085f400f3fa002800f0e181d5f88c3095f83920a1
:108604001b68039295f83820029295f8372001925e
:1086140095f8362000925c6895f8342095f835304a
:108624005c494046a0473de724f036ff2b6f55f8e0
:10863400442cc31a93427ff6bcacd5e917239a4263
:1086440040f0f281d5f88c3053491b684b4c1b68c1
:108654004846984724f020ff95f896306865002234
:10866400012b85f8942000f03b822378002b00f046
:10867400318295f89730042285f89620002b3ff438
:10868400b5a93ce74ff480711f2024f051fe46e762
:1086940024f002ff414b6a6f1b68821a03eb8303c9
:1086a4009a427ff6a3a935f90a0c1cf0f3f9d5f820
:1086b4008c303b491b684ff6ff721b6825f80a2c67
:1086c4004846984795f89630012b00f0f8812b4cda
:1086d4002378002b7ff435af4ff480711f2024f0f2
:1086e40027fe2ee724f0d8fe2b6f55f8442cc31a2e
:1086f40093427ff67bad404600210df045fa75e5c7
:1087040035f8321c3a4626f029fe0346013325f893
:10871400080c3ff4dfae0023224a184c4ff480715a
:1087240021f0ecff95f89630012b00f0ab81237813
:10873400002b00f07f81032385f89630fff756b9ac
:108744004ff480711f2024f0f3fdfff7e9b94ff4d3
:1087540080711f2024f0ecfdfff79bba35f8322c12
:1087640035f90a0c3b46012116f016f8fff766baf4
:10877400b5f878404ff0000920e000bf29b7002089
:10878400682e0000a42e00001c2e0000f82d00000e
:108794008c2e0000383000003c2f0000b4b50020bf
:1087a400243100002de80200d4491ef06dfd8144ff
:1087b400241a82451ffa89f9a4b265d1b4f5c86fa9
:1087c400a24628bf4ff4c86a35f9080c5246002c5b
:1087d400ead10ef07ffa024600285ed135f9080c82
:1087e400114621f04bf8fff701b9b5f87830c34cc6
:1087f4000ae0214610f03afbb5f878301b1a9bb218
:108804008145a5f8783042d8b3f5c86f994628bf9a
:108814004ff4c86935f90a0c4a46002be9d120f017
:108824001ffc40460df026fefff7e0b82378002237
:1088340001334ff480711f20237020f01bf8fff7e1
:1088440059ba4ff480711f2024f072fd5be64ff497
:1088540080711f2024f06cfdfff7beb9237800223d
:1088640001334ff480711f20237020f003f8fff7c9
:1088740053b92378002201334ff480711f202370f1
:108884001ff0f8fffff701ba35f9080ca1e735f935
:108894000a0cc4e76c632c8704e6b5f87830a3ebc4
:1088a40009034046a5f878300df0e4fdfff79eb8c3
:1088b40095f89630924c012b00f0f7802378002b2a
:1088c40000f0d48015f8343c1022022b85f8962051
:1088d4007ff48ca8f5e58a4c2378424601334ff4a3
:1088e40080711f2023701ff0c5fffff771b901319c
:1088f40021701f204ff480711ff0bcff0be623781a
:10890400002201334ff480711f2023701ff0b2ff47
:10891400f5e54ff480711f2024f00afdfff759bae2
:1089240035f8321c3a46012015f0bcfe431c25f8ec
:108934000c0c7ff4a1ab2046f7e54ff480711f20a7
:1089440024f0f6fcfff77bbb4ff480711f2024f06a
:10895400effcfff7b0bb4ff480711f2024f0e8fc5c
:1089640013e64ff480711f2024f0e2fcfff707b9ef
:108974004ff480711f2024f0dbfcfff764b84ff440
:1089840080711f2024f0d4fc3fe45d4c23784a46d8
:1089940001334ff480711f2023701ff06bfffff72a
:1089a40014ba574c2378424601334ff480711f2088
:1089b40023701ff05ffffff73ebb24f06dfd514baa
:1089c4006a6f1b68821a03eb83039a427ff60ea830
:1089d400d5f88c304c491b6840461b68984724f0f6
:1089e4005bfd6867fff702b82378002201334ff478
:1089f40080711f2023701ff03dfffff758bb2378c1
:108a0400002201334ff480711f2023701ff032ffc6
:108a1400b7e52378002201334ff480711f202370bf
:108a24001ff028fffff7edbb404600210df0acf826
:108a3400fff7bfba4ff480711f2024f079fc7ae667
:108a44002378002201334ff480711f2023701ff01c
:108a540011fffff790b82378002201334ff480719f
:108a64001f2023701ff006fffef7e9bf4ff480714b
:108a74001f2024f05dfc25e74ff480711f2024f0b3
:108a840057fc22e52378002201334ff480711f2024
:108a940023701ff0effe4ae6013300224ff4807189
:108aa4001f2023701ff0e6fe0be52378002201331c
:108ab4004ff480711f2023701ff0dcfefee6224677
:108ac4000f4c23784ff4807101331f2023701ff063
:108ad400d1fefde54ff480711f2024f029fcc8e588
:108ae40023784ff4807101331f2023701ff0c2fede
:108af400bbe5034c2378fef770bf00bf588200200b
:0c8b040029b70020b4b50020f82f0000b5
:020000040000fa
:108b10002de9f04f0f2191b00a2024f00bfcc4077f
:108b2000074604d4b80732d411b0bde8f08fdff89f
:108b30001893dff818a30a2025f0f0fe0446002859
:108b4000f0d0d9f8003033b1daf80020a06a21461d
:108b500098470028efd1a58d132d11d9e669337bf5
:108b60004f2b4fea13120bd9b5eb820f08db236aa8
:108b700013f40033029300f08b806ff00e0101e0dc
:108b80006ff00d010a22204623f0c2ffd3e7aa4e60
:108b90003368002bc8d00025a84f2b463a6852f8fe
:108ba000234034b394f870300b2b22d094f88430e7
:108bb0003f2b93bf4ff000084fead3194ff0100836
:108bc000c1465a071ed4180727d494f87030052bd5
:108bd0004fd0b8f1000f2ad194f88430990732d4dd
:108be00094f885305a0604d594f87030032b00f0c1
:108bf0000181326801352db295422b46ced311b09a
:108c0000bde8f08f24f04afca36a984294f88430bf
:108c1000d9db1b0706d54ff0100824f03ffce36ab0
:108c20009842d2db94f87030052b00f02e81102191
:108c300089f00102204604f04dfd94f88430990734
:108c40004ff01008ccd524f029fc636a9842d0dba1
:108c500094f870104b1e082b00f2bc81dfe813f073
:108c600018022c0243028f00ba013702ba01ba017e
:108c70008f0024f013fc236b9842aadb01221421fd
:108c8000204604f027fd0021204615f093fcb0e7b4
:108c9000204626f031fb0590204626f029fb236a6a
:108ca0009905834640f1a481304622f01dfc337bb8
:108cb000e26906921b099b00079353880493002bdb
:108cc0003ff45baf059a538812881344069a1288c2
:108cd00008921344049a53409bb20393564b19686d
:108ce00000293ff44aaf554bd4f828c018680b96ba
:108cf0000022cde90974134690462f4607e0b4459b
:108d000014d001331bb28b421a4680f0c58050f854
:108d10002220002af5d092f870400b2cf1d092f866
:108d20007150012dedd8566c002ee8d1b2f86ee0ee
:108d3000002c00f08d80039c7445e2d1069c2568d0
:108d4000d46da542ddd1059cd56b2468a542d8d150
:108d500001233d460a9c099f0b9ec2f844c082f83d
:108d60007130bbf1000f08d0dbf80030136492f8cb
:108d7000873043f0040382f887309046b7e094f8d8
:108d80007230042b28d80133e26cdbb24ff00009bb
:108d9000112184f87230d4e903c35200a3eb0c0014
:108da0006345e26480b204d2d4e900239b1a0344f1
:108db00098b2236dc4f810c01b1a2365b4f8603054
:108dc0001844a4f860000022204604f083fcb9f1a6
:108dd000000f3ff40eaf08e0b9f1000f40f09481ae
:108de00001221421204604f075fc0021204615f0d4
:108df000e1fbfee624f052fb636a9842fff6f9ae0f
:108e000094f8732094f880309a4200f08281022214
:108e10001021204604f05efc24f040fb084b1a6849
:108e2000b4f86c3002fb03f3064aa2fb032300eb09
:108e300093106062dde600bf54b5002064b50020e9
:108e400044b50020d34d62104cb5002048b5002039
:108e5000049c74457ff455afb8f1000f7ff451af17
:108e600092f987e092f88740bef1000fc0f260826d
:108e7000640640f16482012d7ff443af059cd56bfd
:108e80002468a54208bf90463be724f007fb236b0c
:108e90009842fff6ccaef1e63d460a9c099f0b9e38
:108ea000b8f1000f3ff469ae059b1b68c8f83c3071
:108eb0000123c8f844c088f87130bbf1000f09d015
:108ec000dbf80030c8f8403098f8873043f00403ee
:108ed00088f88730039ba8f86e30089ba8f85c30b0
:108ee000049ba8f85e30d8f80030c8f8103022692a
:108ef0000798938998f885101b1a9381d6e9012b5e
:108f00004906737b039217d598f8842000219207b5
:108f100088f8731010d4049324f0c0fab64a049b66
:108f20001168b8f86c2001fb02f2b449a1fb0212ef
:108f300000eb9212c8f8242098f8862022f0400214
:108f400088f8862098f87020002a73d0012a00f053
:108f50005781079805f11401091a89b2a1f114008b
:108f600080b2059013f0010014bf133905990890e1
:108f700018bf89b20491990703d50499013189b2c8
:108f80000491d8e907018842c0f04e81401ad8e91f
:108f90000551491b091a89b20791d8f85410039852
:108fa000401a04990690002900f00281079d65b1de
:108fb0000028c0f2b681854200f20081691a884219
:108fc00040f3fc80a842c0f2f9805b0740f1b98110
:108fd0000221d7e5b8f1000f3ff40baeb9f1000f55
:108fe00040f0628401222046102104f073fb00e669
:108ff000059b029a1b680d9303680e934ff4c063a0
:10900000adf83c300c216bba0da8adf83e301bf02a
:1090100039fa226ac34352079bb240f1ac802a4618
:10902000314620461bf076fa00283ff43dae6ff043
:109030000901a7e513f0040540f00781d80600f107
:10904000f88013f0020100f0ce80039b0133c8f8d2
:10905000543030461bf03ef998f88520a8f8660099
:1090600012f0300fc2f3011300f05081013b18bf22
:10907000012398f8872063f3451288f8872001229e
:109080001221404604f026fb022388f870309fe747
:1090900094f87230032b74d9574b1a68574b4ff41e
:1090a0007a7101fb02f2a3fb02329209120105233d
:1090b0004ff0000902216ce694f87230022b67d859
:1090c0000133e26cdbb24ff00009122161e694f843
:1090d0007230042b3ff680ae0133e26cdbb24ff00e
:1090e0000009102155e694f87230042bf4d90422bb
:1090f00084f87020b9f1000f7ff445ae01222046bc
:10910000112104f0e7fa74e50133e26cdbb21421bb
:109110003fe60121204694f884801af099fa94f8e9
:10912000843043f0010384f8843094f87030072bc6
:1091300008f0010811d05ad8023b032b08d8236845
:10914000a360c4e9033300221421204604f0c2facc
:109150004ff48051204615f02dfab8f1000f7ff43e
:1091600048ad94f8843068f3000384f884300a230f
:1091700084f870303de51a46294630461bf082f9e6
:1091800052e70133e26cdbb24ff00009022100e646
:1091900094f8842012f001027ff41eaeb9f1000fa2
:1091a00040f05d8101222046022104f093fa20e57f
:1091b000069919b1079888427ff607af13f00601a8
:1091c00040f09480dd067ff503af082a00f0db81d4
:1091d00040f24a81092a40f0ba80d8f85030013371
:1091e0009b457ff4f5ae404615f0e4f9f0e6083b08
:1091f000012badd8a3e700bf44b50020d34d6210ca
:1092000059073ff5e5ae13f01001029122d0d8f8ce
:109210005050ab451ed0c8f850b00421404604f071
:1092200059fac8f85050d3e6091a013989b20791a2
:10923000b3e6c8f850b02a460421404604f04afa82
:109240002946404615f0b6f9c2e61146404615f0eb
:10925000b1f9bde69d077ff5bbae039b0133c8f8ae
:109260005430f389a8f86a30a8f8603030461bf013
:1092700031f898f88510a8f8660011f0300fc1f3a6
:10928000011200f09581531e18bf012398f8872022
:1092900063f3451288f88720029b002b3ff4efae62
:1092a00001221021404604f015fa032388f870309b
:1092b00098f88530580600f1218298f8843023f020
:1092c000020388f884304ff480730293b8f8762054
:1092d00002990a40d8e91e533ff47aae002d3ff4bc
:1092e00077aeb8f97400a16aa84771e65e0708d5a1
:1092f00098f8853043f0020388f885304ff4006316
:1093000002930021404615f055f9dfe7d8e9002324
:1093100000eb40009b1ab3eb500f34bf0123002336
:10932000a7e604990698014400297ff74eae45e769
:10933000b2f85ce0089eb6457ff4e3ac98e5904651
:10934000dfe440460122102104f0c4f940e698060b
:10935000bcd4a2f10803012bb8d9062ab6d0059acd
:10936000002a40d0337b06981b090028d8e906154f
:109370004fea830c40f3f981dde905329818079b29
:109380000990984206dd10469a1a93b2059310fa96
:1093900082f309930ceb06030c93099beb1899429b
:1093a00080f09d82069a4b1c5b1b9b1a00f1d182b8
:1093b0000126a9189bb20caa0096204607931af022
:1093c000e7f9059a079b0096d31a9bb20546d8f891
:1093d00014100caa20461af0dbf92b189bb2059a40
:1093e0009a4200f08982049ba3b198f87030033b45
:1093f000022b84bfd8f81c30c8f8203098f884308d
:10940000dd0600f1ac8143f01003180788f88430c2
:1094100040f13782089b002b3ff458afdde903325f
:109420001a44d8f85430013393427ff44fafc8f850
:109430005430029b43f48063029398f8853043f0e4
:10944000040388f8853098f87030023b032b00f253
:10945000be82dfe813f0c202cb02b4022c02013359
:109460009146dbb2e26c94e4072a3ff470af022a23
:10947000d8f8505008d1ab4540f06181032288f8fc
:1094800070204ff480720292d8f80820d8f810e0cb
:109490000a92b2eb0e0206d5d8f800100991521ac2
:1094a000d8f804100a44abeb0501891a00290edd37
:1094b00098f8862002f08400042867d1012965d13c
:1094c000013542f0800288f88620c8f85050d8f85c
:1094d0000cc0aeeb0502a2eb0c00e6450b90024679
:1094e0005ad2d8e900210992099801eb0b02121a0d
:1094f0000b9810440028024640f3df800998091aaf
:109500008a4273d998f883200132d2b2022a88f8ad
:10951000832058d90ceb0502a2eb0e02f445c8f8e3
:10952000502000f2488298f88420c8f810c042f019
:10953000800288f884200a9a944500f0d180d8f8f7
:109540005050f289b8f86a10914238bfa8f86a20e2
:10955000b8f860105a44521b92b231b92ab198f847
:10956000841041f0400188f88410a8f8602098f831
:109570007020042a00f0ed80062a7ff4e8aeab45a7
:109580007ff4a4aebde6d8f850507de7002210214c
:10959000404604f09ff899e65a44002a05ddd8e9d0
:1095a00000010990081a824220d9e645c3d0a9e7f4
:1095b000d8e9001200eb4003521ab2eb530f34bf4c
:1095c0000123002362e6d8f83820002ab3d009939b
:1095d00023f064ffd8f83820099b904280f2c681be
:1095e000d8f80820d8f80cc00a92a4e740f2dc5161
:1095f000c8f83410cde9093223f050ffbd49d8f83e
:109600000cc00a9ad8f810e003460868b8f883102e
:1096100001f45f41a8f88310d8f83410654662441d
:1096200000fb01f175454ff47a70b1fbf0f119447c
:10963000c8f83810099bd8f80410c8f80c209446d4
:1096400029d8724536d9d8f85050c8f81020a5eb63
:109650000e0010448a42c8f8500010d39646d8f83d
:109660000000081a121ac8f80c2094468e4506d33a
:10967000d8f800208a1aaeeb0202c8f8102098f839
:109680007020032a00f06d81082a00f06a81d8f862
:1096900008200a924fe7d8f80000081a7044824266
:1096a00008d9d8f85050c8f81020281a1044c8f823
:1096b000500096468a42d2d2d8e798f883200132e9
:1096c000d2b2022a88f883207ff67daf0ceb050228
:1096d000a2eb0e020998401a0244c8f8502022e773
:1096e00098f88520d00719d4510600f1e68098f843
:1096f000842022f0020288f8842020e723f0cefea6
:109700007c4b1a68b8f86c3002fb03f34ff47a72a2
:10971000b3fbf2f30344c8f82430cee5d8f8505038
:10972000ab457ff40eaf98f8862052077ff509af5e
:10973000b8f8842022f48172a8f8842001e7c8f8e0
:1097400050b001220421404603f0c4ffc8f8505035
:109750003ee4ab456fd09b067ff501aeb6e5012236
:109760001021404603f0b6ff54e6aceb000333444f
:1097700002440c93079b96b29e4228bf1e46ab192b
:10978000994271d24b1c059301225b1b9bb2009244
:1097900029460caa2046069319f0faff069b06906c
:1097a00001220092f31ad8f814109bb20caa20469a
:1097b00019f0eeff059b069aeb1a9919d8f81430a8
:1097c000024492b20b4496427ff40dae98f870209a
:1097d000d8f85400c8f81c30033a3044022ac8f8bc
:1097e000540003d8029a42f400720292d8f858202a
:1097f000511c3ff4f8adb8f86410921b8918c8f8f2
:10980000582013d4002a3ff7eeadd8f818200b44a7
:1098100008449342c8f85400c8f81c3006d9d8f858
:109820001410521ad2431344c8f81c304ff0ff33bf
:10983000c8f85830d7e598f8862055078bd5099396
:1098400023f02cfe2b4a099b126841f2883101fb60
:1098500002f24ff47a71b2fbf1f20244c8f8302000
:10986000052288f8702076e7012300930caa33467e
:109870002946204619f08cffd8f81c3002463344a4
:10988000a1e743f0080388f8843023f007fe194b62
:109890001b68642202fb03f34ff47a72b3fbf2f30a
:1098a0000344c8f82c30b5e594f8723014e4002273
:1098b0001021404603f00eff23e5099323f0eefd4f
:1098c0000c4a099b1168b8f86c2001fb02f24ff4b6
:1098d0007a71b2fbf1f20244c8f8242007e7069b34
:1098e000e918012300930caa059b204619f050ffac
:1098f000034674e544b50020d8f858305e1c22d0e9
:109900000699b8f864208b421a440ed909989042ff
:1099100004d8984202d3521a93b20593059ba8f833
:109920006430069bc8f858305de5099991427ff68e
:109930005aad069991423ff656ad059acb1a1a4494
:10994000a8f864204fe5069bc8f85830a8f86420b2
:1099500049e5d8f81430c91a069b591a0139294427
:10996000bfe7029a42f00402029290e6d8f834204f
:1099700009935200b2f57a4f28bf4ff47a42c8f8e3
:10998000342023f08bfd1d4ad8f808301168d8f830
:1099900034200a9301fb02f24ff47a71b2fbf1f228
:1099a0000244d8f85050d8f810e0d8f80cc0099b01
:1099b000c8f83820aee5d8e9000109908ae6d8f861
:1099c00050309b453ff473af062388f87030012276
:1099d0001021404603f07efe78e4092388f87030b9
:1099e00001221121404603f075fe6fe498f886309d
:1099f0000822590688f87020e9d567e444b50020ac
:020000040000fa
:109a00002de9f04f934cd4e90032134389b000f0b4
:109a10009280914d2e78022e00f09b80032e3ad03a
:109a2000012e75d18d4b1a78002a40f0f2808c4fb0
:109a30003878002860d18b4b009019688a4b3246e9
:109a400022f02cf80246002800f06c83874b18683f
:109a5000002800f06f84d0e9003085495b689847a2
:109a6000844a854900231370844a3b701370844aea
:109a70002b700b701370834f3b78002b4ed02e78d9
:109a8000002e00f0d980804b1b78002b40f088809e
:109a900009b0bde8f08f714e3378002b00f098804c
:109aa0007a4b724a6f4f1b7811683a68002b00f0ae
:109ab000c282774b7748d3f800c0774b00681b68a9
:109ac000002900f01984d1e9001ecde900c07046dc
:109ad000d1f804807149c047664b1878604900226c
:109ae0000a70002800f0b48263491a7001233270b2
:109af0000b7001232b70c6e722f090f9684b1a68af
:109b00005b68904261eb0301002980f2e0822e78cd
:109b10005c4f3b78002bb3d1002eb4d1614a13784f
:109b2000013b052bafd8dfe813f0b10196014801e6
:109b300012017801f60025f04ffb474d5a4b2e7865
:109b4000a3fb003080090023022ec4e900037ff448
:109b500065af424e3378002b00f0b480434a4b4b44
:109b600010681b783f4a1268002b00f05482484b63
:109b70001b68002800f0ca83d0e900104f684b49e9
:109b8000b8473c4b1878364900220a70002800f08c
:109b90004f8239491a70012332700b702b7072e7b3
:109ba000434c22f03bf9d4e90023821a61eb030312
:109bb000002bfff66daf3f4a136852681b1841eb4c
:109bc00002012360616009b0bde8f04f0ef0f8bcff
:109bd000234f3878002840f04a822f4b2c4a2149e5
:109be0000290354e12681b6809680196012600969e
:109bf00020f00aff0246002800f094821b4b1868f0
:109c0000002800f09283d0e900302c495b68984727
:109c100026e71b4a1178002900f0a4811b4b1b7812
:109c200000211170002b40f09c820d4a00232b7004
:109c30001370144f3b7853b122f0f0f8204b1a68a0
:109c40005b68904261eb0301002980f23e812e782f
:109c500062e700bf18b5002053b7002055b70020b9
:109c600052b70020d4b6002009d50200c4b60020a7
:109c7000f860000051b7002050b700204db7002019
:109c800049b700204fb7002043b7002054b7002049
:109c9000d0b60020c8b60020ccb60020ac680000ca
:109ca00028b500204ab70020d34d6210006800009c
:109cb00000b5002008b500202dd50200586800002e
:109cc00020b50020904f3878002840f0e8818f4b75
:109cd00001901a688e4b19688e4b0093012321f076
:109ce000c7fb0246002800f05e828b4b18680028f4
:109cf00000f01783d0e9003088495b689847884aac
:109d0000884900231370884a3b701370874a2b7070
:109d10000b7013708de7864c7d487c494ff480436f
:109d20002360844c04600b60834884497d4c03604d
:109d30000b607b4882490023237001240470724821
:109d40000b70037003210423297013709be67d4e72
:109d500022f064f83368c31a736861eb0303002bc5
:109d6000fff691aed4e9007254017b01db1b44ea9b
:109d7000d76464eb0204a40044ea93749b00db19eb
:109d800042eb0402d20042ea5372db001b1841eba3
:109d90000201c6e90031654a2b7801211170002bc0
:109da00040f021825a4a68481060654a5d48137045
:109db000554a03702970137065e65d4c5448534949
:109dc0004ff4804323605b4c04600b605a485b494e
:109dd000544c03600b6052485949002323700124fe
:109de000047049480b700370032104231370297019
:109df00022f014f8534b554ac3e900011278464b40
:109e0000ff2a186800f0f281002800f085820368bc
:109e10004f495b684068984735e645483c49dff85c
:109e2000ecc0454f3f4e464c4ff4804303604148e1
:109e30000860424934480b60002303703849ccf86d
:109e400000303b603370237006230320137001231e
:109e500028700b7017e6364c2d482c494ff4f853f8
:109e600023603c4c04600b60334834492d4c036044
:109e70000b602b48324900232370012404702248d0
:109e80000b700321037029701170fce520493248e2
:109e90002e4b086026481b78224c4ff47f610160ee
:109ea0001a481b01036024480360244b1c481960b6
:109eb0000023237001240470214913480b700370a0
:109ec0000321022329701370dde50024124b23497e
:109ed0001c6020463c701df033fc0d4a164b204898
:109ee0001060164a1c604ff460400d4b074910602b
:109ef00001221a70124b0c60034a0a491c7002239b
:109f00000c7014702b70bee552b70020d0b6002044
:109f1000d4b6002021ea0200c4b60020ac670000dd
:109f200051b7002050b700204db7002049b700209e
:109f3000ccb60020a0000400c0b60020bcb60020b3
:109f400055b7002010b50020a1000400e8b800209b
:109f500094690000ac000400aa0004001869000025
:109f6000fb080300af4e3278002a40f0bf80ae4bb2
:109f7000ae4eaf4f1b7830683a68002b00f09681e8
:109f8000dff8fc92002800f04b83d0e90030a949ab
:109f9000d3f80480d9f80030c047dff80c8398f874
:109fa0000030f3b1a44bd9f80010d3f800c0a34b94
:109fb0003a681b6830680cea030301ea0c01994215
:109fc00000f01983002800f04c83d0e9000ecde9a1
:109fd000001c9b49d0f804a07046d047002388f8a5
:109fe00000303a68974b9a427ff41faed9f80020b0
:109ff0003368c2f34232002b00f01883d3e900101b
:10a00000042a98bf904b4e6894bf53f822308f4b70
:10a010008f49b04709e6002800f06a81d0e9003096
:10a020008c495b6898478c498c4a00230b701370ed
:10a0300000232b70fde5002900f05581d1e90030a7
:10a0400087495b6898478449844a00230b701370e2
:10a05000844a1378002b47d000231370714a337061
:10a06000012111708049814a0b703a6041e521f06d
:10a07000d5fe7f4b1a685b68904261eb03010029b3
:10a08000fff645ad694a6a4b10681a68002800f06f
:10a090006c81d0e9003077495b689847e0e421f0b3
:10a0a000bdfe734b1a685b68904261eb03010029a7
:10a0b000fff62dad5d4a5e4b10681a68002800f06f
:10a0c0005981d0e900306c495b68984717e6574ad8
:10a0d000574b10681a68002800f05081d0e9003012
:10a0e00066495b6898470ae62b70c4e44e4a1278ca
:10a0f000002a00f084805c4f614a6248d2f800c0b8
:10a100003a7840f822c00132d2b2092a3a7000f2fd
:10a110003e815d4c464854f82240504a0460197014
:10a120001170b0e421f07afe3e70d4e90072fb19a0
:10a1300042eb020cdb1942eb0c0c4feacc0c4cea64
:10a14000537cdb00db1942eb0c02d20042ea537273
:10a15000db001b1842eb010245492e78c1e90032b1
:10a16000d6e4474b1b681e0600f1e98058067ff5d0
:10a170005cad464a4649c3f3c20313700a78002a0d
:10a1800000f03482434a1078984200d91370424a52
:10a190001078984200d21370404a01230b70136864
:10a1a0000133136041e521f039fed4e90062b319af
:10a1b00042eb020c9b1942eb0c0c4feacc0c4cea24
:10a1c000537cdb009b1942eb0c02d20042ea537233
:10a1d000db001b1842eb010225492e78c1e9003251
:10a1e00001233b7094e4002313704ce4002800f03a
:10a1f000c98003682a495b684068984743e40b4a72
:10a200000b4b10681a68002800f00282d0e9003079
:10a2100024495b689847114a0023337013702b70f0
:10a2200007e500bf4db7002054b70020c4b600209a
:10a23000d4b6002084660000bcb60020c0b6002062
:10a24000e8660000fb08030034ea0200045e000038
:10a25000306700003068000051b7002052b700207e
:10a26000f06800004cb700204eb7002003ca04007d
:10a2700028b5002084680000d86700002461000031
:10a28000d8b60020e0b20020c0d0020048b70020bd
:10a2900044b7002047b7002046b70020b8b60020da
:10a2a000506900005066000050b70020002800f000
:10a2b000b381d0e90030a4495b689847dff8288370
:10a2c00098f80030002b3ff4b0ac30683a680028b2
:10a2d00000f0c381d0e900309c495b6898470023b7
:10a2e00088f80030a1e4084699491df029faaae649
:10a2f00098491df025fa96e6cde900c00846964932
:10a300001df01efa954b1878fff7e8bb94491df035
:10a3100017fa924b187836e492491df011fafff7bc
:10a32000b2bb91491df00cfae9e490491df008fa1e
:10a33000fff796bb8e491df003fafff791bb8d49dd
:10a340000a68013203f007030a608b4a8b491370d5
:10a35000052b96bf8a4a8b4a52f8232000201df015
:10a36000eff9894b05221a705fe488491df0e8f97e
:10a37000fff776bb86491df0e3f9c0e485491df07f
:10a38000dff9bce484491df0dbf9fff77cbb834bac
:10a3900031701970d0e90032297005920169828a02
:10a3a000b0f81c807e4e90f820a0b0f8249042eacd
:10a3b000014207928269316848ea0248d0e902b254
:10a3c00003f4004c0692c3f3c033002900f03a8135
:10a3d000d1e90020526873491746734abcf1000f57
:10a3e00008bf0a467149b847069b3068c3f3072285
:10a3f000002800f04081d0e900306d495b68984743
:10a400003068079a4346002800f03181d0e90010f7
:10a41000d1f804806749c0471bf0ff0208d03068bc
:10a42000002800f04381d0e9003063495b68984719
:10a43000059b590508d53068002800f02781d0e930
:10a4400000305e495b689847baf1000f09d0306868
:10a450005246002800f01e81d0e9003058495b6860
:10a460009847b9f1000f09d030684a46002800f03b
:10a470001581d0e9003053495b689847059b9a06df
:10a4800008d53068002800f00d81d0e900304e4931
:10a490005b689847059bdb0608d53068002800f00c
:10a4a0001681d0e9003049495b689847059b5f06f3
:10a4b00008d53068002800f00e81d0e9003044490a
:10a4c0005b689847059b180608d53068002800f09f
:10a4d0000681d0e900303f495b689847059b190722
:10a4e00008d53068002800f0fe80d0e900303a49f5
:10a4f0005b689847059b5a0708d53068002800f02c
:10a50000de80d0e9003035495b689847059b1b0524
:10a5100008d53068002800f0d680d0e900303049f6
:10a520005b689847059a40f6fc431a427ff4efaa0d
:10a530003068002800f0be8003682a495b684068e4
:10a5400098472e78fff7e4ba4c6700007467000064
:10a55000f068000030680000ac68000051b70020cf
:10a560000068000094690000ac67000058680000b3
:10a57000f8600000b4b6002045b700204c61000030
:10a5800080e40200e05800004ab700208468000020
:10a59000d8670000246100005069000052b7002015
:10a5a000c4b60020e8600000dc6000007c610000b0
:10a5b000a0610000f86100003c620000a46200009d
:10a5c00020630000b86300003c6400008864000061
:10a5d000cc64000010650000486500009465000030
:10a5e000e86500002066000050b70020404a137064
:10a5f000404a1370d0e5002841d00b46d0e9000155
:10a60000cdf800c0d0f804a008463b49d047e5e4a7
:10a610003a491df095f8fee539491df091f84de6ef
:10a620003849d9f800301df08bf8b6e4042a96bffb
:10a63000354b364b53f82230354900201df080f859
:10a64000fff7f3ba0846334a3349bcf1000f08bf9d
:10a650000a4632491df074f8c6e631491df070f81b
:10a660003de6cde9001c2f491df06af8b6e42e49fd
:10a670001df066f8d0e62d491df062f8c0e60b46e5
:10a68000cdf800c01c491df05bf8a7e428491df077
:10a6900057f8d9e627491df053f8e2e626491df0a0
:10a6a0004ff8ebe625491df04bf8f3e624491df081
:10a6b00047f8bde623491df043f8fff728ba2249c1
:10a6c0001df03ef822e721491df03af82ae720491b
:10a6d0001df036f8eae61f491df032f8f2e61e4991
:10a6e0001df02ef8fae61d491df02af802e700bf1a
:10a6f00047b7002046b70020b06600005066000053
:10a700004c6700008466000034ea0200045e00002a
:10a7100030670000dc600000e86000007c61000041
:10a7200074670000e8660000f8610000a0610000a6
:10a73000a462000020630000b86300003c640000d5
:10a740003c6200002066000094650000e86500009f
:10a7500088640000cc6400001065000048650000bb
:020000040000fa
:10a76000b0b300201c0000000000000004af002077
:10a770006c00000000000000e45e00200400000007
:10a78000000000000cae00200400000000000000eb
:10a79000e6b800200100000001000000ff000000fa
:10a7a0005cb70020dc00000001000000fc8d02000e
:10a7b0000000000000000000000000000000000099
:10a7c0000000000000000000000000000000000089
:10a7d0000000000000000000000000000000000079
:10a7e0000000000000000000000000000000000069
:10a7f0000000000000000000000000000000000059
:10a800000000000000000000000000000000000048
:10a810000000000000000000000000000000000038
:10a820000000000000000000000000000000000028
:10a830000000000000000000000000000000000018
:10a840000000000000000000000000000000000008
:10a8500000000000000000000000000000000000f8
:10a8600000000000000000000000000000000000e8
:10a8700000000000000000000000000000000000d8
:10a88000000000000000000040b7002001000000b0
:10a89000000000004cb30020040000000000000095
:10a8a00000b10020440000000000000010ae0020b5
:10a8b00080000000000000003cb700200100000004
:10a8c00000000000e85e0020901100000000000081
:10a8d000d4b400200800000000000000d0af002029
:10a8e0005000000000000000e4b40020040000005c
:10a8f0000000000030b5002004000000000000004f
:10a90000afb30020010000000000000085b100206e
:10a91000010000000000000020a70020100100003e
:10a920000000000034b5002004000000000000001a
:10a93000a8ab0020a40000000000000040b40020ec
:10a94000100000000000000090ae00207400000025
:10a9500000000000a0a1002018020000000000007c
:10a9600038b50020040000000000000080b4002082
:10a970001800000000000000ecac00209000000077
:10a98000000000003cb500201400000000000000a2
:10a990003db40020010000000000000026b70020a8
:10a9a00002000000000000002ab7002002000000a2
:10a9b0000000000050b5002018000000000000005a
:10a9c000d4b800200600000001000000ffffffffd8
:10a9d000ffff000070b000204800000000000000f1
:10a9e00068b5002024000000000000002eb7002001
:10a9f00004000000000000002cb400201100000042
:10aa00000000000090b300201f00000000000000c4
:10aa10008cb5002004000000000000005ab70020a0
:10aa2000020000000100000064000000887a00209d
:10aa3000d00700000000000090b500200c000000ce
:10aa400000000000e7b80020010000000100000045
:10aa50000100000044b1002041000000000000009f
:10aa60009cb50020080000000000000025b7002071
:10aa70000100000000000000a4b500200c00000050
:10aa800000000000ccb3002018000000000000000f
:10aa9000b0b50020040000000000000029b700202d
:10aaa0000100000000000000b4b500200c00000010
:10aab0000000000038a90020e800000000000000ad
:10aac00058820020400600000000000008b200206c
:10aad0003400000000000000c0b500200c000000a1
:10aae0000000000050b40020100000000000000032
:10aaf000ccb500200c0000000000000098b400203d
:10ab00000c0000000000000060b4002010000000f5
:10ab100000000000d8b50020080000000000000080
:10ab200032b700200200000000000000e0b5002065
:10ab3000080000000000000068b2002028000000ab
:10ab40000000000038b800202800000001000000cc
:10ab5000bb010300d10101004b02010033020300dd
:10ab60007c020300dd030300de030300e0030300b7
:10ab7000e1030100b322010034b70020020000000d
:10ab800000000000e8b50020080000000000000000
:10ab9000a4b400200c00000000000000f0b500206c
:10aba00004000000000000002db70020010000009c
:10abb000000000007cad00209000000000000000bc
:10abc000889a00207002000000000000f4b5002008
:10abd0001000000000000000dcb8002004000000ad
:10abe00001000000ffffffffe4b300203000000081
:10abf0000000000004b600201c000000000000005f
:10ac00003ab70020010000000000000020b600203c
:10ac1000040000000000000036b700200200000021
:10ac20000000000024b6002020000000000000000a
:10ac3000f89c00206c0200000000000044b60020d8
:10ac40000c00000000000000c8b400200a00000052
:10ac50000000000050b600201000000000000000be
:10ac6000b8a500206801000000000000649f0020db
:10ac70003c020000000000002cb300202000000077
:10ac80000000000050b30020400000000000000061
:10ac900038b7002002000000000000003bb7002091
:10aca00001000000000000003cb200202c00000069
:10acb00000000000888e0020000800000000000056
:10acc00088b100204000000000000000dcb400203b
:10acd00008000000000000003db700200100000057
:10ace0000000000060b6002004000000000000002a
:10acf000e8aa0020c00000000000000064b60020a8
:10ad000008000000000000008896002000040000f9
:10ad100000000000e8b40020100000000000000067
:10ad20003eb70020020000000000000020aa002022
:10ad3000c800000000000000b0b400200c000000bb
:10ad4000000000006cb600200800000000000000b9
:10ad5000a2b8002002000000010000000100000075
:10ad60004cac0020a000000000000000c8b1002092
:10ad7000400000000000000074b600200c0000003d
:10ad80000000000041b700200100000000000000aa
:10ad900080b60020040000000000000030a8002061
:10ada0000801000000000000c8b800200c000000ee
:10adb00001000000f4010000d007000001000000c5
:10adc0007cb800201400000001000000080008000a
:10add0000200010002000800000600060101540004
:10ade0002cb70020010000000000000028b7002060
:10adf000010000000000000090b8002012000000d8
:10ae00000100000030303a30343a32353a31433aba
:10ae100041303a3033000000a4b800201200000096
:10ae20000100000030303a30343a32353a31433a9a
:10ae300041303a3032000000b8b800201000000065
:10ae40000100000001010000458d020001b3020075
:10ae5000ffff0000e4b80020020000000100000035
:10ae60000001000090b20020280000000000000057
:10ae700008b300202400000000000000b8b2002049
:10ae8000280000000000000060b800201c00000046
:10ae90000100000000004f4e52000000c0e1e4003d
:10aea00002000006400508008001010100000000ca
:10aeb00070af0020600000000000000084b6002099
:10aec0000800000000000000f8b4002008000000a6
:10aed000000000008cb6002004000000000000000c
:10aee00014b4002018000000000000000000002042
:10aef000e45e00000000000078700020100a0000ee
:10af00000000000090b600201c00000000000000bf
:10af100024b70020010000000000000042b700201c
:10af20000100000000000000acb600200800000096
:10af300000000000b8b00020480000000000000041
:10af400000b50020100000000000000043b7002002
:10af50000600000000000000b4b600200800000059
:10af60000000000049b700200100000000000000c0
:10af700010b500200800000000000000e8b8002024
:10af80000100000001000000ff0000004ab700209f
:10af9000010000000000000018b5002008000000bb
:10afa000000000004bb7002004000000000000007b
:10afb000e0b200202800000000000000e9b80020f6
:10afc00002000000010000000805000020b500207c
:10afd00008000000000000004fb700200100000042
:10afe00000000000bcb600200800000000000000c7
:10aff00050b700200200000000000000c4b600208e
:10b00000040000000000000052b700200100000012
:10b010000000000028b5002008000000000000002b
:10b02000c8b60020100000000000000053b7002048
:10b030000100000000000000d8b60020040000005d
:10b040000000000054b700200200000000000000d3
:10b05000dcb600200400000000000000868e002006
:10b060000200000000000000d2b400200200000036
:10b070000000000056b700200100000000000000a2
:10b08000e0b600201c0000000000000070b40020aa
:10b09000100000000000000057b700200200000070
:10b0a0000000000098880020ee050000000000006d
:10b0b000fcb60020080000000000000086b100205f
:10b0c00002000000000000003eb40020020000006a
:10b0d00000000000b8a300200002000000000000f3
:10b0e00004b700200800000000000000b6b80020ef
:10b0f0000200000001000000be150000dab80020c8
:10b100000200000001000000ffff000059b700200e
:10b1100001000000000000000cb700200c0000003f
:10b1200000000000e0b80020040000000100000062
:10b130000100000018b7002004000000000000001b
:10b1400020b0002050000000000000001cb70020cc
:10b15000040000000000000020b7002004000000f0
:10b1600000000000bcb400200c0000000000000043
:10b17000000000000000000066666666666666669f
:020000040000fa
:10b1800070b590f9945084b00446002d52d0022d31
:10b1900004d094f808318bbb04b070bd637f002be2
:10b1a00040f02d81d4f8ec30002b40f0168194f95a
:10b1b0000b50c5f34a1000f5020000f58070c00185
:10b1c00024f03af905f01f05e84010f00105e0d140
:10b1d00024f03cf92379ad4e012b307008bf257166
:10b1e0002946d4f8f00007f03fff0123237130789f
:10b1f00024f02ef994f80831002bcdd024f026f954
:10b200002179a24e01294ff00003307006bf23714f
:10b2100084f8083184f80831d4f8f00018bf01210f
:10b2200007f022ff30780123237104b0bde870409d
:10b2300024f00eb924f00af92379944e94f8d8102a
:10b240003070012b08bf2571042900f25281dfe81c
:10b2500001f07aa54f17030094f80031d4f8f010ec
:10b260000a2b00f25c83dfe813f0f801e701d90153
:10b27000ca01bb01ad019f01240200021b02900123
:10b2800094f80031d4f8f0102e2b00f23281dfe870
:10b2900013f0690169016901690169013001300137
:10b2a0003001300130014d014d014d014d014d0185
:10b2b00030013001300130013001340134013401fa
:10b2c00034013401300130013001300130012002fd
:10b2d000530036035300260353001603530006039e
:10b2e0005300e702d102b5027a025e023e022c024e
:10b2f00094f800316649d4f8f000c3f1200201eb64
:10b3000003110023009392b2624b17f061fb94f893
:10b3100000310344dbb2202b84f800315bd194f878
:10b32000d83030780133dbb20022052b84f80021bd
:10b3300084f8d83000f0f9820123237124f088f8d2
:10b3400094f9945023e794f90c3094f800515a1c66
:10b3500079d0012d00f0fb82022d33d0002d40f07a
:10b36000f28203f01f01c3f34a1303f5020000f554
:10b37000807001232a46c00103fa01f123f008ff7f
:10b3800023f0faff22f0bafd94f8003102460133af
:10b390003078c4f8e02084f80031cde794f800312b
:10b3a000d4f8f050042b00f2a48001a252f823f04c
:10b3b000d1b4000039b30000a5b4000039b30000d7
:10b3c00065b4000023f0d8ff22f098fdd4f8e030f7
:10b3d000c31a062ba3d83078aee723f0cdff22f0b6
:10b3e0008dfdd4f8ec30c01a63287ff6e0ae002360
:10b3f000d4f8f000c4f8ec3023f058fed7e623f080
:10b40000bbff22f07bfdd4f8e430c31ab3f57a7f9a
:10b41000fff4c8aec4f8e40024f018f822791b4efb
:10b42000012a307000f08582002200921a4b1b49dd
:10b43000d4f8f000012222f085f90123307823713d
:10b4400024f006f8aee6002d00f0a882012d00f0f1
:10b45000968284f894300023013184f8003184f816
:10b46000d81069e7d4f8e83003f00f0384f802310c
:10b47000002bf0d118460a491cf062f9ff2294f81b
:10b48000d830307884f894204ce700bfafb3002068
:10b49000e4700100d1eb020085d7020003ca04006a
:10b4a0003c090000d4f8e8309a0ab2f5f87fc3f3fb
:10b4b000091302d11b2b00f09d820020c0491cf013
:10b4c0003ff9ff2294f8d830307884f8942029e7a7
:10b4d0000022bc4b00922846012122f033f90028bb
:10b4e0003ff479af94f800313078013384f80031bb
:10b4f00022e7ff2384f894301ee7143bdbb200936d
:10b5000003aa1f230821204618f0e2fc00283ff47c
:10b5100062af039b3078da0648bf43f0e0035bb2ca
:10b520001e2284f8f53084f8002105e70a3bdbb2df
:10b53000009303aa1f230421204618f0c9fc002809
:10b540003ff449af039bd90648bf43f0e0035bb229
:10b5500084f8f4300533c0f260821423307884f824
:10b560000031e9e6009303aa40230521204618f0a4
:10b57000affc00283ff42faf0398002800f045826d
:10b580000a23307884f80031d6e68f4b0022cde9cb
:10b590000032084601230c224ff4803122f0e2f8f9
:10b5a00000287ff4bcae16e70022884b0192d4f845
:10b5b0009820009308460123854922f0d3f80028fb
:10b5c00090d108e70022814b0192b4f89a200093b1
:10b5d000084601237f4922f0c5f8002882d1fae607
:10b5e00000227a4b0192d4f896200093084601235a
:10b5f000794922f0b7f800287ff474afebe6734b7b
:10b600000022cde900320846012374494ff400427c
:10b6100022f0a8f800287ff465afdce66b4b00222f
:10b62000cde90032084601236d49832222f09af8c1
:10b6300000287ff457afcee6b4f81b20002352ba9f
:10b640000193624b009308460123664992b222f0af
:10b6500089f800287ff446afbde6637f002b40f0f9
:10b66000ab81042384f8003166e694f82030e57f4e
:10b6700049f2262208465b4249f2260103f4807310
:10b68000002d08bf0a461a43504b00930023019334
:10b690000421012322f066f800287ff423af9ae604
:10b6a00094f82130002b40f096810a2384f8003171
:10b6b00042e6a27f00230193444b009308460123f6
:10b6c00012014ff0011122f04df800287ff40aaf6b
:10b6d00081e60022009208463a4b4349012222f0bb
:10b6e00031f800287ff4feae75e60023cde9003383
:10b6f000084601233d494ff4404222f033f8034607
:10b700003078002b3ff418ae94f8d8300ae694f85d
:10b7100002c1002343f6317545f62172cde90033ad
:10b720000846bcf1010f18bf2a463149012322f017
:10b7300019f800283ff44fae94f802313078012b0d
:10b74000e2d094f80031013384f80031f4e594f943
:10b75000f420b4f8fe3092b223f47c5323f03f037c
:10b76000084602f116010b43113243ea022200237c
:10b77000cde900331f49012392b221f0f3ff0028e5
:10b780007ff4b0ae27e694f9f420b4f8fc3092b21e
:10b7900023f47c5323f03f03084602f10e010b43d0
:10b7a000093243ea02220023cde900331249012382
:10b7b00092b221f0d7ff00287ff494ae0be600bfd1
:10b7c00014090000f1cd0200a1e70200d1eb020054
:10b7d00022000100250001002400010001ca04002c
:10b7e0008700040005ca040084000400e00004008f
:10b7f000d0000400af000400ae00040094f9f4206f
:10b80000b4f8fa3092b223f47c5323f03f03084695
:10b8100002f109010b43053243ea02220023cde97c
:10b8200000338249012392b221f09cff00287ff46b
:10b8300059aed0e5b4f8f82094f9f530c2f3090216
:10b84000283342ea83220023cde90033084601234e
:10b85000774992b221f086ff00287ff443aebae523
:10b8600094f9f430d4f8e800b4f8f620a4f8fe0017
:10b870009bb2084603f10e010901093341ea832313
:10b8800002f00f021a430023cde900336949012376
:10b8900092b221f067ff00287ff424ae9be5d4f834
:10b8a000e820a4f8fc20002300930846624b63497b
:10b8b000012221f047ff00287ff414ae8be5d4f875
:10b8c000e820a4f8fa200023009308465a4b5c496c
:10b8d000012221f037ff00287ff404ae7be5d4f885
:10b8e000e820a4f8f820002300930846524b4f4963
:10b8f000012221f027ff00287ff4f4ad6be5d4f896
:10b90000e820a4f8f6200023009308464a4b484953
:10b91000012221f017ff00287ff4e4ad5be500224f
:10b92000052384f8002184f8d830022384f8943069
:10b9300002e5002121710091424b4349d4f8f00007
:10b9400021f000ff79e5ff2384f8943083e523f0ac
:10b9500013fd22f0d3fad4f8e03098423ff43bad27
:10b9600094f90c3003f01f02c3f34a1303f50200ed
:10b9700005fa02f200f58070c0011146fee4334b77
:10b980000022cde900320321d4f8f0002b462a46ec
:10b9900021f0e8fe00287ff4c2ac1ce52b4bcde97a
:10b9a00000350122d4f8f0002b46032121f0dafe05
:10b9b00000287ff497ad0ee50022254b0192b4f8e4
:10b9c0001920009308460123224921f0cbfe0028cc
:10b9d0007ff488adffe41e4b0022cde9003208461b
:10b9e00001231d494ff4804221f0bcfe00287ff462
:10b9f00079adf0e40022104b18490092284621f05e
:10ba0000a1fe00287ff46eade5e415491bf098fe19
:10ba1000ff23307884f8943076e6002010491bf03c
:10ba20008ffeff23307884f894306de6ad0004007b
:10ba30008a00040084000400f1cd0200af0004007d
:10ba4000ae00040085d7020003ca0400f9f3020027
:10ba5000d1eb020002ca0400f908030094000a00b6
:04ba60005409000085
:020000040000fa
:10ba64002de9f04f9d4c844289b040f0ad80dff861
:10ba74008c8298f90000431edbb2012b00f2a480f3
:10ba8400974f3d68002d00f09880012800f09f80ba
:10ba94002388002b00f0b280b946002606e02388f4
:10baa40001369e4205f1800580f0a280e86c0028f2
:10bab400f5d0ab6dab42f2d16b6c9b69984795f8ae
:10bac40043305b06ebd56b6ce86c5b6998470028e8
:10bad400c0f20c820228e2d140f20113adf81e300c
:10bae4006b6c286d1b6c002740f2dc52069704a98e
:10baf400adf81a20cde90477adf81c709847049886
:10bb0400e863bdf81420a5f84020bdf81ac0bdf8bc
:10bb14001620a5f86ec09df81d109df81f003b4629
:10bb240061f307039df81c1061f30f239df81e10a9
:10bb340061f31743d21b60f31f63b5f842102b6700
:10bb440018bf012248f2400343ea423341f6bf7270
:10bb54000a401343a5f84230eb6d05f13c011bb9d3
:10bb64009de700bfb5f86ec095f8750083f87500c1
:10bb7400086893f84320d8638888d5f84ce0a3f884
:10bb8400400002f03f02286d186562f07f02686d84
:10bb9400586502f00c000428c3f84ce0a3f86ec00a
:10bba40083f8432005d193f8422042f0400283f801
:10bbb4004220db6d002bd5d171e74a4b04a81b68ea
:10bbc4009847002840f3d68009b0bde8f08f464e70
:10bbd4003368013300f062822388002b7ff45caf6a
:10bbe4000223424988f80030002020f0b3fd05e02c
:10bbf40098f900e0bef1010f4f463ed000201bf043
:10bc0400d9fe3b4e3b4a3368dff8f4a011680b437e
:10bc1400daf800100b43d7d01568002d40f0d98115
:10bc240031683b68228800294ed1002a00f0bf8089
:10bc340010460d460022304f40f28666144605e059
:10bc44000132904203f1800340f2ae8093f8421037
:10bc54004906f5d5996d9942f2d1b3f86c100e42ac
:10bc640002d039680131396093f8741011f0020f71
:10bc740040f0bc80a3f86c40e2e7d9f80060002be8
:10bc8400aed04ff000093046a446b246494607e01c
:10bc940049ea060901318b4200f1800000f0af80cf
:10bca400856d95f8432002f00c04042c0efa01f67d
:10bcb400eed112f0800f87d095f842205506e9d5d1
:10bcc40049ea0609e6e701250023336098463e6801
:10bcd400002a00f0c280a9461ce000bffcb300208b
:10bce40018b60020f0b50020dcb80020883700002a
:10bcf40010b600200cb6002008b600202db7002096
:10bd0400f4b50020238808f10108434506f18006b4
:10bd140040f2a28096f842305b06f3d5b36db3428d
:10bd2400f0d1736c306d5b6db6f86a50984705437b
:10bd340023f08afbb6f86a30adb223ea0503a6f80d
:10bd44006a3023f083fbb6f86c30306d2b43a6f8d1
:10bd54006c30736c29461b6d984715f0160f40f034
:10bd6400b08096f843309806ccd5736c306d9b6bdd
:10bd74009847c7e740f073810498002800f06f816a
:10bd840003f028f820e7019d23f05efbb9f8183092
:10bd940023f00103a9f8183023f058fbbbf8000086
:10bda4003b6800287ff446af002d40f0dc80ae4da8
:10bdb400ae4c236813b1228902b198471034ac42c7
:10bdc400f7d1daf80030002b3ff4feaea4f51c7076
:10bdd4004469002c3ff4f8ae00234ff48072012133
:10bde4001030a44609b0bde8f04f604721f00201cd
:10bdf40083f874101946c96d0029fcd13ae7012271
:10be040002fa03f3013b9945564664463ff4e8ae13
:10be1400002544f2400a00bfb6f842301aea030f84
:10be240003d0b36db34200f00681238801359d42ef
:10be340006f18006f0d3ff2388f8003023f0c4f91c
:10be440000283ff4c1ae23f0b9f989494a4609b044
:10be5400bde8f04f1bf072bc4d460023dff834926e
:10be6400dff8108202930195a346404621f0d8fce6
:10be74000546002887d00269806a936896899c8960
:10be84006b610e3e9681066e0e3362baab6192b25e
:10be940026b1436e2946b0470028e6d1284601f072
:10bea4004dff0028e1d1b4f5c16f00f04f81082c9b
:10beb40000f02381284601226ff00c0120f026feb9
:10bec400d3e76c4d02e09e6222f0f4f9736c306d9e
:10bed4005b6b002211469847034601462846002b17
:10bee400f1d1654a1368013313603ae703236348c9
:10bef400042229461bf092fd95f8433043f0800359
:10bf040085f84330cbe503f24d13136023883d6875
:10bf1400002b00f0588100bf95f842305a0611d525
:10bf24006b6c286d5b6a984795f8743003f00102d6
:10bf340043f00203904260f382031cbf60f30003ea
:10bf440085f87430228808f10108904505f18005d0
:10bf54001046e1d331683b6800297ff4b4ae012573
:10bf6400002a7ff467ae414ca4f1200904f514754e
:10bf740003e0a3811034ac4220d02368002bf9d015
:10bf8400b4f90a203e49002af4d0a38909685b1a4f
:10bf940098b21bb2002becdc23896668a4eb090180
:10bfa400104443f00203c1f30f11a0812381002e3a
:10bfb400e0d0002302222046b047dbe723f044fa16
:10bfc400b9f8083023f00203a9f8083023f03efa48
:10bfd400eee64ff00008c2f800801ff01dff294b69
:10bfe400dff8b4b01a68019243460d46814620f04a
:10bff40029fc254b019acbf80000a3fb0232294609
:10c0040092094346484620f01dfc204a1c4b204d13
:10c014001968136828605b1a434513607ff773af90
:10c02400316822883b6800297ff44dae002a9ad0fb
:10c0340010460125fee5f76d57b1dff840b03946eb
:10c044000323042258461bf0e9fcff6d002ff6d1b0
:10c054000a480323042231461bf0e0fce5e60023f2
:10c0640088f80030b0e500bff89c0020a89a0020b2
:10c07400b837000088ad002004b60020fcb30020cf
:10c08400fcb5002000b60020d34d6210f8b50020a6
:10c09400e8b50020889a0020ecb500204d4a002124
:10c0a40021f01efd3060013013d020f0b3fd4a4b67
:10c0b40000f2e732a3fb0232484b92094ff47a7143
:10c0c40001fb02f2b2fbf0f21a6047f6fe739a42e9
:10c0d4004bd923f079f8002840d115f0adfdff23aa
:10c0e40088f8003023f070f800283ff46dad23f099
:10c0f40065f83b494ff0ff32a9e63a4a0392029aa7
:10c1040003465608242001242a6a22f47c1213438d
:10c114002b62354b2946184422f0ccf816f0010363
:10c124007ff4a3ae039a528809eb0210120101892d
:10c13400466841f00101018116b111090122b0479d
:10c14400029a0123a3401a4302928ee6274b0393db
:10c154000446029e18204ff48033d5e723f02ef8ce
:10c16400234901221bf0eafab7e72248224b02f5e1
:10c17400a671b1fbf2f102fb01f1016011b203f50a
:10c18400147002e01033834212d053f80a2c002ab0
:10c19400f8d0b3f90020002af4d08a42b8bf0a4686
:10c1a4001546002265f30f0265f31f421a60e9e7a2
:10c1b40023883d68002b7ff46fac98f90030012b85
:10c1c4003ff40ead1ae53268002a3ff4ccae33607a
:10c1d400012542e6edbb0200d34d6210fcb5002000
:10c1e4004837000098ec02007cad002090ec02007f
:0cc1f40018370000f8b50020b29a0020b7
:020000040000fa
:10c200005478204279746520436f756e742d6c6f7d
:10c21000776572203332626974732854784f544cb6
:10c220004f29000091ee0200547820427974652075
:10c23000436f756e742d757070657220313662694a
:10c2400074732854784f5448492900009dee020029
:10c250005478204672616d657320772f6f20657268
:10c26000726f722854784654434e542900000000df
:10c2700000000000a9ee020054782042726f616451
:10c2800063617374204672616d657328547842430c
:10c29000465429000000000000000000b5ee020036
:10c2a0005478204d756c74696361737420467261b3
:10c2b0006d65732854784d46542900000000000035
:10c2c00000000000c1ee02005478205061757365d3
:10c2d000204672616d6573285478504654290000d9
:10c2e000000000000000000000000000cdee020091
:10c2f00054782036342d62797465204672616d65fc
:10c300007328547842465436342900000000000057
:10c3100000000000d9ee020054782036352d31326d
:10c32000372062797465204672616d6573285442c6
:10c33000465431323729000000000000e5ee0200cb
:10c340005478203132382d323535206279746520a9
:10c350004672616d65732854424654323535290062
:10c3600000000000f1ee02005478203235362d3501
:10c3700031312062797465204672616d657328548d
:10c38000424654353131290000000000fdee020024
:10c390005478203531322d31303233206279746552
:10c3a000204672616d6573285442465431303233f1
:10c3b0002900000009ef0200547820313032342d7a
:10c3c000313531382062797465204672616d65734c
:10c3d00028544246543135313829000015ef020007
:10c3e0005478204672616d6573203e3d20313531b1
:10c3f00038206279746528475442463135313829ee
:10c400000000000021ef0200547820556e64657230
:10c4100072756e204672616d6573206e6f74205464
:10c420005865642854785455522900002def0200b5
:10c4300054782053696e676c6520436f6c6c697328
:10c44000696f6e204672616d657328547853434658
:10c450002900000039ef0200547820322d313520b8
:10c46000436f6c6c6973696f6e204672616d6573a2
:10c470002854784d434629000000000045ef020093
:10c48000547820313620436f6c6c6973696f6e206d
:10c490004672616d65732854784543434e542900b4
:10c4a0000000000051ef02005478206c6174652098
:10c4b000436f6c6c6973696f6e204672616d657352
:10c4c0002854784c43434e54290000005def02008d
:10c4d0005478204465666572726564204672616da9
:10c4e0006573285478445446290000000000000079
:10c4f0000000000069ef0200547820436172726905
:10c5000065722053656e7365206572726f72204686
:10c5100072616d65732854784353452975ef0200a5
:10c520005278204279746520436f756e742d6c6f5c
:10c53000776572203332626974732852784f524c97
:10c540004f29000081ef0200527820427974652063
:10c55000436f756e742d7570706572203136626927
:10c5600074732852784f5248492900008def020019
:10c570005278204672616d657320772f6f20657247
:10c58000726f722852784652434e542900000000c0
:10c590000000000099ef020052782042726f61643f
:10c5a00063617374204672616d65732852784243eb
:10c5b000465229000000000000000000a5ef020024
:10c5c0005278204d756c7469636173742046726192
:10c5d0006d6573202852784d4652290000000000f6
:10c5e00000000000b1ef02005278205061757365c1
:10c5f000204672616d6573285278504652290000ba
:10c60000000000000000000000000000bdef02007c
:10c6100052782036342d62797465204672616d65da
:10c620007328527842465236342900000000000038
:10c6300000000000c9ef020052782036352d31325b
:10c64000372062797465204672616d6573285442a3
:10c65000465231323729000000000000d5ef0200b9
:10c660005278203132382d32353520627974652088
:10c670004672616d65732854424652323535290041
:10c6800000000000e1ef02005278203235362d35ef
:10c6900031312062797465204672616d657328546a
:10c6a000424652353131290000000000edef020012
:10c6b0005278203531322d31303233206279746531
:10c6c000204672616d6573285442465231303233d0
:10c6d00029000000f9ef0200527820313032342d69
:10c6e000313531382062797465204672616d657329
:10c6f00028544246523135313829000005f00200f5
:10c700005278204672616d6573203e3d203135318f
:10c710003920627974657328544d58424652290075
:10c720000000000011f002005278204672616d6531
:10c7300073203c2036342062797465732852785512
:10c740004652290000000000000000001df0020019
:10c750005278204672616d6573203e203135313844
:10c760002062797465732852784f46522900000080
:10c770000000000029f002005278206572726f728a
:10c78000204672616d6573203e203135313820625c
:10c79000797465732852784a5229000035f00200f6
:10c7a000527820435243206572726f722046726144
:10c7b0006d657328527846435345290000000000f8
:10c7c0000000000041f002005278204c656e677452
:10c7d00068206669656c64206572726f72204672ab
:10c7e000616d65732852784c464645294df002002c
:10c7f00052782073796d626f6c206572726f72204f
:10c800004672616d657328527852534529000000c5
:10c810000000000059f00200527820616c69676ed8
:10c820006d656e74206572726f72204672616d65ff
:10c8300073285278414529000000000065f002008d
:10c840005278205265736f75726365204572726ffe
:10c850007220285278525245290000000000000042
:10c860000000000071f002005278206f766572724d
:10c87000756e206572726f72204672616d657328e5
:10c880005278524f45290000000000007df0020060
:10c8900052782049504864722043686b73756d204c
:10c8a0006572726f72204672616d657328527849a5
:10c8b0004843452989f002005278205443502043d0
:10c8c000686b73756d206572726f72204672616d50
:10c8d00065732852785443452900000095f0020002
:10c8e0005278205544502043686b73756d206572f3
:10c8f000726f72204672616d657328527855434598
:08c9000029000000a1f0020073
:020000040000fa
:10c908002de9f04fc36ce04a056de04fd1f81ca04b
:10c91800d1f83080dff8bcb3d0e915468db01a44a1
:10c928000b6800931a4484ea06032b4073401344af
:10c93800d74a4c6801943244466d05eb7363224430
:10c948002c4675401d4075401544d24a0b9432441c
:10c958008e68029603eb3555324484ea03062e406e
:10c9680066401644ca680392274405ebf636174416
:10c9780083ea050232405a403a440f693c46c64fa2
:10c988000494274406ebb2221f4485ea06031340a9
:10c998006b403b444f693c46c04f0594274402eb2b
:10c9a80073632f4486ea02051d4075403d448f6934
:10c9b8003c46bb4f0694274403eb3555374482ea7f
:10c9c80003062e4056403e44b64f574405ebf63614
:10c9d800174483ea050232405a403a440f6a3c46fb
:10c9e800b14f0794274406ebb2221f4485ea060399
:10c9f80013406b403b444f6a3c46ac4f0894274475
:10ca080002eb73633d4486ea02071f4077402f44d8
:10ca18008d6a0a95a5f5244e03eb375782ea030c75
:10ca2800aef14f0ecd6a0995b6440cea070ca04e3c
:10ca38008cea020cf4442e4407ebfc3c164483eacf
:10ca4800070202ea0c025a4032449a4edff888e2a2
:10ca580046440cebb2221e4487ea0c0313407b4089
:10ca680033444e6bb64402eb736377448cea020e90
:10ca78000eea030e8eea0c0ebe44d1e90e978e49db
:10ca8800019c069d494403eb3e5e614482ea030c27
:10ca98000cea0e0c8cea020c8c44884939440eebe3
:10caa800fc3c114483ea0e0202ea0c025a400a4492
:10cab80083490cebb222214419448cea020303eaad
:10cac8000e0383ea0c030b447e4902ebf36329440b
:10cad8008e4482ea030101ea0c015140099d714428
:10cae800dff8f8e103ebf151ae44e64483ea010cc8
:10caf8000cea020c8cea030c009df444dff8e0e138
:10cb080001ebbc4cae44964481ea0c021a404a4000
:10cb1800059d7244dff8cce10ceb3232ae449e4402
:10cb28008cea02030b4083ea0c030a9d7344dff886
:10cb3800b8e102ebf363ae448e4482ea030101eaf2
:10cb48000c0151407144dff8a4e1049d03ebf1515d
:10cb5800be44e64483ea010c0cea020c8cea030c9e
:10cb6800f444dff88ce101ebbc4cae44964481ea16
:10cb78000c021a404a40089d7244dff878e10ceb39
:10cb88003232ae449e448cea02030b4083ea0c0323
:10cb98007344dff864e1039d02ebf363ce448e44f3
:10cba80082ea030101ea0c0151407144dff84ce1cb
:10cbb80003ebf151ae44e64483ea010c0cea020ca3
:10cbc8008cea030c079df444dff834e101ebbc4c1c
:10cbd800ae44964481ea0c021a404a407244dff897
:10cbe80024e1029d0ceb3232b6449e448cea0203e7
:10cbf8000b4083ea0c037344dff80ce102ebf363a8
:10cc0800ae448e4482ea030101ea0c0151407144aa
:10cc1800dff8f8e0079d03ebf151d644e64483ead8
:10cc2800010c0cea020c8cea030cf44401ebbc4c3a
:10cc3800c344934481ea0c0202ea030e8eea010e11
:10cc4800de440ceb3e3e82ea0e0b059aa2f5b822b2
:10cc5800a2f2be621a441c4b5a442b440eeb3272a9
:10cc680019448cea0e035340099d0b441749294483
:10cc780002eb735361448eea020c8cea030c8c4479
:10cc88001349049d44e000bf78a46ad7eecebdc125
:10cc980056b7c7e8db702024af0f7cf52ac6874754
:10cca800134630a8019546fdd8988069aff7448ba4
:10ccb800bed75c892211906b8e4379a62108b449ae
:10ccc80062251ef640b340c081f6718722619d6dd2
:10ccd8000c38e5fd8a4c2a8d937198fd515a5e26d1
:10cce800aac7b6e95d102fd65314440281e6a1d82d
:10ccf800c8fbd3e7e6cde121d60737c3870dd5f4c6
:10cd0800ed145a4505e9e3a9f8a3effcd9026f67ca
:10cd1800494403eb3c4c8e4482ea030181ea0c014e
:10cd28007144dff8a8e2a6440ceb7121964483ea2b
:10cd38000c024a407244dff898e2009cae4401ebd2
:10cd4800327273448cea010e8eea020e9e44924bb4
:10cd58000a9d534402eb7e5e9c4481ea020383ea07
:10cd68000e036344dff86cc2ac440eeb33436144fa
:10cd780082ea0e0c8cea030c8c448849314403eb9c
:10cd88007c2c11448eea030282ea0c020a4484498c
:10cd980021440ceb32728e4483ea0c015140039c0f
:10cda8007144dff834e2a64402eb71519e448ceae8
:10cdb80002034b40069c7344dff820e2a64401ebd3
:10cdc8003343e64482ea010c8cea030c089cf444e1
:10cdd800dff80ce2a64403eb7c2c964481ea0302bc
:10cde80082ea0c027244dff8fce1029cc6440cebb8
:10cdf80032728e4483ea0c0151407144dff8e8e155
:10ce0800be4402eb715173448cea020e8eea010ea5
:10ce18009e44644b234401eb3e4e9c4482ea01034a
:10ce280083ea0e03009c6344dff8c0c10eeb732352
:10ce3800a444944463ea010282ea0e026244dff8e1
:10ce4800b0c1059c03ebb262d4448c4462ea0e0183
:10ce580059406144dff89cc102ebb151cc44f44421
:10ce680061ea030e8eea020ef444dff88ce101eb6e
:10ce78007c4ca6449e446cea02034b407344dff8a2
:10ce88007ce1039c0cebf323c644964463ea01025d
:10ce980082ea0c027244a5f58015dff864e103eb21
:10cea800b262a5f683356544a64462ea0c0c8e444a
:10ceb8008cea030cf44402ebbc5c6cea03015140bd
:10cec800019c2944384d0ceb714125441d4461ea0d
:10ced800020383ea0c03079c2b44344d01ebf32334
:10cee8002544154463ea0c024a402a44304d069c06
:10cef80003ebb2623d4462ea01075f4065443d448a
:10cf08002c4f02ebb55527440f4465ea0301514005
:10cf18003944294f05eb7141374461ea02061f4441
:10cf28006e403e44254b049f01ebf6263b441a44d1
:10cf380066ea05034b401344c26c06ebb3631a441c
:10cf4800c264099f1e4a029c3a44154463ea0102de
:10cf58007240876d2a4403ebb252bd188565194d9e
:10cf680025440d4462ea06015940294402eb714107
:10cf780061ea03030b9c089d5340426d0c44114425
:10cf8800114a41652a443244134404ebf3240465ee
:10cf980000200db0bde8f08f604bbbf6c67e9b2825
:10cfa800fa27a1ea6556acc4d15d84854f7ea86f87
:10cfb800e0e62cfe144301a3a111084e827e53f72c
:10cfc80035f23abdbbd2d72a91d386eb44eabea448
:10cfd800a9cfde4b70bcbfbe8530efd4051d8804d9
:10cfe80039d0d4d9e599dbe6f87ca21f442229f48c
:10cff80097ff2a43a72394ab39a093fcc3595b65d9
:04d0080092cc0c8f2b
:020000040000fa
:10d00c002de9f04f9046ae4a8bb0894611684268c4
:10d01c0002920023cde90633cde90833834600297b
:10d02c0000f00082a74a154604e08b4205f1e805a2
:10d03c0000f0f88195f8da40012c03f10103f4d1ea
:10d04c00aa1ad210c2ebc21302ebc303c3eb833395
:10d05c0002eb0312dbf800309b495b68029802eb91
:10d06c00820298470023c5e90a33c5e90c33c5e9a8
:10d07c002533c5e92933c5e92b336b602b75c5f80e
:10d08c00a03085f8d930c5f8b430c5f8c0308f4b16
:10d09c00c5f8d0b01b682b6003eb83035b00ab605f
:10d0ac008b4bab6102232b7441f289336b8240f2c0
:10d0bc00be53eb604ff03443c5f8db30052385f8e5
:10d0cc00df3000220023b9f1010fc5e908230bd88a
:10d0dc0016e17378732b0ed1b37863b9012385f8fd
:10d0ec00dd3001344c4518d258f8246037782d2f98
:10d0fc004fea840aedd07749304621f062fa0028d5
:10d10c00ecd02d2f14d17378752b11d1b3787bb94a
:10d11c00013401234c452b74e6d395f8dd30002bfc
:10d12c0000f0ee80012b00f090800bb0bde8f08f8a
:10d13c006949304621f045fa0028e9d02d2f65d1f8
:10d14c007378622b62d1b378002b5fd10123c24478
:10d15c002b74daf80460304621f0b0f9431e013428
:10d16c00f25c4d2a06eb030140f0a0804f78002fb3
:10d17c0040f09c804b2a594a08bf4ff47a720392b4
:10d18c00002b00f09481b31e00274ff0010acde96b
:10d19c00044518443a46731e5446039e0ce0504d09
:10d1ac0007eb870ea5fb06ac002c7ad101eb4e07e2
:10d1bc004feadc06984212d013f801cfacf13001e3
:10d1cc005ffa81febef1090fe9d9bcf12e0ff1d146
:10d1dc000399984201fb02f24ff00004ecd1039941
:10d1ec008a4238bf0399dde9044507fb06f338bfd3
:10d1fc004a439e180096dbf80010dbf804004f68d9
:10d20c003849cde90623b847ae616ae7364930465e
:10d21c0021f0d7f9002899d02d2f40f0ae807378eb
:10d22c00782b40f0aa80b378002b40f0a680c24443
:10d23c000134daf80400002800f03c81012206a930
:10d24c0018f050fd0698a8614be7029cdbf8003003
:10d25c0026491b6820469847dbf8003024491b6898
:10d26c00204698472b7c012b00f0bc80022b00f051
:10d27c00c180d5f8d0306a8a1b681e495b68029859
:10d28c001d4c984795f8da30012b00f0e480237898
:10d29c00002b00f0b680022385f8da300bb0bde825
:10d2ac00f08f02eb820201eb420283e74b2a5dd046
:10d2bc003046012206a918f015fd069eae6110e756
:10d2cc00bcb5002038a90020f42c0000b4b5002017
:10d2dc0080969800642b0000702b000040420f00d9
:10d2ec00cdcccccc842b0000782b0000882c0000fb
:10d2fc00c42c0000e82c000029b70020000000001e
:10d30c00002105f180001bf021fac5f8d40000289b
:10d31c007dd02b7c022b5ed0012b09bfab895fed3e
:10d32c00096a06ee903af8ee666aab69a94aaa4c0d
:10d33c0092ed007adb0807ee903af8eee77ab8ee59
:10d34c00477a87eea66a95f8da30012bc7ee067a93
:10d35c00fceee77ac5ed247a73d02378002b6ad0e3
:10d36c000a2385f8da300bb0bde8f08f4a78002a32
:10d37c009ed14ff47a72039202e79849304621f01d
:10d38c0020f900283ff453af2d2f6ed0944930462e
:10d39c0021f017f900286ed02d2f40f08f80737874
:10d3ac00742b40f08b80b378002b40f08780c24404
:10d3bc000134daf80400002800f09e80012206a94e
:10d3cc0018f090fc0698834b1b6800fb03f3ab60d2
:10d3dc0000236b6085e6b5f8de3006ee903af8ee89
:10d3ec00666aa2e7dbf800307e491b680298984712
:10d3fc002b7c3be7dbf800307b491b680298984795
:10d40c0037e74ff480711f201ff08eff43e7dbf8e6
:10d41c00003076491b680298984721f083fec5f8c6
:10d42c00d40076e7dbf8003071491b6802980bb02a
:10d43c00bde8f04f18474ff480711f201ff074ffa8
:10d44c008ee72378002201334ff480711f20237064
:10d45c001bf00cfa81e72378002201334ff4807122
:10d46c001f2023701bf002fa11e77378632b8dd108
:10d47c00b378002b8ad1c244002385f8dd30daf86a
:10d48c0004000134c0b1042206a918f02bfc9df84d
:10d49c001800079a002360f3070362f30f23089a1e
:10d4ac0062f31743099a62f31f636b6419e61e4615
:10d4bc001a469fe60690c6e60690eae74d493046c6
:10d4cc0021f07ff800283ff472af2d2f16d173781e
:10d4dc006e2b13d1b3788bb9c2440134daf8040043
:10d4ec00002800f0e080012206a918f0fbfb069b47
:10d4fc006b600023ab60f4e5069064e73e49304670
:10d50c0021f05ff80028e7d03c49304621f059f86b
:10d51c00002800f0aa803a49304621f052f8002841
:10d52c0000f0a3803749304621f04bf8002800f07a
:10d53c008b803549304621f044f8002800f0848077
:10d54c003249304621f03df800286dd03049304644
:10d55c0021f037f8002867d02e49304621f031f8f9
:10d56c00f0b12d49304621f02cf8c8b12b4930468a
:10d57c0021f027f830b12a49304621f022f8002852
:10d58c007ff4afadc2440134daf80400a0b101223b
:10d59c0006a918f0a7fb069b332b0dd9eb60a0e571
:10d5ac00c2440134daf8040088b1012206a918f04b
:10d5bc0099fb069b6b8294e5d5f8d03019491b6812
:10d5cc0002985b6834220bb0bde8f04f1847069008
:10d5dc00efe700bfb4b5002029b70020a02b000056
:10d5ec00ac2b0000e02c0000e42c0000602c0000b0
:10d5fc00382b0000b82b0000c02b0000c82b0000fb
:10d60c00cc2b0000002c0000042c00000c2c000083
:10d61c00102c00001c2c0000202c0000282c0000da
:10d62c002c2c0000342c0000c2440134daf8040025
:10d63c00b8b1012206a918f055fb214a069b1268c5
:10d64c0002fb03f32b604ce5c2440134daf804000e
:10d65c0048b1012206a918f045fb069ba5f8de305f
:10d66c003fe50690e9e70690f7e7c2440134daf8a3
:10d67c0004004378782b1cd0012206a918f032fb49
:10d68c009df81820a02a12d0c02a0ed0a2f1200199
:10d69c004b424b41db002b75dbf8001002984e68b7
:10d6ac000849b0471de5069021e71023f3e7202336
:10d6bc00f1e7408840ba80b21ef0f0fc0246e1e788
:08d6cc00b4b50020d42b0000ce
:020000040000fa
:10d6d4002de9f04f90f87190b9f1010f8bb004d09f
:10d6e4006ff001000bb0bde8f08f866c04460d4668
:10d6f4009046002e6ed0326a12f008036ad142f0ce
:10d704000802326232697365b364f3663366136088
:10d71400938111f0010240f0348190f8843003f0d9
:10d72400030380f88430f7693b7b23f0f0033b73f9
:10d7340015f0060300937ad0aa0740f1b880606c14
:10d7440040f20243adf81830002800f03e8120f08a
:10d75400f3fa3b7b3a7bc3f303130133143863f3cb
:10d76400071294f87130a4f8680040ba012badf8a0
:10d774001a0004bf069b7b61236d3a73002b00f0f3
:10d784001f8102234ff000090093a90700f0918044
:10d794004ff0000bda4618f0010f0dd0a64aa74946
:10d7a40012684ff47a7000fb02f2a1fb0212920994
:10d7b400e264002284f872201ff06efe94f8842044
:10d7c400216d42f0020284f88420e26c0244626219
:10d7d4008a4479e09a4b0422142178201ff080f9be
:10d7e4000646002800f0a181036aa26cc46043f0dd
:10d7f400080303620123a0f87030a0f85830914b5d
:10d804008360002a00f09a81e90794f8712000f1fe
:10d81400b88094f88430012a03f0030384f8843038
:10d8240081d00022137b62f307131373ffdea16818
:10d834002269b4f866b0914200f05481b4f86020d3
:10d84400aab321f0e5fd20b9b4f86820934528bfb8
:10d854009346a0682169b4f8602094f871e0cdf88b
:10d8640004b0884240f2aa81a0eb010a924528bf85
:10d874009246da4500f2e0811ffa8afbbef1010ffd
:10d8840000f0b8805144216194f88510c80700f174
:10d8940086812946baf1000f09d0a2eb0b0241f0b0
:10d8a4000805a4f86020edb201f0010973e7002334
:10d8b400009318f0020976d194f88420920700f1bd
:10d8c4005881216dcb468a463a7bb4f85e00388095
:10d8d40022f00f02b4f85c00009b7880606d3a730c
:10d8e40000223a617960b8607d7305f01002c4f8d3
:10d8f40050a0002b00f08e80002a00f09280bb68bc
:10d90400bb6094f88600030740f18d80013979608b
:10d914004ff01808b9f1000f05d094f8863043f0a1
:10d92400040384f886302ab194f8863043f0400327
:10d9340084f88630d4e907239a426ed3d21ad4e904
:10d9440005135b1a9b1a9bb2fb813846a4f862301c
:10d954001df0c8fd3b7bc3f30312053262f30713ca
:10d964003b7394f87130012b6ed0bbf1000f03d0e0
:10d97400a36b002b00f0c8804ff0ff300bb0bde864
:10d98400f08f94f8853043f0010384f8853094f8df
:10d994008430012a03f0030305f0fe0584f8843083
:10d9a4003ff4c1ae3de794f87320d4f850a001329f
:10d9b4004ff0000984f873200af1ff31cb4683e766
:10d9c400204614f0c3fb2065dbe694f8873004f1ad
:10d9d4004002c3f3800304f13c011cf047fe606481
:10d9e400002800f0a28194f8873043f0040384f8ff
:10d9f4008730ace600203369b064002900f08381ed
:10da04006bf30f006bf31f40c6e9141006f14800d6
:10da1400186037e74ff014087ce79b1a013b9bb270
:10da240092e713466ce70af1010340f0080023650e
:10da340084f886006ce700bf44b50020d34d621023
:10da4400060020009d250200e16b002970d094f8a7
:10da54008730606c13f0040300f0d980002800f0d4
:10da6400d6803269d4f840c09389f7693064c6e936
:10da74000ec14344938100233b8290f870200beb4a
:10da8400080912f001021ffa89f900f0fc80b4f8c9
:10da940081305bbaadf81430002730464a4605abf6
:10daa40006218df816700df099fb3760304621f091
:10dab40019fc002844d10a226ff0130130461ff0ec
:10dac40025f8bbf1000f01d0a36bebb14ff0ff3091
:10dad40094f87130012b7ff405ae336a23f0080308
:10dae4003362ffe594f88520d3077ff5e0aeb4f800
:10daf4006020002a3ff4dbaebbf1000f3ff4d7ae49
:10db040045f00105edb240e640f2dc5363631ff0db
:10db1400c3fc884b626b1b6802fb03f3864aa2fbbf
:10db2400032300eb9310a063d0e76ff00200d9e564
:10db3400bbf1000fc8d14ff0ff30cee7a06463e61d
:10db4400bbf1000f03d0a36b002b00f0ba806a076f
:10db540001d40020c6e5a56f002dfad0b4f87630c4
:10db64001b07f6d5e36f616cb4f974000822a8476b
:10db7400efe718f0010f08d194f872202ab1013aa6
:10db840084f87220e26c5208e2641ff085fce26cb7
:10db9400216d02444ff0000b62628a4694e692457e
:10dba40069d0019b9a4566d045f00101c9b2baf12a
:10dbb400000f00f0a680b4f860206ee6636802935c
:10dbc40023680393a0eb030a029b581a82449245ec
:10dbd40028bf9246da4546d81ffa8afb504528bf2b
:10dbe400504683b24ff0000c63f30f0cbaeb000005
:10dbf40063f31f4c28d0bef1010f73d00298514437
:10dc040088423ff640ae039bc01a091a3be6003b2c
:10dc140018bf012304f1400204f13c011cf026fd6d
:10dc2400606400283ff44daf94f88730e16b43f013
:10dc3400040384f8873014e794f8840040f08000eb
:10dc440084f88400da4619e6bef1010fd6d1d6f87d
:10dc540010e0b064002958d006f14800c6e9141c4d
:10dc6400cef80000cae794f884c04cf0800c84f825
:10dc740084c0da46b2e7baf1000f3ff418aeb4f844
:10dc84006020294609e64ff4c063cde907c1adf829
:10dc940024300c2199fa99f307a8adf8263016f030
:10dca400effbc24392b24146384616f0e9fbbbf1a2
:10dcb400000f2dd13269138a23f0080313823882ae
:10dcc400e5e640f2dc5363631ff0e6fb194b626b3d
:10dcd4001b6802fb03f3184aa2fb032300eb931314
:10dce400a36334e7039b1bb380b24ff0000e60f3d1
:10dcf4000f0e60f31f4eb366c6f86ce006f16000c9
:10dd0400a5e70d4641e51960bce5cef8001075e7be
:10dd1400c3433069316d028a42f0080202829bb229
:10dd24005a46304616f0f4fbc9e76ff00300cfe61d
:0cdd340003988ce744b50020d34d62102a
:020000040000fa
:10dd40002de9f04fdff83093826a002395b0cde9da
:10dd50000e33cde91033cde91233d9f80030002b62
:10dd600000f0e08092f87410090740f1db8092f82f
:10dd70007860d0f8148003f1800202eb4612074667
:10dd800011680131116098f80620d2074fea461554
:10dd900040f1cd800024b249052240461ff031fcfd
:10dda00020b998f805300f2b40f27e81ad4b3846f4
:10ddb0001b68099320f0bcfad9f800300490414662
:10ddc00018681af039fc98f800300390db0740f12e
:10ddd000118188b1039b1b8803f44073b3f5807fe6
:10dde0000ad0a14aa14940f2a733002019f0a8fcab
:10ddf0009f4a1368002bfcd1d9f800a00af18002d9
:10de00002a440123d16806931944d1609af8682204
:10de1000039b900740f10781002b00f0dd80039bfe
:10de20001a8812f4a06f40f00281069b9af81980bc
:10de30000021c3f102025ffa82fe4ff0010c0c4692
:10de40000d46a84540f2cb80cde9077e4ff0000b90
:10de5000e8b205916746002c00f0a580864214f8d0
:10de6000012b00f0aa80002a00f08880042a00f02c
:10de70008980012a00f08a800135e8b28045ead81d
:10de8000079fbbf1000f00f0aa802bfa06f3da0718
:10de900042d40224d9f8008008f1280528461ff052
:10dea000c1fcd8f83030d8f87c209342064638bf01
:10deb000c8f87c30002800f00581002c00f0568165
:10dec00000233b863d46099bcde9113b049badf801
:10ded0004c300df1380c069badf84e30bce80f000d
:10dee000b646d7e90287aee80f009ce80300ab070f
:10def0008ee80300c6e9017840f0ac815d4b2a69e9
:10df0000ab60039beb60194693896e630e33284622
:10df100093810cf0ddf906e00123b3403bea030beb
:10df200040f010810024204615b0bde8f08f93f832
:10df30006822186808f1060ad407514600f1868065
:10df40001af0aafb0446002800f00981454bd9f8d5
:10df50000010a6741a6888682388024443f480631a
:10df600062609a0723807ff516af0920d1f86432ea
:10df7000002b3ff410af514698470ce73a46042a6d
:10df80007ff477af059b83427ff476af0af26a2273
:10df9000505d1ff0fdfe08b1b0f86e00049b834297
:10dfa0000ed8012205e08642e8d1089a012a7ff4c2
:10dfb00063afaa404bea020b5ee7002af6d1f4e712
:10dfc000daf8642212b1049904209047daf840206c
:10dfd0000132caf840204fe7002c7ff426af2622fa
:10dfe0006ff0160138461ef093fd0124204615b04f
:10dff000bde8f08f039bd9f800a073b31a8812f420
:10e00000007f0cbf082104210af180022a440a443f
:10e01000002311680693013111609af86822039b6e
:10e0200090073ff5f9ae002b7ff4f9aefde612f450
:10e03000807123d1039b9d7c05f101084ff0020ef6
:10e040005ffa88f84ff0010c0c46fae61af0f4fa81
:10e05000044600287ff47aaf9ce60821d4e700bf8d
:10e06000d8f3020038b60020c4db0200b438000048
:10e070003cb6002059e9020040b6002012f40071bd
:10e080009af8198060d1039b069d022000fb06349c
:10e090001334002d40f0ea805105864640f1f880a7
:10e0a000997c4ff0040ccce6d9f8003080332b4437
:10e0b00026221c6901346ff0160138461c611ef0df
:10e0c00027fd92e7d8f8643213b10146072098473c
:10e0d000d8f8743098f869120133c8f87430002900
:10e0e0003ff421afd8f804000591836818229847bf
:10e0f0000599002800f0bf8000260594824634462a
:10e100000e4651462846013420f0d6f8a6420af1c0
:10e11000180af6d1d8f85830059c33442846c8f878
:10e1200058301ff07ffb064600287ff4c6ae924aa7
:10e13000924940f2f34319f003fb914a1368002b14
:10e14000fcd1f0e60024a5e6039b4ff0020c0cfb8b
:10e150000634002113344ff0010e0d4671e6d9f854
:10e160000010cb6c01200344cb64ffe6d9f800908b
:10e17000b9f81430002b45d0b9f81630049a0e3b8c
:10e180009a4200f2968009f11c0840461ff04afbb3
:10e19000d9f82430d9f86c209342054638bfc9f825
:10e1a0006c30002800f091800df12c08bb69ddf87f
:10e1b00010a00b934ff00009a969cdf800904246da
:10e1c0005346384615f0e4fa824580460ad06d4a37
:10e1d0006a49484640f2147319f0b2fa684a136863
:10e1e000002bfcd17a696b6910685168d2f808c0bd
:10e1f000c3f808c01860596092899a812b69a3f806
:10e200000c8060e604990d9422463820cde90b4439
:10e2100015f0f2fe0df12c08014600283dd0012337
:10e220000386404620f048f8d9f854300133c9f845
:10e23000543040461ff0f6fa05460028b6d1524a3f
:10e240004e4940f2c54319f07bfa4d4a1368002b42
:10e25000fcd167e64d4a49494ff40273002019f09a
:10e260006ffa474a1368002bfcd147e64ff0010ec6
:10e27000f4460d46e5e5d8f864321bb1032003915e
:10e2800098470399d8f838300b44c8f838304ae634
:10e29000069d4ff0010c2946d3e5d9f8643213b13d
:10e2a000012102209847d9f834300133c9f83430bd
:10e2b00038e6d9f8643213b1114605209847d9f8e9
:10e2c00044300133c9f844302ce6d9f8643213b134
:10e2d000014606209847d9f8683099f8182001338c
:10e2e000c9f86830002a3ff41daeb9f8163005931e
:10e2f0000025924605e00b8601351ff0ddffaa459b
:10e3000034d005990022382015f076fe014601230d
:10e3100040460029efd1aa45524627d0d9f86432a9
:10e32000521b23b11146022005929847059ad9f84d
:10e3300034301344c9f83430d9f854302b44c9f878
:10e340005430002d3ff4eead40461ff06bfa054609
:10e3500000287ff429af0c4a08494ff4966319f05e
:10e36000eff9074a1368002bfcd1dbe5d9f85430ec
:10e370002b44c9f85430e7e790e30200b4380000ba
:10e380003cb6002078e3020070e5020020dc0200c9
:020000040000fa
:10e390002de9f04fadf52f7d4ff400722ea9834685
:10e3a000b0f9240011f0dcf82eab03442eaa054688
:10e3b00000240590029316921893b24ab24914941d
:10e3c00040f244730120cde9124420f039fc1db91c
:10e3d0000df52f7dbde8f08f059e0c2e354628bf2c
:10e3e0000c252a462ea912a820f062f82eab1d4457
:10e3f0000b2e1795ecddbdf84e10bdf84c20bdf886
:10e40000483049ba8eb251ba89b20691bdf852105d
:10e4100049baadf852108fb2bdf850105bba98b23d
:10e4200049babdf84a300990adf850108db2214676
:10e4300060f30f0406985bba9bb260f30f0163f3bd
:10e440001f4466f31f4113f0030312941391bfd1cd
:10e45000002abdd03c4607931f46cde90b4600235a
:10e4600003930d950497cdf820b000238df87430f8
:10e470009a4616ae0df17408d6e901473d1be843f4
:10e48000804a814940f24473c00f20f0d9fb002d2f
:10e490009ed0254615f8013b7560002b00f08b805f
:10e4a00003f0c002c02a5cd01c46b8f1000f56d061
:10e4b0000df1b40babeb08094b4521dda3eb0904cf
:10e4c000b9f1000f40f04981704a6f4940f6de0310
:10e4d000012020f0b5fb75686a4a6b497f1bf84341
:10e4e00040f24473c00f20f0abfbbc4294bf2d1927
:10e4f000ed19bc4275603ff66baf4c44a244bbe7dc
:10e5000000230193e043a7eb0509604a5e4940f60a
:10e51000cf03c00f20f094fb6fea0900594a5a4913
:10e5200040f24473c00f20f08bfb4c45224628bfbd
:10e530004a46002a40f0168115444c4575603ff666
:10e5400047afa044d84504d22e2308f8013b0af176
:10e55000010a019b002bd1d0a1461c46b4e7c1465d
:10e56000b2e77d1be8431f02464a474940f2447325
:10e57000c00f07f47c5720f063fb002d3ff428af59
:10e580006578404a40492eab023474601993029b6f
:10e590001b93012040f2447320f052fb059a3d4446
:10e5a0002eabaa4294bf9b185b19aa421a93fff4a0
:10e5b0000faf19ae60e7b8f1000f0dd01dab984555
:10e5c00007d018f8013c2e2b04bf08f1ff380af1e0
:10e5d000ff3a002388f80030baf1000f7ff7f8ae59
:10e5e000089b1da918681af027f818b1838c099a9e
:10e5f00093424dd0049b1bb11b8819063ff5e8ae32
:10e60000079b179c002b51d1029b1e4a1e491d1bc4
:10e61000e84340f24473c00f20f012fb042d94bf76
:10e6200064190434032d17947ff6d2ae039b069a27
:10e6300001339a4203937ff418afdde9073b0133be
:10e64000042bdde90b460d9d049f079300f0168116
:10e65000022b00f01181032b1dbf012306960793a7
:10e660000694069b002b7ff4f8ae079b0133042b26
:10e67000079300f00381022b00f0fe800323cde915
:10e680000643eee72cee020094320000e0ed0200bb
:10e6900003881a063ff59cae049b002b60d098427d
:10e6a0007ff496ae079b179c002badd0029b8d4a42
:10e6b0008d491e1b0025ae42b4bf0020012040f250
:10e6c0004473cde90f55adf8445020f0b9fa002e4f
:10e6d0003ff47eae0a2eb04628bf4ff00a0821460e
:10e6e00042460fa81ff0e4fe4444092e17947ff61b
:10e6f0006fae109abdf83e30bdf84410049f92faf8
:10e7000082fabdf83c20cdf840a058baadf83e00e2
:10e7100050baadf83c000298a0eb04084ebaa845e8
:10e72000adf84460b8bf0020b6b2a8bf012017b151
:10e73000b3f5807f1dd06b4a6b4940f2447320f0e3
:10e740007ffab04594bf4444a419b0451794bff470
:10e750006daf0df52f7dbde8f08f01944c46d1e6ed
:10e7600004904de7294640460a921ff0a1fe0a9afe
:10e77000e2e6b2f5807f48d0b2f5e05fdbd1b1f5db
:10e78000805fd8d1049a92f82a309b07d3d5089b92
:10e7900092f827205b8c9a42cdd20023cde9193321
:10e7a000cde91b334f4a504940f2447320f048faf8
:10e7b000b8f1000f3ff40cae4546102d28bf1025d0
:10e7c0002a46214619a81ff073fe2544b8f10f0f01
:10e7d00017957ff6fdad049e96f82730756919ac44
:10e7e00005eb03150fcc28606960aa60eb60b36984
:10e7f000534500d813b9049bc3f818a0049a92f8a3
:10e800002730013382f8273010e7b1f5806f92d1bd
:10e81000049b93f82620089b1b8c9a428bd2314a8a
:10e820003149199540f2447320f00afab8f1000f0b
:10e830003ff4cead4546042d28bf04252a46214687
:10e8400019a81ff035fe2544b8f1030f17957ff680
:10e85000bfad04981999026990f8263042f8231048
:10e860008269524500d812b9049ac2f818a0049ad5
:10e87000013382f82630d9e60695f2e63a46002fb3
:10e880003ff4a6adfb8c002b3ff4a2ad398897f87e
:10e89000263097f82700003b21f4807141f0800179
:10e8a00018bf0123398087f82a3018b143f00203da
:10e8b00087f82a30936913b94ff496639361bbf8d4
:10e8c0002600dbf81c300849013800b2c2e90233e7
:10e8d000abf82600c043054a40f24b13c00f20f0ae
:10e8e000aff975e52cee02009432000058e5020005
:020000040000fa
:10e8f0002de9f047924cd0f804900f46064690461a
:10e900000fccc2b00df1440cace80f000fccace85a
:10e910000f0094e80300012f8ce8030022ddd8f8f3
:10e9200004a011ac0025216850461ff050fe68b1cc
:10e930000135052d04f10804f5d1336881495b6880
:10e940005246484642b0bde8f047184742ab03eb99
:10e95000c50515f8c03c013b032beed8dfe803f0fa
:10e960000a1c2938336878491b68484642b0bde81c
:10e97000f0471847032f00f08280336873491b6803
:10e9800048469847336872491b6848469847336839
:10e9900070491b684846e9e7022f00f0978033680a
:10e9a0006d491b684846984733686c491b68484660
:10e9b000dce7022f2bd13368d8f800205b68684968
:10e9c0004846984733686749d8f800205b68b8e73d
:10e9d000042f00f09480336863491b6848469847c9
:10e9e000336862491b6848469847336860491b682a
:10e9f0004846984733685f491b68484698473368dc
:10ea00005d491b68484642b0bde8f0471847d8f852
:10ea1000080018f093fb0446002800f03581d8f870
:10ea2000040003786f2b39d143786e2b36d181786f
:10ea3000002933d1032f10d0d8f80c504f49284665
:10ea40001ff0c5fd002800f044814d4928461ff005
:10ea5000befdb0fa80f14909490020461cf0a0f83b
:10ea6000484d494b3168d8f800204c68002863d0e5
:10ea700046494846a44642b0bde8f0476047d8f84a
:10ea8000084004b3424920461ff0a1fd002840f091
:10ea9000ee8042b0bde8f04717f0e4bb3d491ff0ff
:10eaa00096fd80b9032f00f033813b49d8f80c0064
:10eab0001ff08dfdb0fa80f14909204615f026f9c6
:10eac000364d374bcee7336836494de741220df1dd
:10ead000c408cde91b820caa334b1d9207a803aad8
:10eae0001e921f931cf06cfa0446002868d033680d
:10eaf0002e491b684846984742b0bde8f0872c4c29
:10eb00002378002b40f0c380d8f808502b78412b95
:10eb100040f0c0806a78002a40f0bc800123d8f819
:10eb20000c50244a284613701ff0cefc402840f2b7
:10eb3000d2803368204917e7134620492a4698e7d0
:10eb4000b8c10200e0230000281f0000b821000027
:10eb5000dc21000014220000882200009c2200001a
:10eb6000501f0000881f0000e41f00000c20000060
:10eb70003c2000006c200000a42000009c1f00002e
:10eb8000a41f0000041f00000c1f0000c81f00008d
:10eb90004422000044260000ac1f0000141f0000a7
:10eba0001c1f0000b41f000005000100cc22000063
:10ebb00025b70020e7b800205c210000d01f00002e
:10ebc00007986f4d20f0c0fa002814bf07462f4663
:10ebd000089820f0b9fa3168002814bf03462b4684
:10ebe0003a464d6867494846a847bdf82c20336827
:10ebf0000192bdf82a2000925d68099abdf828307c
:10ec000061494846a246a84751461ba80ef0fcfaa7
:10ec100027460546f0b933685c495c68219b42464b
:10ec20004846a047249b0137002b40f08d80bdf85b
:10ec30007e30002b71d1336855495b68002248460d
:10ec400098470af1010a51461ba80ef0ddfa054665
:10ec50000028e0d00128f4d00435f2d0002f7ff452
:10ec60004baf33684b491b684846984744e72046fa
:10ec700018f0c4fc831d4dd001307ff43daf3368e4
:10ec800045495b6822465ce6336844496ce6336874
:10ec9000434969e6612b03d16b78002b3ff43eaf0b
:10eca000404928461ff093fc002861d03e49284681
:10ecb0001ff08dfc00285bd03c4928461ff087fce4
:10ecc00028b13b4928461ff082fc002852d1ff237f
:10ecd00025e70121c1e6421c294636481ff0e8fb22
:10ece000354a716811603168d8f808304d68314a8a
:10ecf00032493046a8473249324b09681e60082223
:10ed000022701e20c82242b0bde8f0471df064bc4e
:10ed10000146d2e633682c4926e6259b002b8ad093
:10ed2000002426ad1e982c2200eb0410294617f073
:10ed3000d7fa336825495b682a4648469847259b99
:10ed400001349c42eed376e72c4626ad1d982c224a
:10ed500000eb840029461bf013fa33681c495b68fa
:10ed60002a4648469847249b01349c42eed35ee7ee
:10ed70001c23d4e6336817495b682a46e1e500bfe7
:10ed800010100000e42200001023000050230000b7
:10ed90007c230000c023000048220000a41c0000c7
:10eda000e0200000142100001c21000024210000ac
:10edb0002821000044b1002098b5002088210000df
:10edc000a4b50020a8b5002070220000b4230000e4
:08edd000702300002c2100005b
:020000040000fa
:10edd8002de9f04f856891b065b1d0f804800446fc
:10ede800b8f1000f06d0d8f828301bb1c6680eb1ac
:10edf80007692fb94ff0000a504611b0bde8f08fef
:10ee08008646bee80f00dff804c3ace80f009ee8b2
:10ee180003008ce8030020f0dbf9b14b7a1e186080
:10ee2800334603e0511c03f108032dd0198801294a
:10ee380002f1ff32f6d15b680393039800211ff0bb
:10ee4800e3fea84a04909060002800f03b81039bf1
:10ee5800a44a1b781373049b80229b682946984711
:10ee6800a14b1860002844d004982a4641461df05a
:10ee7800f7fb60b920f0a6f968bb032420f0a2f9db
:10ee880080bb12f0d7feb5e700230393d5e7954b77
:10ee98001d809f80944b4ff00009d3f800b003e029
:10eea80009f101094d452bd05946404600220bf087
:10eeb800e5fe0bf1800b08f140080028f0d120f0a6
:10eec80081f9002840f0b58120f07cf9002840f055
:10eed800b7810424d2e720f06ff9049a834918f027
:10eee8002bfccae720f068f98149224618f024fc77
:10eef800c7e720f067f9002840f0ea800224bde760
:10ef0800794bd3f80090774b0021b3f802b08246d2
:10ef18004a468c46b046be46936d0cf1010c02f190
:10ef28008006002b00f0ab80ac4501d23246f3e7f7
:10ef38007746464611b16b4ba3f802b0c8464ff06e
:10ef4800000e00bfd8f818200ef1010e08f1800855
:10ef5800002a6dd1ae45f5d3624b66481988002268
:10ef6800cde90b22cde90d2202600f92b1b1cde9b6
:10ef78000556904693460797d9f85830a9f868b0cf
:10ef88004b4500f01581574b1b880bf1010b9b4536
:10ef980009f18009f0d3dde90556079f5648dff8e7
:10efa80070914ff41c7200211ff054fd534a544bca
:10efb80000211160039a07ca83e8070009f1900845
:10efc800484609f10c0920f0a9f8c145f8d120f00c
:10efd800bbf94c4b188020f0bbf9424b4ff00009ad
:10efe80083f81690404bd4f804b0d3f80080234639
:10eff8004446984609e000bf09f101094d4504f16e
:10f0080080040bf1400b40f28580a36da342f3d13d
:10f01800dbf820001df020fd00f0fd03012b1ed0c1
:10f02800039020f0cff8002840f01b81082425e742
:10f03800ae4591d24346714601e08d4282d9986926
:10f04800824201f1010103f18003f6d1039220f01d
:10f05800b9f8039a002840f0fa8006240ee7214bfd
:10f068001a46d8751c61b4f8683093821046314648
:10f078003a4605f0b9f80028bed10924fee6ac45a9
:10f0880056f83c7c46f8282cbff452af334660460d
:10f09800059403e0854203f1800310d05c6cbc4208
:10f0a80000f10100f6d19a6556f8241cd9650bf1d8
:10f0b800010b1ffa8bfb46f8243c5146eae7059cf6
:10f0c800324629e720f07ef8002867d10124d5e6ea
:10f0d80020f072f80c49ea0118f02efb0ee700bf89
:10f0e80000b60020fcb3002018b600201035000040
:10f0f8008036000014b60020889a0020f4b500205d
:10f10800a4b4002034b70020d0340000e4b30020b9
:10f118007cad00205a4bd8f804801c684ff00009d9
:10f12800a36da3420fd0d8f820001df095fc00f085
:10f13800fd03012b834622d020f044f8002840f03c
:10f1480097800a249ae609f101094d4504f18004e3
:10f1580008f14008e4d8049883699847b0f5006f2f
:10f168000446bff449ae20f02df801287ff644aede
:10f1780020f022f84349224618f0defa3ce6424adb
:10f18800d075b4f8683014619382104631463a4617
:10f1980005f02af80028d6d10b246fe620f00cf8e9
:10f1a800039b002b5bd01a78384918f0c5fa8de715
:10f1b80008f10103364a089399f87530a9f8768062
:10f1c80052f8238010aa02eb83029b0052f8147ca9
:10f1d8000993304a00974346072109f179001af04c
:10f1e800f7fad9f85c50002689f87f60c5b100bfee
:10f1f800294b0097a3fb0623db0803eb8303a6eb4d
:10f208004303019305f179004346244a07211af084
:10f21800dffa002385f87f30ed6d0136002de7d148
:10f22800099bddf8208040336b44013743f8147c98
:10f23800a9e61ff0c1ff1a494a4618f07dfa43e6cd
:10f248001ff0baff17492a4618f076fa41e60392ea
:10f258001ff0b2ff039a144918f06efafde6039afc
:10f26800a2e71ff0a9ff039a104918f065fadde636
:10f278001ff0a2ff0d495a4618f05efa61e700bf79
:10f2880018b6002054360000fcb30020a03400005b
:10f2980044e902000c360000cdcccccc143600007a
:10f2a8004435000088350000c835000020360000cd
:020000040000fa
:10f2b8002de9f04f2ded028b99b0cde90e130b68b7
:10f2c8000893d1e901a392ed007b0a930b69cd68fd
:10f2d8001490159351ec170b002200238ded027b3f
:10f2e8001cf040fe48b9089b580737d4089b13f018
:10f2f8000803099334d0202306e0dde9022101f157
:10f308000043cde902232d232b700a9b013b079371
:10f3180001230993dde9021323f00042a84b0026dc
:10f328009a4208bfb1421ed10f9b0998413b192b45
:10f3380094bfa449a44928441ff086ff28461ff01b
:10f34800bff8089b009302460a9b1498294617f0b9
:10f3580037f919b0bdec028bbde8f08f2b23d3e74a
:10f368000a9b0793d6e78e42934108d20f9b0998d0
:10f37800413b192b94bf954995492844dce7dde9c1
:10f388000201002200231df079f89fed8b7b0446d3
:10f398008ded047b002800f00a8134460f981ff099
:10f3a80033fdbaf1000fc3b20b93c0f2dd81672bb6
:10f3b80040f04081baf1000f08bf4ff0010a211d4b
:10f3c800c0f23b81544580f23881002c4ff0660b27
:10f3d8000fdabbf1660f0af1010a0ad1002c04da30
:10f3e8009fed757b8ded047b00240b9b672b00d074
:10f3f800a2449ded047bdde902678ded0c7b4ff0a7
:10f408000008dde90c233046394607f043f941eca2
:10f41800100b12f071f907f10043109611939ded4e
:10f428000c1b9ded102b8ded160b1ef0a7fb53ec5e
:10f43800102bdde90c01164603f100470022654b4d
:10f4480007f028f908f1010802460b46c245cde944
:10f458000c23d6d1604b00220cf076ff32463b4697
:10f46800804689461cf062fd002840f0e98032465b
:10f478003b46404649461df001f830b1dde916012a
:10f488001af0f5ffc20740f1db80dde902014246d0
:10f498004b4606f0bbfd4f4bcde902010022dde9ea
:10f4a80004010cf051ff02460b46cde90c23dde9bf
:10f4b80002231cf09df9002800f0c780bbf1660ffd
:10f4c80004f1010440f0c5800af1010aa0460027b2
:10f4d800099ea8eb0a0ab946d04540f0e380b9f185
:10f4e800000f00f02a81a8190022bbf1650f0270f5
:10f4f80028d1159b013b9442ea54bcbf64420122c7
:10f5080002274ff00a0e591e002c40f01d81002fd3
:10f5180000f31a81002a0cbf2b222d226a540f9a5d
:10f52800023b413a192a05eb030198bf4ff0450bfe
:10f538009e4281f800b001da1ff086fe079b1f4447
:10f548003b1f0793089b03f00303022b7ff4f6aedf
:10f55800079b002b7ff7f2ae28461ef0b1ff079bf2
:10f56800eb18099a824240f3fb800998079a3021e8
:10f5780028441ff06ffa00230a93dfe6cde90467f9
:10f58800013442464b46dde904010cf0ddfe064637
:10f598000f4602460b46dde902011cf0e3fc002899
:10f5a800ecd0dff8389000264ff0000836e0dff89e
:10f5b80024904ff00008e4e7000000000000f03f4e
:10f5c8000000f07febdb0200efdb0200f3db020060
:10f5d800f7db020000002440000014400000504304
:10f5e80014f5967f11da86b9dde9020142464b46e9
:10f5f8000cf0aafe4246cde902014b46dde90401c2
:10f608000cf0a2fecde904010126dde904015a4b04
:10f61800002207f03ff8cde90401013cdde90423ad
:10f62800dde902011cf09efc0028d9d1b6e64ff0b6
:10f63800060ac4e6ddf82cb0cbe64ff0650bd8e639
:10f648004ff000084ff000091fe79ded047b8ded9a
:10f658000c7bbbf1650f14bfa0464ff0000836e7de
:10f66800b9f1000f0bd1b8f1000f08da04992e2276
:10f678006a54079a013a013607924ff00109ea19cc
:10f68800a9193244302001e001f8010b9142fbd165
:10f698000799ba193033cf1bab547b1e561c0793fe
:10f6a800002728e00e9b04961b69053bb3427ff6b2
:10f6b80016afdde90c23dde9020106f0ebff41ecb2
:10f6c800100b12f019f851ec100bb0ee408af0ee66
:10f6d800608a1af0ccfe089a092802f01002034644
:10f6e800a8bf09230243bbd10b9a672ab8d1b8f146
:10f6f800000fb5da0137029b1293039bb0ee481a4c
:10f70800f0ee681a03f1004313939ded122b9ded63
:10f718000c0b1ef033fa53ec102b03f10043dde918
:10f728000c0103930022144b8ded020a06f0b2ff80
:10f7380008f1ff38cde90c01cee6089bdb0642bf95
:10f748002e23ab550136cee60b4694fbfefc0ceba4
:10f758008c01a4eb41013031e9546446013fd2e603
:10f768002a5c1a540138fce60b9b672b3ff45faf09
:0cf778009b464ff0060a2ce600002440df
:020000040000fa
:10f78400ae4b1b68002b40f04b812de9f04fac4d84
:10f794002c68b9b0002c5fd0aa4f0de05a1c11b2ee
:10f7a40023440329987496b2218265d0022900f378
:10f7b4001a81a468002c5bd0d4e90056eb6830466b
:10f7c40098470028f5d02b6930469847b4f9103093
:10f7d4008046002be2d11b2800f207811b285fd84a
:10f7e40001a353f820f000bfb7f70000a5f800000c
:10f7f400a5f80000a5f80000a5f80000a5f8000091
:10f80400a5f80000a5f800006df90000a5f80000b7
:10f814000df90000a5f80000a5f800000df900009e
:10f82400a5f80000a5f80000a5f80000a5f8000060
:10f83400a5f80000a5f80000a5f80000a5f8000050
:10f84400a5f80000a5f80000a5f80000a5f8000040
:10f85400a5f80000b9f900007b497c4811f8012f94
:10f8640017f04afd002800f09f812c68002c93d1ea
:10f87400012039b0bde8f08f4ff00003744d63757b
:10f8840004f112082968032240461df03ffc0028b9
:10f8940000f095800c35bd42f4d10023238288e723
:10f8a400e16904f12009a1eb09034f2b00f3ba80ad
:10f8b400a369b1eb030900f05681c9f101000844c2
:10f8c4004a46a1eb09011bf0d9fce2690021501c56
:10f8d400e0615170a2695f494b46013204f1720044
:10f8e4001ef0f5fb2146304601f8718f2b689847ce
:10f8f400a36983f80080d4e9063201339342a361fb
:10f904007ff657afe36154e7e3692a6804f12009fd
:10f914004b4500f04281504930469047e3694ff02f
:10f92400000883f8008020224146c4e9069906a80d
:10f934001ff092f863680293512249460ea81ff003
:10f944008bfc08220ea806a917f0f4f9021e0392f4
:10f9540040f08e80236802981b68404998472b68c2
:10f964003f493046984724e7a16904f120039942ae
:10f974007ff61fafe369994280f0f880a3eb01089a
:10f984004246481e1bf07afca269013aa261e26970
:10f994000021501ee06102f8011ca269314943466e
:10f9a40004f1710840461ef092fb2b684146304634
:10f9b4009847fee61b220123a2742382f9e6e56040
:10f9c400ab689e427ff4f5ae296804f112001ef084
:10f9d400fcfd00287ff461af6b68294620469847f8
:10f9e40000232382e5e6e568eae77f287ff458af41
:10f9f400d4e9060282427ff6dcae411cb2eb010878
:10fa040003d042461bf03afce269511ee161002139
:10fa140002f8011c4346a269134904f17108c1e7c5
:10fa2400012070472b681149304698472b680c49d0
:10fa3400c4e9069930469847bbe600bf60b600208b
:10fa4400e8b40020d8a7020064b60020e4e902006c
:10fa540090a70200403c000040320000983b0000a8
:10fa6400383c00003c3c0000503c00005c3c000082
:10fa740040f38d80d4e9332a524500f09280daf8bd
:10fa84000410c4f8d0100a605160512249460af1aa
:10fa940008001ff0e1fbd4f8cc20002a00f0998084
:10faa400d4f8d010caf80020caf80410c1f800a095
:10fab400c2f804a0c4f8cca0dff864b1ddf8188063
:10fac4000022c4f8d4200bf1240a00bfdbf8001094
:10fad40040461ef07afd002800f080800bf10c0bec
:10fae400d345f3d1cde90459dff838b1dbf804800c
:10faf400b8f1000f45d0dbf81050a5b1059951229b
:10fb040023a81ff0a9fbdbf81430009340465123cf
:10fb140023aa2146a847002872d123a8082206a9af
:10fb240017f008f90390039b082b61dcdbe900580c
:10fb34003db3ddf818a04ff0000905e009f1010913
:10fb4400a94508f10c081cd0d8f8001050461ef046
:10fb54003cfd0028f2d1d8f804300399049d06aa8c
:10fb640020469847fbe684f87290bbe62b6825494b
:10fb740030469847d4e90623013a013bc4e90623f9
:10fb840017e6214b0bf1180b9b45afd1049d23685d
:10fb940002981b681d499847e1e61d493046904785
:10fba40007e6c4e9338870e71a4e3378002b7ff4f4
:10fbb4005cae1ff009fb012804d91ff0fffa1649b7
:10fbc40017f0bcfd2c6801233370002c7ff4e4ade6
:10fbd4004ee6c4e933aacae900aa6de7039b082be1
:10fbe40007dcdbf80430039906aa20469847b6e6fa
:10fbf400049d236802985b68084908229847aee68a
:10fc0400049dace6483c0000a8ab0020d03b0000bb
:10fc1400683900003db70020743b0000003c000040
:08fc240030d40200e8aa002020
:020000040000fa
:04fc2c00704700bf5e
:020000040000fa
:10fc30002de9f04f95b0d2e900ab12930b68059314
:10fc40004b680a938b6807930b69cc680e900f93ef
:10fc500000220023504659461cf088f940b9059b04
:10fc600058072dd4059b13f008052bd0202303e063
:10fc70000bf100439b462d232370079b0125013b7d
:10fc8000b74a50462bf000410027914208bfb842c6
:10fc90001ad1129b413b192b94bfb249b24960194a
:10fca0001ff0d6fab0481ef00ffc059b00930246e9
:10fcb000079b0e98214616f087fc15b0bde8f08f23
:10fcc0002b23d9e7079bdbe757458a41129aa2f11c
:10fcd00041020b9208d2192a94bfa449a449601981
:10fce0001ff0b6faa248dee7302161550b996a1c75
:10fcf00019298cbf78215821023ba1540693002278
:10fd0000002359461cf0befb02350646002800f0d1
:10fd10007a819fed917b8ded027b3e460a9b002b05
:10fd2000b8bf1823dde90289cde908ab0c93013394
:10fd30001393002742464b46dde9080106f0aefc6e
:10fd400041ec100b11f0dcfc424651ec100b4b4621
:10fd50008ded100b0cf0fcfa02460b46dde90801b4
:10fd60001ff036fb834bcde908010022404649468f
:10fd70000cf0eefa0a9b002b8046894607f101073a
:10fd800006dadde90801002200231cf07bfb20b924
:10fd9000139b9f42ced10c9f0137774b00224046e8
:10fda00049460cf0d5fa8046894602460b46dde905
:10fdb00008011cf0dbf8002840f02a81dde9080189
:10fdc00042464b461cf05efb30b1dde910011af0f3
:10fdd00052fbc10740f11c8142464b4650465946f2
:10fde00006f018f9cde90801dde9081323f0004217
:10fdf0005b4b4ff000089a4208bf41453ff449afc2
:10fe00000f9b053bab42109340f24e817b42129315
:10fe10002f46ab46c246c146dde90223dde90801b3
:10fe200006f03cfc41ec100b11f06afc51ec100b9d
:10fe30008ded0c0b1af01ffb002840f0ee80b9f19d
:10fe4000000f00f0ea8008f10108dde90223dde996
:10fe50000c010cf07dfa02460b46dde908011ff0ab
:10fe6000b7fa444bcde908010022dde902010cf0ac
:10fe70006ffa129b09f1ff399945cde9020103d0d0
:10fe8000109b9f42bb46c7d3baf1000f1dd1b8f1fa
:10fe9000000f40f30a810a9b002b40f30681059b6b
:10fea000da0700f10281e3192e221a7008eb07022b
:10feb0002244302103f8011f9342fbd1069b4744a3
:10fec0006fea08084344013706930f9b0022e019ac
:10fed000013b96420270b8bf7642e2544ff00108ef
:10fee000b8bf01224ff00a0e591e002e40f0cb8001
:10fef000b8f1010f00f0c780002a0cbf2b222d2281
:10ff000062540b9a023b192a04eb03018cbf702246
:10ff100050229f420a7001da1ff09af9059b03f004
:10ff20000303022b15d1069b4344a3f10308b8f148
:10ff3000000f0edd20461ef0c7fa04eb0803a842ae
:10ff400080f2ae804246302160191ef087fd00230a
:10ff500007932046a7e600bf000000000000f03f26
:10ff60000000f07febdb0200efdb0200f3db0200be
:10ff7000f7db02000000b03f00002040cde902891d
:10ff80000136dde902231046194606f043f88046a3
:10ff9000894602460b46504659461bf0e7ff0028ab
:10ffa000ecd0dff828914ff00008dde9022350463d
:10ffb00059461bf0dbff00283ff4b0ae424b002255
:10ffc000dde902010cf0c4f9002200231cf05afa0a
:10ffd00078b1dde9020142464b460cf0b9f94246e0
:10ffe000cde902014b46504659460cf0b1f9824624
:10fff0008b46dde90201344b00220cf0a9f9013ee9
:020000040001f9
:10000000cde90201d1e79fed2e7b8ded027bb8e7b4
:100010004ff000084ff00009dee6baf1000f0bd1f7
:10002000b9f1000f08d02e2304f80b30069b013bda
:10003000013706934ff0010a04eb0803e2193b4431
:10004000302101e002f8011b9a42fbd1069b07eb2d
:10005000080ba3eb08080b9b0928d4bf303057309e
:10006000192b06d840f02003613b192b01d81ef054
:10007000d6fe08f1ff3304f80b000bf101070693dd
:100080004ff00008e1e60b4696fbfefc0ceb8c0102
:10009000a6eb41013031e154664608f1ff3823e711
:1000a000225c1a5401384ae72f46059bdb067ff590
:1000b0000caf2e23e355013707e700bfaff30080f5
:1000c000000000000000f03f0000e03f000050434f
:020000040000fa
:020000040001f9
:1000d0002de9f04f04460d46b5b00020d4f8049049
:1000e00090461ef0ddfd012d40f3bd80d8f8047070
:1000f0007949064638461ef06afa002800f0ca80a0
:10010000764938461ef063fa8246002800f02281c4
:10011000734938461ef05bfa002800f08881714967
:1001200038461ef054fa8246002800f0bf806e491f
:1001300038461ef04cfa002840f09580022d00f061
:1001400092806a49d8f808001ef041fa0546002856
:1001500040f089803046d4f804801ef001f923680d
:1001600063495b688146024640469847b9f1000ff3
:1001700054d1ade05f4a13f0010f0df1440a5e4b1c
:100180004ff0280108bf134650465c4a19f024fb83
:100190009df822305a4a13f0020fc0f12801594b42
:1001a000074608bf13465044574a19f015fb9df8ff
:1001b0002230564a384413f0040fc0f12801544b42
:1001c000504408bf1346534a19f006fb22685249af
:1001d00057689df8222053464046b8479df8223084
:1001e0005a0708d523689df823205b684b49404691
:1001f00098479df822302768db07d7f804a000f164
:100200003581099a46494046d04723680a9a5b6877
:100210004449404698470135a94559d007aa29467f
:10022000304613f02bf80028f5d123683e495b686f
:100230002a464046984714220ca907a81af020ff26
:1002400023683a495b680caa404698479df82230db
:10025000002b8fd10df1440a354b364a28215046e8
:1002600019f0bafab2e7236833491b684846984741
:10027000236832491b6848469847236830491b6801
:100280004846984723682f491b68484635b0bde863
:10029000f04f184730461ef057f823682a495b682c
:1002a0000246484635b0bde8f04f1847274f396839
:1002b000002900f0cb8030461df060f82368244907
:1002c0005b6805462a46484698470db1c7f800a026
:1002d00035b0bde8f08f00bf040d00001c0d00001c
:1002e0003c0f0000840f0000c00f0000c40f00008e
:1002f000cc0f0000e80c0000e00c0000d40300006c
:10030000f00c0000a43c000018100000fc0c0000e1
:10031000f40c0000201000002c1000004810000019
:100320007c10000098100000e00f0000f80f0000a3
:1003300010100000c04e0000b4100000cc100000ef
:10034000e81000000c1100000c0d000068b5002042
:10035000900f0000022d77d06049d8f808001ef0f9
:1003600036f9b0fa80f25209304611a9666819f0e0
:1003700079ff2368002862d05b6859490122304622
:100380009847179a23680192169a00925d6855491a
:10039000dde911233046a8472368159a00925d686d
:1003a0005149dde913233046a8471d9a236801927d
:1003b0001c9a00925d68199a1b9b4c493046a847cd
:1003c00023681e9a00925d684949dde91f32304674
:1003d000a8472368219a00925d684649dde92223f7
:1003e0003046a84711ad236843495b685246304602
:1003f0009847d5e915212368cde9002130465f688b
:100400003e49d5e91323b847d5e919212368cde939
:10041000002130465f683a49d5e91723b8472035af
:10042000baf1000f7ff454af4ff0010adbe7354d0e
:100430002a6882b1236834495b68484632e7334909
:100440001b683046984743e702468de723683049ea
:100450001b6848461ae72f4930461df083fa236887
:100460002d495b6802462a6048461be72b4adff8a5
:10047000b8b007ca0df1100c8ce807000df11c0a8a
:1004800000231a467f68264903934046b8479af8e6
:100490001020216834ab03eb82024f6852f8c02c65
:1004a00059464046b8479af81120216834ab03eb0f
:1004b00082024f6852f8c02c59464046b84722681d
:1004c0001849126840469047039b0af1020a002b24
:1004d0007ff49bae27680123d3e700bf240d000003
:1004e000400d0000580d00009c0d0000c80d0000dc
:1004f000140e0000500e0000900e0000a40e00002c
:10050000f40e000068b50020640f0000280d000004
:10051000ac0f0000f1c00100480f0000acc10200a8
:0c05200060100000403200007810000065
:020000040000fa
:020000040001f9
:10052c002de9f04f00f58056012396f8872186f8c7
:10053c0086318bb032b90020002386f886310bb09f
:10054c00bde8f08f96f8703103f0ff07002bf2d165
:10055c0096f8db30844696f8d9008b46c31a96f889
:10056c00d810dbb28b42e6d2d6f8d4300139014038
:10057c0041f27a0000fb013909f5805540f63c0147
:10058c00a5f8787096f8833103eb03139b0099421e
:10059c0028bf19468e46c3b1cde908bc0695c8469e
:1005ac0007920d4696f8d13096f8d21096f8d020d6
:1005bc00013b5b1adbb293421bd3069dddf820b0e6
:1005cc00a5f87870002f40f0bd8096f88431bbf10f
:1005dc00000f00f09b810027002b40f0b68096f8ae
:1005ec008321002a1f460cbf4ff040084ff08008b3
:1005fc00ade0013a0a404ff402500021d6f8cc404d
:10060c00a8f8011088f80310a8f8000096f88231b9
:10061c0002eb820204eb82045a1c86f8822198f8c1
:10062c0000209b0103f04003134388f80030b6f818
:10063c007a31002b40f0b78098f8013043f010036a
:10064c0088f80130e37c2bb198f8032042ea83133d
:10065c0088f80330079ab6f87a310592218aa1eb13
:10066c00030a1ffa8afabaf1400f28bf4ff0400a6a
:10067c00caf14002994292b244d003954ff0000b5c
:10068c0055460492ba4600bf96f880c1b6f87e1162
:10069c0004ebcc0ca5eb0b00bcf80c20dcf8083000
:1006ac00521a92b280b2824228bf02460bf1040069
:1006bc00194418fa80f017461df0f4fe96f88001e4
:1006cc00b6f87e11013004ebc00c3944bcf804c000
:1006dc0089b207eb0b028c45a6f87e111ffa82fb40
:1006ec000ad1c0b2002286f88001a6f87e21a17c36
:1006fc00814208bf86f880215d45c5d85746049acb
:10070c00aa46039d002a40f0f580b6f87a31228a79
:10071c0053449bb29a42a6f87a3146d040461cf01c
:10072c00ebff443798f8033000f00100bfb20343ed
:10073c00bd4288f8033008f144083ff633af069dfc
:10074c00a5f8787096f8843103b34fea8318002427
:10075c0016e00021802309f80730043020f8031c30
:10076c0000f8011c40221ef073f9b5f87870403483
:10077c004437a4b2bfb24445a5f8787080f0c2806b
:10078c0040f63b039f4209eb0700e2d996f8d930bb
:10079c005a1c86f8d92096f87021002a00f0bb80ec
:1007ac0086f8d930c7e6059158e798f802200af187
:1007bc00ff3303f03f03134343f0400388f8023048
:1007cc00d4f804b00023a6f87a31bbf1000f07d09f
:1007dc00d6f860012368228aa16800900998d8474e
:1007ec0096f8d230059a0133dbb286f8d230002a63
:1007fc0094d196f8d12096f8d010013ad21ad2b2f0
:10080c008a428bd20139d6f8cc200b4003eb830300
:10081c0002eb830bbbf81020b2f5806f3ff67eaf76
:10082c000af103039bb223f00301c1f140001ffa4c
:10083c0080fa89b2baf1000f3ff470af52457ff6df
:10084c006daf98f8012042ea930343f0100388f847
:10085c0001309bf813202ab198f8033043ea821335
:10086c0088f8033004313a468bb2cde903955746ec
:10087c0000241d46924600bf96f88001b6f87e1102
:10088c000bebc00082898068521a0144381b92b26b
:10089c0080b2824228bf02466019404491461df046
:1008ac0001fe96f88001b6f87e11b6f87ae10130b7
:1008bc000bebc00c4944bcf804c089b24c4409eba6
:1008cc000e028c45a4b2a6f87e11a6f87a210bd1a3
:1008dc00c0b2002286f88001a6f87e219bf8121087
:1008ec00814208bf86f88021a742c5d8dde903956f
:1008fc00574613e70af1040018fa80f000211ef0a5
:10090c00a7f802e7002f3ff416ae3fe7002b3ff4a9
:10091c0012ae5f4619e7d6f86031012286f87021d5
:10092c00009396f881013b4609f63c02494619f0c2
:10093c0063fb00287ff400ae96f8d93086f870017e
:08094c00013bdbb22ce700bf08
:020000040000fa
:020000040001f9
:100954002de9f047ecb000230446174603910493b5
:100964009846039b1b78002b72d00023cde90533f6
:1009740007930aab089303a98023204609931bf02d
:1009840079ff0546039b1a780ab1252a50d1049aa7
:100994002a4404921a78252a40f0d2815a1c002550
:1009a400039207955a782a2a04bf023303930398c3
:1009b40008bf012519f056ff0146079020461df097
:1009c400b1fd039b1a78303a092a57d903a81bf0c2
:1009d40093fa039b814618781ef018fa252800f034
:1009e400ef805b381d2800f2a8811d2800f2a58144
:1009f400dfe810f00701a301a301a301a301a301f0
:100a0400a700a301ba004700a700a700a700a301fd
:100a14005600a301a301a301a30197007800860057
:100a2400a301a301d400a3016800a301a3017f00d3
:100a3400e36be26c93420fd25a1ce2631e78039b71
:100a44001b78b3420ed0e36c13b1e36b013be36359
:100a540040466cb0bde8f087204618f011fd421cfa
:100a64000646ecd1049b01330493039b03a9013391
:100a7400204603931bf0fefe054483e701330393f2
:100a84009fe704ab05aa2aa920461ef001fd002811
:100a940015db039b013303934db10020804460e7d1
:100aa40004ab05aa2aa920461ef0f2fcefe73b4658
:100ab400012249462aa814f097ff0028eeda0130f3
:100ac400c6d140e104ab05aa2aa920461ef0e0fce9
:100ad4000028f4db039b01330393002dddd13b4657
:100ae4002a46e6e704ab05aa2aa920461ef0d0fc54
:100af400eee704ab05aa2aa920460ff03ffbe7e77f
:100b040004ab05aa2aa920460ff038fb0028d6db3f
:100b1400039b01330393002dbfd13b462a46f021aa
:100b2400c8e7039b01330393049bda17cde92a3208
:100b3400002db2d13b462a4649462aa814f054ff58
:100b4400abe704ab05aa2aa920461ef0a1fc0028a5
:100b5400b5db039b01330393002d9ed13a464946ee
:100b64002aa819f0a3fea8e7b9f1800f40f0e580a8
:100b7400079b0bb901230793039b013303935db9cf
:100b84003b681a1d3a601b680093002204ab05a958
:100b940020461ef07ffc90e70023f5e7b9f1800fb3
:100ba40040f0cb80039b013303933db93b681a1d8e
:100bb4003a601b680093012204abe8e70023f9e7dd
:100bc400b9f1800f40f0b980039be26c01330393c9
:100bd400e36b934208d25a1ce2631b78252b0cd199
:100be400049b0133049358e7204618f049fc252858
:100bf400f6d0e36c002b3ff450afe36b013be363af
:100c04004be7b9f1800f40f09880002d3ed13b684e
:100c14001a1d3a60d3f800a0039b5a1c03925a7819
:100c24005e2a0cbf012500250df1a80908bf023377
:100c340040f201122946484608bf03931df00cfff9
:100c4400002389f80030039b1a782d2a21d101331f
:100c5400039385f0010389f82e3085f00105039a8a
:100c640013785d2b1ed1baf1000f5ad1e36be26cfd
:100c740093425dd25a1ce2631e7809eb06035d7849
:100c8400002d3dd0049b01330493efe74ff0000a9d
:100c9400c2e75d2ae1d10133039385f0010389f8aa
:100ca4005e30dae7002bded02d2b06d0039b13f841
:100cb400012b03934a445570d1e7049b1b78002b06
:100cc400f4d05d2bf2d0531c0393029b1b78517814
:100cd4008b42ebda013309f80350f8e70af80560b0
:100ce400049b013304930135e36be26c93421ad203
:100cf4005a1ce2631e7809eb06035b78002bedd1e6
:100d0400e36c13b1e36b013be363039b0133039394
:100d14009db1baf1000f10d000230af8053001206c
:100d2400bce60025e0e7204618f0aafb0646e2e709
:100d3400204618f0a5fb06469fe7039b0133039367
:100d4400731c7ff4aaaeb8f1000f08bf4ff0ff3850
:040d54007ee600bf78
:020000040000fa
:020000040001f9
:100d58002de9f04f0b884468b0f924b091f8297058
:100d6800cd6923f0800387b08a4606460b80002ca5
:100d780000f0a88021460123524613f037fb0028d3
:100d880000f075819af82930bb4200f0bd80337eaf
:100d9800002d00f0c080012b00f0c28001245846cd
:100da80016f000fa002800f09e81002211465846ed
:100db80018f062fd58461af00bfc0546002800f0b2
:100dc8009281ccb1347e012c40f09e81daf81c303f
:100dd800002204332146584608f01ef9002800f086
:100de8008281daf81c209af829301032214602eb69
:100df8008302584619f00cfa352158461bf06efa52
:100e08001df082fb80b243baadf808300123adf87b
:100e18000a304ff480720023cde9032302abaaf80d
:100e2800240007cb28606960aa60daf82060019581
:100e380005f10c0705f10d09b04600bf16f8013b96
:100e4800a3f12c04e4b2002b40f01481a6eb0806b1
:100e5800013eff2e8cbf00200120b14ab149019dff
:100e680040f658031df0e8fe3e70f6b241463246a1
:100e780048461df019fb09eb060700243c809af848
:100e88002830bb704ff48073a7f8033005377f1bf9
:100e9800a742b4bf0020012040f2eb53a24aa14967
:100ea800bfb21df0c9fe22463946584618f0e4fc88
:100eb800584605f00dff874240f01581012007b024
:100ec800bde8f08fd0f80880cde90244cde90444ac
:100ed800b8f1000f00f0f98041461af02ffe58b320
:100ee80002a9a446234603e00133042b00f0ef8057
:100ef80051f8042b90451fd0002af5d1bcf1000f02
:100f080004bf1c468446efe7daf81c30ab427ff496
:100f18003eaf002443e7012b7ff440afdaf81c50c2
:100f2800043755f827300293002b3ff437af02a956
:100f3800284614f099fe31e7daf81c90b9f1000f51
:100f48001bd0494630461af0f9fdb0b14ff0000cfd
:100f580002a96446634602e00133042b0ad051f823
:100f6800042b4a4509d0002af6d1002c04bf9c4620
:100f78000446f1e7002c40f0c1801ef0d5f8044685
:100f8800e8b1014630461af0d9fdc0b14ff0000e65
:100f980002a9f446734602e00133042b0bd051f842
:100fa800042b94420bd0002af6d1bcf1000f04bfe9
:100fb8009e468446f0e7bcf1000f40f099801ef091
:100fc800b9f84ff00008814670b340461cf0dcfecb
:100fd800044648b3014630461af0b0fd20b34ff03e
:100fe800000e02a9f446734602e00133042b0fd029
:100ff80051f8042b944213d0002af6d1bcf1000f0b
:1010080008bf9e4603f1010308bf8446042befd1b5
:10101800bcf1000f08d006ab03eb8e0e4ef8104c57
:1010280008f10108c145d0d102ab06aa4ff000086b
:1010380053f8041b09b108f101089342f8d10024c0
:1010480002aa08f1ff3352f824101b1bb3fa83f3ea
:101058005b095246304621b113f0c8f900287ff4e5
:1010680091ae0134042cebd10023caf81c306ff088
:10107800060024e72d482a4a2a49a6eb0803122c21
:1010880003f1ff3520fa04f040f658033ff6d6aed8
:1010980010f0010f3ff4d2aeff2d8cbf00200120cd
:1010a8001df0cafdeab241463d70484600921df067
:1010b800fbf91f4b009ae340511cdb0709eb0207c1
:1010c80088442bd407f10109b8e6a94636e7daf8cf
:1010d8001c90bcf1000f3ff431af06ab03eb840466
:1010e80044f8108c2ae76ff0090007b0bde8f08fcc
:1010f80006ab03eb8e0e4ef8104c60e706ab03eb25
:101108008c0c4cf8109c38e70020074a054940f23f
:10111800be531df091fd6ff00a00d0e6019dace6cc
:10112800f0ed0200943200005ceb02000d000400b8
:0411380009000400a6
:020000040000fa
:020000040001f9
:10113c002de9f04f242985b0dde90e8a05460e46cf
:10114c00144601d8012903d1a14b16221a6048e09c
:10115c00eb6bea6c93424bd25a1cea63187820284a
:10116c00f6d0a0f10903042bf2d92b2801d02d289d
:10117c0046d1eb6bea6c2d284ff0ff3b18bf4ff0bc
:10118c00000b934238d25a1cea631878ea6cdff8e9
:10119c004892002e00f09f81102e40f0a081302844
:1011ac0040f09d81eb6b93422dd25a1cea63187868
:1011bc0040f02003782b35d1eb6bea6c934226d2ae
:1011cc005a1cea63187809eb00035b780f2b40f28a
:1011dc00e580eb6c002b00f07581eb6bdcb1023b16
:1011ec00eb63002427462046394605b0bde8f08f56
:1011fc00284618f041f9b2e7284618f03df9c5e742
:10120c004ff0000bc2e7284618f036f9d0e7284615
:10121c0018f032f9d7e7013beb63002128461df0ab
:10122c007df9dee7002e14bf10260826741e34400c
:10123c0040f0168117237343c3f342134b4493f8c6
:10124c00013100bf09eb00025278964203d9b4f188
:10125c00006fc0f0a5804ff0ff32c3f1200e22fad0
:10126c0003f102fa0efea3f1200c22fa0cfc41ea67
:10127c000e01da40002741ea0c01019209eb000c47
:10128c009cf801c0664555d9019aa14272eb070e34
:10129c0050d3a3f1200e04fa0efec3f120009f40a0
:1012ac0024fa00f047ea0e07ea6b0743e86c9c400f
:1012bc0082424cea040480f08380501ce86310786e
:1012cc00dce70a2eb2d1434f00240ce0ea6beb6c46
:1012dc0004eb840400eb44049a42a4f1300449d298
:1012ec00531ceb631078a0f13003092b01d8bc42de
:1012fc00ecd30027a0f13003092b21d84ff0993201
:10130c00a24202f10042ba4114d34ff00a0ca4fbe2
:10131c000c210cfb07110191991801994feae37c00
:10132c005ceb01014ff0000e28bf4ff0010ebef137
:10133c00000f23d009eb00035b78b342c0f09d8013
:10134c00eb6c13b1eb6b013beb63444577eb0a039e
:10135c00c0f0b08018f0010f40f0a280bbf1000f7c
:10136c0040f0b4801a4b222218f1ff341a604af173
:10137c00ff3738e7284618f07ff8b4e7d418019bfc
:10138c00ea6b4ceb0307eb6c9a4203d2531ceb63f6
:10139c001078afe7284618f06ff8abe7102645e752
:1013ac009c40e96b1443ea6c914203d24a1cea63f9
:1013bc00087847e72846019318f05ef8019b41e74f
:1013cc002846cde9023118f057f8dde9023155e72e
:1013dc0018b7002099999919a0da0100ea6c04fb5e
:1013ec000634eb6b934237d25a1cea63187809eb3c
:1013fc0000035b789e4202d9404a9442eed9002702
:10140c0009eb00035a78964294d9002357b1a6fbf6
:10141c00043ca6fb071311eb0c0143f10003003b4a
:10142c0018bf0123002b85d1a6fb041c06fb07cc9f
:10143c0012eb010e5cf1000e28bf0123002b7ff490
:10144c0079af8c18eb6cea6b4cf100079a4209d21d
:10145c00531ceb631078d3e7284618f00df8c6e759
:10146c000024c4e7284618f007f8c9e7eb6bea6cd0
:10147c00934211d25a1cea63187848444378b34219
:10148c00f4d31f4b222218f0010f1a604446574622
:10149c0018bf4ff0000b53e7284617f0edffece7b1
:1014ac00a0457aeb070305d2154b22221a6044465d
:1014bc00574698e6bbf1000f3ff495ae644267ebdc
:1014cc00470790e6002c7ff48caea6e6a0457aeb9d
:1014dc000703f3d2e8e730283ff464ae0a2609eba1
:1014ec0000035b78b342fff4ecae12b1eb6b013b43
:1014fc00eb63002128461df011f825e6c6711c0788
:04150c0018b70020ec
:020000040000fa
:020000040001f9
:101510002de9f04f00f5805b87b09bf8da209bf84f
:10152000db309bf8d810013ad21ad2b2914240f285
:10153000a18182464ff000092de0637823b9a3789a
:1015400013b9e378002b66d020461cf0dbf80028a6
:101550006bd18bf889014ff48073dbf86021abf815
:101560008b31abf87c910721504611f091fcabf820
:101570007c918bf88c919bf8db309bf8da209bf800
:10158000d8100133dbb2013ad21ad2b28a428bf8b8
:10159000db3080f06f81dbf8d4200139194041f253
:1015a0007a0303fb012707f58053b3f87880b8f17d
:1015b000000fe0d0bc4ba3fb08239b0903eb0313f4
:1015c000a8eb83039bb2002bd5d107f67c042278cd
:1015d000002ab2d0ff2a32d16378ff2b15d02046e3
:1015e0001cf090f808bb4ff48073dbf86021abf877
:1015f0008b31abf87c910621504611f049fc2378e1
:10160000c3f340138bf88931b1e7a378ff2be6d100
:10161000e378ff2be3d14ff48073dbf86021abf864
:101620008b31abf87c910121e6e74ff48073dbf856
:101630006021abf88b31abf87c910421dce72046cc
:101640001cf060f80028f0d112f04003cbd1c2f3b7
:10165000401196068bf889117ff57dafa278d109ec
:1016600040f089809bf88a311bb92378db0940f070
:10167000ca806378dd06a4f14006c3f300104fea88
:10168000921129d49b067fd412f0400300f0e2802f
:1016900001f001030493d31102f03f059bf88b2165
:1016a000039301359bf88c112b46002a7ad159b946
:1016b0004ff48073abf87c21abf88b31dbf8602101
:1016c0000321504611f0e4fb4434e31ba3f67c03f2
:1016d0004345fff47caf4ee703f00f039b0011f08e
:1016e00001010293049163d1d211c3f1400303922b
:1016f0009bf88b219bb24025002a40f0ae80029ad5
:10170000aa4280f0c680bbf87c21e078c00902992b
:1017100071180126abf88b61002a00f09180bbf8ac
:101720007861dbf860e100287fd0083b9bb2d1f8fc
:1017300004c098190e6805909cfa8cfc0af58b5031
:1017400036bac0e902c60598abf878010831cdf881
:1017500000e05046059314f0edff059b029a954278
:1017600003d9049a002a40f08880bbf87c211a44ef
:10177000abf87c21a8e7dbf86021009219461a46f5
:10178000504615f06bfcf2e611f00103049382d190
:10179000d3119bf88b21039340239bf88c111d469a
:1017a000002a84d000298fd1bbf87c210291aee7ba
:1017b000d31102f03f050393029b0135ab4275d371
:1017c000bbf87c214ab3bbf878312b449bb2abf811
:1017d0007831dbf86031009331462b46504614f0e7
:1017e000a9ff039b504603f0010117f0cffe029bb7
:1017f0009bf88c21abf87c91c3f140039bb2002a8b
:101800007ff462af81e70123dbf860118bf88a3146
:10181000504617f01ffba2782be79fed217b0af5be
:101820008b5181ed027b2b46d1e71e44cdf800e0c1
:101830005046abf87861059314f07cff059b8de76b
:101840009fed177b0af58b5cabf8782116468ced83
:10185000027b66e78bf88c3136e74ff48073dbf858
:101860006021abf88b31abf87c910221504611f02e
:101870000ffb29e707b0bde8f08f039b03f00101e0
:1018800000238bf88b31abf87c31504617f07efe8d
:101890001ae79bf88c21002a7ff416af33e700bfcc
:1018a0000000000000000000f1f0f0f0029b9bf847
:0818b0008b21eb1a9bb21fe72c
:020000040000fa
:020000040001f9
:1018b8002de9f04f1c4603f03003302b87b060d081
:1018c80000285edba24b1b6898425ad2a14b1b68ca
:1018d80053f82070002f54d0b2f5807f38bf4ff4f2
:1018e80080727b6816463a68a3eb0208d7e905239d
:1018f80008f1ff389b1ae0061ffa88f81ffa83f9e7
:1019080043d54d4646452cbfa6eb0808a8eb06086c
:101918001ffa88f8b8f11f0f40f2d280dff838a21a
:10192800daf8000006f1010b4368594698478046eb
:1019380038b34d4549d3a5eb09091ffa89f9b9f11f
:101948001f0f49d9daf80000691c43689847814697
:10195800002800f0778114f0080340f08b80cde96f
:10196800013314f0040440f0fe8004943de0daf8fa
:1019780000004946c3689847daf800004146c36842
:101988009847002007b0bde8f08fb1f5807f38bfd9
:101998004ff48071a2060d4600f1938018fa83f384
:1019a8008a199342aedd04f003010923a9eb020270
:1019b800cb404244d80792b200f10a8102290bbffa
:1019c8009219521996b295b29ce7a9eb05091ffa2c
:1019d80089f9b9f11f0fb5d814f0080948d1cde934
:1019e80001994c46cdf810904b46daf8000039685a
:1019f800c26803939047dde901321a444244039bcd
:101a0800ba6097f88520c7f8008043443b6112f01c
:101a1800300f08eb0b037b60c7f80c80c2f301138f
:101a280000f0cc80013b18bf012397f8872063f3af
:101a3800451287f88720b9f1000f0cd0049b1c448d
:101a48004c44daf800007969c3684d449847c7e9ff
:101a58000595c7e9074997f87030032b04d101228f
:101a680010213846fbf732fe012007b0bde8f08fa1
:101a78004ff00009d7e90221914244d93b687868c0
:101a88000393401ad31a019382b29bb212eb030c50
:101a980000f0a680b4453ff76aaf80b2029030b13b
:101aa8004046cde9042319f0a7fadde90423bdf87f
:101ab80004100191002936d0039908eb02002fe0a9
:101ac800b0464d4517d3a5eb09091ffa89f9b9f1b5
:101ad8001f0fc9d9dff880a0daf80000691c436835
:101ae80098478146002840f0a680daf80000494669
:101af800c368984745e7a9eb05091ffa89f9b9f1c1
:101b08001f0fe7d8b0e76bd2521a93b2002b00f040
:101b18008f809e42fff62baf00220193404602922f
:101b28001a4619f069fad7e903218b1a91429bb238
:101b380007d3b9f1000f7ff414af4c46cdf81090dd
:101b480053e7d7e90012521a13449bb2f1e700bfda
:101b580054b5002064b5002058b500200023cde915
:101b6800013346469846b96dfc694a1c0ad0b7f855
:101b7800640001440c44b969a14203d27869091a86
:101b8800c9430c44396aa14231d2621a1ffa82fb56
:101b9800bbf1000f28d05d45fff6e9ae00225c4698
:101ba800484604925a46039319f026fa039bb8f163
:101bb800000f3ff443af06f1010b16e7b7f86630a4
:101bc80003eb4303bbeb530f34bf012300232ce784
:101bd800013205eb520506eb5202adb296b291e620
:101be8000023cde90133a4e700240494dfe7fbd9ff
:101bf800b8690130401a82b278690492241a1ffa2f
:101c080084fb0390104612eb0b0218d0aa423ff750
:101c1800aeae024620b14846059319f0edf9059b92
:101c2800a4b2002cc3d0dde9031209eb0200b9e726
:101c3800cde901337de7610790d44c4601e71446ae
:081c48000492b4e7c14650e725
:020000040000fa
:020000040001f9
:101c50002de9f0470f2194b01e201bf06bfb83078a
:101c60000ad5994c2278531ed9b2062907d9a2f178
:101c70000803dbb2012b08d914b0bde8f087032bb1
:101c800076d8dfe803f0967e7822092a40f09b8020
:101c9000002211468d481bf0b5fd05461bf0fefbea
:101ca0008b4a8c4b12681b68821ab2fbf3f21d2a16
:101cb00040f29e80884b894a1b6889491b681068de
:101cc0005b68984700232370d6e7864f864b3a68b7
:101cd0001b689a424cd0dff840927e4e834d1bf039
:101ce000ddfbd9f80030c01a814b1a68336802fb5b
:101cf00003f3a5fb0323b0eb931f7e4b40f29980c7
:101d00003a681b689a4204d07b4b186808b118f0f7
:101d1000bffe7a4b7a4a1b6809937a4bdff81c8224
:101d20001b680a931388784e0c9601339bb213807c
:101d3000764aadf82c301388adf82e30b8f8003064
:101d4000734aadf8343000250e920f954bb100bfa9
:101d50001cf0defbb8f8003006f8010b01359d429f
:101d6000f6d3654909a80af0b5fc002880f2a080e6
:101d7000684e594d17e0684a002104231160237012
:101d80007ae76049654800221df0cafa01280ed0a2
:101d9000002846da504d5f4e2b68604a1b68604948
:101da0005b68306898473168286816f0b5fb227880
:101db0005de75a4801211df0affac0b20228e9d808
:101dc0000223237058e7574b404819781df0a4fab6
:101dd000c2b2022a03461dd93f4a40481168006832
:101de00009683a4a4d685049a8470023237043e7e1
:101df000012d3ff441af002d30da374b37491b68d6
:101e000008681b68314a5e6847492b46b047002383
:101e1000237031e7092323701bf040fb2c4b186023
:101e20002ae742493748112218f0aaf90323237000
:101e300022e71b683a689a42b9d01bf02ffb33683f
:101e4000d9f8002041f2883101fb03f3821aa5fb87
:101e50000353b2eb931f3ff657afa8e7344b1e4d29
:101e60001968dff8789000221e201af0b5fb2b6865
:101e700030491b68d9f800001b6800262670984777
:101e80000121124817f00eff022107460f4817f0f4
:101e900009ff57ea0003824652d12b680b4a1b68a0
:101ea00025495b68d9f8000014b0bde8f047184731
:101eb0001bf0f4fa3b682278c9f80000591ca2f123
:101ec00008033960dbb2d5e625b7002044b1002015
:101ed00094b500209cb50020a8b5002098b500203e
:101ee000581e000080b5002084b50020d34d62103c
:101ef00078b500207cb500208cb5002070b500209e
:101f000030b7002090b50020887a00202eb700203e
:101f100035d4010088b5002074b5002090b30020ae
:101f2000101e0000e7b800202c1e00002cb400207a
:101f3000a4b50020781e0000a41e00005ab700209f
:101f40003446b74220d8a2457ff696ae01232146fb
:101f500005aa1c481cf06cfe2c22002109a81cf0cc
:101f60007dfd2c2209a905a814f0baf92a681649a2
:101f70001268d9f80000d2f80480124a09abc047b1
:101f8000b74204f10104ded900233146049304aac8
:101f900001230c481cf044fe2b689df813001b68bd
:101fa00002909df8120001909df811000090d3f866
:101fb0000480044a05499df81030d9f80000c04754
:101fc0000136bee744b10020e41e0000c01e000040
:020000040000fa
:020000040001f9
:101fd0002de9f04f837d032b85b0054600f09080fe
:101fe000864f3b68002b40f085800c4679b18b888a
:101ff0006bb14b695bb10b69013b012b07d8cb88f7
:102000000bb10b891bb16389002b40f09a80002033
:1020100005b0bde8f08f5f462c462388784a002b38
:1020200008bf4ff4967393606388d360d4f806308a
:102030005361237b1376637b82f869321546a37b59
:1020400082f8683202f11c001df06cf805f12800de
:102050001df068f8b5f81480b8f1000f00f0638146
:10206000ee8a002506e00386013566481cf024f957
:10207000454508d031460022382011f0bdff03232a
:1020800001460028efd15e4b9b8aab4240f048816d
:102090005b4bb4f80a805868dd66182283684146b5
:1020a00098470546002800f04081b8f1000f00f085
:1020b0003e81dff85c9100262946484601361cf037
:1020c000fbf8b04505f11805f6d16389b34240f03d
:1020d00027814b4c4c49e66740f24d12262018f000
:1020e000a3fd2061002800f01b810122e276474a0f
:1020f0003b68146001333b60012005b0bde8f08f00
:10210000424b1e68002ef7d0717e848a0029f3d0de
:1021100006f26923194401e08b42edd0184613f80a
:10212000012fa242f8d12b6993f87420801b6ff421
:102130001a74204442f0080283f8742083f878006f
:10214000dae71cf0fbff0026804658b130461bf052
:102150001ffe90f87430013623f00803b04580f874
:102160007430f3d1294b264800264ff41b723146b8
:102170001e601cf073fcd4e9043aadf80c6098467c
:10218000002b47d0b146b0462ee05af8290000286f
:102190003ff43daf14f0d2ff06463046002e3ff428
:1021a00036af1cf05dfd002809f10109fff62fafe5
:1021b00008f110026a44124b12f8041c43444ff019
:1021c000010c71b983f86a0296f8743086f8788049
:1021d00043f00803e04402f804cc86f874305ffa58
:1021e00088f82369994515d294f90e30002bccdb81
:1021f0001af809001bf0ccfd0646cee744b60020d5
:10220000f89c0020149d0020d191010040b60020d0
:10221000209d0020474b83f81980a8685860a38848
:1022200003eb4303d900283143689847064600284a
:102230003ff4edaea388c3603f4b43613f4b8361e6
:102240003f4bc3613f4b036200f12803036000254d
:102250001823c0e90153012303611bf035f8354b06
:102260001e60a369002b3ff4d8aee16900293ff45a
:10227000d4aeaa4630462546bb460c46214616f04b
:102280000bfa814600284bd0038823f4e06343f423
:10229000807303800023c0f81330a279a768c2b10d
:1022a000cdf800a001959a463d4628781bf070fdb8
:1022b000002835d090f87410090731d5697899b99c
:1022c000a1790af1010a8a4505f10805edd3dde996
:1022d00000a5ab690af1010a9a4504f10c04bff4a8
:1022e0009aae144b1868c9e790f878106e684ff0f2
:1022f000130808eb410800270ae090f87420120741
:102300000ed5717816f8022b99546b789f42d7d26c
:1023100030781bf03dfd013709eb08030028ecd1b4
:1023200015f0d8f973e64546b2e60646cde64646d0
:10233000cbe600bff89c00201dde0200c56c020049
:0823400085f1020079f10200b1
:020000040000fa
:020000040001f9
:102348002de9f04f07468db0cde90723d7f8ac202b
:102358000491136a9df85800029013f001031cbf02
:10236800012313620593049b0692002b00f01b8146
:102378000299d7f89430d7f8a00001eb011203ebcb
:1023880082034fea820b01eb8102d3f804a030f8f4
:1023980022609c8f920009920022009203921546b7
:1023a8009046d14618e00868032840f2b980b8f191
:1023b800000f23d1486804f1010c40041ffa8cfc7b
:1023c80000f1b4806a1c2b46644695b2a64298bfb9
:1023d80000249e42c0f0b980ae4240f2b68000bff1
:1023e80009ebc40122460868c0074feac403dad4df
:1023f8000134a4b26a1c2b4695b2e7e74a68500438
:1024080000f1b0804a6800990131013489b21204a0
:102418000091a4b2eed5d7f89400009d039a5844d1
:10242800a64298bf00248487d0e900ab5b44089992
:102438005c68d7f8a0005af822200c6007995e68fb
:102448000d60099930f801c044180499b4f80e8059
:102458000a6097f8b90088b15b6803f44003b3f5e4
:10246800000f00f01c81b3f5400f00f01381b3f5a5
:10247800800f03d1136a43f480731362009b002b0f
:1024880067d0d2f81090039dcdf804c05c1ec6f347
:102498000d06a4b24b46cdf81c9028e007f164095c
:1024a8000521484698470bebc501bb6b086800f04f
:1024b8000300086013b1484606219847049b1a6830
:1024c8006eb1019b0135adb2ab428ebf0aeb8503fd
:1024d800534600251b681969136919601161013c8d
:1024e800a4b24ff6ff739c4200f0ba801369a3f8b8
:1024f8000e80464534bfb2b242469a81bb6b4ff05c
:1025080000024af825202cbfa6eb08060026002b5f
:10251800c4d10bebc502136803f003031360cde7c6
:1025280002990123384606f0c5fb61e749680d04a6
:1025380000f1a280664503942cd902250123ae42fe
:102548006446009398463ff64bafd7f894305b4407
:102558009c870120059b13b1069a012313620db0d5
:10256800bde8f08f039b009a03eb020808f1ff38df
:1025780098fbf6f306fb1388b8f1ff3f17d1009bd1
:10258800dde90212384606f095fb6b1e9bb23cb99a
:10259800a0461ee7012344460093022598461be700
:1025a8004ff0000812e701200db0bde8f08f531e70
:1025b8001ffa88f81ffa83fa002ae0d0cde90a4901
:1025c80001964446a94609e00af1ff3a9cb21ffa6f
:1025d8008afa4ff6ff739a4534d000bfd7f8943083
:1025e80053f80b3053f82400d0e902319847d7f854
:1025f8009430ba6b5b4400251e6807f1640846f8fe
:102608002450052140461ab39047d7f89420bb6b55
:102618005a440621526802ebc4024046156805f088
:102628000305156003b19847019b013b002ccbd0f3
:102638000af1ff3a4ff6ff731ffa8afa013c9a45ee
:10264800a4b2cbd14d460a9c019eddf82c9096e7aa
:102658005b6803ebc4031a6802f003021a60e3e73d
:10266800ddf81c90c2f81090009bdde90212384694
:1026780006f020fb00206de7d7f894000394584437
:102688000121664598bf4ff0000ca0f83cc00091ae
:102698000d46c9e6136a43f4a0631362eee6136ab3
:0826a80043f440731362e9e6fc
:020000040000fa
:020000040001f9
:1026b0002de9f04f80460c460068d8f80410d8f891
:1026c0000820d8f80c30cdb004ad0fc5d8f81000f4
:1026d000d8f81410d8f81820d8f81c300fc504f119
:1026e00040072e4620686168a268e36835460fc53a
:1026f0001034bc422e46f5d1dde91a340df1300e0e
:102700000c983cae71461f46d1f824c0054651f8de
:10271000040f4feaf74282ea77424feab04382ea77
:10272000972283eaf013624483ead0031a442746cf
:10273000b14205eb0204cc63e6d1dde90906089d50
:10274000ad4fddf82cc0cdf80c80dde90432dde9b9
:102750000614cde9015007f5807b3868def800509b
:1027600000eb0509019d02984feaf52888eab518a3
:1027700088ea7568c84486ea000909ea05097868a4
:10278000def8045089ea0609c84400eb050adde9d1
:102790000150e04404eb080c4feab30484ea7334bc
:1027a000b24485ea000684eab35406ea0c064640c1
:1027b000444443ea020803ea020908ea0108b24471
:1027c0004feafc2648ea090886eabc16444486ea31
:1027d0007c66b2444fea743686eab40686eab4569a
:1027e00001eb0a0806eb0a09b968def8086044ea5a
:1027f000030a31440aea020a014404ea03004aeaed
:10280000000a85ea0c0000ea0800684001444fea2b
:10281000f82080eab81009eb0a0680ea78600144e3
:102820004fea763080eab60080eab65002eb010942
:102830000844fa68def80c1044ea060a0aea030ab9
:102840000a4404ea06014aea010a8cea080101ea9c
:10285000090181ea0c012a4450440a444feaf92153
:1028600081eab9114fea703581ea796185eab005ec
:102870000a4485eab05503eb020a15443b69def8c9
:10288000102046ea00012140134406ea00021143e9
:1028900088ea090202ea0a0282ea0802634413444f
:1028a0004feafa2282eaba1282ea7a620d441344ab
:1028b00004eb030c4fea753484eab50484eab5549a
:1028c000def814201c447b6940ea050131401344c2
:1028d00000ea0502114389ea0a0202ea0c0282eace
:1028e000090243440c4413444feafc2282eabc121e
:1028f0004fea743182ea7c6281eab401134481eace
:10290000b4511e44def818201944bb6945ea040896
:1029100008ea0008134405ea040248ea02088aeac1
:102920000c0232404b4482ea0a0213444feaf62278
:1029300082eab612414482ea766213444fea713267
:1029400082eab10282eab152184402eb0308fa6942
:10295000def81c3002901a4444ea010902eb0a0333
:1029600009ea050904ea010249ea020908eb090239
:102970008cea060808ea000888ea0c0898444fea3e
:10298000f02383eab01383ea7063984405eb0803ed
:1029900001934fea723383eab20383eab2534344aa
:1029a00041ea0208203708ea040801ea020948ea75
:1029b00009085f450ef1200e43447ff4ceaeddf8ea
:1029c0000c80019d06910493cdf82cc0a8f104035e
:1029d00007940a9609900592089503a908f11c0826
:1029e00053f8042f51f8040f434502441a60f7d1fd
:0c29f00000204db0bde8f08fd0e00100e9
:020000040000fa
:020000040001f9
:1029fc00002829dbba4b1b68984225dab94b30b555
:102a0c001b6853f8204083b0002c00f05e81080452
:102a1c0021f440431ad4c1f380314900102b00f249
:102a2c005481dfe813f0fc000f01e9003500490088
:102a3c0073006d0070006300c8007f00c1007c0053
:102a4c00df00cb00d500290000207047102b00f2ce
:102a5c003c81dfe813f00a011a012a011d00310044
:102a6c005b00550058004b00b0006700a9006400e3
:102a7c00c700b300bd00110094f83f30b2fa82f2e7
:102a8c00520962f3c71384f83f30012003b030bd04
:102a9c0094f83c3062f3010384f83c3013f00303e8
:102aac0000f0158194f83d304ff0ff3243f00103f4
:102abc00626184f83d30e8e794f83d30990700f105
:102acc000481151e18bf0125c3f38003ab42dcd073
:102adc0094f85c30012b00f0198194f83d30002201
:102aec0065f38203e26084f83d30cee794f83e3023
:102afc00003a18bf012262f3000384f83e30c4e7a9
:102b0c00a4f85420c1e7a4f85820bee794f85c3030
:102b1c00012b00f0e9800023e3602282b5e784f802
:102b2c005f20b2e7002a00f0d08013785278d807e3
:102b3c000bd594f83c1002f0010060f3c30160f374
:102b4c00041160f3820184f83c10990706d594f8bf
:102b5c003e10500860f3041184f83e105d0706d552
:102b6c0094f83e10900860f3451184f83e10180755
:102b7c0006d594f83e10d00860f3861184f83e1008
:102b8c00d90606d594f83e10100960f3820184f83a
:102b9c003e109b067ff579af94f83e30520962f3f4
:102bac00c30384f83e3070e794f83f3062f30503ba
:102bbc0084f83f3069e784f85e2066e794f83e308d
:102bcc00003a18bf012262f3041384f83e305ce72c
:102bdc0094f83e30003a18bf012262f3451384f892
:102bec003e3052e794f83f30003a18bf012262f3ae
:102bfc00861384f83f3048e794f83c30b2fa82f2fe
:102c0c00520962f3041384f83c3000293ff43dafc1
:102c1c0094f85d3023f0040384f85d3035e794f8c4
:102c2c003c30b2fa82f2520962f3820384f83c30ef
:102c3c0000293ff42aaf94f85d3023f0010384f8a7
:102c4c005d3022e794f83c30b2fa82f2520962f31a
:102c5c00c30384f83c3000293ff417af94f85d307f
:102c6c0023f0020384f85d300fe794f83c1094f8dd
:102c7c005d30b2fa82f2520962f3820143f0010331
:102c8c0084f83c1084f85d30ffe694f83c1094f81e
:102c9c005d30b2fa82f2520962f3c30143f00203cf
:102cac0084f83c1084f85d30efe694f83c1094f80e
:102cbc005d30b2fa82f2520962f3041143f004035c
:102ccc0084f83c1084f85d30dfe60020dee694f8f2
:102cdc003d20636163f3000284f83d20d5e600bf1c
:102cec002cb6002030b60020e06800283ff413af6b
:102cfc00036a1d073ff50faf019218f0a9ffb4f856
:102d0c005630019a013ba4f8563004e7e0680028dd
:102d1c003ff4e3ae036a1b073ff5dfae18f098fff4
:0c2d2c00b4f85630013ba4f85630d6e64f
:020000040000fa
:020000040001f9
:102d38002de9f047aeb00746164605914ff000085a
:102d4800059d2b78002b00f0e08000244ff0ff3326
:102d5800cde909430eab0c9380230b940d932b5da7
:102d68000bb1252b30d134b12946224638462544ab
:102d780018f020fd0595059b1a78252a40f0bc809f
:102d880003f10109cdf814904a46002113782b2b42
:102d9800104602f1010223d02ed8202b24d0232b59
:102da80026d001b105902a2b2ed017f059fd059a8f
:102db8000b900020114601320b78303b092b79d952
:102dc800002830d005912ee00134c8e7099b43f074
:102dd800010309930121d9e7099b43f00203f8e7ae
:102de800099b43f00403f4e7099b43f00803f0e769
:102df800099b43f01003ece72d2be7d0302bebd0e9
:102e08000029d2d00590d0e733681a1d1b683260bc
:102e18000130002b05900b9305da099a5b4282f08a
:102e2800010209920b93099bda0744bf23f00203be
:102e38000993059b1a782e2a0fd14ff0000acdf876
:102e480028a05a785d1c2a2a059535d102330593a6
:102e580033681a1d1b6832600a9305a819f04af8ee
:102e6800059d039028781bf0cfff2528039900f0d3
:102e7800da806138172800f2e080172800f2dd8038
:102e8800dfe810f02b00db00b6004700a700a70022
:102e9800a700db004700db00db00db00db009e0057
:102ea80065008300db00db00c700db005600db00a9
:102eb800db00740001207de7284617f0d1fc53465b
:102ec8000a90294601350a78303a092a03d9002b95
:102ed800c3d00591c1e70123f3e7324606a819f0ec
:102ee80031ff002872d06b1c059306aa2b7809a91c
:102ef8003846fcf799fe04444444a04540f3a780b3
:102f0800544b4f221a604ff0ff3840462eb0bde8b0
:102f1800f0873346012206a80ef08cfb002855d016
:102f2800013506aa09a93846059510f0ebfae2e73b
:102f38003346002206a80ef07dfb002846d0013556
:102f480006aa09a93846059516f0f0fad3e73346dc
:102f5800002206a80ef06efb002837d0013506aa1d
:102f680009a93846059513f0cbffc4e7334600227c
:102f780006a80ef05ffb48b36b1c05932b7806aad6
:102f880009a9384609f0c6fcb5e733460022f02106
:102f980006a80ef04ffbc8b1dde906320135134330
:102fa80005950bd12c481bf08bfa099b00932a49f5
:102fb8000b9b0246384613f003fb9ce77823dee7b9
:102fc800334608eb040206a814f004fa0135059507
:102fd80092e7324606a819f0b5fe0028f6d06b1c19
:102fe800059306aa2b7809a93846fcf761f982e708
:102ff8008029ebd1336801351a1d1b6832608df8c2
:1030080018300595012306aa09a9384616f062fa70
:1030180071e78029dad13268131d336001351268ef
:1030280005950023f0e78029d0d1099b009301354d
:103038000b9b059509490122bce700234ff0ff329d
:10304800cdf8149009930b930a920093f2e7a046e7
:1030580076e600bf18b70020e3db0200e9db0200d8
:020000040000fa
:020000040001f9
:103068002de9f04f00f5805587b095f888411cb1df
:10307800204607b0bde8f08f95f8859106460f46c3
:10308800b9f1000f40f0a78095f85b2195f85c1125
:103098000123013a85f88531521a95f85831d2b290
:1030a800934235d9ba465c1e0c40d5f85431c4eb6e
:1030b800041403eb84044ff0ff3094f83a70218f26
:1030c80004900097042304aa04f1100012f038fabf
:1030d80020b194f82830032b00f0918095f85c110a
:1030e80095f85d2195f85e310131c9b2013201339d
:1030f80085f85c1185f85d2185f85e3195f85b21ce
:1031080095f85831013a521ad2b29342cbd8574661
:1031180095f85e2195f85f41013a121bd2b29a42a6
:1031280046d2ba460df1140811e0cdf800c0d5f822
:1031380060310193059bd84795f85f4195f85e216a
:1031480095f85831013a121bd2b293422fd9013b5c
:10315800d5f854212340c3eb031302eb83074ff048
:10316800ff3097f83a30398f059000934246042390
:1031780007f1100012f0e4f90134d7f820b07a6ba7
:10318800d7f824c0011ee4b2034618bf0121304617
:1031980085f85f41bbf1000fc7d1002bced1d5f820
:1031a800602101210ff070fe95f85f41c6e7574690
:1031b80095f8702142b995f85c2195f85d11013aae
:1031c800521ad2b29a427ed395f87031002b5ed053
:1031d800002385f8853195f8873123b93c46204688
:1031e80007b0bde8f08f3046fef78ef995f88631c6
:1031f800002b5fd03c463046fef786f938e7216b56
:10320800049a22ea0102e16a01230a434ff0040efc
:10321800002105924ff0100c0df11408184612ba4f
:1032280021606160a160e16084f828e07fb1626b91
:10323800cdf808c0cde9008412f0c4f9092120872f
:10324800c8b9d5f8602130460ff01efe46e7e38e78
:103258006260a28ee77003f00f0343f0200352bab6
:103268002370a4f8012020461af048fa0c2300f035
:103278000100e070238795f85c110131c9b285f827
:103288005c113be795f87031002b61d1814695f8c8
:10329800593195f85a1195f85821013b5b1adbb260
:1032a800934232d3002385f88531b9f1000f92d0cb
:1032b8003c4694e787f001013046fdf733f90446b0
:1032c800002897d097e7013b0b40013185f85d1145
:1032d800d5f85411d5f86021c3eb031301eb830132
:1032e800022385f870310b8f009295f8810101f166
:1032f800100216f083fe0028c4d195f85d3185f8d8
:103308007001013b85f85d315ee7013a0a40013101
:1033180085f85a11d5f85411c2eb021201eb82015b
:103328000223d5f8602185f870310b8f009295f84b
:10333800810101f1100216f061fe48b995f85a3181
:1033480085f87001013b85f85a3185f8850142e717
:0c335800002385f885313c4641e700bfaa
:020000040000fa
:020000040001f9
:10336400f8b5d0f8d03004465e681af095f8d4f871
:103374009c30834200f2d58094f8db5007460db3ad
:10338400012384f8dc30a36a73b9c4f8a83084f844
:10339400d830d4f8a030c4f8a430236bc4f89470a7
:1033a400c4f8b470c4f8ac30d4f89030227c3b44f8
:1033b400012ac4f89c3000f08680022a17d000232a
:1033c4001b60ffdea36823b1d4f894201344834226
:1033d400d6d360680028d6d01af00cfe02460b46fd
:1033e400d4e9080118f0a4fd0028ccd0c8e7b4f94a
:1033f4003a0017f0a3fd002840f08f80b4f93a009a
:1034040018f066fb48b1d4f8d03089491b683046bf
:103414001b689847012384f8db30b4f93a0016f0ae
:103424005bf9b4f8de30834201d3002d79d0237cdc
:1034340094f8dc10012b40f08c807e4aa2f10c073a
:10344400608a00231360d360030203f47f0343ea1a
:10345400006393604ff080735360a3691bba1361d8
:10346400636833b9a368744880fb03c0db17a3eb1c
:10347400a0031bba5361a36a11b194f8d820d31adc
:103484001bba3b601af008f86c4b1968b0fbf1f0fa
:10349400d4e9252300ba9b1a78604ff47a72b3fbff
:1034a400f1f001fb103302fb03f3b3fbf1f302fb76
:1034b40003f31bbabb60237c012b00f08c80022b2e
:1034c4006ed00120f8bdb4f93c0017f017fe0028b7
:1034d40040f098805a4bd3f800c0bcf1000f3fd0a5
:1034e400584b07460ee0217d082927d020291ad001
:1034f40021b9197d202919d0102917d0e8330130ba
:1035040060452dd09c42fad093f8e120022aead9f2
:10351400032a08bf83f8e170f0e7b4f93a0015f024
:10352400cbfd0020f8bd197d1029e7d193f8e010f8
:103534000029e3d0013283f8e120f2e7197d202944
:10354400f4d011f0ef0fd9d193f8e0100029d5d0c1
:10355400f0e7022b7ff433af3b4a02f118076fe721
:10356400a189b4f93c0013f057fea389984240d2d4
:1035740094f8e030d4f8c020013384f8e030002a15
:1035840045d019f089ffd4f8c0309842c9dbd4f88b
:10359400d030e2681b682d495b683046984718e0d4
:1035a400b4f8de302849b4f93a00343ba4f8bc300e
:1035b400342205f05bfc342883d0002d81d1d4f86b
:1035c400d03023491b6830461b689847236b01336e
:1035d40023630220f8bde3681b49b4f93c00343b83
:1035e400a4f8bc30342213f04ffe34283ff469af02
:1035f400e5e794f8e0300022013bc4f8c02084f8e9
:10360400e03014e7b4f93c0018f05efb89e719f0e8
:1036140043ff0a4b0f4a1b68642101fb03f303f2c7
:10362400e733a2fb032300eb9313c4f8c03078e71d
:10363400682a000014b2002067666666b4b50020ec
:10364400bcb5002038a9002008b200209c2a000044
:08365400cc2a0000d34d6210e6
:020000040000fa
:020000040001f9
:10365c00f0b502298db0044640f382805668944937
:10366c00304615461af0adff024600286ed091493f
:10367c0030461af0a6ff0246002800f0ce808e4994
:10368c0030461af09eff002872d08c4930461af052
:10369c0098ff00286cd08a4930461af092ff002817
:1036ac0000f0a580874930461af08bff002800f007
:1036bc009e80854930461af084ff002800f0dc809b
:1036cc00824930461af07dff002800f0e4808049e2
:1036dc0030461af076ff002800f0df807d49304636
:1036ec001af06fff002800f0da807b4930461af0a0
:1036fc0068ff002800f0d580784930461af061ff49
:10370c00002800f0d080764930461af05aff002885
:10371c0000f0cb80734930461af053ff002840f07c
:10372c00ad80714ea868002306a906930bf064fccb
:10373c00002800f0a9802268069b576860686b49d6
:10374c003360d5e90123b8470db0f0bda868114628
:10375c001bf09cf9012803463dd92368644901e01c
:10376c00036864495b6860680db0bde8f0401847b9
:10377c000babf67803930aab029309ab019308ab3e
:10378c0000935d49a86807ab06aa1af082fc0628cc
:10379c004dd106ab04a90ca853f8042bff2a46d82c
:1037ac00834201f8012bf7d1a6f13106b6fa86f661
:1037bc00524b0498bdf814205149760906eb460685
:1037cc0003eb460398629a852268ab68566860687a
:1037dc006a68b44607e0d4e90010484a4c68494985
:1037ec00d363a4461a460db0bde8f04060470022f2
:1037fc001146a8681bf04af96e68314905463046f7
:10380c001af0dffe236820bbfe2d60685a6830d9a1
:10381c003d490db0bde8f0401047a86811461bf0bb
:10382c0035f9012803460bd9236838499ae72368f0
:10383c00aa685b68364960680db0bde8f04018476f
:10384c00d4e900102d4a4c68136432491a46a44638
:10385c00c9e76a1efe2a60685c6802d92e492346b5
:10386c0082e7264a95635c682c492b463246a4466f
:10387c00b9e7224a5563f6e7294e53e723682949ed
:10388c005b6860683246d7e72368aa685b6826499c
:10389c006068984758e7254e44e7254e42e7254e89
:1038ac0040e7254e3ee7254e3ce7254e3ae700bf64
:1038bc00444b0000e84b0000944c00009c4c000072
:1038cc00e84c0000f04c0000704d0000744d0000fe
:1038dc007c4d0000804d0000884d00008c4d000098
:1038ec00944d0000984d0000dcb00020d44d000039
:1038fc004c4b0000fc490000a44c0000b8b0002068
:10390c00084e00006c4b0000fc4c0000f04b00001b
:10391c00b84c0000144c00001c4d00003c4d000045
:10392c00c0b00020a04d0000bc4d0000c8b000206d
:10393c00d0b00020d8b00020c4b00020ccb0002003
:04394c00d4b00020d3
:020000040000fa
:020000040001f9
:103950002de9f041b64c237eda0784b075d413f01c
:103960000207d1e901566dd1eb68002b6ad0002e19
:1039700068d0b369002b65d0f369002b62d039465b
:10398000d822201d1bf06af84ff0ff33c4e903333f
:10399000eb68e3616b68aa68c4e908322b8ea4f86f
:1039a000d030a86a2969b446ee69d5e90523c4e98f
:1039b0000d062363eb8ea4f8d83003f00103002b2f
:1039c000c4e90a121abf02276ff003034ff0ff3356
:1039d00084f8da70c4f8d430bce80f0004f198061b
:1039e000b646aee80f00bce80f00aee80f00bce83a
:1039f0000f00aee80f009ce803008ee803000121f1
:103a0000204618f013f80221204618f00ff894f819
:103a1000a430f3b1d4f8a020142111fb03210ee04f
:103a2000d3893f2b0ed9b3f5c06f28bf4ff4c063c5
:103a30003f3323f03f03d3811432914209d053899d
:103a4000002bedd14ff0ff3000e0204604b0bde880
:103a5000f08177481af07cfe0028f3d0a86bc4f8f8
:103a60009800a36baa8fb28023b1724801219847b6
:103a70000028e7d06e4800223f2119f0ddfbd4f882
:103a8000b06027893368d4f8b41038469847431c8f
:103a900000f08d80e0600321736938469847411c2f
:103aa00000f08580d4f8b430b4f8a82019890091ca
:103ab0002061adf804209a7a8df806200f228df847
:103ac00007201a69f36a029269465b4a9847002800
:103ad0006ddb574810f0c8feb4f8c8309a076ad4b6
:103ae0005a04d904980801f0806102f000520a4398
:103af00000f4c07111435a0102f0400200f040008e
:103b00001143da09014302f0100211439a0a02f04c
:103b10000802db43114303f00103454841ea431126
:103b20001af02afe42481bf05bfc00283fd14048b7
:103b300009f0f6fb00283ad13d480bf0d5fe0746c8
:103b4000002834d194f8a460002e44d0dff8e0803f
:103b5000014603e094f8a4308b423cd9404613f070
:103b600045fa01370646f9b20028f3d030483f2124
:103b700018f0dcfe3f212e4818f0eefe2c4819f01c
:103b800091fdd5e908652a4800223f2119f054fb30
:103b900027483f2118f0cafec4e917650023a4f89e
:103ba0005630a4f85430a4f85a30a4f858302048bd
:103bb00004f038fb46e74ff0ff324ff0ff33cde91a
:103bc00000231b48002369468df80c3004f0defd0d
:103bd000b4f8c83084e716483f2118f0a7fe3f210b
:103be000134818f0b9fe124819f05cfd324610482f
:103bf0003f21d5e9087519f01ffb0d483f2118f04a
:103c000095fe227ea4f8566042f00102002322763f
:103c10000122c4e91e33c4e91c330548a4f85460ea
:103c2000a4f85a60a4f85830e765256622750de7b8
:0c3c30005cb70020c4b7002098b700204b
:020000040000fa
:020000040001f9
:103c3c002de9f04f0f2185b0022019f075fbc1075b
:103c4c00074604d4bb0750d405b0bde8f08f8046be
:103c5c0005e06ff00d010222304618f053ff0220f0
:103c6c001af056fe064600283cd0b46921886288ba
:103c7c00e38848ba52ba5bbab1f5807f2080628083
:103c8c00e380e6d1a28840f206439a42e1d1a369cf
:103c9c00b06a029302a919f01df9836d984db3f81f
:103cac0076306a68b062c3eb0313074603a952f877
:103cbc002300d4f80e30039314f0b8fc814628b1dd
:103ccc00014604f1080238460ff00cfd029a7b689d
:103cdc009a4200f0b48097f874301a0700f1ca8049
:103cec000221b8e74746bb07aed5854d854baa697f
:103cfc0002f5fa62a3fb02139b09c5e905321bf01e
:103d0c0017fa6e68814600289ed04ff0000803e039
:103d1c0008f10108c14597d040461af033f8836d7d
:103d2c0098420746f4d1746a84b36b69a0686a6bd5
:103d3c001b1a9342b246a4f1040131d35af8240b56
:103d4c001af082fd504615f063fa211d4ff0ff3337
:103d5c000022384615f0e6fc746a002ce5d115e01b
:103d6c00a0686b692a6b1b1a93423068a4f104019a
:103d7c0010d31af069fd06f1140015f049fa6ff032
:103d8c0002030022211d384615f0ccfc7469002c6e
:103d9c00e6d13068426a736b9a4231d23c36b7e74f
:103dac0097f843a00af0100a34f804cc638a1cf488
:103dbc00007f14bfb5f84220b5f8402093421bd2c7
:103dcc00a0686a69a96b121a01fb03f39a4213d318
:103ddc004d484ff0000e0121baf1000f02d01cf437
:103dec00807f09d063687a68cde9000e38460cf004
:103dfc002dfa638a013363822468002cd4d1c5e781
:103e0c00b36b002bcad04ff0000a06f1140b0ee076
:103e1c0030681af019fd6ff003030022211d38469b
:103e2c0015f080fcb36b0af1010a9a45b6d25846dc
:103e3c0015f0eef90446011f0028e9d1aee7ba46a9
:103e4c009af84330da063ff54bafb9f1000f28d0a2
:103e5c00e388012b7ff444afd4f80e30daf8042059
:103e6c000af13c01083401913846009402210cf00f
:103e7c00edf935e702a817f01df9824600283ff44a
:103e8c002faf90f874301b077ff52aafd0e90132c1
:103e9c0003ea0201d7e90132134099427ff420afc3
:103eac00cee7bb6d6a68b3f87630c3eb031302eb55
:103ebc00830903a9d9f8000014f0e8fb0146002897
:103ecc00c6d00378980715d50b88a0686d690a468b
:103edc0023f0c00343f0800322f8103b0861a38950
:103eec0093800123cd60cb8209f11400043115f0cd
:103efc0063f9ade704f1080238460ff0f3fba7e7ce
:0c3f0c0070b00020d34d6210d4b800202b
:020000040000fa
:020000040001f9
:103f18002de9f04f0f21abb0182019f007fa10b9ae
:103f28002bb0bde8f08f9e4edff8b8823388d8f802
:103f38000040002bf4d0b4f90090019748460834ab
:103f4800002514f806bc17f0f5fe68bb484617f0c4
:103f58000dff48bbbbf1040f00f21a81dfe80bf03c
:103f68002f84613913008f493722484613f0f0fd3a
:103f7800484617f069fb019b23f0ff0303f1010b8f
:103f880001935ffa8bfb338804f806bc01359d4228
:103f980004f11804c4d234f9089c14f806bc484645
:103fa80017f0c8fe0028d1d0484612f011fa54f88c
:103fb800040c20b115f0defc002344f8043c002278
:103fc800502148460cf0ecfa4f28ccd84ff0000ba3
:103fd800d9e70022502148460cf0e2fa4f28d2d9fe
:103fe80071493322484613f0b3fd0323484663f36f
:103ff800070a17f029fb6d480022494613f07af9a1
:104008000af1010b5ffa8bfb44f8040c0028bad1c3
:1040180067493722484613f09bfd484612f0d8f905
:10402800d4e734f9089c0022502148460cf0b8fa2d
:104038004f28a8d915ab049353220df10e0304a9f8
:1040480048460ff02dfd00289dd002283ed10023c0
:1040580023606360a360e36056491822484613f062
:1040680077fd55491322d5e734f9089c00225021e1
:1040780048460cf095fa4f2885d915ab059353227d
:1040880004ab05a948460ff00bfd00283ff47bafb1
:104098000228e1d04949059816f06cfe01460590c2
:1040a800002864d00f2220461bf0d4f80023e373c5
:1040b800bdf81020002148460cf0acfd40494846a8
:1040c8000d2213f045fd4ff0020b5ce73b490498c5
:1040d80016f050fe83460490002854d0394b1968d6
:1040e800002946d0d8f800203749a4f108039b1ac4
:1040f8001f46f843354a4ff4a673c00f1af09cfdcb
:10410800334aadf81890fb1002fb03f3adf81430f6
:1041180048460223adf8163018f014f907a9adf88f
:104128001a0017f03ffe274b1b681f46294b5946bc
:1041380005aa1b682046b84753228346002115a8c4
:104148001af088fcbbf1000f17d00021bdf80e2033
:1041580021606160a160e16048460cf05bfd1e498a
:1041680048461c2213f0f4fc4ff0030b0be72070b9
:104178009ee715a853221af06dfc002323606360a4
:10418800a360e3606de720606060a060e06068e7be
:10419800124a134940f2a12300201af04dfdf2e61d
:1041a800c8b4002004bd02003839000094e90200b8
:1041b8006c390000d8380000f438000040320000a4
:1041c800083900004cb60020c4320000b0ec0200f0
:1041d800abaaaaaa48b600201839000070e6020067
:0841e800a439000058b60020c4
:020000040000fa
:020000040001f9
:1041f0002de9f04fd0f81080b0f814c0a8f868c0ce
:10420000c47d98f84330d8f8445064f3830388f8a9
:104210004330d8f85830984597b006468946174637
:1042200000f08880934cb9f1000f44d100216368fd
:10423000304698470546002858d08f4b0c349c4296
:10424000f1d1d8f85000d8f8583000286cd09845f3
:1042500056d098f8432002f03f0242f0400288f81e
:10426000432093f84220520660d593f8752088f8d1
:10427000752003f13c0292e80300c8f83c00d86cba
:10428000a8f84010b8f8421043f6bf720a40196d02
:1042900042f40042c8e91301596db3f86e30a8f832
:1042a0006e3042f040022846a8f84220c8f8541068
:1042b00017b0bde8f08f228807f1ff3c002f00f017
:1042c000b3804b4605e000bfbcf1ff3f03f108039c
:1042d000acd0b3f800e096450cf1ff3cf4d159683e
:1042e00063683046984705460028a6d11af06eff4d
:1042f000002840f09b800025284617b0bde8f08fcd
:10430000d8f844300122db6c40f2967198470028bf
:1043100000f0938098f84320d8f8583002f03f021c
:1043200042f0400288f8432098459ad1284617b0b9
:10433000bde8f08fd8f85410b9f1000f12d0b5f8dd
:1043400000e0013a77b14b4604e000bf501c03f196
:10435000080307d01888704502f1ff32f6d159687a
:10436000c8f85410012c7ff45daf444b01914ff01d
:10437000000a1b88cdf848a0adf848303388adf866
:1043800044303f4b06933f4b07933f4b0893b36832
:1043900009933e4b0a933e4b0b933e4b0c933e4b83
:1043a0000d933e4badf846c00e93cde913aacdf860
:1043b0003c80cdf840a0cdf854a01bf039f8f38a2a
:1043c000adf84c30adf84a00b8f84030d8f83c00b1
:1043d00001991490adf854300df1180b0591ab68ac
:1043e0002888adf84e40cdf810b08df80ca003a988
:1043f0009847c8f84c0001302dd0eb69288803217c
:104400009847c8f8500001307ff40cafc8e913aaf0
:104410001af0dcfe00283ff46eaf1af0d1fe2049fe
:104420006a6813f08df966e7394600e71af0c8feae
:104430001c49228813f084f95de71af0c7fe0028b2
:104440003ff459af1af0bcfed8f8443016495a6808
:1044500013f076f94fe7c8f84ca01af0b7fe002821
:104460003ff449af1af0acfe10496a6813f068f9de
:1044700041e700bfac6702002468020034b70020a7
:1044800021f4020025f4020029f40200f93f0200a1
:104490005dbc020011cb0200697602002d9802007b
:1044a000d4330000f83300002c340000a4330000a3
:020000040000fa
:020000040001f9
:1044b0002de9f04f87b0456800931446002a00f0bc
:1044c00098809d4b8c460fcb02ae3746b64607c64a
:1044d000338007cf3388acf80c30ccf80000ccf830
:1044e0000410ccf8082095f80231ccf82430012cc7
:1044f00000f08780914b0fcb764607c67746337026
:1045000007cf8cf83430ccf82800ccf82c10ccf83d
:1045100030206b7fccf84c30002b76d0022c70d042
:10452000874a07ca8ee80700734607cbccf85000cd
:10453000ccf85410ccf8582095f80b31ccf87430e6
:10454000032c5ed07f4a07ca8ee80700734607cb6c
:10455000ccf87800ccf87c10ccf880206b7eccf8be
:104560009c30042c4dd0784b0fcb764607c626f8ee
:10457000023b1b0c3370774607cf8cf8ae303b887c
:10458000ccf8a000ccf8a410ccf8a820acf8ac3043
:10459000ab7eccf8c430052c33d06c4b0fcb8ee8ff
:1045a0000f0076460fceccf8c800ccf8cc10ccf873
:1045b000d020ccf8d430eb7eccf8ec30062c20d0d8
:1045c000634b0fcb8ee80f0076460fceccf8f00091
:1045d000ccf8f410ccf8f820ccf8fc302b7fccf8d9
:1045e0001431072c0dd008274ff48c7b4ff0070aad
:1045f00012e06ff00507009b38461c6007b0bde86d
:10460000f08f27463c460027f5e7022cf9d0032718
:104610004ff0500b4ff0020a4e4b0fcb764607c6b9
:10462000f0463380b8e807000ceb0b094cf80b00a0
:104630003388c9f80410c9f80820a9f80c302b7e7b
:10464000c9f82430bc42ddd9434b0fcb07eb8708b8
:10465000774607c7f1463b80b9e807000cebc80b6b
:104660004cf838003b88cbf804100af10206cbf86e
:104670000820abf80c30eb7fcbf82430b44202d8e2
:1046800034460027b7e7354b0af1030201920fcbfe
:10469000774607c7f1463b80b9e8070006eb860678
:1046a0000cebc60b4cf836003b88cbf80820019a7f
:1046b000cbf80410abf80c3095f82030cbf8243050
:1046c00094424feac60802d8019c002793e7244a87
:1046d00007ca8ee80700734607cb08f128070cebe2
:1046e00007064cf807000af104097160b260ab7f5d
:1046f00073624c4502d84c4600277ce7194b0fcb20
:104700007646aee80700aef8003007ce08f1500854
:104710000ceb08094cf80800bef80030c9f804108a
:10472000c9f80820a9f80c302b69c9f824300af11f
:10473000050400275fe700bf10030000200300000e
:10474000300300003c030000480300005803000051
:10475000680300007803000088030000980300004d
:08476000a8030000b4030000ef
:020000040000fa
:020000040001f9
:1047680070b5acb01af0bcfc03284ad01aa810f0f7
:10477800edfa60b1984848221aa919f095fe974bae
:10478800974a9848052111f06ffb2cb070bd442260
:1047980009a909f007fa00bb934b099a9a421cd160
:1047a8000a9b042b19d1199d90490df123000df195
:1047b80063044ff0ff3200bf10f8013f08265a404b
:1047c80042f300030b40013e83ea5202f8d1a042b3
:1047d800f2d1d243954200f0af80402209a90020cf
:1047e80009f0e0f918b9804b099a9a420cd0804b2d
:1047f8001968002971d1784808f02cff13f078fa6d
:10480800bde714f03dffb1e70a9b032befd1189ddc
:1048180076490df123000df15f044ff0ff3200bf20
:1048280010f8013f08265a4042f300030b40013eae
:1048380083ea5202f8d1a042f2d1d2439542d6d1ae
:1048480013ab93e803000b9b1c930d9b1e930c9bcf
:104858001d93109b2193ddf85230634aadf89410f4
:10486800cdf89630dde916131a920e9a1f92129a15
:1048780023922791bdf856200f992490adf89a20dd
:104888000520119a209159491b902292cde92a6658
:1048980029960df1670028930df1ab054ff0ff3213
:1048a80010f8013f08245a4042f300030b40013c32
:1048b80083ea5202f8d1a842f2d1d3431aa9482276
:1048c80045482b9319f0f0fd13f012fa49490523d6
:1048d8000322204612f030ff51e707a8182200bf34
:1048e80021fa02f3dbb2a3f120045e2ca2f1080244
:1048f80088bf3f2312f1080f00f8013bf0d109ab44
:104908003d4a019310783d4b3d4a3e493e4c09943f
:10491800002818bf13463d4c009305220b680492eb
:10492800002002923a49039407aa8df820008df8d6
:10493800280012f001ff5ee72b4a1a9213ab93e8a6
:1049480003000f9a0b9b0e9c1c9320920d9b109ab0
:104958001e931f94119b2192dde916422293129b0c
:10496800adf894102393ddf85210189b0c9d2490f9
:104978002794bdf85600cdf8961005241b49adf8cc
:104988009a00cde92a661d951b940df16700cde9c3
:1049980028230df1ab0c4ff0ff3200bf10f8013f98
:1049a80008245a4042f300030b40013c83ea5202b8
:1049b800f8d16045f2d1d3431aa9482206482b936f
:1049c80019f072fd13f094f91249052304222046c8
:1049d80012f0b2fed3e600bfb8b00020cc520000ff
:1049e800d453000080b70200524249542083b8ede6
:1049f800b0b60020ac51000042b70020584e00006d
:104a0800544e0000acb6002054494252c84e000033
:084a1800f45100006c51000094
:020000040000fa
:020000040001f9
:104a20002de9f04f044699b00d4621b100230b60eb
:104a30004b608b60cb601cb1204619f045fd18b966
:104a4000002019b0bde8f08f0023cde90333cde994
:104a5000053321460b4613f8012b202aa2f1090643
:104a600077d0042e75d90444661a00bf14f8013dae
:104a7000202ba3f109026ed0042a6cd9402edfd876
:104a8000324607a81af0eafb06f160036b440022e5
:104a900003f8442c9df81c305b2b00f0fb8007ab27
:104aa00019460a460f4612f8010b2028a0f1090406
:104ab00000f0e480042c40f2e180334400931c4673
:104ac00013f8012d202aa2f10900f7d00428f5d906
:104ad0004ff0000984f800900c783a2c00f0e78041
:104ae0004ff0ff0960b219f05dfa0028a8d00d2c34
:104af00007f101074ff000064ff0100aa84663d8ef
:104b000042f20163e340db0768d401ab00253a2c95
:104b100023d8dfe804f02b22222222222222222b79
:104b20002b22222b22222222222222222222222253
:104b30002222222222222b2222222222222222224c
:104b400022222222aa2b22222222222222222222b4
:104b5000a00019467ee7013e88e70135052d3ff4a8
:104b60006faf03f8014b17f8014bd0e705f1600375
:104b70006b44002203f85c2cdff84cb10023524652
:104b8000694601a8cbf8003019f090ffdbf800303f
:104b900080b2002b7ff454af28b901ab1d44009bb9
:104ba000ab427ff44daf18ab03eb460340ba01367e
:104bb00023f8540cf6b28cb13a2c3b7860d01c46ea
:104bc0000d2c07f101079bd9a4f12003dbb21a2bae
:104bd0009bd83c4a22fa03f3da0796d5082e4546bd
:104be0003ff62eaf6ad0b9f1ff0f3ff429af731e25
:104bf0005ab24ffa89f09042dbb211dcc6f10804d8
:104c00001a1918a9d2b201eb420201eb4301013b90
:104c100031f8541c22f8541c5ab28242dbb2efda4b
:104c2000a6eb0902c2f1070291450bd8002118ab8f
:104c300003eb490309f101095ffa89f9914523f86a
:104c4000541cf4d92db103ac0fcc28606960aa6064
:104c5000eb600120f5e605f160036b440022baf138
:104c60000a0f03f85c2c87d1eae605f160036b4478
:104c7000002203f85c2c4ff00a0a7de7114610e78a
:104c80003a2b9cd1b9f1ff0f7ff4daae17f8013f50
:104c9000b14694e7731e07a807a91944c35c5d2bae
:104ca0007ff4ceae0a70023e0df11d03f8e64b789c
:104cb0003a2b7ff4c5ae8c788f1c13e7b9f1ff0f48
:0c4cc00095d1bfe701c0000418b7002028
:020000040000fa
:020000040001f9
:104ccc002de9f04786468c460846089e15467446e4
:104cdc001946002b40f0c2808242b2fa82f245d9ca
:104cec004ab1c2f1200300fa02fc2efa03f39540fc
:104cfc0043ea0c0c94404fea154ea8b2bcfbfef8ec
:104d0c00230c0efb18cc08fb00f943ea0c43994525
:104d1c0028d9eb1808f1ff3704d2994502d9a8f12c
:104d2c0002072b44a3eb0903a4b2b3fbfefc0efb5e
:104d3c001c330cfb00f044ea0344a04214d92c1998
:104d4c000cf1ff3304d2a04202d9acf102032c4483
:104d5c00241a43ea07401eb1d44000233460736028
:104d6c00bde8f0874746dde76346f1e792bb431b9e
:104d7c0001214fea154eafb2b3fbfefc200c0efb2b
:104d8c001c330cfb07f840ea0343984562d9eb1837
:104d9c000cf1ff3004d2984502d9acf102002b443f
:104dac00a3eb0803a4b2b3fbfefc0efb1c330cfb01
:104dbc0007f744ea0344a7424ed92c190cf1ff33f0
:104dcc0004d2a74202d9acf102032c44e41b43eaff
:104ddc000040c0e7c2f1200320fa03f19540904057
:104dec002efa03f303434fea154eafb2b1fbfefcb0
:104dfc000efb1c10190c0cfb07f841ea004188450e
:104e0c0004fa02f422d969180cf1ff3004d2884557
:104e1c0002d9acf102002944a1eb08019bb2b1fb11
:104e2c00fefc0efb1c110cfb07f743ea01439f42ef
:104e3c000ed9eb180cf1ff3104d29f4202d9acf120
:104e4c0002012b44db1b41ea004192e76046e3e799
:104e5c006146f7e76046a3e76346b7e7834206d9a6
:104e6c0016b9002108467be7c6e900e0f9e7b3fa7a
:104e7c0083f78fb9834201d3724508d8beeb020485
:104e8c0060eb030301209c461eb9002168e73846fd
:104e9c00fae7c6e9004cf8e7c7f1200cbb4022fa50
:104eac000cf41c432efa0cf120fa0cf3b84001431d
:104ebc004fea14490efa07f5b3fbf9f81ffa84fe12
:104ecc0009fb18300b0c08fb0efa43ea00439a4519
:104edc0002fa07f240d9e31808f1ff3004d29a45e0
:104eec0002d9a8f102002344a3eb0a0389b2b3fb55
:104efc00f9f809fb183308fb0efe41ea03418e4515
:104f0c002cd9611808f1ff3304d28e4502d9a8f1cf
:104f1c000203214443ea0040a0fb0298a1eb0e01de
:104f2c004145ce46434602d306d14d4504d2b9eb9a
:104f3c00020e68eb04030138002ea6d0b5eb0e026e
:104f4c0061eb030101fa0cfc22fa07f34cea0303b0
:104f5c00f940c6e9003198e74046c5e74346d9e732
:020000040000fa
:020000040001f9
:104f6c002de9f04fbbb0002800f03b8103680f46e1
:104f7c0019ba01919d498b4200f02e81012a38bf4c
:104f8c00012212f01f0b049318bf4ff0010b0323e7
:104f9c0000f1080a0dad91460beb521b8df80f304a
:104fac005646a84600f1380e844630687168b268df
:104fbc00f36844460fc410367645a046f5d13068e8
:104fcc00c8f80000b388a8f80430b37988f8063024
:104fdc006446bbf1000f0bd000260df16c08d4e930
:104fec001e12404612f0bcf9e0b140461af044fae9
:104ffc00012300932b460df16b0000211a4601335f
:10500c0083421170fad1009b002b6dd0012615a99b
:10501c0000222b4601358d421a70fad130463bb036
:10502c00bde8f08f37222946404607f0b9fa002830
:10503c00dbd105a9404605f0b5fa009040461af0c0
:10504c001bfa009b002bd3d12268059b012a02d9a5
:10505c006268934216d06360002384f8803027b1d5
:10506c00b9f1000f05d14ff0000901365e45b6dbf2
:10507c00c0e7b9f11f0f14d84a4605a9384619f0f4
:10508c0011faf0e794f88030012bbfd00bf1ff330d
:10509c00b3424ff0010308bf0bf1010b84f88030d1
:1050ac00dde70df1140ebee80f0038607960ba60d0
:1050bc00fb60bee80f002037a9f120090df16b0c45
:1050cc0047f8100c47f80c1c47f8082c47f8043c20
:1050dc0001e06545c9d01cf8013d0133dbb28cf809
:1050ec000030002bf5d0c0e70df16c08d4e91e128e
:1050fc00404612f035f938b140461af0bdf9012698
:10510c0023680133236082e701220df10f01404631
:10511c0007f046fa0028efd137225146404607f0f7
:10512c003ffa0028e8d12946404605f03bfa0646ee
:10513c0040461af0a1f9002ee1d1ddf8009004f1ff
:10514c003f010df1530208468c464b46177810f878
:10515c00011d0f443b449542037002f1ff32c3f32f
:10516c000f23f3d1614604f11f0200bf12f8010da9
:10517c0003449bb2924513704fea1323f6d10846b1
:10518c00002300bf10f8012d90f837703a441344f7
:10519c0082450370c3f30f23f4d1019b049305af35
:1051ac0004f13b00a446002311f8012d17f8014d22
:1051bc002244134488420b70c3f30f23f4d164468a
:1051cc00014600bf11f8012d13449bb28a450b70a8
:1051dc004fea1323f6d193e7022630463bb0bde8e5
:1051ec00f08f012630463bb0bde8f08f40420f00f7
:020000040000fa
:020000040001f9
:1051fc002de9f0470446d0e900307f495b688eb05a
:10520c0098477e4b07af1d681822394625fa02f3e2
:10521c00dbb2a3f120005e28a2f1080288bf3f2375
:10522c0012f1080f01f8013bf0d1754b09934ff0c7
:10523c00000823688df820808df828805e68714bfb
:10524c00714a1978714bdff81c92414518bf13460f
:10525c0000936f4b6f49454514bf3a461a466e4b47
:10526c0009ad1b6803910521029101956b4960689a
:10527c00b0476b4e23686b495b6860684246984741
:10528c0056f8043f079314222946384614f072ff4f
:10529c00d4e90030644ad3f804a049462b46d047e1
:1052ac00b368079314222946384614f063ffd4e9f7
:1052bc0000305e4ad3f804a049462b46d0473369e8
:1052cc00079314222946384614f054ffd4e90030d1
:1052dc00574ad3f804a049462b46d047b3690793e5
:1052ec0014222946384614f045ffd4e900304946cb
:1052fc00d3f804a04f4a2b46d047d4e900304e498e
:10530c005b689847b8f1000f02d14ff00108b1e784
:10531c004a4e4b4a96f82d30049396f82c30039352
:10532c0096f82b30029396f82a30019396f8293090
:10533c00009396f82830434f1221284618f0b6fef9
:10534c00236860685b6840492a46984796f8333072
:10535c00049396f83230039396f83130029396f812
:10536c003030019396f82f30009396f82e30344a53
:10537c001221284618f09afe2368606833495b684e
:10538c002a4698472268b36b55683149726b60683e
:10539c00a8472268f36b2f4dd2f80490d4f8048000
:1053ac00002b0cbfba46aa4619f034ff0346404600
:1053bc00dff8b48028495246002b0cbf3b464346cd
:1053cc00c847336cd4f80490002b08bf3d462368c3
:1053dc005e6819f025ff214900280cbf3b46434667
:1053ec002a464846b047d4e900301d495b680eb0e8
:1053fc00bde8f047184700bf684e0000b0b600206b
:10540c005449425242b70020544e0000584e0000fe
:10541c0010100000c84e0000acb600207c4e0000fe
:10542c00bcb00020e44e0000f04e0000fc4e00002a
:10543c00044f00000c4f000040320000b8b00020b8
:10544c00144f0000604e0000344f0000484f000025
:10545c006c4f00005c4e0000944f0000b84f0000f1
:0c546c00dc4f0000f44e0000644e000015
:020000040000fa
:020000040001f9
:105478002de9f04f0129476885b006461dddd2f8b1
:105488000490dff84c820d4648467c49144619f0d2
:105498009af898f800b050b1bbf1000f10d03368fb
:1054a80077491b68384605b0bde8f04f1847bbf18f
:1054b800000f17d105b0bde8f08f03687149f0e718
:1054c8007149484609f09afd98b9d4f804900190ba
:1054d800484618f0f5ff1e28019b40f2a18033686a
:1054e8006a49dee73946304605b0bde8f04f13f0ab
:1054f8000fb8674b6168dff8a4a1dff8c0911846c0
:10550800102219f0a7fe634b80f810b083f800b0a2
:10551800032d4ff00303caf800b0c9f800b0d8bf94
:1055280088f8003030dd019308344ff0020b10e0aa
:105538004b789bb911f0fefd574a106000286ad0dd
:105548000bf10303ab420bf1020204f1080416da73
:105558009346d4e900100a78692ae9d06e2a3ad12c
:105568004b78002b37d14d4a0a2112f0b7fd0bf1c9
:105578000303ab420bf1020204f10804e8db019bd0
:1055880088f80030012b62d018f0beff444b188019
:1055980018f0baff434b1880daf8003013b9042327
:1055a800caf80030d9f80020002a57d14ff47a728f
:1055b800c9f800203c4b3d491e603d4b3d483e4ce0
:1055c8001f600968002303601e20236005b0bde842
:1055d800f04f16f0fdbf742a06d14b7823b9374a2d
:1055e8000a2112f07bfdabe7732a0ed14a7862b923
:1055f80003920a2103aa12f071fd039a511eb1f514
:10560800fa6f32d22e490a809ae732682d49126819
:105618003846904794e719f087fd1f4a10608fe7d6
:10562800421c49461b48dff874a0dff890900193ac
:1056380018f03aff019bcaf80030c9f80030032d72
:105648004ff00103d8bf88f800303ff76caf3368dc
:10565800104a5b681c493846984795e7042a96bf64
:10566800052212b2c9f80020a4e7336817495b681d
:105678004ff4fa62384698471ce700bf68140000e8
:10568800701400001014000090b500209c14000055
:105698002cb4002090b3002070b5002084b5002001
:1056a80030b700202eb70020a8b50020a4b50020f0
:1056b80088b500207cb5002080b5002078b5002092
:1056c8005ab70020ec14000008150000c0140000b0
:0456d80025b70020d2
:020000040000fa
:020000040001f9
:1056dc002de9f04f85b00129019181460092039389
:1056ec0002d0002a40f0908012f0b0fe0290002808
:1056fc0000f00481dff82c8298f80030002bfbd0ee
:10570c0098f80030002b40f08480804b1a68002af7
:10571c0000f0eb807e4b00241968254604e01cb297
:10572c009442254680f0e18051f82570631cad0051
:10573c00002ff4d1dff8f0b1dbf800008c22836885
:10574c0001219847734b19880646dbf8000001319c
:10575c00436889b29847704b19888246dbf8000081
:10576c000131426889b290476b4b002e00f0ae803d
:10577c00baf1000f00f0aa80002800f0a780654a5b
:10578c00a6f87440b2f800c01a88614b19680cf185
:10579c00010353440244c6e900a34ff40673c6e95f
:1057ac000502a6f866304e5119f04afe98f8003002
:1057bc00013388f8003019f045fe304610f012fa2b
:1057cc00b9f1010f86f871904dd0b7644b46002ba0
:1057dc0040f0978096f8863069f3010386f886309e
:1057ec00019b0bbb96f884300299a6f85e10002240
:1057fc0043f0010386f8843086f87020a6f86e100a
:10580c00204605b0bde8f08f009b02930023009367
:10581c0070e719f015fe98f80030013bdbb288f800
:10582c00003019f00ffe70e7029ba6f85e30009b6b
:10583c00a6f85c3017f02cfe96f88430706243f0ba
:10584c000203b9f1010f86f8843033d0304614f0de
:10585c00d3f90028b4bf0b230123204686f87030ff
:10586c0005b0bde8f08f2d4b04221421782017f0e1
:10587c0033f938b32a4bc660a0f87090a0f8589052
:10588c00836096f88630b06469f3010386f886303d
:10589c00019b002ba6d0029ba6f85e30009ba6f8bd
:1058ac005c3017f0f5fd96f88430706243f002031b
:1058bc0086f88430039b002bc8d01b68002bc5d006
:1058cc00f363c3e796f87130b06480e70146dbf808
:1058dc000000c3689847dbf800005146c36898473e
:1058ec00dbf800003146c368984719f0a9fd98f819
:1058fc000030013388f8003019f0a4fd4ff0ff346c
:10590c007ee7304615f0f6faf8e700bf54b50020f4
:10591c0064b500202ab7002026b70020060020001e
:0c592c009d2502003db4002058b500206d
:020000040000fa
:020000040001f9
:105938002de9f04f837d032b83b0074600f0a0804c
:10594800dff83c92d9f8005065b1046994f8423008
:105958001b0700f1ae800135c9f80050012003b0e3
:10596800bde8f08fdff808820e4628222946404617
:1059780019f070f8002e7fd0337c022b7cd0716830
:10598800b868c8f8100001eb41010c0128344368dd
:1059980021469847834600286ed02246294619f0aa
:1059a80059f87368cbf80c306d4bcbf814306d4b4d
:1059b800cbf818306c4bcbf81c306c4bcbf8203044
:1059c8000bf12803cbf800303023cbf80830012343
:1059d800cbf81030cbf804b0584617f071fc4ff6ee
:1059e800ff73a8f82430d6e902231ffa83fac8f80f
:1059f8002030c8f814201b0c0af1100a327c88f8f1
:105a080018200aeb830a4fea8a0301937368c8f8df
:105a180000b0002b61d0ba4611e0c7e90422b8f8fb
:105a2800202012b1386100eb8204b8f8222012b1ac
:105a38007c6104eb021473683c62ab424cd9294682
:105a4800584618f00dff0746d8f81000019942682b
:105a5800904701350446002278600028ddd144488b
:105a680015f07afdd8f81000d8f80010c3689847e8
:105a7800c8f80040a8f82640002003b0bde8f08f21
:105a8800046994f842301d077ff568af394b1b68ed
:105a9800002b3ff463af0121204616f0f3ff0028e6
:105aa8003ff45caf94f8423043f0080384f8423086
:105ab80054e7304b1b68002b3ff44daf01212046c3
:105ac80016f0e0ffe8b194f84230d9f8005043f0fe
:105ad800080384f842303ee757462749c8220f207a
:105ae80015f09ef8c8f80c0028b3b8f92430013333
:105af8000ad03c691f4a94f84230c2f800801a075d
:105b0800dcd4d9f8005026e7352198f8180000228f
:105b180016f0bcf8411c04460dd0532111f07afb55
:105b280052280cd8532205212046fcf763ff30b9d0
:105b3800204611f0d9ff0e4816f01cf89ce7002209
:105b480002212046fcf756ff0c4a00234ff48071cf
:105b5800204614f0d1fd0028ead0a8f82440c8e770
:105b6800e5d7020019ab020011f3020009ca0200ce
:105b780068b20020e4b5002091e8010041e8020085
:045b8800e0b5002064
:020000040000fa
:020000040001f9
:105b8c002de9f04f044689b00d4617f081fcd4f88e
:105b9c00d0707b6804938346002d6dd06b1e012b57
:105bac0057d894f8da30226bd4f82ca00592122b2b
:105bbc0004bf13469a44d4e92530c01a18f016fadb
:105bcc00774b80461868894618f010fa754b0022fe
:105bdc0000f05efd02460b464046494600f058fd7b
:105bec0017f0c2fc0646002840f0b8803b686e4aad
:105bfc005f686e49a2fb063292094ff47a7303fb7d
:105c0c001263a1fb03135b09baf1000f40f09f80f4
:105c1c005146049ecdf804a0cde9021005990091df
:105c2c0030466349b847022d13d1624a6249a21a21
:105c3c00d210c2ebc21302ebc303c3eb833302ebf0
:105c4c000312d4f8d0301b6830465b6802eb82023a
:105c5c009847a16a226bd4f8a030c4f8a430c4e9e8
:105c6c002a12c4f8b4b0d4e9080117f07dfcc4f8ca
:105c7c00b00009b0bde8f08f226bd4f8ac30d4f88a
:105c8c00b4a0d31a0593464ba0eb0a001e6818f07b
:105c9c00adf980463046894618f0a8f9414b0022f0
:105cac0000f0f6fc02460b464046494600f0f0fc7c
:105cbc0017f05afc94f8da20d4f8a830122a80464f
:105ccc0064d0a56aed1aa946b8f1000f1cd13b6847
:105cdc005f68d4f89430aaeb030a2368bafbf6f297
:105cec00b3fbf6f313442db10599642501fb05f5bf
:105cfc00b5fbf9f505990091cde9025804982f49a7
:105d0c00cdf80490b847a4e7d4f8b00018f06ef9b9
:105d1c0002460b46d4e9080119f054fb284b00222b
:105d2c0006f010fb02460b464046cde9062318f060
:105d3c005df902460b46dde9060100f0a9fc214b9a
:105d4c00002200f061f917f00ffc8046bfe7059eba
:105d5c00642106fb01f1b1fbfaf15ae7184b002262
:105d6c00d4e9080106f0eefa80463046894618f070
:105d7c003df902460b464046494600f089fc114b62
:105d8c00002200f041f917f0effb2fe7e26ad21a7c
:105d9c00059b02eb03094d46b8f1000f97d0b3e712
:105dac00b4b5002000408f40d34d62101f85eb51dd
:105dbc00082a000038a90020442a0000cc29000041
:085dcc00000020400000e03f50
:020000040000fa
:020000040001f9
:105dd4002de9f047054684b00c46c2b180464ff029
:105de4000109286c88b105f13c0114f0edf906466f
:105df400002861d0c06bb6f8403002902e64adf834
:105e04000c3002ad002723682bb1002036e0884611
:105e14004ff00209e5e7304617f072fd0646002808
:105e2400f3d090f84330da0602d5236a1b02ecd58e
:105e3400a369a66259786e4b1b6849090bb33046b7
:105e4400984784f82f004ff4006306f13c0229467a
:105e5400204615f0e5fe27b3204618f067fab6f899
:105e64006e300e3880b28342cfd3002d5ad02146f3
:105e7400304616f0c7fbc043c0f3c01004b0bde801
:105e8400f08796f872205b4b12fb01f2a3fb02131e
:105e9400d21a03eb520398081cbf00f1ff30c0b2c2
:105ea400cfe7236a43f010030122236221463046e0
:105eb40011f0e8fd0120e1e7d5e90f7a791c6bd0f8
:105ec400504617f071ff874266d0baf1000f03d035
:105ed4009af87530032b58d095f83c302033dbb258
:105ee4000f2b40d9ea6bdaf80430daf80810534083
:105ef4000b4218bfdaf80c20019250464ff0010310
:105f040002aa01a914bf0227012713f001f90228ec
:105f14006bd020f0020040b201287ff476af2e6ce3
:105f2400002570e7344f3b68002b3ed03348b6f869
:105f3400685016f087f9324817f072fc01460028c1
:105f440046d0019b80f804904571c0f80880cb606e
:105f54002a4818f0aff9294817f082fc236a43f065
:105f640008032362a6e795f83d302e6c03f07f0307
:105f74008df80b30eb8fadf80c3001275e23adf8b4
:105f840008708df80a3002ad3de70296adf80c605a
:105f940001272e6c02ad36e74ff0ff332e6c0293cf
:105fa400adf80c3002ad01272de716492a462846e4
:105fb40016f0c6f838600028b8d119f005f90128a0
:105fc4007ff623af19f0faf80f4911f0b7fb1ce77d
:105fd40019f0faf8012804d919f0f0f80b4911f076
:105fe400adfb064817f03cfc0fe72e6c02ad0ae748
:105ff400c4b5002025499224d0b5002060b4002007
:1060040098b40020b5f2010044320000743200005c
:020000040000fa
:020000040001f9
:1060140030b591ea030f00f18280841a71eb030c0e
:1060240005d2121953eb0c03001b71eb0c0140f267
:10603400000ccff6e07c1cea430f52d0bceb410fbe
:106044005fd90c0da4eb135e5ff0010c6cf31f51d0
:106054006cf31f53def1200c2ad303fa0cf540191c
:1060640041f1000122fa0ef5401923fa0ef56941b7
:1060740012fa0cf2cd0208d349085fea30005fea55
:10608400320228bf42f001020134013c5fea500ca5
:1060940072f1004250f1000051eb04514ff400132f
:1060a40013eb410f38bf30bd6ff31301002030bd37
:1060b400bef1200ebef1200f1ed223fa0ef54019b8
:1060c40041f10001cef1200c124218bf012203fa63
:1060d4000cf52a43cee711ea5c0f04bf002000212f
:1060e40030bd1cea410f04bf01f00041002030bd67
:1060f40001f00041002030bd21f4801101eb045176
:1061040030bd004218bf41f00101bceb410f08bf94
:1061140030bd4ff0fe4141f47801002030bd83f0e2
:106124000043841a71eb030e07d28ef0004e001b5d
:1061340071eb0e01121953eb0e0340f2000ccff673
:10614400e07c1cea430fc6d0bceb410f72d90c0da6
:10615400a4eb135ec90241ea5051c00241f0004170
:10616400db0243ea5253d20243f00043def1200c37
:1061740041d312fa0cf522fa0ef203fa0cf542eab4
:10618400050218bf42f0010223fa0ef3801a994166
:10619400e30ac4f30a0411f0404f03d418d0013cbd
:1061a40040004941013c23d44205c00a40ea415021
:1061b400c90a51eac3715fea500c72f1004250f10e
:1061c400000051eb045130bd01002fd00020203cd1
:1061d4000029f9d0b1fa81fcdcf1200e11fa0cf19e
:1061e40030fa0ef510fa0cf02943a4eb0c04d9e7ad
:1061f4000020d90730bdaef1200ebef1200f0dd224
:10620400cef1200c03fa0cf533fa0ef32a4318bf2f
:1062140043f00103c01a61f10001b9e721f0004124
:10622400c00a40ea4150c90a01eb045130bd0020c4
:10623400002130bd004218bf41f00101bceb410f09
:0e6244007ff467afbceb430f3ff463af30bd98
:020000040000fa
:020000040001f9
:02625200704793
:020000040000fa
:020000040001f9
:106254002de9f84f837d032b074600f095807b4d95
:10626400eb6853b16c682b7c002b40f0b080eb687a
:106274000133eb600120bde8f88f0e46002900f0e1
:106284008180b0f8008042886c680b792b74a8eb8d
:10629400020834b113b92b68434502d00df060fef7
:1062a4006c68b368d6f814c0b868c5f80080d6e93d
:1062b4000321c5e90c32c5e90e1c336aa5f8403048
:1062c400736aa860a5f84230002cccd1836841469b
:1062d4003c22984782466860002853d0336803eb19
:1062e40043092b684feac90909f12809a046002b84
:1062f40000f08880bb4634e0c0e901a33368c0e9fc
:10630400033700f12803c0e905ecc0e90712036074
:1063140016f0d8ff504640f8044b17f091fa78b3c2
:106324000af1140017f08cfa50b30af1240017f0a4
:1063340087fa28b3daf80030b269db6802fb03f3aa
:10634400434a6333a2fb03235b09caf83430f3697d
:10635400caf838302b6808f1010843450af13c0ab1
:106364004fd9a8684946436898470127dff8fce0fd
:10637400dff8fcc03749384a182304460028bbd14b
:106384000df0eefd002076e7304b1a7c002a3ff436
:1063940071af0269916d8a427ff46cafb2f87620d6
:1063a4005c68c2eb021204eb8204206800283ff40c
:1063b40061af16f03dfb04f1240012f09bf904f1e7
:1063c400140012f097f9201d12f094f952e73b697a
:1063d4009b6db3f87630c3eb031304eb830420689e
:1063e40000283ff444af16f023fb04f1240012f01c
:1063f40081f904f1140012f07df9201d12f07af9ec
:1064040035e75f46154a1c2138200df0f3fd18b11d
:10641400134a0023c0e90223124968644ff4fa6264
:10642400022014f0fffb03460f48eb6118f0fcff59
:106434006b6c002ba4d0eb69002ba1d000289fd05b
:106444000023c5e905336c680de700bf70b0002078
:106454001f85eb510df10200e1f202000200010080
:1064640021dd02003d3c010090b0002005dd02006a
:04647400ddc902007c
:020000040000fa
:020000040001f9
:1064780070b5d0f8d010b0f8bc304e6884b004467f
:10648800002b32d00b687a491b6830469847236b3b
:10649800a56a01332363013de56216f0fbffd4f8da
:1064a800b4202368801a984280f08b8094f8dc30fe
:1064b800cbb1237c012b00f08980022b0cd194f8fe
:1064c800da306c4d012b00f0b9802b78002b00f0ee
:1064d80094800f2384f8da30002384f8e03016f033
:1064e800d9ffc4f8980004b070bdd0f8a030002bd4
:1064f8004ed1614a0968821ad210c2ebc21302eb6c
:10650800c303c3eb833302eb031202eb82024b6833
:106518005a4930469847d4f8d40018f0abf9d4f863
:10652800d030b4f87e201b680292020e0192c0f3ac
:10653800074200925d685249c0f30723c2b2304651
:10654800a847d4f8d030618a94f847201b68cde971
:10655800012194f8462000925d6894f8442094f84c
:10656800453048493046a847d4f8d010d4f8903080
:106578000968454a4d68126844494ff47a7000fb2f
:1065880003f33046b3fbf2f3a269a847d4f8a0306e
:10659800a56a6a1ca262227c0133012ac4f8a030d1
:1065a80029d0022a7ff478afb4f8de0017f020fd76
:1065b80002460b46d4e90801fff728fdc4e90801a3
:1065c8006ae700212046fff7ddfa6fe794f8d85014
:1065d8000135edb2092d84f8d85014d8012d37d0e3
:1065e8000a23c4f89030002384f8e03016f052fff4
:1065f800c4f8980077e7e068d8e74ff480711f2067
:1066080016f094fe65e794f8da301a4d012b0bd09a
:106618002b781bb1122384f8da305de74ff48071d0
:106628001f2016f083fef5e72b78002201334ff484
:1066380080711f202b7012f01bf9e9e72b780022dc
:1066480001334ff480711f202b7012f011f93ce7d1
:1066580016f020ff2946c4f898002046fff792fa62
:10666800d4f8d0300a491b6830461b689847b7e70a
:10667800cc2a000029b7002038a900201c2d0000d2
:10668800402d0000742d0000b4b50020982d0000a6
:04669800c82d000009
:020000040000fa
:020000040001f9
:10669c00f0b581ea030e0ef0004e40f20007cff683
:1066ac00e07717ea41051ebf95ea070f17ea430486
:1066bc0094ea070f00f0c5806d0da5eb545707f554
:1066cc0080674ff0004646eac12444ea5054c002a9
:1066dc0046eac32343ea5253d202801a9c4104d2a5
:1066ec000018644180185c41013f5b084fea32029c
:1066fc000025002140f001004ff0070604e0801a4d
:10670c009c4136d340416441801a9c4136d3404170
:10671c006441801a9c4136d340416441801a9c41ab
:10672c0036d340416441801a9c4136d34041644188
:10673c00013e17d0801a9c4136d340416441801ae7
:10674c009c4136d340416441801a9c4136d3404130
:10675c006441090201eb156190ea052520f0ff0068
:10676c004540cce7801a9c4156d335e080185c41fb
:10677c00c8d20018644180185c41c8d2001864412a
:10678c0080185c41c8d20018644180185c41c8d2a2
:10679c000018644180185c41c8d200186441013e65
:1067ac0017d080185c41c8d20018644180185c4135
:1067bc00c8d20018644180185c41c8d200186441ea
:1067cc00090201eb156190ea052520f0ff00454018
:1067dc00cce780185c411fd3420918bf44f0010478
:1067ec00490101ebd56100f01f0000eb451021f4cd
:1067fc00801141ea0e01013041f10001244208bf31
:10680c0020f00100b7f5006f3eda013f49dd01ebe6
:10681c000751bde8f0407047490101ebd56100f02c
:10682c001f0000eb451021f4801141ea0e01b7f571
:10683c00006f29da013f34dd01eb0751bde8f04070
:10684c007047004218bf41f00101124218bf43f0db
:10685c000103b7eb410f2cbfb7eb430f1ce0b7ebb9
:10686c00410f04bfb7eb430f16e017ea410f04bf0b
:10687c0017ea430f10e017ea410f12d017ea430f43
:10688c0002d0b7eb430f0cd04ef0fe4141f4700137
:10689c000020bde8f04070474ff0fe4141f4780114
:0668ac00f6e77146f4e777
:020000040000fa
:020000040001f9
:0268b20070472d
:020000040000fa
:020000040001f9
:1068b4002de9f04f012987b0054600f394800022aa
:1068c40002923c240522d0e90030cde90324049946
:1068d4008ab20592a1f10e04049a009270495e688e
:1068e400dff8c4b1dde90232b047002017f04efaf8
:1068f40017f0f4ff4ff0ff33cbf80030abf804305f
:106904002246002800f0b6800368cbf8063083885e
:10691400abf80a304bf28853aa210bf10e00abf806
:106924000c30604e18f098f84ff0000a04e0039b16
:106934000af1010a9a4553d0336801331aba002088
:106944003360cbf80e2017f021fa044600283ed01d
:10695400ddf814800022414638200df04bfb074639
:10696400002834d0036950499868049a786117f074
:106974009dfd3b69206da3f80c804c4bbb6000234c
:10698400fb60394608f0b0fb08bb2b6832685b68d3
:10699400474968689847029b002bc8d015f03cfa19
:1069a4008946044618f016fc029b4ff47a72a0fb49
:1069b4000301002315f046ff80460f4615f02cfa1c
:1069c400001b61eb09014045b941f7d3afe72b68e0
:1069d40032685b683749686898473368013b3360bd
:1069e40007b0bde8f08f16460c4670680a220021f5
:1069f40018f050f8022c03900cd1431eb3f57a7fa3
:106a040032d23c22002302930592d5e900302e2491
:106a1400049261e7b0680a22002118f03bf8032cc5
:106a2400029024d0f0680a22002118f033f8049070
:106a3400039a2b6868685c68013ab2f57a7f07d3d9
:106a44005b681d494ff47a7207b0bde8f04f1847f0
:106a5400029ab2f57a7f12d918494ff47a72234612
:106a640007b0bde8f04f1847d5e90030e8e73c230c
:106a74000493dde7cbf80600abf80a004ae7049a72
:106a8400a2f13c0140f2b25291427ff620af0c4990
:106a940040f2ee533c22a44607b0bde8f04f6047f5
:106aa4005c75000000b70020988800208df4020077
:106ab400b07500008c750000fc7400001c750000ab
:046ac4003c7500001d
:020000040000fa
:020000040001f9
:106ac8002de9f0470f2186b0032016f02ffcc007f0
:106ad8000dd406b0bde8f0879b0003f03c05132dec
:106ae80012d86ff00d010322204616f00df803208e
:106af80017f010ff04460028ebd0a669337803f09e
:106b0800f002402aedd1e7e723699b89ab42e8d33d
:106b180077887fba1ffa87f84545e2d817f004fc52
:106b28008045ded8a06a06f1100116f0d5f9804636
:106b3800a06218b190f84230590602d46ff01301e0
:106b4800d1e7f3685a1c4ad0d0e901a96aea0902d8
:106b5800934244d03369002b44d0b646bee80f00b8
:106b68000df1040cace80f00def80030ccf8003072
:106b7800bdf80a30adf806705bbaadf80a30c3f359
:106b88000d03002badd1236a13f4807206d1304671
:106b980029460df073fc40bbd8e901a9059b0aea18
:106ba8000902934224d1434a136811688b42fbd1ee
:106bb800002bc3d0404e304615f042fb366806e045
:106bc800337a1bb173689847002853d13668294631
:106bd8002046002ef4d1384816f040feaee76ff09c
:106be8000a0180e76ff00b017de76ff009017ae792
:106bf800581c23d06aea09094b451fd09df8142078
:106c080002f0f002e02a19d02c4a934216d09a4595
:106c180014d098f874301907c5d505a814f04cfaa3
:106c28000028c0d090f874201207bcd5d0e9012301
:106c38001a40d8e901310b409a42b4d1a1692069c0
:106c48000b789b0003f03c03ca18e2618289d21ad0
:106c580082814888ca8840bac31a4880a385487a7e
:106c680053ba421ed2b2102acb809bb206d96ff01b
:106c78000e0138e7104816f0f1fddfe7104931f84a
:106c880012000028f3d0c3f30d033bb901222146bb
:106c980013f0e8ff00287ff42aafe8e740f6d9337d
:106ca800084a0949002010f047fd084b1a68002ad5
:106cb800fcd11ce7c8b5002050b400207f000001bb
:106cc800e0d5020068e00200f8310000c0b50020fd
:020000040000fa
:020000040001f9
:106cd8002de9f047002884b00cdb7d4b1b689842f7
:106ce80008da7c4b1b6853f820501db195f85c30ce
:106cf800012b04d00024204604b0bde8f087ec68de
:106d0800002cf8d0236a1e07f4d495f83d30980774
:106d18007cd4ac682b68e41aa4b2002cebd06b6965
:106d2800002be7d095f93c2095f83c30686a002a9a
:106d38006fda00286dd003f00303022b00f0bc804b
:106d4800696995f83d30ee68d5f818c0d6f81c800a
:106d5800306413f00207c6e90ec16ed0b6f854408d
:106d680004f1080906f148071ffa89f90823d6f83b
:106d780010e06a8dbef80ca05344aef80c302b8d91
:106d88005bba52baa8f8023099fa99fe0023a8f81b
:106d98000020a8f804e0a8f8063090f8703013f046
:106da800020269d096f83c2095f83f3095f85e10bd
:106db80002f0f002e02ac3f30500c3f3801345d0c4
:106dc8008df801108df800004a468df80230112127
:106dd8006b46304604f000fa002213463260b38650
:106de800304618f07dfa002885d195f83d30326993
:106df8009b0758bf2b68908158bfab60336a48bf68
:106e0800a6f8540023f00803336273e7b4f854403b
:106e180083e7c3f3801305f1180205f1140113f099
:106e280023fc686200283ff465af95f83c3063f0b6
:106e38003f0385f83c30dbb27de7ab682a689b1ad4
:106e48009cb204f108039bb2994690e7012938bf28
:106e580001218df800008df802308df801106b4685
:106e68004a461121304604f0b7f995f83e30002221
:106e78003260c3f38003b2e74ff48853cde901c110
:106e880001a80c21adf80c30adf80ee00df0f6fac3
:106e980095f83d30c243990792b213d50821404670
:106ea8000df0ecfac24392b2b86821460df0e6fa4a
:106eb8000346a8f8063075e716f074ff01466961c5
:106ec800686a3ee7494640460df0d8fa0346f0e7bf
:086ed8002cb6002030b60020aa
:020000040000fa
:020000040001f9
:106ee0002de9f04f0f2189b0092016f023fa10f098
:106ef0000103009324d109b0bde8f08f0123019e66
:106f0000ddf80c8084f85c3094f83e305a0605d5e4
:106f100098f8003003f0f003e02b1dd1314604f166
:106f2000400017f0c9f9b4f85a30db0508d5e56c14
:106f300035b1236db16ab4f912004ff48072a847dd
:106f4000092017f0ebfc06460028d4d0b38d072ba0
:106f500011d9326a940311d56ff00e01304609221f
:106f600015f0d6fd092017f0d9fc06460028c2d03e
:106f7000b38d072bedd86ff00d01efe7f769bc88f3
:106f800064baa4b2a342f6d118f0b6f90546304669
:106f900018f0aef9fb8880461bb1326a12f48062a9
:106fa00077d03b88b16adff834a15bba3b807b883d
:106fb0005bba7b80daf80030083c002bbc80cbdd6c
:106fc000dff81cb1019600253e46cdf80c8000bfcd
:106fd000dbf8003053f82540b4b394f83e309a07fc
:106fe00032d5b4f85820b4f848309a422cd9b4f8c5
:106ff0002a80b6f802e094f85c30b4f828c0e06b60
:10700000626ae769f0451fd1012b994623d0dbb9ad
:10701000b6f800e0ddf80080e64522d0430748bf1f
:1070200048f00208914220d00ab1030701d548f088
:1070300004080fb1c0061bd548f0080849ea080942
:10704000b9f10f0f3ff45aafdaf8003001359d4225
:10705000bedb019e80e7b6f800e0e6454ff0000891
:10706000dcd1914243f00209ded149f00409e0e7a6
:107070000198029118f040f9036802999f42e3d108
:1070800049f00809b9f10f0fd8d1019eddf80c8045
:107090003ae72b6805934ff488510368adf81c104c
:1070a00006930c21bb88adf81e3005a80df0eaf957
:1070b000326ac34351079bb20ad52246394630464d
:1070c0000df028fa6ff0090100283ff46aaf45e798
:1070d0001a46214638460df0d5f9f3e72cb60020c4
:0470e00030b60020a6
:020000040000fa
:020000040001f9
:1070e4000400000026000000000000000000000072
:1070f400000001000000000000000000000100008a
:1071040091000400609600000000000000010000ef
:107114008100040080000000000000000001000065
:1071240077000100280000000000000000010000ba
:1071340043000400ff000000000000000001000004
:1071440044000400ffff00000000000000010000f4
:1071540045000400000000000000000000010000e1
:1071640053000400ff0000000000000000010000c4
:1071740054000400ffff00000000000000010000b4
:1071840055000400000000000000000000010000a1
:1071940040000400020000000000000000010000a4
:1071a4005000040002000000000000000001000084
:1071b400e9000400509e00000000000000010000ef
:1071c400f5000400f81c00000000000000010000ad
:1071d400f400040020c000000000000000010000d2
:1071e400f8000400009b0000000000000001000003
:1071f400f9000400534e00000000000000010000ec
:10720400b0000400030100000000000000010000c1
:10721400b10004001009000000000000000100009b
:10722400b2000400261d0000000000000001000060
:10723400b30004002a000000000000000001000068
:10724400b40004000301000000000000000100007d
:10725400b50004000d07000000000000000100005c
:10726400b600040020170000000000000001000028
:10727400b700040027000000000000000001000027
:10728400b80004000905000000000000000100002f
:10729400b9000400130e000000000000000100000b
:1072a400ba000400251c00000000000000010000da
:1072b400bb0004002b0000000000000000010000df
:1072c4000c000000000100000000000000010000ac
:1072d40081000400e0000000000000000001000044
:020000040000fa
:020000040001f9
:1072e4002de9f04f87b0dde910a9cde90103b9f12b
:1072f400000f19d04ff0ff33c9f800300f46154680
:1073040014f0d2f8064678b18db187b13088dff831
:10731400c4810390742303fb008393f864206ab14f
:107324001b6e019a934209d007b0bde8f08fbaf101
:10733400000ff9d0029b002be8d1f5e7742303fb7f
:1073440000f308eb0302059392f826300492e3b1ac
:10735400742303fb0083d3e906e2db6e2ab34ff008
:10736400000c09e09b460eeb8404013321780cf1f8
:10737400010c79b3624518d0934203ebc304f1d3f3
:10738400744601234ff0000bf0e792f87120012ab4
:107394007fd017f019ff0028c6d017f00fff4a4915
:1073a40007b0bde8f04f15f0d5b917f00dff002870
:1073b40040f08380039a742303fb028393f82630fe
:1073c400002bb1d1049c20460af0d8fb012384f899
:1073d4007130a9e7742202fb008c2162c2b2bcf8ae
:1073e4002410120242ea014201314ff6ff705ffaa3
:1073f4008bfe89b2814208bf012142ea0e020120bc
:10740400e2612070ccf86c30029bacf82410c4e923
:107414000137019ba3614ff48073a382b369d3b98d
:10742400049b1b6ac4e9035ac9f80020e3b1274b43
:10743400059a9b5823b11a461b6a002bfbd1146290
:10744400039a742303fb028898f82630002bb9d0e2
:1074540007b0bde8f08f082b99bf6d004fea4a0ac8
:10746400ad004fea8a0adbe7049a0223146220463d
:10747400637509f039fa039a742303fb0283da6a09
:1074840001320ed01b6b01330bd0204603f04cfbb2
:10749400d6e7049a104682f871300af0fbfd308872
:1074a40056e7039a742303fb0283d4e902015b6960
:1074b40062685d682369a847c2e717f07ffe044944
:1074c40015f048f976e700bf540b0000b0ae002079
:0874d400700b000090ae0020d7
:020000040000fa
:020000040001f9
:1074dc00f8b513f0b5fa002800f0b180054600bfee
:1074ec00d5f88c40002c42d023695b689d4265d155
:1074fc00e37b022b56d1237b013bdab2042a3fd823
:10750c00a27b012a00f09c80654a214652f8233068
:10751c0028469847a37b052b3fd8042b27d92669ef
:10752c0073689d4256d1607b10f0010011d1b76891
:10753c00d7b1a37b5a1e032a7fd9062b00f2a18058
:10754c00052b01d10423a373002223893046214645
:10755c00b847237b032b0ad0022305f18c0221466a
:10756c0028460af037fdbbe7237b032b3ed117f0ef
:10757c0067ff2b7801332b70bde8f84017f062bf22
:10758c0040f22c43474a4849002010f0d3f8474baf
:10759c001a68002afcd10723a373e86817f092fd40
:1075ac00a37bbae74ff484633e4a3f49002010f0b6
:1075bc00c1f83e4b1a68002afcd19ce740f21f43ed
:1075cc00384a3949002010f0b5f8384b1a68002aaf
:1075dc00fcd18de740f22153354a3349002010f09d
:1075ec00a9f8324b1a68002afcd19ce7d5f88c60bc
:1075fc00002e37d0d5f890309e42d5f8943014bf79
:10760c003768c5f89070013bc5f88c70c5f894309c
:10761c00f37b022b1ad1a64224d1d5f89c30002240
:10762c0032605bb31e60c5f89c60d5f8a0300322b5
:10763c000133c5f8a030f27352e7012285e7f8bd9b
:10764c00e86817f039fd237b013b5de74ff4b0731d
:10765c00184a1549002010f06df8144b1a68002ace
:10766c00fcd1d8e740f2b723134a0f49002010f0a1
:10767c0061f80e4b1a68002afcd1cee7c5e92666e4
:10768c00d3e740f25b530d4a074910f053f8074b10
:10769c001a68002afcd1b7686ff0130255e700bfd7
:1076ac00f0e7020058e60200940a000034b500200e
:1076bc00dce7020040e20200d0ed0200c8e7020065
:020000040000fa
:020000040001f9
:1076cc002de9f0430129466889b0054600f3b780df
:1076dc00644bd3f8009000274f4509d3ace02b68de
:1076ec0061491b68304601379847b94500f0a480c2
:1076fc00384616f047fb142203a9044613f048ff42
:10770c002b682046d3f8048017f018fd57490097d2
:10771c00034603aa3046c047204617f015fd002843
:10772c00ddd0204617f0fafd2b6851495b68024604
:10773c0030469847204617f09bf81422034603a9bd
:10774c0002a8029312f016fd2b684a495b6803aa43
:10775c0030469847204617f0b3f81422034603a985
:10776c0002a8029312f006fd2b6843495b6803aa3a
:10777c0030469847204617f085f81422034603a993
:10778c0002a8029312f0f6fc2b683c495b6803aa32
:10779c0030469847204617f07ff81422034603a979
:1077ac0002a8029312f0e6fc2b6835495b6803aa29
:1077bc0030469847204617f079f81422034603a95f
:1077cc0002a8029312f0d6fc2b682e495b6803aa20
:1077dc0030469847204617f07df8142203a913f081
:1077ec0049fc2b6828495b6803aa304698472b68ec
:1077fc00264a27495b68304698472b682046d3f8c1
:10780c00048016f0dbfa234b234a2449002818bfc6
:10781c001a463046c0472b6820465c6814f0befe02
:10782c001f4b204a2049002818bf1a460137304602
:10783c00a047b9457ff45caf09b0bde8f083506850
:10784c000ff076fc28b117f0fdf9074600f101099d
:10785c0042e72b6815491b68304609b0bde8f04378
:10786c00184700bfb0b50020e81c0000b81c000091
:10787c00fc1c0000201d0000341d0000401d0000f9
:10788c00501d00005c1d0000681d00007c1d0000e8
:10789c00901d00008c1c0000901c00009c1d000022
:1078ac009c1c0000981c0000ac1d0000a41c0000d7
:020000040000fa
:020000040001f9
:1078bc0070b5664c23788eb0032b08d8dfe803f044
:1078cc00029c7709624a05210123116023700eb0d6
:1078dc0070bd604ed6e90032134300f096805e4acc
:1078ec00136801331360f2f785f801f0d9fed6e97d
:1078fc0000321343ebd0594c0a2510e06bb90090c1
:10790c000191bdf82230dde906010df12d0211f0d7
:10791c009df8bdf82810002943d1013dd7d0d4f8eb
:10792c00042ad4f8003a9a42d1d0d4f8043a03eba2
:10793c00830304ebc30cd4f8043a013303f03f0384
:10794c00c4f8043abce80f000df1100eaee80f00bd
:10795c00bce80f00aee80f009ce80300d6e900235a
:10796c008ee80300dde9040114f068ff9df82c306b
:10797c00022b54d0032bc1d1009001919df82b0008
:10798c003749384abdf82230002818bf0a460292ff
:10799c003549069a00200ff0cdfebdf828100029bd
:1079ac00bbd0099b3148184408f032fab5e70020e7
:1079bc0016f0e8f92e4b2f491a6815f0adff01208f
:1079cc0016f0e0f92c4b2d491a6815f0a5ff0ff0b5
:1079dc00e7f90af011f82a492a4816f043fa2a4b1b
:1079ec002a4a2b49002818bf1a4600200ff0a2fe85
:1079fc00032323700eb070bd154b1b68002b7ff456
:107a0c0066af022323700eb070bd17f0dffb214b65
:107a1c00a3fb00239b090022c6e900325fe700901c
:107a2c0001919df82b000e490e4abdf8223000281a
:107a3c0018bf0a4602921849069a00200ff07afee7
:107a4c00bdf8281000293ff468afaae724b700203e
:107a5c0098b60020f8b4002094b60020787000206e
:107a6c00484700003439000098470000000000200f
:107a7c00a4b600207d060200a0b600208d6902008d
:107a8c00a8b6002009b70200284700002c470000c8
:0c7a9c0054470000d34d62107c470000ee
:020000040000fa
:020000040001f9
:107aa8002de9f04fd0f8943001eb011803eb88036f
:107ab80083b0064601eb8101d3f814a08b00019333
:107ac800b36b4fea88084ff00109002b00f098804b
:107ad80006f16804032120469847d6f894304344b9
:107ae8005f6a002f00f0aa80b46b9a6aba42da6a19
:107af80014bf3968002102f1ff3208bf9962596248
:107b0800da621cb1042106f16800a047bc880aebc0
:107b1800c403e5005a68002a80f297801a68002a90
:107b280000f09380b7f808b01968b7f806900222f9
:107b3800304615f031f90bf1ff3292b2bbf1000f6c
:107b480021d0d6f8a0300199dff838e10b444ff086
:107b5800000bb3f80ac000e0e500554401346b6837
:107b680043f000436b606b68013aa4b292b24ff6df
:107b7800ff7103ea0e03a44598bf00248a426b6094
:107b8800c5f800b0e8d1036a346b23f00803036238
:107b980041f250020121a0470aebc900d6f89430ff
:107ba800d6f8841042684344013122f40042c6f8f2
:107bb80084104260a3f84090bff35f8fb26b00233c
:107bc8003b817b6022b1032106f168009047b26bcc
:107bd800d6f8943003eb080100203860486bd8b120
:107be8000760886b4f6301308863e2b1042106f1b6
:107bf80068009047b36b4ff00009002b7ff468af23
:107c0800d6f89430434400245f6a002f7ff46dafa8
:107c1800484603b0bde8f08f886b0130c1e90c77a6
:107c28008863002ae2d1434491465f6a0024002f0a
:107c38007ff45baf484603b0bde8f08fb36b002b11
:107c4800e6d0042120469847e2e7b26b22b103212f
:107c580006f168009047b26bd6f894304344596aed
:107c680071b13960d96a5f620131d962002acfd017
:107c7800042106f168009047484603b0bde8f08f3c
:087c88009f62efe7008000c0dd
:020000040000fa
:020000040001f9
:107c90002de9f04f87b00023804602294068059304
:107ca000cde90333019040f3c580cf1e27f00107d3
:107cb0009a46141d0337012599461ee0624958462d
:107cc00016f085fc002858d09bf800202d2a47d1bb
:107cd0009bf80120692a43d19bf80220002a3fd15a
:107ce00005aa0a21304610f0fdf90028c0f287806d
:107cf0000235af4204f1080416d0d4f800b053495d
:107d00006668584616f063fc0028d7d103aa0a21fa
:107d1000304610f0e7f9002839db0235af424ff06a
:107d2000010904f10804e8d1494b059a1b689a42fd
:107d300036d2b9f1000f3dd0039bb3f5803f55d249
:107d4000baf1000f6fd00499b1f5803f4ed2414c8b
:107d5000e82000fb0244c4f8c430c4f8c81032e084
:107d60003d49584616f033fc0028b9d0d8f8003009
:107d70003a491b6801989847bae704aa0a21304695
:107d800010f0b0f9002802db4ff0010ab0e7d8f894
:107d9000003033491b680198984707b0bde8f08f61
:107da0005a1ed8f800302f495b680198984707b0f1
:107db000bde8f08fbaf1000f2ad1264ce82303fb6f
:107dc0000244d4f8c430d8f80010019e4d6826490a
:107dd0003046a847d8f80020d4f8c8302349546862
:107de000059a3046a04707b0bde8f08fd8f80030bc
:107df0001f491b680198984707b0bde8f08fd8f875
:107e000000301c491b680198984707b0bde8f08f07
:107e10000499b1f5803fe9d20e4ce82303fb0244fc
:107e2000d4f8c43099e70b4ce82101fb0244c4f8b4
:107e3000c430c8e7064a126812b1064c1a46c0e7b9
:107e40004ff0ff32ade700bf2827000008270000f1
:107e5000bcb5002038a900202c27000054270000c2
:107e60000c27000088270000d82700000028000009
:087e7000bc27000034270000cc
:020000040000fa
:020000040001f9
:107e78002de9f04f714c23788bb0002b00f0bc80bb
:107e88000728064600f2c78094f812328846002b6d
:107e980039d1a3196768197acb4303f00f030b4450
:107ea80007f5007000eb43200d4607eb41238e4693
:107eb8004ff6ff7c02e083428db22ad01a886245d1
:107ec80005f1010103f50073f5d115f00f03668282
:107ed80040f08c8044f64553a38241464ff4fe722d
:107ee8002644574816f0e0fa07eb4521554814f0a8
:107ef8004dfe3572bff34f8f012384f812320020f4
:107f08000bb0bde8f08f638a8342c2d014f0aef89c
:107f1800bfe771460ef0f00c0b0907eb4c250093f8
:107f28000df1080a4fea4c23019305f58051634689
:107f380050462a461788438002f5007201338a4268
:107f480007809bb200f10400f4d10cf1080705f595
:107f580000550af1200c5046a146b34606880b4648
:107f68003a461c8803f50073b44208bf428002f108
:107f7800010e9d421ffa8ef2f3d104308445edd1f3
:107f88005e464c46dff8bcb04ff0000913e0a28211
:107f98006368a9b203eb41215846274409f1010956
:107fa80014f0f4fd0123b9f1080f3d720af1040a37
:107fb80084f8123233d0258a14f058f8baf80070d1
:107fc8001f48be4209eb05154ff4fe7218d1414611
:107fd800668216f069fa15f00f0344f64552d6d0ba
:107fe800012b04bf43f27613a382d1e7012b04bf10
:107ff80043f27613a38270e704200bb0bde8f08f3c
:10800800baf8022063684ff4007103eb4222584625
:1080180016f06afedfe702200bb0bde8f08f14f01f
:1080280025f86068019b184415f0c8f916f064fe3d
:108038000028fbd1009b238261e700bfa0a100209c
:08804800b6a10020b2a1002046
:020000040000fa
:020000040001f9
:108050005b4b0129186069dd2de9f0415768044642
:108060000d4638465749164616f0b1fa002859d041
:108070005549384616f0abfa8046b0b9022d57d0b4
:10808000b5685049284616f0a2fa0346002838d1b0
:10809000d4e900104d4a4c68117800294fd0137074
:1080a0004b492346bde8f04118474a49384616f087
:1080b0008efa20b300221146384616f0edfcfe2859
:1080c0005cd8c3b2444922680b7044496068444c90
:1080d000444d526800230b60434923700b70434c9e
:1080e000434923700b70434c434923702b600b7042
:1080f000424b434901241c70bde8f0411047ff2367
:10810000e0e728464246414616f0c6fc431eb3f55a
:10811000616f054618d3236860683a495b68bde81b
:10812000f0411847bde8f04107f0bebf00f048ba83
:108130002368606834495b68bde8f041184723460e
:108140003249bde8f04118472c4a137813b317f0b1
:1081500043f82f4ba5fb0002c3e9000213f05efebb
:108160002c4bc3e900012368184960685b682a4604
:1081700001250d70bde8f041274918472368606864
:1081800026495b689847d4e9003025495b68bde81b
:10819000f041184713481049036010480360104825
:1081a000037011480370114803701148037011489f
:1081b00003701148037001231370ff230b70c6e78f
:1081c000c4b60020442600007c5f000043b70020b6
:1081d000b05f000044220000e8b80020b4b60020e0
:1081e00044b70020b8b6002048b7002047b70020a9
:1081f00046b7002045b7002049b700204ab7002005
:1082000098600000f05f0000845f0000cc5f000019
:1082100008b5002000b50020186000004060000094
:048220006860000092
:020000040000fa
:020000040001f9
:108224002de9f0470022044692b03f2115f002f8f0
:108234000021204615f0aeff3f21204614f074fbc8
:1082440000223f21204614f0f5ff20463f2114f080
:108254006bfb2069d4f8b0500023421ca4f85630bc
:10826400e365a4f85430a4f85a30a4f8583004d084
:10827400ab6998474ff0ff332361e068431c04d097
:10828400ab6898474ff0ff33e3606ff0010120467d
:108294000cf05cfa94f8a430002b00f09c800026cb
:1082a400374600bfd4f894104422314401a816f094
:1082b400fdf804f1680802e0636ae0699847a36b7b
:1082c4000321404603b198470da815f0f9f9a36bb3
:1082d40005460421404603b198472946002debd1b9
:1082e40004f1680802e0636ae0699847a36b03211c
:1082f400404603b198470aa815f0e2f9a36b054676
:108304000421404603b198472946002debd194f847
:10831400a4300137fab29a4206f14406c2d3002bc4
:1083240059d02e46a8462f46d4f8941044224144ee
:1083340001a816f0bbf804f1640901e0e36a984768
:10834400a36b0521484603b1984703a815f0b8f973
:10835400a36b05460621484603b198472846002ddd
:10836400ecd1d4f8a0e001993ef806300bb300bf7d
:1083740001eb850cb9b1dcf800000ffa85f94fea7e
:10838400850a30b1e36a98470199d4f8a0e001eb7b
:108394000a0c029a02ebc9020023ccf800301360e5
:1083a4005360adf840303ef806300135edb2ab42d3
:1083b400ded821b1636ae069984700230193bff3d3
:1083c4005f8f94f8a4200137fbb29a4208f1440865
:1083d40006f11406a8d8a36b1bb1022104f16800ae
:1083e400984700232375a36112b0bde8f08700bf4e
:020000040000fa
:020000040001f9
:1083f4002de9f0470f219ab0062014f099ffc30726
:1084040080460bd418f0020f26d11ab0bde8f087cd
:108414006ff00d010622204614f078fb062016f0ba
:108424007bfa04460028edd0a68d072ed4e9065722
:10843400eed9002332463946d5f80c900cf068f892
:1084440038b93b88082b75d0002b3cd06ff00c0159
:10845400e0e76ff00901dde715f01ef8054608a80e
:1084640016f05efe524b1c68b4b1524e002103e07c
:108474002368214683b11c4663683268eb1a934231
:10848400f6d34b4812f0dafd214608a815f012ff86
:1084940023682146002beed1474e07e0e5690db174
:1084a400236aa8472146304615f004ff08a815f0b2
:1084b400b7f9044601464ff0ff320830002cedd1e5
:1084c4001ab0bde8f0873a4a1568002dbed0ba88c4
:1084d4009c4604e02b68ac46002bb7d01d466b8a43
:1084e4009342f7d1298afb889942f3d105f1080a0e
:1084f400bae80f000df1040eaee80f009ae8070089
:108504008ee8070061462a4812f098fd083e2a4882
:10851400294615f0cffeadf81460069ecdf80890fc
:108524000837049726b1079b294601a80022b047c3
:1085340002216fe7a06a05f1100114f0bbfa10b133
:108544006ff00e0166e7e169a56a4b880880deb228
:1085540006f10802d2b21846072a62f3070009d8c6
:10856400c3f307230133dbb263f30f2013b90936d6
:1085740066f3070000264880324601212046266023
:108584000df064f8a369d3e903133246cde9161359
:1085940008a821461895fdf71bfc00287ff43eaf80
:1085a40006226ff00501204614f0b0fa36e700bf4a
:0c85b40080b4002038b500208cb40020fa
:020000040000fa
:020000040001f9
:1085c00070b55b4b5b4c1978206882b000296ad08b
:1085d000594b1a78ff2a31d0002877d0d0e90030e3
:1085e000564e5d68564b042918bf33465549a84777
:1085f000554b20681b78002b31d1002800f0938068
:10860000036852495b6840689847514b1a68002ad2
:1086100047d0504923680978002b60d0d3e9004047
:10862000052998bf4c4b646894bf53f821304b4bdd
:108630004b49a44602b0bde87040604700283cd0da
:1086400003683e4d3e4a5b684068042918bf2a46cd
:10865000444998473c4b20681b78002bcdd0424bb7
:108660001b78002848d0d0e90020072b556896bf1a
:108670003e4a3f4a52f823203e49a8473e4a3f4bd4
:108680003f49256812781b780968002d45d0d5e947
:10869000005000916d683b49a8472d4b1a68002a8d
:1086a000b7d102b070bd002831d0036836495b688d
:1086b000406802b0bde870401847214b1f4a0429aa
:1086c00008bf1a4627490ff03bf891e71b4d1c4b9a
:1086d000042918bf2b461b490ff032f888e70529fb
:1086e00096bf1d4b1d4b53f821301d49002002b091
:1086f000bde870400ff024b8072b96bf1b4a1c4af8
:1087000052f823201b4900200ff01af8b6e71e4943
:1087100002b0bde870400ff013b800912846194927
:108720000ff00ef871e709490ff00af86de700bf86
:108730004ab70020c4b60020e8b80020d058000096
:10874000c85800005c59000044b700207c59000064
:10875000b4b6002045b7002080e40200e0580000d5
:10876000005a00003059000048b7002064db0200c6
:10877000dc580000c459000047b7002046b700206d
:0c878000b8b60020d8590000ec580000ea
:020000040000fa
:020000040001f9
:10878c002de9f04f91f80cc0d0f8ac40bcf1010fc2
:10879c0083b009d0d1e90002c4f880000020c4f8ed
:1087ac00842003b0bde8f08f8d68287d2a7c2e7b59
:1087bc00c0f3400ac0f38013c2f340118aead01a06
:1087cc00c0f3000e8eea030e8aea010ac2f300110e
:1087dc008eea010ec0f38007c2f300012b7a4f40e2
:1087ec00c6f3c0018aea010ac6f38001c3f3400b49
:1087fc008eea010ec2f380114f408aea0b0a0197f0
:10880c008aead317c2f34001c3f3000ac0f3c008cd
:10881c000097019f8eea0a0e88ea0108c6f3001a37
:10882c0087ea0a07c0f3001b88ead218c0f340108d
:10883c00c2f3800ac2f3c0024240c3f380108eea36
:10884c000000c3f3800e87ea0e0ec6f34017297999
:10885c002d788bea0a0a88ea0708c6f300078aea29
:10886c0007070197c1f3001b009fc1f3401a80ea70
:10887c000b0bc1f300008eea000e87ea0a0ac3f361
:10888c00c000019f88ea0000c6f3801887ea080739
:10889c00c6f3400882ea080282ead612c5f3c00683
:1088ac008aea060ac5f380068bea060bc1f380162a
:1088bc008eea0606c1f3400e80ea0e00c3f3001eda
:1088cc00c3f340135a40c5f3001380ead110734030
:1088dc00c1f38006c1f3c0014a404bea4a0bc5f311
:1088ec00401187ea0e0748404bea83037e40c5f3ec
:1088fc00000143eac0037140c5f38010414043ead4
:10890c000113c5f340014a4082ead51243ea4213ef
:10891c0003f03f034ff0000963f30709a9f12002ac
:10892c00c9f12003d4f88410d4f880000cfa02f2b8
:10893c002cfa03f31a430cfa09fc4cea00000a4324
:04894c002ae700bf57
:020000040000fa
:020000040001f9
:108950002de9f04782b0594fddf82cc0bc4540f0fe
:10896000a88000248a468cf80c4100294bd097f847
:10897000041105465248164699460cf0c9fba0461c
:108980004ff0010c0cfa04fc1cea090f18d05ffa36
:1089900084fcbcf11d0f10d8dfe80cf0857f0f0fb1
:1089a0000f0f0f0f0f0f0f0f0f0f0f0f0f7a7570a5
:1089b0006b66615c57524d48433b42480cf0a8fb44
:1089c0000134202cdcd1b9f1000f11d0dff834a133
:1089d000002403e001212846faf746fbcde900a474
:1089e00001234a463146284614f0bcfe0028f1d047
:1089f000b8f1000f04d0002387f8d83087f89430fe
:108a000002b0bde8f0872f4802b0bde8f0470cf097
:108a10007fbb2d480cf07cfb0123013487f80c311f
:108a2000aee72a480cf074fb0134a9e728480cf0a3
:108a30006ffb0134a4e727480cf06afb01349fe781
:108a400025480cf065fb01349ae724480cf060fbe4
:108a5000013495e722480cf05bfb013490e7214894
:108a60000cf056fb01348be71f480cf051fb01342e
:108a700086e71e480cf04cfb013481e71c480cf0e3
:108a800047fb01347ce71b480cf042fb013477e7dd
:108a900019480cf03dfb013472e718480cf038fb24
:108aa0000134d0466ce716480cf032fb0134d04656
:108ab00066e7002383f80c31ffde00bf20a700200b
:108ac000d803000040080000200800000008000053
:108ad000e4070000bc070000940700006c070000da
:108ae0004007000014070000e8060000c806000068
:108af000b00600009406000078060000540600004e
:088b000030060000e1950200bf
:020000040000fa
:020000040001f9
:108b08002de9f047694c844240f0bf800d46b4f827
:108b18005410002a5cd06a08eb0802f0800203f0c7
:108b28000203134305f0040213436a0202f480624d
:108b380013432a0902f0400213436a0902f01002a3
:108b480042ea03094e46002940f0a280b4f85830a2
:108b58000d4346ea0302a4f85450a4f85820a5b3dc
:108b6800b4f85a3094f8a4209bb229ea030942b316
:108b78000027dff83881ba463e4600bfd4f8a03057
:108b88003b4429f0d0051a7c5b7c012a08bf4d467e
:108b9800012b1cbf25f4806525f0060531464046ab
:108ba80016f07afb3146aab2404616f079fb0af174
:108bb800010a94f8a4305ffa8af6b34207f1140761
:108bc800dcd83a483f2113f0c3fe0120bde8f08706
:108bd80023680d401a886e08eb0806f0800603f03b
:108be8000203334305f0040633436e0206f480663d
:108bf80033432e0906f0400633434fea55182c4eee
:108c080008f0100841f25007ba420cbfb1464ff0c5
:108c1800000948ea0306b046002940d1b4f85630a6
:108c28009bb223ea0503a4f85630b4f85a309bb235
:108c380023ea0603a4f85a30b4f8583023ea0603a6
:108c4800a4f8583094f8a43021ea0501a4f8541087
:108c58009bb10026154f354629464246384616f040
:108c680023fb2946384616f017fb013694f8a43042
:108c7800f5b2ab42f0d8b4f854100029a5d00b488f
:108c88004a463f2115f09cfa9fe70020bde8f0878f
:108c98003f21002214f0ccfab4f8541056e73f21d3
:108ca8004a4614f0c5fab4f85410b7e75cb7002088
:048cb80040b70020a1
:020000040000fa
:020000040001f9
:108cbc002de9f04f8c461646d0f8a0100ceb8c0228
:108ccc0085b0054631f822000390002b00f0c680d9
:108cdc005c1e0ceb0c1800230093a4b24fea820b21
:108cec004fea88080b46cdf808c00ee0036853f82d
:108cfc0026704fea86093fb3013ca4b24ff6ff73ce
:108d0c009c4200f08b80d5f8a030d5f894105b44d1
:108d1c0001eb0800df88028a9742e7d91989029a89
:108d2c00002328460af03efc03460133009000f075
:108d3c008c80d5f8941001eb08004fea8609036883
:108d4c0053f82670002fd7d1ab6b002b6ad005f1ee
:108d5c0064020521104601929847d5f89410019aa7
:108d6c00ab6b01eb0800d0f808a0baf1000f65d08e
:108d7c00c268524504bf0022c260026918bfdaf80b
:108d8c0000708760013a0261002b51d005f164023a
:108d9c001046062101929847daf81030019a5f6864
:108dac00ab6b27f003071bb1104605219847ab6b43
:108dbc00d5f89410d5f8a020414432f80b004a683d
:108dcc00013802ebc60286424ff0000c08bf47f098
:108ddc000207c2f804c0176033b1062105f1640024
:108dec009847d5f894104144039b0a681c49caf86b
:108dfc000c500136b6b2b34298bf0026013c00239a
:108e0c00caf82030caf80810a4b242f809a0caf86f
:108e1c0000304ff6ff739c427ff475af009805b09d
:108e2c00bde8f08fd0f808a0baf1000fa0d163e72d
:108e3c00daf81020576827f00307bbe7002b3ff444
:108e4c005baf10460621984756e7d5f8803000985e
:108e5c000133c5f8803005b0bde8f08f0093dde735
:048e6c0001500200af
:020000040000fa
:020000040001f9
:108e70002de9f04182b0bab1b1b1002814db654be5
:108e80001b68984210d2644b1b6853f820505db1a8
:108e9000ab6c4bb195f87030032b0ad0082b08d07f
:108ea00095f87130012b7ad00024204602b0bde83d
:108eb000f081d5e90206b04280f08980361a013e81
:108ec000b6b2002e00f09980b24228bf32466b68dd
:108ed000144682189342274640f281803a4612f0a7
:108ee0008ff8aa682b693a449a42aa603dd095f857
:108ef00087c0b5f860001cf0200f15d095f88410dd
:108f0000890611d4d5e90071361bc91bb6b2c1f36d
:108f10004f01b14208d3002875d195f8843043f051
:108f2000200385f88430c0e79a4235d869682e68f6
:108f3000c91a921b0a4492b29042b5f86660014683
:108f400028bf11468e4239d9b5f86a60b1eb560f89
:108f500034d2904209d31cf0020f2fd195f985200d
:108f6000002a02dbea68934228d095f884305a0739
:108f70009bd443f0040385f8843013f04dfe06467d
:108f800014f08cfa254a06eb8603db00a2fb0323d0
:108f900000eb9310a86288e7d21a92b2cce7a868d7
:108fa0002b69834280d0b5f86030002b3ff47caf52
:108fb000012210212846f4f78dfb75e700283ff4c5
:108fc00074af012210212846f4f784fb6de7d5e940
:108fd00000431b1b861b013b9b1b9eb271e71f1aa4
:108fe0001ffa87f84246019112f00af801992868a1
:108ff000a860e31b41449fb270e795f87130012be4
:109000007ff452afcce7012210212846f4f762fb2f
:1090100083e700bf54b5002064b50020d34d621033
:020000040000fa
:020000040001f9
:1090200000287cdb2de9f04fdff89c919846d9f8b9
:109030000030984283b060dadff890b1dbf800309e
:1090400053f82070002f58d097f85ca00e461546b4
:10905000002956d1baf1000f4fd1d046cdf800a06b
:10906000584c20780028fcd02278002a40f08780d5
:109070007a8d002d55d19ab3019216f0e7f9217837
:109080000131217016f0e4f9019a97f83e10009b27
:1090900087f85c6021f002017b6287f83e1073b1b3
:1090a00097f93f1000290adb97f85d1011f00201d3
:1090b00005d197f83c0061f3c30087f83c00b8f194
:1090c000000f59d0012e4cd087f85ca0002097f8f3
:1090d0003e3043f0020387f83e3003b0bde8f08f26
:1090e0000ff0fafb019016f0b1f9217801312170ef
:1090f00016f0aef9019a002ac7d1002003b0bde8ee
:10910000f08f4a1e012af8d8baf1000f26d1b8f123
:10911000000f45d0012e46d000230093a0e7002089
:1091200070479542a8d0d9f80030002b0ddddbf850
:1091300000000022043800bf50f8041f013211b1b2
:10914000498da94224d09342f6d116f07ff92278b6
:109150000132227016f07cf92a4696e78a45ccd176
:10916000d5e797f83c30d8f80010b96103f01f0339
:1091700043f0600387f83c307a850120a7e716f0ba
:1091800065f92278013ad2b2227016f061f96fe7e0
:1091900016f05cf923780133237016f059f9ace727
:1091a000cdf800805ce7d8f800200ab9009257e7b4
:1091b000002140460ff0d0fa009000287ff450af15
:1091c0009be700bf3ab700202cb6002030b6002045
:020000040000fa
:020000040001f9
:1091d0002de9f843644e3368002b39d093f91b30e6
:1091e000002b35db012b35d0604c2368002b78d069
:1091f00012f014fe0023226813f026fb5c4b80461d
:10920000186033681868c76817b3002501e0336831
:109210001868294615f028fb0378da07044614d5a8
:109220000388db0511d44368a8eb0303002b00f18e
:109230000c010add3368d3f864220a200ab1904792
:1092400033681868214615f005fb0135af42ded1c1
:10925000bde8f883002108460bf0f0fc14f08afd0d
:10926000002848db0228f3d137687b7e002b77d0bb
:1092700007f26928b14600250be013f4807060d036
:1092800023f4e06343f4407323807b7e01359d42e9
:1092900063d218f8010f14f07bfd0446002845d076
:1092a00094f8740010f0080035d094f878309d429e
:1092b00025d194f83c3013f001061bd104f13c0198
:1092c00038680ff0e9f90446a0b1027803889107e5
:1092d000d3d523f4e06343f44073c0f813600380f4
:1092e000d3e715f079ff2060002881d1204bd3f817
:1092f000008086e74e463368ff22da76a8e740f220
:10930000bf731c4a1c4900200ef01afa1b4b1a6846
:10931000002afcd1cde740f2be73164a16490ef082
:109320000ffa164b1a68002afcd1bee740f2bd7353
:10933000104a11490ef004fa104b1a68002afcd1a9
:10934000aee740f2d2730b4a0b490ef0f9f90b4b22
:109350001a68002afcd1238892e7d9f800704e469b
:109360000223fb7640e700bf40b6002034b6002061
:1093700038b6002038de0200b43800003cb60020c9
:020000040000fa
:020000040001f9
:109380002de9f043446885b0d4f88c5000220023c6
:109390000026cde9002307460296002d00f0a980a3
:1093a000b046b146d4f89030d4f89420ab4214bf04
:1093b0002b68002302f1ff3208bfc4f89030c4f8d4
:1093c0008c30c4f89420ea7b022a0ed12a69ba4272
:1093d0001bd000222a60002e00f09280356008f138
:1093e00001082e46ebb11d46dce74ff4b073474a47
:1093f000474900200ef0a4f9464b1a68002afcd118
:109400002a69d4f88c30ba42e3d1019a002129604c
:10941000002a79d01560029a019501320292002b40
:10942000e1d10099c4f89480c4e9239641b16d4616
:1094300002232a46204608f0d3fd00990029f7d1df
:10944000d4f8985035b30026b046b146d4f89c30d5
:10945000d4f8a020ab4214bf2b68002302f1ff32e6
:1094600008bfc4f89c30c4f89830c4f8a020ea7b48
:10947000032a24d12a69ba4231d000222a60b8f1e5
:10948000000f3bd0c8f8005009f10109a84623b1ec
:109490001d46dbe72e46a846a9460099c4f8a090d1
:1094a000c4e9266841b16d4603232a46204608f0e8
:1094b00097fd00990029f7d105b0bde8f0834ff47e
:1094c000b073124a124900200ef03af9114b1a6893
:1094d000002afcd12a69d4f89830ba42cdd1019a39
:1094e0000021296072b11560029a01950132029241
:1094f000cde7c4e92355c4f89450a1e72e46c3e74d
:10950000a9466ce70095efe7009584e740e202008a
:08951000940a000034b50020ac
:020000040000fa
:020000040001f9
:109518002de9f04f0c461946604b90461a7a824264
:1095280083b040f2a78004f00502052a00f081808c
:1095380004f00602062a63d004f00902092a00f0a2
:10954800828004f00a020a2a40f0948058253422c6
:1095580005fb003502fb0030bc3500f5ea762a68c9
:10956800002a00f08e80a0060dd4e20652d46a6d5f
:10957800002a4fd00846009190470099474b002891
:1095880048d044f02004b268002a7ad05a78012ad8
:109598004ff0010b43d1dff8089100274a461078b5
:1095a80000285bd101225a708246404607ebc70863
:1095b8002b68009309eb8808fb0088f800200193ca
:1095c8000c9a009b9847a8f80600013060d00d9bc4
:1095d800a8f80440c8e9025688f803a00bb183f83c
:1095e80000a0bbf1000f06d0fb003b4409eb830948
:1095f800012389f80230781cc0b203b0bde8f08faf
:109608005825342605fb003506fb00360c3506f5d3
:10961800b676a4e75a78012a4ff0000bbbd00d9b11
:1096280013b10d9afc2313704ff0ff3003b0bde85f
:10963800f08f5825342605fb003506fb00366435c7
:1096480006f5d0768be75825342605fb003506fb52
:10965800003605f58a7506f5027680e701370a2f88
:1096680002f124029bd10d9b002bddd00d9afe2325
:109678001370d9e70d9b002bd6d00d9afd231370dc
:10968800d2e70d9b002bcfd00d9aff231370cbe7a9
:109698000d9b88f800a0002bc3d1c5e7649f00206c
:0496a800b8a5002041
:020000040000fa
:020000040001f9
:1096ac002de9f041594c2378012b48d0022b01d0e5
:1096bc00bde8f081564db5f9000012f005fa48bb33
:1096cc00b5f9000013f06ef920bb524f524e4ff417
:1096dc00005833883c885149b5f90000e21a9c4285
:1096ec00194492b242d9fff7bdfb4d4933880a6841
:1096fc0003449bb202444045a8eb000433800a604b
:10970c0063d23a889a421ffa84f861d800233b80ce
:10971c003380dee7424b434a1b6812684249002003
:10972c000ef008f8b5f9000012f0eaf939483a4998
:10973c0001220023227003800b80bde8f081344da0
:10974c00b5f9000011f0e8fe0028b1d0b5f9000021
:10975c0012f0baf93349324a022300202370086010
:10976c00bde8f041314910600df0e4bf11f0e2fbaf
:10977c0028b3b8f5007f424628bf4ff400728242ee
:10978c0028bf02462549b5f9000092b215f0b2fc8b
:10979c00244a1368404503440446a8eb00011360b7
:1097ac001bd302461d49b5f90000fff75bfb1c4ab1
:1097bc00136884420344136001d93c803080b5f9ae
:1097cc000000bde8f0410ff047bc3a889a4219d925
:1097dc00b5f900000ff040fcf1e71ffa81f8002802
:1097ec003ff477af02460d49b5f90000fff73afb9d
:1097fc000b490a68844202440a607ff66aaf3c80d7
:10980c00308066e700233b803380d8e759b70020cf
:10981c00dab800203eb4002086b10020b8a30020a6
:10982c0004b7002008b700208078000060780000a2
:020000040000fa
:020000040001f9
:10983c002de9f0435e4e864287b024d19046b26b40
:10984c000023cde903330f4605931ab1052106f128
:10985c00640090475648574d14f07effb26b287049
:10986c0003461ab15448062190472b78ff2b22d17e
:10987c00059b012b04dd039a136a43f00403136266
:10988c000fb101233b70002007b0bde8f083b36b30
:10989c0003b198472978464812f0def8444814f092
:1098ac005bffb26b0346062143482b700ab190470d
:1098bc002b78ff2b58d0009303a93d4804ab05aa85
:1098cc00f8f73cfd044605213b48002cdfd1059bf5
:1098dc00ddf80c90012bc2bfd9f8203043f0040303
:1098ec00c9f82030f36e0133f3660fb100233b70df
:1098fc00d9f8102096f8da1053680b44936013686b
:10990c005bb19089401a90815a689a601a461b681c
:10991c00002bf9d193891944918113f0b9fd039c63
:10992c00c9f82400236a9df8131023f0700343f048
:10993c00080222629df91320002a23db480631d548
:10994c0043f048032362b8f1000f02d0049bc8f81f
:10995c0000302978164815f03ffd0346039884f82b
:10996c002f3007b0bde8f083059b013c012be4b21e
:10997c000cdd039a136a012c43f0040313627ff687
:10998c007faf06e043f028032362dce7012c7ff66f
:10999c0077afb36f0133b367002f3ff474aff52388
:1099ac003b7070e78a0644bf43f018032362cae792
:0c99bc005cb70020e6b80020c0b7002017
:020000040000fa
:020000040001f9
:1099c8002de9f84fdff8809104464ff40f7200211b
:1099d800484615f03ff85b484ff4b472002115f083
:1099e80039f840f20113a9f80030237889f80830d3
:1099f800002b00f0a38009f5027809f58a77002585
:109a0800636803eb45136e01196831b15822a7f555
:109a1800847014f049fd63683344596831b15822a1
:109a2800a7f1b00014f040fd63683344996831b180
:109a38005822a7f1580014f037fd63683344d968f9
:109a480029b15822384614f02ffd636833441a6947
:109a5800d2b19446a8f19c0a02f1300bdcf8000060
:109a6800dcf80410dcf80820dcf80c30d646aee848
:109a78000f000cf1100cdc45f246efd1dcf80000c9
:109a8800cef80000636833445a69dab19446a8f105
:109a9800680a02f1300b00bfdcf80000dcf80410a3
:109aa800dcf80820dcf80c30d646aee80f000cf1e4
:109ab800100cdc45f246efd1dcf80000cef80000cf
:109ac800636833449a69dab19446a8f1340a02f11a
:109ad800300b00bfdcf80000dcf80410dcf80820cc
:109ae800dcf80c30d646aee80f000cf1100cdc4563
:109af800f246efd1dcf80000cef80000636833448a
:109b0800de6986b1c64606f1300a30687168b26807
:109b1800f368f446ace80f0010365645e646f4d133
:109b28003068ccf8000099f808200135ebb29a4269
:109b380008f1340807f158073ff662af0248bde85c
:0c9b4800f88f00bfb8a50020649f00202b
:020000040000fa
:020000040001f9
:109b54002de9f04fa9b0ddf8c8b0002800f0b180bd
:109b640089469246044600297ed0002a0cbf4ff055
:109b740034084ff02408a36000226ff00103c4f8f6
:109b840014b0c4f804b0e2602274069380230493f2
:109b940008ab039330230093cde901224c4b05928b
:109ba4001146104609f00cfc38bb4a4f0df11f0555
:109bb4000df19f063946a4462a4600bf12f8013f1c
:109bc40011f8014fb24283ea040340ea0300f5d1dd
:109bd400644690b908ab6ff00102cde90203069226
:109be4003b4b059080220492202200920190102287
:109bf40003f1200109f0e4fb40b1032323746ff067
:109c0400d005284629b0bde8f08f00bf15f8013f04
:109c140017f8012fb54283ea020340ea0300f5d1a5
:109c24000028ead184200ff08bf8e06000284bd0a4
:109c3400424608a920460ff027f8c8b1e06801257c
:109c440018b111f05bfb0023e36008ab98440021da
:109c54001a46013398451170fad19db9012328465b
:109c6400237429b0bde8f08f5abb4ff0340882e763
:109c7400414608a80df098fd0546e06875b1002836
:109c8400dfd1e2e7032db8d0012d08bf6ff0c60580
:109c940002232846237429b0bde8f08fcdf808b01c
:109ca400cdf800a0a26801924b46a8f1040209a9cc
:109cb4000df0ecff05460028c7d0e0680028c0d1ad
:109cc400c3e76ff0ac059ce76ff07c05bde700bf10
:089cd40088c702006f5f020067
:020000040000fa
:020000040001f9
:109cdc002de9f0470129d0f80480adf5036d054658
:109cec000dd003684f491b68404698472b684e4976
:109cfc001b6840460df5036dbde8f047184715f09d
:109d0c0017fa814600285cd0002702e00137b945dc
:109d1c0057d0384614f036f8044614f0abff01283f
:109d2c00f4d1204615f00afa2b6840495b680246cc
:109d3c0006464046984704aa08a9204613f0a2f804
:109d4c002b68002841d05b683949404698472b68fe
:109d5c000a9a0092d3f804a03649dde9082340465c
:109d6c00d0472b680d9a0092d3f804a03249dde954
:109d7c000b234046d0472b6830495b6840469847d8
:109d8c00079a2b680192069a0092d3f804a02c49ea
:109d9c00dde904234046d0472b682a495b683246ec
:109dac0040469847204603ab322218a913f07ef8a0
:109dbc0080b92b6824491b68404601379847b94540
:109dcc00a7d10df5036dbde8f0871b681e49404611
:109ddc009847e1e7039b00268df85c60002b95d03b
:109dec0018ac01e0322e91d0a646bee80f000df162
:109dfc00380cace80f00bee80f00ace80f00def842
:109e0c0000002a68ccf80000636ad2f804a00f495d
:109e1c000eaa4046d047039b0136b34204f12804f6
:109e2c00e0d873e72412000038120000481200003a
:109e3c006c12000084120000c81200001413000001
:109e4c00301300009c13000088130000c81300009e
:020000040000fa
:020000040001f9
:109e5c002de9f047dff87091d9f8007082b0002f2f
:109e6c006bd18268002a6fd00b4600296cd00c880d
:109e7c00002c69d04a4e086849681d89334603c3d3
:109e8c001d80484b10461a6021469368182298474b
:109e9c00454b80461860002877d03388002b3fd084
:109eac00dff828a10ae072884abbb288002a55d193
:109ebc0033880137bb4208f1180831d90024f388e4
:109ecc0022460621cde900442046fff71ffb5246ef
:109edc000546a8f8000023464ff400710ef092f9e5
:109eec006a1c4cd000284ad03389db07dbd5012211
:109efc000621284611f088fb7288002ad5d0032150
:109f0c00284611f081fb0028cfd115f059f9012812
:109f1c00cbd915f04ff925493a460df00bfcc4e7a7
:109f2c0023496422182010f079fe224b186030b3bc
:109f3c00214bd9f8007000221a600137c9f8007063
:109f4c00012002b0bde8f08715f03af920b115f008
:109f5c0031f91a490df0eefb0020f2e728460221f8
:109f6c0011f052fb0028a3d115f02af901289fd932
:109f7c0015f020f912493a460df0dcfb98e70e4b30
:109f8c0000221a600ef00cf9e6e715f019f900281a
:109f9c00e2d015f00ff90b490df0ccfbdce700bf5c
:109fac00c8b400205cb6002058b600202c3a000043
:109fbc00193f010050b600204cb60020d8390000e3
:109fcc00543a0000083a000054b6002081e902001f
:020000040000fa
:020000040001f9
:109fdc002de9f04f064683b001eb011001eb810136
:109fec008b000193d6f89430009203eb80034fea78
:109ffc008008d3f814a0b36b002b00f08e8006f110
:10a00c006804032120469847d6f8943043445f6a8d
:10a01c00002f00f09080b46b9a6aba42da6a14bfcf
:10a02c003968002102f1ff3208bf99625962da6285
:10a03c001cb1042106f16800a047bc88b7f808b031
:10a04c00b7f806900aebc40302221968304612f0e6
:10a05c00a1fe0bf1ff32e50092b2bbf1000f21d053
:10a06c00d6f8a0300199dff8e0e00b444ff0000c7b
:10a07c00b3f80ab000e0e500554401346b6843f0d6
:10a08c0000436b606b68013aa4b292b24ff6ff7159
:10a09c0003ea0e03a34598bf00248a426b60c5f8ff
:10a0ac0000c0e8d1026a336b009922f00802026208
:10a0bc0041f2500298470aebc900d6f89430d6f812
:10a0cc008c1042684344013122f40042c6f88c10d3
:10a0dc004260a3f84090bff35f8fb46b00233b81c9
:10a0ec007b6024b1032106f16800a047b46bd6f85d
:10a0fc00943003eb080200213960516bc1b10f6041
:10a10c005763916b013191634cb1042106f16800e6
:10a11c00a047b36b002b7ff472afd6f89430434456
:10a12c0000245f6a002f7ff477af03b0bde8f08f97
:10a13c00c2e90c77e5e7b36b002bf6d0042120467f
:0ca14c0003b0bde8f04f1847008000c0d1
:020000040000fa
:020000040001f9
:10a158002de9f04782b04a4f0b9cbc423cd1002904
:10a168007fd097f80411dff858a1804645489146fa
:10a178001d4600240af0c8ff02e000bff8f770ff90
:10a188004946cde900a401232a46404613f0e6fae1
:10a19800064601214046002ef0d00024dff8249125
:10a1a800a0460121a140294210d0e3b20c2b08d8c7
:10a1b800dfe803f0524d48433d38332e29241f1a57
:10a1c800150031482a4621460af09eff0134202c0a
:10a1d800e7d1b8f1000f4ad102b0bde8f087484690
:10a1e8000af092ff0134dce728480af08dff0134b9
:10a1f800d7e727480af088ff0134d2e725480af054
:10a2080083ff0134cde724480af07eff0134c8e714
:10a2180022480af079ff0134c3e721480af074ffa5
:10a228000134bee71f480af06fff0134b9e71e4842
:10a238000af06aff0134b046b3e71c480af064ff2d
:10a248000134aee71a480af05fff0134a9e719485c
:10a258000af05aff0134a4e717480af055ff013401
:10a268009fe7164802b0bde8f0470af04dbf00234b
:10a2780087f8d83087f8943002b0bde8f08700bf7f
:10a2880020a70020d8030000e80500009005000082
:10a298005c05000028050000f4040000dc04000050
:10a2a800c0040000a8040000880400006004000046
:10a2b8003404000008040000e40300001006000055
:08a2c800b9c40200c00500004a
:020000040000fa
:020000040001f9
:10a2d00082072de9f04706460f466ed1dff86491fc
:10a2e000746b534be2681b68d9f80050b6f83080a5
:10a2f0009b1aea6893422ad96b6e01336b6618f099
:10a30000010f66d018f0020f4ad0314605f11c004b
:10a3100013f0d2ff214605f12800bde8f04713f005
:10a32000cbbfc3f11f0abaf1010f2bdc012303fae3
:10a330000af321ea030105eb0a03216193f86a029b
:10a3400013f026fd18b190f842305b060fd4216956
:10a350000029d4d016db00234ff0004201339bb21a
:10a36000202b4fea5202cad01142f7d0d9e700237e
:10a370003360314612f048f900283bdaeb6b0133c9
:10a38000eb63e4e72b4a2c494ff4d86300200df02f
:10a39000d7f92a4a1368002bfcd12b6d01332b65aa
:10a3a000304611f05bfceb6d0133eb65214605f1a6
:10a3b0002800bde8f04713f07fbf214a1e4940f254
:10a3c000122300200df0bcf91c4a1368002bfcd1ad
:10a3d00084e7d4e901233046c6e902326ff0150163
:10a3e000262212f095fb214605f12800bde8f04732
:10a3f00013f062bfe18ad9f800204fea4a13803295
:10a40000c90702eb03000fd581690131816117b1e2
:10a41000b9680131b96018f0010f03d11a44d3694a
:10a420000133d361bde8f087416901314161eee755
:10a4300038b600204ce00200b43800003cb60020e2
:08a4400030e0020040b60020ec
:020000040000fa
:020000040001f9
:10a44800002800f0a7802de9f04f0e46a9b000299a
:10a4580000f09d801546cab143690233044619d1fc
:10a46800b5f5803f00f29380277c012f0bd1e0687f
:10a478002a463146faf776fd022814d030b103286f
:10a4880064d0022323746ff0c60000e0002029b0d6
:10a49800bde8f08f0af014fc6ff487739842dfd0a0
:10a4a80029b0bde8f08f00226ff00103cde9052344
:10a4b8003a4b01938023049320233846029308af34
:10a4c800302300930397364b114608f077ff002896
:10a4d8003cd134490df11f02a4460df19f0e00bf77
:10a4e80012f8013f11f8014f964583ea040340ea48
:10a4f8000300f5d1644648bb14f03aff00eb800036
:10a5080000eb800014f0acfe0df11f0a0df14309b9
:10a51800a346c7f1010801e0ca451cd013f0f4ffb7
:10a5280008eb0a044342dbb204f00704c0b258bf88
:10a538005842072c0af8010feed114f019ff00eb6e
:10a54800800000eb800014f08bfee5e70323237402
:10a558006ff0d0009be7242138465c460df022f9c5
:10a5680030b111a900223a7001378f42fbd185e73b
:10a57800dbf80c00202209a908f0c0f80028f0d167
:10a58800dbf80c002a463146faf7ecfce9e76ff0f5
:10a59800ac007ce76ff0ac00704700bf44db020002
:08a5a800b8c70200ef5f0200da
:020000040000fa
:020000040001f9
:10a5b0002de9f843002800f09d800e46002900f0a8
:10a5c0009980036f023304460cd000220b461146db
:10a5d00008f0a6fe6ff487739842814602d0484681
:10a5e000bde8f883236e04f120085a1c22668022fd
:10a5f00008f80320236e382b5cd808eb0300c3f166
:10a60000380204f11c0704f15c05002114f026fa5d
:10a61000d4e919315a0f02ebc102db00a26663666e
:10a620003a4600bf52f8040f00ba95421060f9d1c3
:10a63000636ee365a36ea36541462046f8f738f8dc
:10a6400081460028cbd1221f52f8043f1bbaba42e0
:10a650001360f9d121686368a268e068f060316036
:10a660007360b26021696369a269e069316123495d
:10a670007361b261f061224a21602249c4e901128a
:10a680002149224ac4e903122149224ac4e9051298
:10a6900002f17452a2f523020023a2f69242c4e909
:10a6a0001833e261a366a36714f08afe2067484668
:10a6b000bde8f883c3f1400208eb0300002114f069
:10a6c000cdf904f11c07402323663a4604f15c05ea
:10a6d00052f8043f1bba95421360f9d14146204617
:10a6e000f7f7e6ff814600287ff479af206638222d
:10a6f00040468ae76ff0ac0971e700bf67e6096a78
:10a7000072f36e3c85ae67bb3af54fa57f520e5192
:08a710008c68059babd9831f87
:020000040000fa
:020000040001f9
:10a718002de9f04fdff854a183b00193daf8003047
:10a72800002b76d011f0020b4c4e904681460f4616
:10a738001cbf93464ff000083378002bfcd03378c9
:10a74800002b6cd1b8f1000f57d0454b1a68002a7e
:10a7580058dddaf800300024043b02e0013494426a
:10a7680050d053f8045f002df8d13e4b1868602292
:10a77800836801219847002844d0daf80020009027
:10a788000ffa84faa0f812a042f8240014f05afe36
:10a7980032780132327014f057fe009b93f83d2056
:10a7a800a3f82a8069f3051283f83d2038064ff094
:10a7b8000302a3f828b083f85c90a3f85420a3f808
:10a7c800582035d593f83d2042f0020283f83d2009
:10a7d800f9051d8205d593f83d2042f0080283f85b
:10a7e8003d20fa0727d5da6b42f4000242f01c023a
:10a7f800da63504603b0bde8f08f0ef069f8804682
:10a808000028a2d114f01efe33780133337014f0ff
:10a818001bfe4ff0ff3a504603b0bde8f08f14f02e
:10a8280011fe3378013bdbb2337014f00dfe89e77b
:10a838000d4a1588cce7b9f1010fdad10199002941
:10a84800d7d093f83d200968596142f0010250467b
:10a8580083f83d2003b0bde8f08f00bf3ab7002071
:10a868002cb6002028b6002036b7002030b60020cd
:020000040000fa
:020000040001f9
:10a878002de9f04fa0f5885babf1100b4e4e0bebba
:10a888000b1406eb04148db094f809214fea0b134e
:10a8980001932ab94ff0ff3948460db0bde8f08f53
:10a8a8000d4614f0cffd2279444b012a04bf002243
:10a8b8002271187015f008030593019b03eb0b0236
:10a8c80006eb021258d092f80321131e18bf012379
:10a8d80004933b4a019bdff8f0a002ebcb0803eba3
:10a8e8000b0206eb0213002502934ff0ff392f46a7
:10a8f800049b9bb3019bb9f1ff3f03eb0b0406ebf1
:10a9080004142bd157bbd8f8002052454ff003014f
:10a9180024d0208905f0ecfa02460132c4f88c00f4
:10a928001cd094f80421274909f0e0ff0125226989
:10a93800a37ad4f88c00079207a9cde908570a979b
:10a948008df82d7003978df82c300df051fd02987d
:10a9580007f0e2ff2f46c4f8f00098b9019f174aa4
:10a968005f4406eb071610780123337114f06cfd71
:10a9780048460db0bde8f08f92f8052182f001033a
:10a988000493a6e7039b94f8032184f89430029b70
:10a99800c8f804302a44c8f800a084f8032114f049
:10a9a8000bf9059b84f801011a1e18bf012284f8cf
:10a9b8000521c1469ce700bf20a70020afb30020b7
:0ca9c800d4b4002081ae0200233421230f
:020000040000fa
:020000040001f9
:10a9d400d0f894302de9f04302eb021403eb840e1b
:10a9e400d0f8a030bef83e40d0f8ac90def81400a9
:10a9f40002eb820203eb8202bef84030b2f80ac0d6
:10aa0400a3422dd91b1b9eb20a4600292fd0002336
:10aa1400126801339bb2002afad19e421dd3264606
:10aa2400a04612e07a688d6802f040448a897c600e
:10aa34003d607c680968c2f30d0222437a60b44524
:10aa440098bf00269ab2002962d000ebc607731c97
:10aa54003d689eb2531c002de4d00320bde8f08372
:10aa640003eb0c06361bb6b20a460029cfd12646a4
:10aa7400aef83e60002e50d0731e9bb200ebc301b3
:10aa8400def830604f6847f400474f60df0076b16e
:10aa9400def834108e4212bf31680021cef8341033
:10aaa400cef83010def838100139cef83810b48002
:10aab4003281f380b2b10cf1ff3c1ffa8cfc04e04c
:10aac400013a92b263466ab1df00c4195f1e61683d
:10aad40021f000416160002bf2d0013a92b2bbb286
:10aae400002af1d1def8283000223260cbb11e609a
:10aaf400cef82860def82c20d9f80030013243f477
:10ab04000073cef82c200020c9f80030bde8f08393
:10ab14004446aef83e60002eaed10cf1ff339bb23a
:08ab2400ace7cee90966e5e7a4
:020000040000fa
:020000040001f9
:10ab2c0083692de9f047504c7422c3f3072102fbd3
:10ab3c000141dbb2c96803eb8303054631f833608e
:10ab4c00006901ebc308e96802fb06f3e218002771
:10ab5c008842c2e9117751d32344401a58647427b0
:10ab6c0007fb06474149f86a2a4614f0a3f8386bec
:10ab7c003f492a4614f09ef8d8f81880386bb8f183
:10ab8c00000f69d0b8f1080f3cd94ff4007113f0e5
:10ab9c00a1f9f86a4ff4007113f09cf9742706fbc5
:10abac0007f704eb0708d5f81090d8f83000b9f186
:10abbc00000f43d14a46494612f05eff07f14002ae
:10abcc00d8f84830d8f83810d8f83000c8f8489081
:10abdc00224406f079fa742303fb0644ee68e06a1b
:10abec00d6b93246314612f047ff636c626be06aad
:10abfc0066642049bde8f04706f066ba2344091a9a
:10ac0c009964ace74ff4807113f064f9f86a4ff46f
:10ac1c00807113f05ff9c1e700224ff4806112f0ec
:10ac2c002bffd5e90332a06ca968002818bf134686
:10ac3c00626be06abde8f04706f046ba4ff400627a
:10ac4c00002112f019ff2b696a68d8f83810d8f86f
:10ac5c00300006f039fabee7414613f03bf9f86aca
:10ac6c00414613f037f999e790ae0020e9a00200b5
:08ac7c008db0010040b400207e
:020000040000fa
:020000040001f9
:10ac84002de9f04f85b06f460023009305460c462e
:10ac9400bb801646002a40f0898091469046934630
:10aca400924680220021204613f0d6fea86818b1ef
:10acb40004f13c0108f0a8fe04f11801e86804f06e
:10acc4009ff904f11c01286904f09af904f12001a8
:10acd400686904f095f904f12401a86904f090f975
:10ace400e86904f1280104f08bf9ab6a63643bb1b1
:10acf4001a8862809b7884f87530013b032b06d94f
:10ad04000023002e36d1184605b0bde8f08f6b68dd
:10ad1400d3f800c059689a68db68a36304f12c0077
:10ad2400c4f82cc02163626311f072faab8ca4f8ee
:10ad3400483094f8433043f0100384f84330b4f8b7
:10ad4400423023f4815323f01f0343f02003a4f87b
:10ad5400423043f0080384f84230e369a360236a75
:10ad6400e360a3696360a36a6361636a2361012387
:10ad7400002ec8d0bdf80c200298a4f87d20a04570
:10ad84009df80e20c4f854b0c4e91689a4f868a04c
:10ad9400c4f8790084f87f20b5d097e80300e06315
:10ada4001846a4f8401005b0bde8f08f07227931a9
:10adb40002a814f051fad4e915b84445b4f868a0cf
:10adc400d4f85c903ff46daf04f13c0393e80300c6
:08add4000090adf8041064e7e3
:020000040000fa
:020000040001f9
:10addc002de9f04fadb012f01f048df8073018bffd
:10adec000124d3001bba8b4614eb52164ff0010111
:10adfc0004938df80f1000f0938005af3b469246fc
:10ae0c00374681464ff000080dad1e4606e0284639
:10ae1c0014f032fb08f10108474560d0d9e91e1245
:10ae2c0028460cf09dfa002864d101220df10f0187
:10ae3c00284601f0b5fb04460028e8d19df80f30f8
:10ae4c000422013304a928468df80f3001f0a8fb29
:10ae5c0004460028dbd19df80730042b08d00122d2
:10ae6c000df10701284601f09bfb04460028ced1ca
:10ae7c00dde93612284601f093fb04460028c6d1c2
:10ae8c00389b13b1399b002b40d131462846fff734
:10ae9c0089fb0446284614f0effa002cbad1baf11b
:10aeac00200f21d9b446bce80f00cbf80000cbf83a
:10aebc000410cbf80820cbf80c30bce80f0008f1dc
:10aecc00010847450bf1200baaf1200a4bf8100c96
:10aedc004bf80c1c4bf8082c4bf8043c9ed1201e54
:10aeec00374618bf012007e052463146584613f04a
:10aefc00d9fa8fe737460120394600220b4601313b
:10af0c00a9421a70fad12db0bde8f08f38991a46c3
:10af1c00284601f045fb044600287ff478afb4e7df
:08af2c000dad05afe7e700bf22
:020000040000fa
:020000040001f9
:10af3400f0b5012983b0044629dd57680d4638462b
:10af44004149164613f041fb024670b13f49384669
:10af540013f03bfb054600282bd023683c495b6873
:10af6400606803b0bde8f0401847022d1bd141f2e0
:10af7400be56384f3d78002d36d0374a23681288a4
:10af84005b683649606803b0bde8f0401847314b50
:10af94001b78012b22d0022b12d00bb103b0f0bdd1
:10afa40003682f49dbe7b068114613f073fd86b2de
:10afb400dfe7284e3378002b2dd123682949cee7cb
:10afc400294821680068294b234a00904d681b6872
:10afd400128827496068a84703b0f0bd1e4a036879
:10afe40012885b682349cde72a463146012003f0e5
:10aff40059fb214b1880013023d0174b60681e8009
:10b004001a4b1d60184b1d602368012139705b6861
:10b014001a493246b7e7184fb7f9000009f03afd6c
:10b024002068124a35704ff6ff733b800e4b45681b
:10b034001b68126812496068ac4603b0bde8f04072
:10b04400604723680f498ae7ec7600006814000023
:10b05400b877000059b70020b6b80020f476000095
:10b06400e07700007077000004b7002008b70020e4
:10b0740028780000f4770000dab800204c7700004c
:08b084008c770000207700002a
:020000040000fa
:020000040001f9
:10b08c008b692de9f047524ec3f30722742505fb5b
:10b09c000262dbb203eb8303d76837f833a005fbfe
:10b0ac000af5741907ebc307a36c8846002b5cd117
:10b0bc00814663699b6898470028fad197f91c1060
:10b0cc004b1c10d0c1f34a1000f502007a7f00f53a
:10b0dc00807001f01f010123c00103fa01f1002a65
:10b0ec005ed114f0a5f97a6ad8f818309a42354432
:10b0fc0011d02b6a2bb11a6a2a6200225a751a6275
:10b10c001a70742303fb0a66346a14b1637d012b35
:10b11c0053d0bde8f087b9f1010f4ad0b9f1020f55
:10b12c0009bfff2398f9140088f814304ff0ff3052
:10b13c002b6ad8f81c102bb100221c6a2c625a7591
:10b14c001a621a707d68002ddbd0742404fb0a642b
:10b15c00ba6894f82630013384f82630a84794f85e
:10b16c002630013b84f82630cbe700221146206bb9
:10b17c0012f082fc05f14002a36ca16b206b3244ef
:10b18c0005f0a2ffd8f81030d8f80810626be06a0e
:10b19c001944a36c05f098ff0023a364bde8f08765
:10b1ac0014f048f97a6ad8f818309a423544a0d18c
:10b1bc00b1e788f814904846bae7204605f090fbb2
:10b1cc00022363752046bde8f047fff7a9bc00bf1a
:04b1dc0090ae002011
:020000040000fa
:020000040001f9
:10b1e0002de9f84390f84460846914363c2e0546f6
:10b1f00089461746984676d8c6f3830343f0400342
:10b200002370b5f84630db0712d595f8453004f1c8
:10b21000140202eb8302134640f2944143f8041bec
:10b22000a1195b1a1bb2002b70dc01d00023137133
:10b230003c49002363700b88f219013358ba52baa3
:10b240009bb21ffa82fc87b2b8f1000f44d098f885
:10b250000020900644bf04206070d00603d56078bb
:10b2600040f008006070100703d5607840f01000cf
:10b270006070500703d0607862f3471060700b80f5
:10b2800000236cf30f0367f31f43c4f8023000235d
:10b29000e38098f802301bb1e37943f04003e37197
:10b2a00098f80130ebb12372002384f80990638190
:10b2b000d5e90e32296c2261e36091f8702012f01a
:10b2c00004021cd02a69938933449381ab69a96233
:10b2d0003344eb61bde8f8830b806280a080a4f862
:10b2e00006806423dfe7104a104940f60a23002055
:10b2f0000cf026fa0e4a1368002bfcd17ce731468d
:10b30000204609f0bff8296c6081dbe7064a07494f
:10b3100040f61c2300200cf013fa054a1368002b9a
:10b32000fcd185e732b7002084e00200f83100004c
:04b33000c0b5002084
:020000040000fa
:020000040001f9
:10b3340070b584b000260c46836cadf806600546f3
:10b34400039602a920469847002820dbab6a03aa8b
:10b35400314620469847bdf80830072b00f28c8010
:10b36400dfe803f029344955607204172b6d039a02
:10b37400002120469847002809db012806d007232e
:10b38400adf808300299eb6c20469847012004b0d0
:10b3940070bd6b6d0df10601204698470028f6db61
:10b3a4000128f3d0238fbdf806201a420cbf0020d9
:10b3b4006ff00100ebe72b6d039a002120469847bc
:10b3c4000028e4db0128e1d00123d9e76b6d0df1fe
:10b3d4000601204698470028d9db0128d6d09df9dc
:10b3e4000720eb6c002a3fdb0222adf8082002990b
:10b3f40020469847cae7ae6d039b228f0021204662
:10b40400b0470028c3db0128c0d00323b8e72b6d65
:10b41400039a0021204698470028b8db0128b5d0bc
:10b424000423ade76b6d0df1060120469847002813
:10b43400addb0128aad0bdf80620238f934318d191
:10b444000523adf80a209be7238fbdf80a20ae6dd3
:10b454005a4092b2039b00212046b047002896db55
:10b46400012893d006238be70021029120469847b8
:10b474008ce74ff0ff308ae76ff00b0087e700bfdf
:020000040000fa
:020000040001f9
:10b484002de9f04f0329a1b082460cd00368474947
:10b494005b6840689847dae9003045495b6821b049
:10b4a400bde8f04f1847144600221146606813f0b7
:10b4b400f1fa002281461146a06813f0ebfa064621
:10b4c400002868d0daf800203a49546803464a460e
:10b4d400daf80400a0474ff0000b00bfa6eb0b08fe
:10b4e400b8f1100f344a4b464ff0600108a828bf4a
:10b4f4004ff010080a2512f0ddfd002403af019679
:10b5040011e019f80460334612f0d4fda6f12002cc
:10b514005e2a04f1010488bf2e26102c3e700544d7
:10b5240007f1010710d008aba045244a03eb05003e
:10b53400c5f16001e5d8224a12f0bcfd0134102c9b
:10b54400054407f10107eed108f180030deb030870
:10b5540008a8002308f8743cc5f160012844194a7e
:10b56400019e03ab12f0a6fd0544002012f078fa08
:10b574008542fadcdaf8003013495b68daf8040033
:10b5840008aa0bf1100b98475e4509f11009a5d8dc
:10b5940021b0bde8f08fdaf800300c495b68daf8c6
:10b5a400040021b0bde8f04f184700bf98460000e2
:10b5b400bc460000f04600006842000070420000f3
:10b5c400784200007c420000d4030000dc46000006
:020000040000fa
:020000040001f9
:10b5d4002de9f04f83b004469df838a00193aaf1f9
:10b5e4000403012b9df830b00e46174603d91f29da
:10b5f40064d81f2a66d8002c55d02388002b52d03b
:10b6040094f90c90b9f1020f4dd160680ff01cfa57
:10b61400002848d0d4f80480b8f8023013f00205aa
:10b6240058d013f0080351d1d8f880508db3d8f80e
:10b634008420954214bf2b68c8f88430c8f8803041
:10b64400d8f88830013bc8f88830eb7b012b4bd10c
:10b65400019bab60baf1030f4ff00103ae80ef80a2
:10b6640085f80db02c6185f80ca0ab7335d0d8f8f3
:10b67400903000222a60002b42d01d60c8f8905000
:10b68400d8f8943002220133c8f894304ff00009fe
:10b69400ea7313f0d9fe98f80030013388f80030cb
:10b6a40013f0d4fe02e000254ff0ff390d9b0bb1df
:10b6b40083f80090284603b0bde8f08f00256ff0b2
:10b6c4000409f3e700256ff00509efe700256ff0a3
:10b6d4000709dee76ff00309dbe7b8f8023043f04f
:10b6e4000803a8f80230c2e7074a08494ff4b073c8
:10b6f40000200cf023f8064a1368002bfcd1a7e7be
:10b70400c8e92355bce700bf40e20200940a0000e8
:04b7140034b5002028
:020000040000fa
:020000040001f9
:10b718002de9f041002396b00329cde90033cde9a6
:10b728000233cde90433466804460cd003683e4929
:10b738001b683046984723683c491b683046984741
:10b7480016b0bde8f081506815460bf0f3fc0746cb
:10b7580028b313f079fa8046a8680378752b0fd1bf
:10b768004378702b0cd1837853b9384613f0eefc2c
:10b77800014610b323682e491b6830469847dfe717
:10b788002c4912f020ff90b9384613f0dffc00284e
:10b7980035d1236828491b6830469847d0e7236885
:10b7a80026491b683046984716b0bde8f0812368e3
:10b7b80023491b6830469847c2e709f03bfa6946b7
:10b7c80010f058fd019d45b31ffa88f005eb801570
:10b7d8000df1180ea44605f1400828686968aa68a2
:10b7e800eb6874460fc410354545a646f5d1154b90
:10b7f8000e9306a93846644607f03ef902e038463b
:10b808000ef09cfa23681b6818b10f493046984718
:10b8180096e70e493046984792e723680c491b681b
:10b82800304698478ce700bf3c17000060170000bf
:10b838009817000024260000dc1700007817000085
:10b84800fc170000e80b00001c180000341800006a
:04b85800b417000021
:020000040000fa
:020000040001f9
:10b85c002de9f041f8b103880446e3b190f90c30be
:10b86c00022b18d140680d4616460ff0e9f890b13e
:10b87c0067681db1ea7b931e012b11d96ff001068d
:10b88c005fb113f0ddfd3b7801333b7013f0dafd53
:10b89c003046bde8f0814ff0ff363046bde8f08110
:10b8ac00ab7b052b12d8022a2bd15a1ed2b2002efa
:10b8bc005bd0191f022913d8a9683160032a1ed93d
:10b8cc00052b0bd10423ab730026d9e7032a3dd1fa
:10b8dc00002e50d0062b50d1ab683360ab7b03e00d
:10b8ec00032a0cd9062b48d80026052bc8d9626828
:10b8fc00032398322946384606f06cfbc0e7012634
:10b90c00bee71f4a1f49dff8848040f27b530020ba
:10b91c000bf010ffd8f80030002bfbd1ab7b5a1e7c
:10b92c00d2b2002ec5d1032ae9d9062bc8d9164aa2
:10b93c00144940f25b5300200bf0fcfed8f80030a9
:10b94c00002bfbd1ab7b6ff01306cee70c4a0d49f5
:10b95c00dff8388040f27f5300200bf0ebfe00bf85
:10b96c00d8f80030002bfbd1d8e7032ac7d9052b18
:10b97c00a8d0002684e7062bb6d0dff81080d6e7d7
:10b98c0028e60200940a0000c8e7020034b5002043
:020000040000fa
:020000040001f9
:10b99c002de9f04fdff830a183b0daf800300190d8
:10b9ac00002b5bd0434d2b78002bfcd02b78002b3d
:10b9bc0076d1019b404e9b8a4ff0010909fa03f99d
:10b9cc003368002b1add3d4b0093ab460024009be3
:10b9dc001b6853f8245065b1d5f82480404613f009
:10b9ec0039f90121002801fa00f002db10ea090ff5
:10b9fc0037d1336801349c42e9db5d46019b9b7d6a
:10ba0c00022b43d1daf80040013ccaf80040002c6c
:10ba1c003cd13368294a0092002b11680bdd00bf22
:10ba2c0051f8240018b109f091fe009b1968336895
:10ba3c000134a342f4dc224c224d2068c3689847a1
:10ba4c00009b28684ff00008c3f8008018b113f071
:10ba5c0009f9c5f8008000232360336003b0bde80a
:10ba6c00f08fb5f9120003f0f1f8eb6cb5f85a1041
:10ba7c001f462b6d002fbcd011f4005f4146b8d08f
:10ba8c00b5f912004ff40052b847b2e713f0d8fce6
:10ba9c002b7801332b7003b0bde8f04f13f0d2bc00
:10baac0013f0cefc2b78013bdbb22b7013f0cafced
:10babc007fe700bf3ab700202cb6002030b600203c
:0cbacc0028b6002020b6002024b6002080
:020000040000fa
:020000040001f9
:10bad800002816db4b4b1b68984212da4a4b1b684e
:10bae80053f820306bb162b110290ad8dfe801f0b1
:10baf800131b232b31373a3e42484c6d73777d83b5
:10bb08000b000020704793f83f30db43c3f3c013aa
:10bb180013700120704793f83c3083f00403c3f39b
:10bb280080031370f5e793f83c3083f00803c3f300
:10bb3800c0031370ede793f83c3083f01003c3f3b0
:10bb480000131370e5e793f83c30c3f30103137057
:10bb5800dfe793f83d30c3f380031370d9e71b8afe
:10bb68001380d6e7b3f854301380d2e7b3f85830cf
:10bb78001380cee793f83e3003f001031370c8e753
:10bb880093f85e301370c4e793f83c1093f83e00c6
:10bb980001f01c03a3f11c03b3fa83f35b09c1068c
:10bba80048bf43f00203810648bf43f0040341063f
:10bbb80048bf43f00803410748bf43f0100301079b
:10bbc800bfd543f020031370a3e793f83f30c3f3c6
:10bbd800050313709de793f85f30137099e793f8a6
:10bbe8003f30c3f38013137093e793f83e30c3f3e9
:10bbf800001313708de793f83e30c3f340131370ae
:0cbc080087e700bf2cb6002030b60020fb
:020000040000fa
:020000040001f9
:10bc1400f8b50446002879d00d46002973d0a1f167
:10bc2400100600bf94f84430002bfbd094f8443045
:10bc340063bb636a55f80c1c002b36d09e4247d375
:10bc4400a06a86420dd9436800eb0312964260d085
:10bc54000023066045f8103ca6620f012ae0002b81
:10bc640040d01a4696421b68f9d99e42f7d206eb99
:10bc7400011c63454fea01175ad045f8103c53683c
:10bc840002eb0310864247d0166013e013f0dcfb8e
:10bc940094f84430013bdbb284f8443013f0d6fb13
:10bca400636a55f80c1c002bc8d145f8103cc4e954
:10bcb40009660f01236b5b1a236313f0c5fb94f829
:10bcc4004430013384f8443013f0c0fb3846f8bde7
:10bcd40006eb011293424fea011708d045f8103cd5
:10bce4006662e7e7f82284f838201f46e5e75a68d9
:10bcf40018680a4445f80c2ca26a45f8100c9342c3
:10bd0400eed1a662ece70f463846f8bd0746384642
:10bd1400f8bd0b444360a0e755f80c0c184455f8e3
:10bd2400103c1360a36a50609e42c3d1a262c1e773
:10bd3400d3e900c30b4445f810cc45f80c3c136818
:08bd440098429cd1a6629ae727
:020000040000fa
:020000040001f9
:10bd4c00f8b54a4a4a4b586a917d00293dd054684f
:10bd5c0059699d699e6892f818c01cf0040f04f094
:10bd6c00070411d0d2f828c0df688f420cd94f1cc1
:10bd7c00002c45d15c6804f801c0117ecc0745d578
:10bd8c0001243946147524e0384a92f818c01cf086
:10bd9c00010f1bd1374c227859619d61334d2d7e9b
:10bdac00ad070ed58ab1da688a420bd12f49002231
:10bdbc0007251a770d75196a227031b11b6a9847dd
:10bdcc00227812b1294b02229a75f8bd01271775fa
:10bddc001cbb9a68aa422ad91a68545d234a0135b9
:10bdec0094621a690ab9b54236d0da688a42d1d15e
:10bdfc001e4a204c01269675042616752278cbe730
:10be0c005c6824f811c0117ec90703d4194c39465b
:10be1c002278c1e70124394614759a68aa4210d9d0
:10be2c001a6832f81540114a01359462d9e71a693b
:10be3c00002ad6d00d4aff2494621a69013a1a617d
:10be4c00cfe71a69002accd0084a4ff6ff749462e7
:10be5c001a69013a1a61c4e7044a59619d61127e5c
:10be6c00044c0125960725709dd4abe700300040ab
:08be7c003cb200203bb700209e
:020000040000fa
:020000040001f9
:10be840001292de9f047456804463ad0424e9046d0
:10be940006f1c00977682fb1d8f80410b06812f021
:10bea40094fb48b118364e45f4d123683b491b68ce
:10beb4002846bde8f047184733688046d3b1236865
:10bec40037491b6828469847236839681b68284601
:10bed40098472368b9681b682846984723683149fe
:10bee4001b6828469847336808f10108434507f161
:10bef4000c07e4d823682c491b682846bde8f047a2
:10bf04001847254e002206f1c007736803b322b90f
:10bf1400236826491b6828469847236820491b68dc
:10bf2400284698472368b1681b68284698472368c1
:10bf3400f1681b682846984723681a491b682846f5
:10bf440018369847be4206d07368002be5d101220b
:10bf54001836be42d9d1236815491b68154e2846a8
:10bf6400984706f1240723680d491b68284698471b
:10bf7400236831681b68284698472368b1681b68a2
:10bf840028469847236807491b6828460c36984773
:10bf9400be42e8d1aee700bfe8aa0020e43a0000c0
:10bfa400a83a0000b03a0000403200007c3a000099
:08bfb400b83a000030d402008d
:020000040000fa
:020000040001f9
:10bfbc002de9f84380460ff073fa00287ed00788ed
:10bfcc00444e742407fb04f406eb0409054699f867
:10bfdc007020012a05d013f0f3f8002855d1bde8e4
:10bfec00f88399f82630002289f870209bb999f8cb
:10bffc007120012a0ad013f0e3f80028efd013f0d7
:10c00c00d9f8bde8f843344910f0a0bb89f8713079
:10c01c00484606f03bf8742303fb07631a6e42454f
:10c02c003ad004f1200232441368bbb1696a4ff074
:10c03c00000c03e003f1200213687bb19c698c4275
:10c04c00f8d15c7d012cf5d1186a10609c82c3f884
:10c05c0020c083f800c01368002befd1742303fbbe
:10c06c00076393f8263013b3742303fb07634ff075
:10c07c00ff305a6802445a600021012259706862ec
:10c08c00e97083f87020bde8f88313f093f8bde8ed
:10c09c00f843124910f05abb002283f864209a66c8
:10c0ac004ff0ff321a66012283f87220b9e7484636
:10c0bc0005f060fd012389f87130d5e713f080f8a5
:10c0cc0000288cd013f076f8bde8f843044910f042
:10c0dc003dbb00bf90ae0020540b0000340b0000a1
:04c0ec001c0b000029
:020000040000fa
:020000040001f9
:10c0f00030b5a1b00022431e8df81c2008468df8f3
:10c100000820092b62d8dfe803f01d242d363f42ba
:10c110004a525a0502ad142229460ef0b1ff2f4ba8
:10c120002f4a009507ac642120460df055fb2d48a1
:10c130002d49036801330360224600200bf000fb09
:10c1400021b030bd02ad142229460ef099ff274bd5
:10c15000e6e707ac0091264b264a642120460df005
:10c160003bfbe4e707ac0091214b234a64212046c6
:10c170000df032fbdbe7214b07ac0090204a642135
:10c1800020460df029fbd2e71e4b07acf5e707acc4
:10c190001d4b1e4a642120460df01efbc7e707ac6d
:10c1a0001b4b1a4a642120460df016fbbfe707ac73
:10c1b000184b164a642120460df00efbb7e702ad7e
:10c1c000142229460ef05cff134ba9e707ac134a73
:10c1d000642120460df000fba9e700bf9c0c000085
:10c1e000f00b00006cb50020b80c0000e40b000060
:10c1f000040c0000100c0000240c00003c0c00009b
:10c20000480c0000580c0000640c0000c04e0000f8
:10c21000740c0000840c0000900c0000ac0c0000ba
:020000040000fa
:020000040001f9
:10c22000f0b5394b394d3a4e0446620339481a602d
:10c230002a60394b394d05600d464ff46041196055
:10c24000374b01211970374900230b7036490b70a9
:10c2500036490b70364b02211970364b316853f852
:10c26000243083b000293dd0d1e9001000924f68fe
:10c2700031492246b84724b9304b1c70012003b025
:10c28000f0bd306880b103682d495b68406898470d
:10c290007db93368002b2cd01a6858682949526838
:10c2a0009047012003b0f0bd25490bf049fa002d5d
:10c2b000efd00ff0b3fd04460f4612f08dff224b76
:10c2c0001e4ae5fb00473068c3e9004701231370ad
:10c2d000a0b103681d495b6840682a469847012061
:10c2e00003b0f0bd00920846224613490bf028fa2d
:10c2f000c1e7144928460bf023fabfe713492a4641
:10c300000bf01efabae700bfc0b60020d0b600207e
:10c31000c4b60020d4b60020bcb60020fb08030041
:10c3200051b7002050b7002055b7002052b7002069
:10c3300053b7002034ea0200b05a00004fb7002083
:10c34000e45a0000485b000020b50020205b00009c
:020000040000fa
:020000040001f9
:10c35000f0b540f2ff7681ea030c16ea115e1ebfcb
:10c36000b64516ea1355b54252d021ea465141f47a
:10c370008011a1fb024723ea465343f48013ae44e5
:10c38000a0fb03650cf0004c36197d41a1fb03476f
:10c3900047f10003a0fb0217f619654153f10003b2
:10c3a000094218bf46f0010640f2fe74b3f5007f63
:10c3b00013d2aef5806ea64523d24cea0331280392
:10c3c00041ea155140ea16503203450872f1004225
:10c3d00050f1000051eb0e51f0bdaef2ff3ea6450c
:10c3e0000fd24ceac321e80241ea555140ea5650c7
:10c3f000f202450872f1004250f1000051eb0e517b
:10c40000f0bd1eea0e0f2dd50cf000410020f0bd4e
:10c4100016ea115f04bf01f000410020004218bf7e
:10c4200041f0010116ea135f04bf03f0004300224c
:10c43000124218bf43f0010306ea1354b44218bf76
:10c44000b64503d00cf000410020f0bd21f00041c2
:10c4500023f00043b1eb065f0cd8b3eb065f09d8bd
:10c4600041b13bb10cf0004141f0fe4141f470019b
:10c470000020f0bd40f20001c7f6f8710020f0bdc9
:020000040000fa
:020000040001f9
:10c480002de9f84f837d032b04d03c4d2c6824b15b
:10c4900001342c600120bde8f88f394a83681360ad
:10c4a000384fdff8f880dff8f890374bdff8f4a06a
:10c4b000dff8f4b0354a1c60c7e90044c7e902441c
:10c4c000c8e90044c8e90244c9e900440e46caf874
:10c4d0000040c9f80840cbf80040146009b10a6870
:10c4e0004ab94ff0ff3412f071fe98b90bf0c8fd55
:10c4f0000020bde8f88f2649224603200ef094fb69
:10c50000caf8000080b3384611f09cf948b96ff0c2
:10c510000204e8e712f054fe1e4922460bf010f91f
:10c52000e4e7404612f082ff08b3154a316810680c
:10c5300010228768b847cbf80000d8b1484612f0ff
:10c54000f1fd3368dbf800704bb13946484611f015
:10c55000b3fe33680134a34207f11007f5d80e4b40
:10c560002c6800221a6093e76ff00104bbe76ff0bc
:10c570000304b8e76ff00404b5e700bfccb50020b2
:10c58000dcb5002060b40020d0b50020c8b5002084
:10c59000c96a01001c320000c4b5002050b400205c
:0cc5a00098b40020d8b50020d4b50020cd
:020000040000fa
:020000040001f9
:10c5ac00002800f08b802de9f041884615460029c3
:10c5bc0044d0036f0233044606d0002306f0aafed3
:10c5cc006ff48773984237d1206e3f2879d8636e09
:10c5dc00eb18636637d204f1200600283ad125f017
:10c5ec003f074744b84548d04146334608f1400818
:10c5fc00d1f800e0d1f804c08868ca68da6010315c
:10c60c004145c3f800e0c3f804c0986003f110037f
:10c61c00eed18846403d04f11c0304f15c0100bfdf
:10c62c0053f8042f12ba99421a60f9d131462046b8
:10c63c00f6f738f80028d5d0bde8f081002a3ad1b9
:10c64c000020bde8f081a36e0133a36604f120063f
:10c65c000028c4d0c0f14007af4228bf2f463a464d
:10c66c004146304411f01eff236eb844ed1b1f44ad
:10c67c00402f27660cd00020b1e70028dcd1002d1c
:10c68c00ded02a464146304611f00cff2566d7e72e
:10c69c0004f11c0304f15c0153f8042f12ba994203
:10c6ac001a60f9d131462046f5f7fcff08b920662f
:10c6bc0095e7002593e76ff0ac00bde76ff0ac0099
:08c6cc0070476ff08300b7e72f
:020000040000fa
:020000040001f9
:10c6d4002de9f0470446894609b100230b60002c7c
:10c6e4007bd0414811f09cf88046002878d0268af7
:10c6f4000836b6b2022300223146482010f0f0f981
:10c704000546002850d0c769384b83604ff0000ab3
:10c714000823c0f80ca03b606389bb802389fb809d
:10c72400228ae16807f1080011f0c0fe5246314642
:10c73400384607f0a5fe6368788005f13802eb639c
:10c744002068534605f13c010df090ff286420b3a6
:10c754000fccd5f810e008f10807bef80cc00fc7dd
:10c7640094e80700b44487e8070053462846aef827
:10c774000cc032460121fef731fd284612f0b2fd0d
:10c78400d8b91948414611f095fd6ff002042846c6
:10c794000ff062fa2046bde8f0871348414611f0d5
:10c7a40089fd6ff00104f2e70f4841464ff0ff3472
:10c7b40011f080fd2046bde8f08710f06dfe0346c1
:10c7c400c8f804300a48414611f074fdb9f1000f6d
:10c7d40001d0c9f800800024dce76ff00304d9e736
:10c7e4006ff00404d6e700bf8cb400200df40200ff
:04c7f40080b40020ed
:020000040000fa
:020000040001f9
:10c7f8002de9f047022982b04ff00006cde9006626
:10c80800d0f80490804663ddcf1e27f00107141d81
:10c81800033701250ee0354911f0d5fed0b1d8f81f
:10c82800003033491b68484698470235bd4204f139
:10c83800080432d0d4e9000a03782d2bebd14278d2
:10c84800612a17d02d2be6d14378692be3d1837861
:10c85800002be0d101aa0a2150460bf03ffc00282a
:10c86800e3dad8f8003023491b684846984702b0f5
:10c87800bde8f0878278002ae4d16946504602f084
:10c88800bdfb06460028d0d1d8f800301a491b68ed
:10c898004846984702b0bde8f087d8f80030c6b1de
:10c8a8001649019a08685c68824219d2144be8213b
:10c8b80001fb0233484693f8da10012905bf0099b5
:10c8c800c3f880100f491049a04702b0bde8f087af
:10c8d80003681b680d494846984702b0bde8f087d1
:10c8e800421e0b494846a047f7e700bf2c27000027
:10c8f8003829000018290000f4280000bcb50020e1
:10c9080038a900205429000098290000cc280000ec
:04c91800882700006c
:020000040000fa
:020000040001f9
:10c91c002de9f04f8bb00d460493d1e901132f682c
:10c92c00d5f80c9003900029a8bf27f00207924677
:10c93c00b8bf012117f010020592dae9006232d07b
:10c94c0056ea02002fd0a3f1020b2c69029617f0c5
:10c95c00080004f1ff3418bf0bf1ff3b9046002296
:10c96c0009f8042006905a46012c1edc059a002a70
:10c97c0051d1069a1ab1013c202209f804202a69e7
:10c98c0003980097013a121b09eb040109f016fefb
:10c99c00039b5b68db0503d56b689842b8bf1846f0
:10c9ac000bb0bde8f08f9b46cfe7029850ea080029
:10c9bc0008d1a1eb0b001044002803dc002ad5ddc4
:10c9cc00b807d3d50298049e00f00f000928a6f1f1
:10c9dc00410cd4bf30305730bcf1190f04f1ff3487
:10c9ec000ed840f0200cacf1610cbcf1190f07d83b
:10c9fc00cde90813079212f00cfadde90813079a37
:10ca0c0009f804000298060946ea0870013a0290f7
:10ca1c004fea1818a8e7dae900210a43a9d009eb74
:10ca2c000402049902f8011c023c302209f804208b
:02ca3c009fe772
:020000040000fa
:020000040001f9
:02ca3e0070473f
:020000040000fa
:020000040001f9
:10ca4000454b93f81432012b02d00423184670474b
:10ca5000424b2de9f04f4fea9008a3fb08384fea0c
:10ca60005813c3ebc313a0eb830391463a4a9cb21d
:10ca70000023adf5017d07468a464fea581882f833
:10ca80001432acb9b9f5fe7f12d30df1040b9af84c
:10ca900000308bf800307d1cadb209eb07039d42de
:10caa0002e4629db59464046fbf7e6f9034648e0a7
:10cab000294b1b78002b43d0b7f57e6f4ad20df17e
:10cac000040b594640460cf075fa0346002838d14d
:10cad0003e46002cdbd03d46b9f1000f0cd130e0d2
:10cae000f61b0135adb209eb07031af806100bf877
:10caf00004109d422e46d5da1849ab08a1fb03135a
:10cb00005b09c3ebc313a5eb8304a4b2002ce7d1ec
:10cb100059464046fbf7b0f908f1010803461ffaf1
:10cb200088f85946404663b90b4b1b7843b1b8f1be
:10cb3000070f0fd80cf03efa03460028d0d000e0d3
:10cb4000042305490122184681f814220df5017dc0
:10cb5000bde8f08f0223f4e7a0a100200502814088
:020000040000fa
:020000040001f9
:10cb600004292de9f047044615d0036831495b6874
:10cb700040689847d4e900302f495b689847d4e96a
:10cb800000302e495b689847d4e900302c495b6837
:10cb9000bde8f0471847dff8e48098f800603eb140
:10cba0000368284a5b6828494068bde8f047184791
:10cbb000154631466868324611f06eff32463146fe
:10cbc0008146a86811f068ff324607463146e8689a
:10cbd00011f062ff05462fb330ea070204d0236844
:10cbe0001a495b6860689847194b1c6098f80030d8
:10cbf000b3b9184a1849c2f80090184a1848176083
:10cc0000184a03701560184a1560184a0124176005
:10cc1000174a0c701749137003220b7088f8002014
:10cc2000bde8f0872368606813495b68bde8f0479a
:10cc3000184700bf805c0000b45c0000dc5c0000b2
:10cc40001c5d00007c5a0000d4030000a45d0000bd
:10cc5000c4b60020d4b6002051b70020ccb60020c6
:10cc600050b70020d0b60020c0b60020bcb60020cf
:10cc700055b7002052b70020605d000053b7002078
:020000040000fa
:020000040001f9
:10cc80002de9f04300f580550f4695f85fc195f802
:10cc900059119146a1eb0c0c95f8582187b05ffa19
:10cca0008cfc94459df83880059303d3002007b091
:10ccb000bde8f083032f064666d8012f25d8f5d1ad
:10ccc000013a0a40d5f85441c2eb0212002344f85d
:10ccd000223004eb82046360a360e360b8f1000fcc
:10cce00057d040461023029305ab009301940123d3
:10ccf0004a46002108f06afc002848d1d5f8602196
:10cd00000921304606f0c4f8d0e7013a0a40d5f8c8
:10cd10005441c2eb0212002044f8220004eb8204ca
:10cd20006060a060e060b8f1000fdbd14146c9f35c
:10cd30000340014399fa99f20020e0702170a4f8b1
:10cd40000120204610f0defc00f00100e0700c2015
:10cd5000109a2262e362119a0f9b84f82870208750
:10cd6000c4f8349084f83a806262236395f85931ac
:10cd7000d5f860110133304685f8593111f01afdac
:10cd8000012007b0bde8f083042f99d08ee7059b02
:0ccd9000dee7059b1aba20216260c8e7ac
:020000040000fa
:020000040001f9
:10cd9c002de9f041374e33680546cbb9364f3b6829
:10cdac0013b10020bde8f08190f81680b8f1000fa7
:10cdbc00f7d18368022232601bb10c4609b10b68b3
:10cdcc0093b912f0fdf900283fd100233360e8e756
:10cddc00012be6d1284a1368002be2dd817d09b9cd
:10cdec00013313600120dde70ff010ff234aab681d
:10cdfc001060234a2349a08813602568224a0880c2
:10ce0c00e18811809c68184604222946a0471f4bd4
:10ce1c00186000b31e4b1f491d6005220a200df03f
:10ce2c00fdfe1d4b04461860f8b13b6801333b60b6
:10ce3c0012f006fb194b01241c7012f003fb184b6b
:10ce4c003c60c3f800803460cce712f0b3f91549ac
:10ce5c000af070fcb9e712f0b3f90028b5d012f063
:10ce6c00a9f911490af066fcafe707f0c9fd346077
:10ce7c0097e700bf60b500205cb5002044b50020ea
:10ce8c0058b500202ab7002026b7002064b5002032
:10ce9c0054b50020118b000050b500203db400208b
:0cceac004cb50020940b0000c40b0000eb
:020000040000fa
:020000040001f9
:10ceb800022800f0858001282de9f04104460e463d
:10cec80017461d460ed10ab113685bbb00233246d4
:10ced80029460120fdf71cfc431c52d14ff0ff30be
:10cee800bde8f0810a4600232946fdf711fc411ce4
:10cef800f4d0354b1b6853f8203000225a624fb1ea
:10cf080093f85c20012a50d093f83d2042f080022b
:10cf180083f83d2093f83e2042f0020283f83e2039
:10cf2800bde8f081002110460bf012fc8046002875
:10cf3800d4d03246294620460023fdf7e9fb421c9f
:10cf4800ccd0214b1b6853f8203093f93f20c3f80d
:10cf58002480002a0adb93f85d2012f0020205d132
:10cf680093f83c1062f3c30183f83c1093f85c20fb
:10cf7800012a0dd093f83d2042f0400283f83d206d
:10cf8800c2e7114b1b6853f8203000225a62c1e7f0
:10cf98009a8f3968996122f4814222f0600242f442
:10cfa800804242f060029a87aee793f83c203968e5
:10cfb800996102f01f0242f0600283f83c20a3e767
:0ccfc8004ff0ff30704700bf30b6002073
:020000040000fa
:020000040001f9
:10cfd40030b587b011f082fe05f054fe01f0d0fcac
:10cfe4000ef0acf809f058fc0ef0fafe12f020fa3c
:10cff40009f02efa2e492f4c2f4d002002f0c2fdcd
:10d004002e4b60612e491b6800209847002103467f
:10d014000846a3610df08cf86062f7f7a3fb294979
:10d0240000200df0fbfb284901200df0f7fb12f066
:10d03400e9f8687412f0ecf8a87411f0a7fe23491b
:10d04400034600206b7605f075fe21490346002057
:10d0540063600df02bf903461e48a3600ef016fb27
:10d064001d4903460020236110f0f2f91b490346d1
:10d074000020e36110f0a4fc194a1a49019200232c
:10d084000d22cde903122062694600930225184659
:10d09400154b0593029507f0cffde06011f05efe9d
:10d0a4000cf0c2f907b0bde8304004f089bb00bf02
:10d0b400e8c3020090b2002060b8002098a50200e6
:10d0c400a0f30200a4b8002090b8002080f302006e
:10d0d400fcf1020054f40200f0f1020088f30200b3
:0cd0e400f05e0200287c0200c5be0200c5
:020000040000fa
:020000040001f9
:10d0f000002815db424b1b68984211d2414b1b683c
:10d1000030b453f820506db114460c290ad8dfe82a
:10d1100001f01025424b090954095e6570730c003b
:10d1200000207047002030bc704785f8882001201f
:10d13000f9e7002af6d01378517895f8862083f025
:10d14000010381f001011b0143ea411303f03003a5
:10d1500022f03002134385f88630e8e7002ae1d058
:10d1600095f88530127862f3861385f885305b0672
:10d17000ddd5002385f87330638842f21072002bee
:10d1800008bf1346a5f86c302379002b08bf06238f
:10d1900085f88030cbe7b2f5803fc3d2a1b224231b
:10d1a00030bc0022f4f788bbb2f5803fbad230bc65
:10d1b000182392b20021f4f77fbb95f88730003a2c
:10d1c00018bf012262f3410385f88730afe795f875
:10d1d000853062f3051385f88530a8e792b295f89b
:10d1e0008530003a18bf012262f3c71385f88530f5
:10d1f0009de785f881209ae785f8822097e700bfb0
:08d2000054b5002064b50020c4
:020000040000fa
:020000040001f9
:10d20800444b70b51e68002e7dd004463068002857
:10d2180079d0002c72d02368002b6fd06368002b64
:10d228006cd011f01dfb054600286fd00378db0792
:10d2380061d56268016a2068013a12f00bf8d4e9f6
:10d2480000321344002103f8011ceb69e36195f8ef
:10d25800293023622b8813f080023cd02175726933
:10d26800f169ab68002a42d0521a1344a36195f8b9
:10d278002600002845d0b4f810c0002308e029692a
:10d28800a26851f8231042f823100133834201d0d9
:10d298009c45f4d1636295f82710c9b1002114e0c8
:10d2a8006a69e36802eb011203eb0113d2f800e0ac
:10d2b80056689068d268da60c3f800e05e609860eb
:10d2c80095f8273001318b4202d9638a8b42e7d81f
:10d2d800a162002070bd13f4807f14bf6ff00403b7
:10d2e80001232375c4e90922a261002070bdaa693f
:10d2f80013445b1abae76ff0030070bd6ff00800c3
:10d3080070bd0346c6e76ff0050070bd6ff0020000
:08d3180070bd00bfe4b5002068
:020000040000fa
:020000040001f9
:10d320002de9f04f83b090f8a430d0f8ac200192f2
:10d33000002b4dd0d0f894e00546002606eb0617ea
:10d340000eeb870e0024d5f8a0202b6acee902440c
:10d3500006eb8608e86932f82810cef8104004225f
:10d36000bf004fea8809984700285ed0d5f8a03062
:10d37000d5f894e033f809200eeb070103eb090b15
:10d38000d1f804a00860002a4cd0534600eb820c70
:10d390008c8740f8044b84451c605c6003f10803f3
:10d3a000f6d102f10052013ad2005244136843f020
:10d3b000020313609bf81130012b0dd0019a2af063
:10d3c0000303936195f8a4200136f3b29a42b5d8cd
:10d3d000002003b0bde8f08ff4b2bbf80210224683
:10d3e000284606f0e5f80028f3d1d5f8a02002eb96
:10d3f0000901034689882246284606f0d9f8002804
:10d40000e7d1d5f8a010024631f828302846214649
:10d41000fbf754fc0028dcd1d5f894e07744d7f82a
:10d4200004a0cbe76ff00702bfe74ff0ff3003b077
:04d43000bde8f08fd4
:020000040000fa
:020000040001f9
:10d43400002a36d13749384b42891b8830b5054616
:10d44400088829892c8a121a18bf01229942334b61
:10d4540089b01988eb6856d08c4242f0020204d09d
:10d464008c4228bf0c4642f008026cb12c49964607
:10d474001c4401e0a34218d013f8010b11f8012b4e
:10d484008242f7d04ef01002264b27481b682749ea
:10d494001b6800685b689847254b00221a6009b036
:10d4a40030bd234b00221a6070477246002aebd12c
:10d4b4000ff0f2ff1f4b204a1b6814684ff47a7177
:10d4c400c31a01fb03f3a34203a928bfb3fbf4f47b
:10d4d4004ff014024ff0000305f1040038bf01249b
:10d4e4008df80c300cf04afe0e4a144b11681a6881
:10d4f40008680d4945680868114901321a600094aa
:10d5040003aba847c8e78c42aad1002caed1002aad
:10d51400bad1cde72eb7002030b700205ab700208b
:10d52400887a0020a8b5002088b50020bc1d000022
:10d534008cb5002074b500209cb500207cb500207b
:04d54400e81d0000de
:020000040000fa
:020000040001f9
:10d548002de9f047404dd5f8006ad5f8043a013680
:10d5580006f03f06b34282b051d040f2ee579742f0
:10d56800dff8ec8028bf1746d8f8e03e0446bfb283
:10d57800002941d00abb91466361d5f8003a84f886
:10d588001b9003eb830305ebc30cd5f80c3a2283fd
:10d59800a6460133c5f80c3abee80f00ace80f0008
:10d5a800bee80f00ace80f009ee80300c5f8006a6b
:10d5b8008ce8030002b0bde8f087c3f5bd406030d9
:10d5c8008742ba4623d9d5f804cad5f8002a944523
:10d5d80031d0d5f8042a02eb820205ebc202526967
:10d5e800974228d982b24ff00109002ac4d0824656
:10d5f80017464ff001090ce03a468946bce7d5f8d2
:10d60800083a0133c5f8083a02b0bde8f0874ff090
:10d6180000090e4801935246184410f045ff019b3b
:10d6280045f6df629a44924588bf4ff0000ac8f871
:10d63800e0ae3a46a0e705483a464ff0000910f038
:10d6480033ff4b46f3e700bf78700020000000204e
:04d65800005000205e
:020000040000fa
:020000040001f9
:10d65c0070b5402282b004460021083011f0f8f970
:10d66c00384b394805260025c4e9003601a9019537
:10d67c0001f0c2fc019ba36001a93448019501f0a3
:10d68c00bbfc019b236101a93148019501f0b4fc5d
:10d69c00019ba36101a92e48019501f0adfc019bf2
:10d6ac00236201a92b48019501f0a6fc019be360c4
:10d6bc0001a92648019501f09ffc019b636101a91a
:10d6cc002548019501f098fc019be36101a92048d4
:10d6dc00019501f091fc214b01996162d3f8fc3169
:10d6ec001f484ff480622285252284f82a201a0cc8
:10d6fc0084f82b205abaa285a26ac4f82e20a28dd7
:10d70c00628601330822c4e90d62c4e90f5584f81e
:10d71c00333004f1ff3c04f143054ff0ff3200bffe
:10d72c001cf8013f08215a4042f300030340013921
:10d73c0083ea5202f8d16545f2d1d243626402b059
:10d74c0070bd00bf52424954143d0000243d0000fe
:10d75c00343d0000543d0000643d0000006080003a
:04d76c002083b8ed71
:020000040000fa
:020000040001f9
:10d7700070b504460af026fb70b3a068628f036997
:10d78000a18e13f0060f08bf43f0040313f0380f07
:10d7900041ea020103f001021fd143f0200382b3ea
:10d7a00008229d0748bf42f480525e0701d542f42b
:10d7b000006242f4807242f001020a4001d1cd05bc
:10d7c00026d5036140f2011300208b432284e063dd
:10d7d00035d0274bc4f81a3070bd03f0100522b3c2
:10d7e00003f02006002d3ed013f0020f44f2080291
:10d7f00008bf08225d0701d542f40052002ed8d0a0
:10d80000cfe703f0020222bb40f601120a40d8d152
:10d81000184b19490020c4e9060302226280bde8c2
:10d8200070406ff0050209f08bbf03f00202002d7b
:10d83000e9d09ab144f201120a40e9d0c1e70f21c0
:10d84000204607f011fb0028c6d00c4bc4f81a3054
:10d8500070bd41f201120a40dad0b2e742f2011281
:10d860000a40d5d0ade70822002ea2d099e700bf2c
:10d87000040003000000faffcc02000004000200d4
:020000040000fa
:020000040001f9
:10d880002de9f04f0129466883b0054657dc012396
:10d8900001934ff000080427dff8f09035e00369aa
:10d8a00098472a683249d2f804b0034652463046b7
:10d8b000d8472a686369d2f804a0204698472d49c2
:10d8c00002463046d0472a68a369d2f804b0204601
:10d8d0009847e369824620469847274903465246bf
:10d8e0003046d8472a68236a204654689847234917
:10d8f00002463046a0472b6821491b6830469847ae
:10d90000019b0133bb42019316d20021d8b259f8d2
:10d9100023a011f00df804460028c0d11949524641
:10d920003046b8f1000febd02b685b689847019b3d
:10d930000133bb420193e8d303b0bde8f08f00236d
:10d940005068019301aa0a210af0ccfb019b5a1ee0
:10d95000022a03d85f1c4ff001089de72b680a4993
:10d960005b6803223046984703b0bde8f08f00bfe4
:10d970006c150000a4150000cc1500000416000072
:10d980001c160000481500002415000000ec0200e1
:020000040000fa
:020000040001f9
:10d99000f0b5424b1d6885b0002d78d004460028b4
:10d9a00070d00378002b6dd00e46174610f08cfd1a
:10d9b0003f2867d86946204601f024fb002844d15f
:10d9c00069462046f7f72cf800283ed12146286802
:10d9d0000af062fe044600285cd0012e4bd01c2ebb
:10d9e00014bf03220222237894f82a0003f00201d4
:10d9f00023886fb3002938d1d70744bf002184f8aa
:10da00002610910748bf002123f0800348bf84f807
:10da100027109bb2024384f82860002184f82a2052
:10da20002380eb6984f82b106a68a161c4e9023392
:10da30001ab3022384f82c30eb8c01332146eb849b
:10da40002846f3f789f905b0f0bd022005b0f0bd16
:10da500059b932ea0001cfd11a0616d413f4807fe7
:10da600014bf6ff004000120f0e723f4c07300211d
:10da70009bb2e184cee73246b5e711f05ffb43008d
:10da8000dbb2d7e76ff00800e0e73846dee76ff07b
:10da90000500dbe76ff00700d8e700bfe4b5002022
:020000040000fa
:020000040001f9
:10daa000ffffffffffffffffffffffffffffffff86
:10dab000ffffffffffffffffffffffffffffffff76
:10dac000ffffffffffffffffffffffffffffffff66
:10dad000ff00010203040506070809ffffffffff1f
:10dae000ffff0a0b0c0d0e0f101112131415161751
:10daf00018191a1b1c1d1e1f20212223ffffffffc8
:10db0000ffff0a0b0c0d0e0f101112131415161730
:10db100018191a1b1c1d1e1f20212223ffffffffa7
:10db2000ffffffffffffffffffffffffffffffff05
:10db3000fffffffffffffffffffffffffffffffff5
:10db4000ffffffffffffffffffffffffffffffffe5
:10db5000ffffffffffffffffffffffffffffffffd5
:10db6000ffffffffffffffffffffffffffffffffc5
:10db7000ffffffffffffffffffffffffffffffffb5
:10db8000ffffffffffffffffffffffffffffffffa5
:10db9000ffffffffffffffffffffffffffffffff95
:0adba000ff00010204070306050060
:020000040000fa
:020000040001f9
:10dbac002de9f04fdff8fcb09bf81432012badf5ea
:10dbbc00037d05d0042210460df5037dbde8f08fe2
:10dbcc0000238bf814329bf80030002b57d0b0f5a3
:10dbdc007e6f064658d2324b4fea9008a3fb0838aa
:10dbec004fea58180df10c0a894640465146174623
:10dbfc000bf0daf90246002839d106eb4603c6ebe6
:10dc0c00c313c6ebc313c3f38d0141ea83339bb239
:10dc1c00812b3ed935463744af4209dc27e0ab1b9c
:10dc2c000135adb21af8041009f80310bd421eda22
:10dc3c001b49ab08a1fb03135b09c3ebc313a5eb97
:10dc4c008304a4b2002cead19bf80030019208f1b5
:10dc5c00010851461ffa88f88bb1b8f1070f13d899
:10dc6c0040460bf0a1f9019a0028d8d002460123b6
:10dc7c008bf8143210460df5037dbde8f08f0123af
:10dc8c0004228bf81432f5e7012302228bf81432ac
:10dc9c00f0e79af8003089f80030751cadb2bae79d
:08dcac0005028140a0a1002047
:020000040000fa
:020000040001f9
:10dcb4002de9f0475c0482b01d46174647d4836db6
:10dcc400dff8f0a0b3f87630daf80420c3eb0313de
:10dcd40002eb83080646d8f800000af0dbfc044691
:10dce400002861d002780388920706d413f0c00f8d
:10dcf40040d1032002b0bde8f0874ff0000965f37e
:10dd04000f094fea191202f4807219f4005f18bf68
:10dd140042f4007223f0c003134303800125daf8b0
:10dd24001430c360211d08f12400e5820bf048fa89
:10dd3400a3681f4c3a680094002409f00f01304690
:10dd4400019402f087fa284602b0bde8f0870b463a
:10dd540000211b68126801911549009105f00f011b
:10dd640002f078fa00280cbf6ff00800062002b019
:10dd7400bde8f0870a9a22b1006910600a99a28a64
:10dd84008a801b0601d40220b4e708f11408251d7b
:10dd94002946404607f09cfcdaf81430e360294633
:10dda40040460bf00dfaeee76ff00100a2e700bf6a
:08ddb400d4b8002070b000207b
:020000040000fa
:020000040001f9
:10ddbc00f0b50129456887b004461edd506803782c
:10ddcc00752b06d0304910f0fcfb014610b307b0a0
:10dddc00f0bd4378702bf5d18678002ef2d1314608
:10ddec00304606f025ff01301ed0236827491b68fa
:10ddfc00284607b0bde8f0401847036824491b6863
:10de0c0028469847234923681b68284607b0bde875
:10de1c00f040184706f00cff431c064625d123683a
:10de2c001d491b682846f1e71c4b22681b683bb355
:10de3c009c465768bce80f00ee46aee80f009ce825
:10de4c0003008ee8030028461549b847694630465a
:10de5c0006f0eefe134a236813491b68b0f1ff3f2e
:10de6c0008bf114628469847b1e7104f39460ef0c7
:10de7c00fff90a4b30461f600ff0aeff0c49c2e7aa
:10de8c0013680c492846c1e724260000a0160000a0
:10de9c00601600008416000000170000acb50020ce
:10deac00d41600003416000048160000ccb3002035
:08debc0028170000b416000055
:020000040000fa
:020000040001f9
:10dec40030b43f4c646804f00704012c54d03d4c3a
:10ded4000025206062606561a5612561002856d037
:10dee400a160002a56d0e3600121354a2177117ed2
:10def400490703d5916a117e4d07fbd430494a8bfb
:10df040092b242f004024a830a7e42f080020a7608
:10df1400a268e1688a4202d2e168891a216128492b
:10df2400486840070fd1a06982423fd9226812781d
:10df34008a62a2690132a261d3b1214b04229a758b
:10df4400012030bc7047a2685208a26022695208be
:10df54002261e2685208e260a068a26990421bd97b
:10df6400226812888a62a2690132a261002be4d17c
:10df7400134b01229a75e3e721b1cd0702d50020a6
:10df840030bc7047002ba2d0dc07f8d49fe7a06018
:10df9400002aa8d1e260a7e72269002accd04ff674
:10dfa400ff728a622269013a2261c5e72269002a66
:10dfb400c2d0ff228a622269013a2261bce700bf13
:08dfc400003000403cb20020d7
:020000040000fa
:020000040001f9
:10dfcc002de9f843002876d00c46904605460029ea
:10dfdc004fd000683f2871d86b68d3186b602ed275
:10dfec0005f10c0690bbb8f13f0f57d9a8f14007cb
:10dffc0027f03f07403727442346314604f1400eb3
:10e00c00d3f800c05c689868da68ca60103373454e
:10e01c00c1f800c04c60886001f11001f0d13146ac
:10e02c0028461c46eef76afcbc428146e4d108f057
:10e03c003f08b8f1000f27d14846bde8f883ab681c
:10e04c000133ab6005f10c060028ccd0c0f14007c1
:10e05c00474528bf474630443a46214610f022fa3d
:10e06c002b683b44402b2b601cd03c44a8eb07088e
:10e07c00b9e702bb03683f2b8cbf6ff083094ff0ed
:10e08c0000094846bde8f88339463046424610f050
:10e09c0009fac5f800804846bde8f88327464ff0da
:10e0ac000009c6e731462846eef728fc81460028d1
:10e0bc00c2d12860d9e76ff0ac09bde76ff08309d6
:04e0cc00bae700bff0
:020000040000fa
:020000040001f9
:10e0d000982f8a4291443771cffbc0b5a5dbb5e9d3
:10e0e0005bc25639f111f159a4823f92d55e1cab47
:10e0f00098aa07d8015b8312be853124c37d0c55d5
:10e10000745dbe72feb1de80a706dc9b74f19bc11c
:10e11000c1699be48647beefc69dc10fcca10c240c
:10e120006f2ce92daa84744adca9b05cda88f976f0
:10e1300052513e986dc631a8c82703b0c77f59bf5a
:10e14000f30be0c64791a7d55163ca066729291486
:10e15000850ab72738211b2efc6d2c4d130d385323
:10e1600054730a65bb0a6a762ec9c281852c7292e5
:10e17000a1e8bfa24b661aa8708b4bc2a3516cc713
:10e1800019e892d1240699d685350ef470a06a104c
:10e1900016c1a419086c371e4c774827b5bcb0349b
:10e1a000b30c1c394aaad84e4fca9c5bf36f2e6839
:10e1b000ee828f746f63a5781478c8840802c78cc8
:10e1c000faffbe90eb6c50a4f7a3f9bef27871c6cb
:020000040000fa
:020000040001f9
:10e1d0002de9f047dff8f08098f8005004468dbb39
:10e1e00001290e461edd5068174629462a4610f0c2
:10e1f00053fc0428814634d8022e44d02946b868fe
:10e200002a4610f049fc431eb3f5167f014621d281
:10e21000214a98f80030146093b94846bde8f047a9
:10e22000fdf7febf1c4b1d4a18601d4b1d481060ba
:10e230001d491e4a1d7001230d70157088f80030ad
:10e24000bde8f08703681a4a5b681a494068bde870
:10e25000f04718472368606817495b68bde8f047d6
:10e2600018472368606815495b6804229847d4e919
:10e27000003013495b689847d4e9003011495b6866
:10e28000bde8f0471847044a98f800301460294662
:10e29000002bc2d0d4e700bfc4b60020d4b6002003
:10e2a00055b70020fb08030050b7002052b70020ec
:10e2b0007c5a0000d40300005c5c0000c45b0000da
:0ce2c000e85b0000345c000053b7002055
:020000040000fa
:020000040001f9
:10e2cc00c8b910b53a4c01220b4684f8882179b3b1
:10e2dc0094f87031012bdab23cd0022a0cd0002316
:10e2ec00d4f8601184f8703184f888313148bde875
:10e2fc00104010f059ba704794f85a3194f85b21d9
:10e30c0094f85811013b9b1adbb28b4238bf013297
:10e31c0094f85d3138bf84f85b2194f85e21013ba1
:10e32c009b1adbb2994284bf013284f85e21d6e796
:10e33c004ff48070d4f86021a4f88b010821a4f567
:10e34c008050a4f87c3104f09dfd94f87031012bc1
:10e35c00dab2c2d194f8d93094f8da1094f8d82003
:10e36c00013b5b1adbb29342b9d2d4f8d430013af8
:10e37c000a4041f27a0000fb023303f58052b2f8f6
:10e38c007820134403f6380293f8383858060bd427
:10e39c009b0609d5d378c3f3440384f883311378ef
:10e3ac0003f01f0384f88431013184f8da1096e706
:08e3bc00e86e0020e85e00207d
:020000040000fa
:020000040001f9
:10e3c4002de9f04fdff8e090d9f80070012f83b009
:10e3d40002d003b0bde8f08fdff8d0a0daf8003047
:10e3e400002bf6dd0223dff8c880c9f80030838ae9
:10e3f4009f40d8f800300646abb1dff8b8b000242f
:10e40400dbf8003053f8245045b1686c10f026fc5a
:10e41400002803db012383403b420dd1d8f80030b0
:10e4240001349c42ecd3b37d022b2cd00123c9f8d8
:10e43400003003b0bde8f08f95f8843095f8702073
:10e4440043f00101072a85f8841015d027d8023a31
:10e45400032a0ad82a682a61c5e902221421002263
:10e4640028460193eff734f9019b01934ff40051cf
:10e47400284600f09df8019b95f8842063f3000280
:10e4840085f88420cae7daf80040013ccaf8004065
:10e49400002ccbd106f0b8fac9f8004099e7083a45
:10e4a400012ae2d8d6e700bf60b500205cb50020a1
:08e4b40054b5002064b50020fe
:020000040000fa
:020000040001f9
:10e4bc0001292de9f047044659dd1346002258681e
:10e4cc00114610f0e3fa42f2ec23a0f13c029a421e
:10e4dc0005460ad923682e495d686068ac4642f24d
:10e4ec002833bde8f0473c22604701200ff04afc7e
:10e4fc00804600283ed01ffa85f900224946382074
:10e50c0005f074fd074600283bd003699e68466100
:10e51c004ff0ff333360b380404610f0dbf920b18d
:10e52c000368c6f80630838873814ef6fe53b381b8
:10e53c0006f10d020e2300bf02f8013f01339d428c
:10e54c00fad13b691349a3f80c90134bbb60002321
:10e55c00fb60d4e900302a465c684ff6ed63a047b7
:10e56c00d8f850003946bde8f04705f0e5ba036825
:10e57c000a49b1e72368606809495b68bde8f04760
:10e58c0018472368606807495b68bde8f04718477f
:10e59c004c710000a871000089f402001871000091
:08e5ac0070710000887100008d
:020000040000fa
:020000040001f9
:10e5b4002de9f047d0f88420394b1340012b044651
:10e5c40082b0806c26d018b194f87130012b48d0f9
:10e5d400b4f8763011ea0305d4e91e9614d0b9f1e3
:10e5e400000f11d0b4f97480676c20460cf086fcdf
:10e5f40033462a4639464046cc4602b0bde8f04789
:10e604006047baf1000f20d0204602b0bde8f047c1
:10e614000cf074bc94f8863018b194f87120012a77
:10e624001cd0b4f8763011ea0305d4e91e960cd058
:10e63400b9f1000f09d0b4f97480676c204607f073
:10e64400d5fa002384f87030d2e7204607f0cefada
:10e65400002384f8703002b0bde8f08713f00303a0
:10e66400dfd19a46036a13f0080312d00023a3648f
:10e67400b4f8763011ea0305d4e91e96c1d0b9f195
:10e68400000fbed0b4f97480676cbaf1000fd5d016
:10e69400abe7a36401910df0dffa0199e8e700bf4d
:04e6a4000100000170
:020000040000fa
:020000040001f9
:10e6a800022872d0012870b50c46154623d1002add
:10e6b80045d01668002e38d100232246194601207d
:10e6c800f7f708f8421c37d0314b1b6853f8204045
:10e6d80094f871306664012b3ed0feb194f887300f
:10e6e80043f0080384f8873094f8873043f0100328
:10e6f80084f8873070bd00230a461946f6f7eaff0a
:10e70800411c19d0224a126852f820400023636441
:10e71800002defd094f87130012b2dd094f887306c
:10e7280043f0100384f8873070bd002110460af0ca
:10e738000ff806460028bfd14ff0ff3070bd1346d2
:10e748000a462946f6f7c6ff431cf5d0104b1b684e
:10e7580053f820305d6470bd94f887302a682264cd
:10e7680043f0040384f88730002ed7d0dbb243f09f
:10e77800080384f88730d1e794f887302a68226440
:10e7880043f0040384f88730c8e74ff0ff30704740
:04e7980064b5002044
:020000040000fa
:020000040001f9
:10e79c0000281cdb2de9f041384e0c4631688842cc
:10e7ac0082b010d2364f396851f820505db195f8cf
:10e7bc007010c81e022806d9082904d095f87110cb
:10e7cc0039b1a14205d0002002b0bde8f081002093
:10e7dc007047002b3dd0012cf5d118460021019239
:10e7ec00009309f0b3ffdde9003280460028ead03f
:10e7fc0092b3b5f85e10914212d0d6f800c0bcf1bd
:10e80c00000f0dd03f680021043f00bf57f8046f84
:10e81c0001311eb1b6f85e009042d4d08c45f5d1d2
:10e82c0085f87140c5f844800bb1012c1cd095f8cb
:10e83c008430a5f85e20db0707d4eb8fa88fb5f8e2
:10e84c005c1003440b4453409ab2a5f86e2001208f
:10e85c00bae7d5f84480cbe7009309f0f7fd009bad
:10e86c0002460028dcd1aee795f8871018682864ba
:10e87c0041f0040385f88730d9e700bf54b5002078
:04e88c0064b500204f
:020000040000fa
:020000040001f9
:10e890000f21f8b508460ef04dfd00b9f8bd364b16
:10e8a0001c6800f00200002cf8d000bb334e344d41
:10e8b00004e000bfb4f924000df008fab4f9240014
:10e8c0000cf01efc40f2c663324629460028e5d013
:10e8d000b4f92600003818bf01200ef0e3ffb4f9a8
:10e8e0002630002be6d02046eff752fde2e70ef08f
:10e8f00093f905460ef0e4fd00232a460df0a4ff2f
:10e900002668e061f3680746002bcfd000250ae0b7
:10e91000626902b98a698b68fb1a934221d2f36853
:10e9200001359d42c2d2294630460ff09dff037843
:10e930000146d807f3d50b881a06e9d4d805ca686a
:10e940000dd4ba1a012aead991f82b2091f82c009b
:10e95000cf60904209d843f480730b80dfe7974281
:10e96000ddd020460cf0faf8d9e7013281f82b20ef
:10e970002046f2f7f1f9d2e7e4b50020a0e2020068
:04e9800094320000cd
:020000040000fa
:020000040001f9
:10e984003549364a364b0020087493625368d906d9
:10e99400fcd44223c2f8843030494ff4fa6301e0d6
:10e9a400013b03d0d1f884205206f9d52d49002328
:10e9b40077228b634ff4fa634a6301e0013b02d090
:10e9c400ca6b5007fad42749022381f830304ff438
:10e9d400fa6301e0013b02d0ca6b9207fad42149e1
:10e9e4004ff4fa6201e0013a04d00b6c03f0030324
:10e9f400032bf8d11c4a01235371d378d807fcd5d3
:10ea0400164a1a4b136253685907fcd4184b13481f
:10ea1400536243681b07fcd441231049c0f89c305f
:10ea2400d1f89c305806fbd541230c4ac1f8a030dc
:10ea3400d2f8a0305906fbd541230849c2f8a430c6
:10ea4400d1f8a4305b06fbd5074b6ff07f4147f24a
:10ea5400ff7219615a61704700140040001c0040a5
:10ea640006013000001000400008004007010100ca
:04ea74000701020094
:020000040000fa
:020000040001f9
:10ea78002de9f0410229d0f8048086b004460cdc68
:10ea880003682e491b684046984723682c491b6831
:10ea9800404606b0bde8f041184750680d46164696
:10eaa80008f048fb074600282dd090f842305b0656
:10eab80007d4236823491b68404606b0bde8f041e7
:10eac8001847b06801a900f099fa08b3384610f061
:10ead80043fb38bb032d19d0f06802a900f08efa69
:10eae80030b302aa01a90123384609f091fe16495c
:10eaf8002368164a1b68002818bf114640469847e5
:10eb080006b0bde8f08123681149d4e70246e9e779
:10eb180002a9b068f5f780ff23680e491b684046d4
:10eb28009847ede723680c491b6840469847e7e794
:10eb380023680a491b6840469847e1e7501a0000d5
:10eb4800981a0000c81a0000381a0000241a000099
:10eb580078170000041a0000e41a00002c1b0000bb
:020000040000fa
:020000040001f9
:10eb680070b5d0f8d02090f8d93056680446002bfc
:10eb78004fd094f8da10324a0129137802d0013bb9
:10eb8800dbb21370002b4bd02e4ad4f8d010a21a47
:10eb9800d210c2ebc213012002ebc30384f8da00df
:10eba800c3eb833302eb03120b6827495b6802eb64
:10ebb80082052a463046984740f2b45240f2be5386
:10ebc8009fed1b7ba4f8de20e3602a460023d4f8df
:10ebd800d05084f8d93084f8dc302d681b496d6832
:10ebe800c4f8943084ed087b9fed137bc4e92a3385
:10ebf800c4e92c33c4f89830c4f8c03084ed0a7bdb
:10ec080084ed0c7b84ed287b30462b46bde87040b4
:10ec180018470221f6f7b6ff012384f8d930a8e790
:10ec28004ff480711f200ef081fbade7aff3008039
:10ec380000000000000000000000000000000000cc
:10ec480029b7002038a90020e82a0000182b000066
:020000040000fa
:020000040001f9
:10ec5800002848db374b1b68984244da364b30b5fe
:10ec68001b6853f8204083b0002c60d094f83d30e6
:10ec780013f0300f42d094f83e2022f0020284f8bc
:10ec88003e2013f04002c3f3011008bf62621b0666
:10ec980084f85c0007d494f83c30002203f03f036a
:10eca800a26184f83c30254be26b934304bf0023f8
:10ecb8002385d1b104f1400501e00df025ff284678
:10ecc8000ef0acfd09226ff010010028f5d12046a6
:10ecd8000bf05cf894f83e3043f00203012084f80e
:10ece8003e3003b030bd00207047e16a0029f1d002
:10ecf8000128efd1204606f08ffaebe794f85c2064
:10ed0800012a02d00022e260b5e7e0680028f9d0c5
:10ed1800026a1207f6d401910cf09cffb4f8562051
:10ed280094f83d300199013aa4f85620eae72046c4
:10ed3800d7e700bf2cb6002030b6002004008000c2
:020000040000fa
:020000040001f9
:10ed48002de9f041384c65680026b64605f50050b7
:10ed5800a95b4ff6ff7291420ef1100706d0202fe3
:10ed680004d00388934201d0994233d0202f06f56e
:10ed780000564ff0100eebd1294600230a88072ac7
:10ed880098bf121901f5007198bf13720133202b37
:10ed9800f4d14ff6ff7626822b460122198803f517
:10eda8000073b14218bf00229842f7d1002a37d128
:10edb8000346012205f580404ff6ff75198803f5d3
:10edc8000073a94218bf00228342f7d1012342bb36
:10edd800bde8f081ab1903f58051b1f800801a88bd
:10ede800424503f500730fd0b1f800c294450bd02b
:10edf8008b42f4d10ef0e2fa0ff07eff0028fbd12f
:10ee0800656805f50050b1e705eb4e200ef0d6fa1f
:10ee18000ff072ff0028fbd1656805f50050a5e7e3
:0cee280000232382d4e700bfa0a100203b
:020000040000fa
:020000040001f9
:10ee3400f8b5364da8421cd1037e0446d80718d530
:10ee4400d4f8b060e0683369984794f91430012b22
:10ee540014d0b5f8d8305a070cd595f8db30012b0f
:10ee640007d12a484ff0ff3105f070fc002385f8e4
:10ee7400db30f8bd2b7edb06f3d5eee72769f369bb
:10ee8400384698470128f4d0336a384698470646ee
:10ee940058bb2b7eb5f8a82043f00403d1072b768a
:10eea4001ed412f0020fa98f14bf0f22002228468d
:10eeb40006f0c4fa0ef0f0fa28640df0abfeb5f8d3
:10eec400a630134a00fb03f303f2e733a2fb032348
:10eed400002102229b0985f84e102a756b64f8bd47
:10eee400dbb243f008032b76e4e72046f9f798f900
:10eef400ff23237510f068f90028bad010f05ef9ea
:10ef040032460449bde8f84008f018bc5cb700205c
:08ef1400d34d6210ec02000075
:020000040000fa
:020000040001f9
:10ef1c002de9f843031e37db0d46334909688b4254
:10ef2c0032d23249096851f82360002e42d0d6e91a
:10ef3c00070188423bd2b3695c1a7369c01a044456
:10ef4c000134a4b20cb3a24228bf2246b769881878
:10ef5c00b842904691461bd82db128464a460cf033
:10ef6c0049f8306a4844306230460af049f848b9ea
:10ef7c00a4eb0804a04596f884301ddb43f0800315
:10ef8c0086f88430444600e000242046bde8f8832f
:10ef9c007f1a0137bfb2d21b1ffa82f90db3284674
:10efac003a460cf027f8716931623d44d5e7401ab6
:10efbc0084b2c7e73446e8e75a07e3d443f00403c6
:10efcc0086f884300ef064fa094b1b68c82202fbe9
:10efdc0003f3084aa2fb032300eb9310b0624446f0
:10efec00d3e770694844bee754b5002064b50020ef
:08effc0044b50020d34d621062
:020000040000fa
:020000040001f9
:10f0040009b100230b60002869d010b5047882b0e0
:10f01400002c61d04ff0000c0130e646634600bf7f
:10f02400a4f13002d2b2002b52d0032b28d02e2cc4
:10f0340028d0092a50d810f8014b01334fea0c2c80
:10f04400dbb262f3070c002cead1bef1030f43d10b
:10f05400244b9c4540d8ccf30742ccf3072302eb66
:10f06400820203eb830302eb82025b0003eb820365
:10f0740063448df8073009b1019b0b6001202ce03b
:10f084002e2c29d1174b9c4526d80ef108030debe5
:10f094000304ccf3074303eb830303eb8302ccf3b6
:10f0a400072303eb83035b0003eb8203634404f84d
:10f0b400043c10f8012b0ef1010e5ffa8efe4ff0a6
:10f0c400000c002ac1d0bef1040f05d0303ad2b2f0
:10f0d400092a01d80023aee7002002b010bd0020a9
:08f0e400704700bf05050200a2
:020000040000fa
:020000040001f9
:10f0ec002de9f041034686b05d68344f0846002494
:10f0fc000e4605940af0c0fe10f0a2f92b79387078
:10f10c00012bd5f8f00008bf2c7105a90bf092fe6d
:10f11c008046002836d034690599002c4ad000234b
:10f12c008c461a468e4601e0904533d0a189a068e2
:10f13c002468ccf800000b440132acf80410d2b2b5
:10f14c009bb20cf1080c002ceed17146d5f8800066
:10f15c001b4c0130c5f88000306a40f0080030626a
:10f16c00d5f8f000019400240296009408f088fe73
:10f17c00b8b9d5f88020336a013a23f00803c5f8f2
:10f18c0080203362d5f888300133c5f888306ff0b1
:10f19c000b0406e0d5f8843001336ff00504c5f894
:10f1ac008430012338782b7110f04cf9204606b0ce
:10f1bc00bde8f08123462246c8e700bfafb300206c
:04f1cc0041c002003c
:020000040000fa
:020000040001f9
:10f1d0000378002b39d070b590f91030022b04461b
:10f1e00032d1066a3249b2697420c2f3072300fba8
:10f1f0000311d3b2cd6803eb830305ebc30595f987
:10f200001c104b1c10d0c1f34a1000f502006a7f9d
:10f2100000f5807001f01f010123c00103fa01f124
:10f22000a2b910f00bf9b2696b6a934214d0236a49
:10f230002bb10022196a21625a751a621a70256a66
:10f2400015b16b7d012b23d070bd704710f0f8f81d
:10f25000b2696b6a9342ead101233375236af1697b
:10f260002bb11a6a226200225a751a621a706e68ed
:10f27000002ee4d094f82630013384f82630aa68b2
:10f280000120b04794f82630013b84f82630d6e7b9
:10f29000284601f02bfb02236b7562692b695468c9
:10f2a0006a68d5e90201a446bde87040604700bf26
:04f2b00090ae0020fc
:020000040000fa
:020000040001f9
:10f2b4002de9f04f85b00df1040840461e460d4679
:10f2c40017460ff02dff2e48dff8b4a00cf0baff5c
:10f2d400002eacbf6ff004096ff0030928480ef04c
:10f2e4009ffa044640b32079012801d0022838d17e
:10f2f4006079d4f808b00ef049fde2682b689a42b0
:10f3040024d1002e27dbdbf814303a681a60ba885f
:10f314009a800023cbf80030e8b159460df072f919
:10f32400002818db214617480ef0c4ff14480ef0dd
:10f3340077fa04460028d6d198e807008ae807003f
:10f344000f480ef08dfa05b0bde8f08f2146404617
:10f354000ef0b0ffc2e70322494658460df0d6fb33
:10f36400e0e7094a094940f6b623002008f0e6f927
:10f37400074a1368002bfcd105b0bde8f08f00bf2d
:10f3840060b4002098b40020a0e50200f831000029
:04f39400c0b50020e0
:020000040000fa
:020000040001f9
:10f398002de9f047dff8d8a0daf80030002b84b068
:10f3a80002dc04b0bde8f08780460df10409484648
:10f3b800d8f81050294e0ff0b1fe28480cf040ff45
:10f3c80030460ef02bfa0446a8b12379012b01d060
:10f3d800022b37d16079a7680ef0d6fc15b38542a9
:10f3e80020d0214648460ef063ff30460ef016fa4c
:10f3f80004460028e9d199e8070086e8070017487d
:10f408000ef02cfa98f81630022bcad1daf8003030
:10f41800013bcaf80030002bc3d104b0bde8f04767
:10f4280008f02abe2379013b012b04d90c48214658
:10f438000ef03effc4e7384603226ff004010df0da
:10f4480063fbf3e7074a084940f22e43002008f01f
:10f4580073f9064a1368002bfcd1d3e760b4002087
:10f4680098b4002070e20200f8310000c0b5002016
:04f47800ccb50020ef
:020000040000fa
:020000040001f9
:10f47c00837d032b45d02de9f0412c4f3e68002ea7
:10f48c0037d183680446002b36d00d46002936d080
:10f49c00dff8bc800ff0d4ff012388f800300ff0a8
:10f4ac00d1ff32462249234e09200bf0b7fb3060c6
:10f4bc0028b3a068298883680422984748b33b681e
:10f4cc00a268698801333b601b4b1a601b4b2a886e
:10f4dc001a601b4b1b4a186011800ff0b1ff98f893
:10f4ec000030013388f800300ff0acff0120bde88c
:10f4fc00f08101363e60f9e70ff062fe18b900208a
:10f50c00f5e7012070470ff055fe0f4908f012f98e
:10f51c00f5e70ff055fe18b930680ff0a3fbeee7d6
:10f52c000ff048fe094908f005f9f5e724b600206c
:10f53c00e16e010020b6002028b600202cb6002079
:10f54c0030b6002036b70020703800009438000028
:04f55c003ab700209a
:020000040000fa
:020000040001f9
:10f5600000282de9f84351db344b1b6898424ddaf3
:10f570001546002a4ad0324b1b6853f82040002c15
:10f5800044d0276b8846002f4fd0e28e0026002af9
:10f5900034d09542276b294628bf1146002f36d01c
:10f5a000a38e9942894628bf9946b9f1000f31d000
:10f5b000b8f1000f07d04a464046a16b0bf020fd82
:10f5c000e28ea38ec844a16ba2eb0902a3eb090350
:10f5d000a5eb09054e4492b29bb24944adb2b6b216
:10f5e000e286a386a16333b93b682363c3b19989db
:10f5f0009b68a363a186002dc9d142b994f83e301f
:10f60000db0704d520460af0c5fb00e000263046a3
:10f61000bde8f883002bc1d13b682363002be6d102
:10f62000a386a363002db2d1e7e794f83e30da0752
:10f63000abd520460af0aefba7e700bf2cb60020f2
:04f6400030b60020c0
:020000040000fa
:020000040001f9
:10f644002de9f043344a002964d0344e344f012369
:10f6540000f1ff3ea0f1020818e09568d068d2f8e6
:10f6640010c06c1c644528bf0024a04234d07068cc
:10f674001ef803c000f0070001283bd007f805c0be
:10f684009942946003f1010025d90346746804f09b
:10f69400070cbcf1010f03f1ff39ded19068d56886
:10f6a400d2f810c0441c644528bf0024a54213d0de
:10f6b400d6f8049018f813501ef813c009f007097f
:10f6c400b9f1010f45ea0c2c1bd099423d549460ca
:10f6d40003f10100d9d899469168d36899423cbf97
:10f6e40012698918cb1a13b10c4b01229a7548463a
:10f6f400bde8f08307f815c06d000135002078558a
:10f70400bee707f81050400001304fea1c2c07f800
:10f7140000c0b5e78946dfe788b100200034004027
:04f72400888e0020ab
:020000040000fa
:020000040001f9
:10f72800f8b5044608f04afb00283ad0a368a08e32
:10f738005d7894f82030668ca78cb4f826e013f036
:10f7480001022fd113f010010ebf4ff0030c114628
:10f758004ff00b0c1ef4006f01d0bb0547d41ef40c
:10f76800806f04d0ff0502d50c2000230ee0304046
:10f7780010f480732dd0122042ea01032b402a4353
:10f788005b42114003f0080343ea8103a26a1ab1fd
:10f79800a2f800c0508013710023c4e90633022286
:10f7a8006280f8bd16f4005f4fea162314bf4ff0cd
:10f7b800050c4ff0010c13f004011cbf4cf0100ca9
:10f7c800114613f00802c5d04cf0200cc5f34002d6
:10f7d800c0e706060dd410f040030cd110f020004d
:10f7e8000bd12cf0010c4cf4005c0346cee70a2048
:10f7f800c2e71420cae72220bee72420c6e700bfdc
:020000040000fa
:020000040001f9
:10f8080070b5304b8668858b9e420cbf1e4600261d
:10f81800012d044615d0022d07d0ddb94ff4004262
:10f82800294605f0a5fb10bb70bd08f0c7fa0028f3
:10f83800fad094f93530002b2edb0423c4f81a30a3
:10f8480070bd002105f00cfb0028edd01e4bc4f85c
:10f858001a3070bd1d4b1e490020c4e90603022260
:10f868006280bde870406ff00b0207f065bf194b6e
:10f87800c4f81a300df0ccf905460df00bfe326acb
:10f88800154b126802fb05f505f2e735a3fb0535b4
:10f8980000eb9510e06270bd0df0fcfde36a984244
:10f8a80003d20c4bc4f81a3070bd0c4b6580002095
:10f8b800c4e906030649bde870406ff0020207f08c
:10f8c8003bbf00bf04af0020030002000000f4ffac
:10f8d800cc02000003000100d34d62100000fdffc0
:020000040000fa
:020000040001f9
:10f8e8002de9f04790f8a430d0f8ac90002b61d007
:10f8f800d0f894100546d0f8a0004ff0000800bfdb
:10f9080008eb880700eb870208eb081601eb860373
:10f9180052890024c3e90644c3e90c44c3e90944f5
:10f92800b6001c629c63dc62bf0082b945e01060cf
:10f938005863d5f8a0009a6b00eb070c0134bcf8ab
:10f948000ae01ffa84fc0132e6459a631bd95a691a
:10f95800e86902ebc4024ff0000a4ff08021c3f8b7
:10f968003ea02b6ac2f800a051600c2201219847e2
:10f97800d5f89410c0f800a08b195a6b002ad6d17c
:10f98800c3e90c00d5e76ff0604212fa84f4e40092
:10f998005b691c4423f00303626842f080426260a2
:10f9a800c9f81c3095f8a43008f101085ffa88f608
:10f9b800b342a5d80020bde8f0876ff00704e7e759
:020000040000fa
:020000040001f9
:10f9c800f8b5354d6b686c6b9b69984768616b69d6
:10f9d8002869d5e90a67834298bf03f58033181a66
:10f9e800821947f10003c5e90a23002c33d095f8a2
:10f9f8003030013385f830300bf064fe6c6b9cb10d
:10fa08000126a36883b9a378267566756bbbe3687e
:10fa1800002b33d0e06903f0e1f9e3680bb120690a
:10fa280098476c6b002cecd11c4f00243e4600bf5d
:10fa380007eb441300215a7d1ab15975b278012a8f
:10fa480024d00134052c06f12006f1d195f8303088
:10fa5800013b85f830300ff0f5fc044606f034fd24
:10fa68002046bde8f8400ff0efbc20460af042fc03
:10fa7800a278e368002ad1d16270cfe720460af065
:10fa880039fca378002bccd16370cae772689a60fe
:10fa9800304606f03bffd4e7c8b100204cac00204c
:020000040000fa
:020000040001f9
:10faa8002de9f04184b006460cf0b4f907460c463f
:10fab8000ff08efb0546002855d002460023384635
:10fac80021460cf0bdfe2a4a00230c4605460cf0e0
:10fad800b7fe19460746002310464ff461620cf042
:10fae800affe214680464ff46162284600230cf0a1
:10faf800a7fe2048d11841f10001a0fb01ec4fea14
:10fb0800dc0ccceb0c1ca1eb0c01521a63f10003ca
:10fb1800291941f10001a0fb0140c008c0eb001009
:10fb2800154c091a691aa1fb04104ff0ee3002fbbc
:10fb380000f004fb03038908a2fb0424c1eb0111b4
:10fb480023449208a5eb810142ea8372cde90115ad
:10fb58000092d6e900200949546843463a46a0472e
:10fb680004b0bde8f0810146024680460746ede74d
:10fb78008051010089888888efeeeeeee4430000aa
:020000040000fa
:020000040001f9
:10fb8800f8b5002849d1304c2378002b4bd10122fd
:10fb980040f20110a4f8700084f87220d1e90156ef
:10fba8004869d1f800c0e060886a8f69e061c86a76
:10fbb800a061c4e90b564ff0ff3084f82630236269
:10fbc800a284a062c4f814c02280a760d1e90327e8
:10fbd800c4e90d27d1e907e24f6a6360c4e913e27b
:10fbe80067650a6b84f86430c4e91a33174be26519
:10fbf8008542c3e90000c3e9020005d0864203d06c
:10fc0800022323740020f8bddcf80c3010480e499c
:10fc18009847022323740020f5e70ff0d3fa60b960
:10fc28004ff0ff30f8bd0ff0cdfa0028f8d00ff0f4
:10fc3800c3fa08490cf08cfdf2e70ff0bdfa06494b
:10fc48000cf086fdece700bf90ae002040b4002029
:0cfc5800d1f10100d00a0000b80a000041
:020000040000fa
:020000040001f9
:10fc64002de9f0410229d0f8048082b004460cdc6e
:10fc740003682a491b6840469847236828491b683b
:10fc8400404602b0bde8f041184750680d4616469c
:10fc940007f052fa074658b3b0686946fff7b0f95f
:10fca40000282dd00123032d019311d16946384634
:10fcb4000ef018fb21681b4a1b4b4c681b4900289b
:10fcc40008bf1346019a4046a04702b0bde8f08140
:10fcd40001aaf0680a2108f003fa019b5a1e012abe
:10fce40016d8012be2d0694638460ef007fbe1e74f
:10fcf40023680f491b68404602b0bde8f04118472d
:10fd040023680c491b684046984702b0bde8f0815f
:10fd1400236809491b6840469847d6e7481b0000fa
:10fd2400681b0000dc0b000028110000dc1b000035
:0cfd3400881b0000a81b0000c81b00007a
:020000040000fa
:020000040001f9
:10fd400010b50446d0e9003025495b689847d4e9ee
:10fd5000003024495b689847d4e9003022495b6849
:10fd60009847d4e9003021495b689847d4e90030ce
:10fd70001f495b689847d4e900301e495b68984783
:10fd8000d4e900301c495b689847d4e900301b492e
:10fd90005b689847d4e9003019495b689847d4e913
:10fda000003018495b689847d4e9003016495b6811
:10fdb0009847d4e9003015495b689847d4e900308a
:10fdc00013495b689847d4e9003012495b6898474b
:10fdd000d4e9003010495b68bde81040184700bf07
:10fde000743d00008c3d0000c03d0000f83d000067
:10fdf000383e0000903e0000dc3e0000383f00002e
:10fe00007c3f0000c03f0000084000004c40000064
:0cfe10008c400000c440000014410000c1
:020000040000fa
:020000040001f9
:10fe1c0000295fd02de9f04f80469fb08a464ff005
:10fe2c00000900bfaaeb090bbbf1100f2a4a43468d
:10fe3c004ff0600106a828bf4ff0100b00250ef004
:10fe4c0035f90a2401af11e018f8056033460ef0bd
:10fe5c002df9a6f120035e2b05f1010588bf2e2696
:10fe6c00102d3e70044407f1010710d006abab45d2
:10fe7c001a4a03eb0400c4f16001e5d8184a0ef0ed
:10fe8c0015f90135102d044407f10107eed10bf1e2
:10fe9c0078030deb030b06a8c4f160012044114a52
:10feac00002501ab0bf8745c0ef000f90444002043
:10febc000df0d2fda042fadb0b4906aa002009f195
:10fecc00100907f037fcca4508f11008aad81fb072
:10fedc00bde8f08f704700bf684200007042000020
:0cfeec00784200007c420000d4030000bb
:020000040000fa
:020000040001f9
:10fef80070b5002851d1314c94f87030012b02d0e4
:10ff08004ff0ff3070bd94f9103084f87000022b68
:10ff18003cd12378002b39d06378002b39d166681f
:10ff28000eb10b0735d4a568002d32d0e368002246
:10ff380004e00132954203f128032ad0d87800283a
:10ff4800f7d10d074ff00100d87048bf6070a08c42
:10ff5800d2b242ea004201305a6280b24ff6ff72d2
:10ff6800904208bf0120013641f00401012284f8c3
:10ff78007020a08466609970ff2100221977c3e978
:10ff88000122586a83f820201a8070bd0ff01af9f0
:10ff980068b9012384f87030b2e70ff013f900282c
:10ffa800aed00ff009f906490cf0d2fba8e70ff024
:10ffb80003f904490cf0ccfbebe700bf90ae00203e
:08ffc800e80a0000000b000034
:020000040000fa
:020000040001f9
:10ffd0002de9f0430129476895b0044607dd2d4817
:10ffe0000d46516816460ef0f2fa804638b1236885
:10fff00029491b68384615b0bde8f04318470ff093
:020000040002f8
:1000000079f8022d814641d0b068cdf8148005aa58
:100010000a2108f067f8059e013623681f495b68ce
:100020004a4638469847059dae422cd906a928b2c3
:1000300000f0c2fc20b39df84e2023680292bdf868
:100040003e200192bdf83c200092d3f80480144970
:100050009df818302a463846c047bdf84c20236822
:100060000292bdf84a2001929df844200092d3f8f4
:100070000480bdf84620bdf848300a493846c047dc
:100080000135ae42d2d115b0bde8f083cdf8148071
:100090000646c2e74c2600000c120000701100005a
:0800a00084110000cc110000e6
:020000040000fa
:020000040002f8
:1000a800234b24491a780868002a2fd030b42249f3
:1000b800224d234c00221a700b782a702270f3b953
:1000c800204a214c1460214c4ff480422260204c7d
:1000d8002360204c2360204c2260204a01241470a5
:1000e8001f4c204a2370204c1370032223700a707f
:1000f800c8b103681d495b68406830bc184758b1ef
:1001080003681b495b68406830bc184740b1036806
:1001180018495b684068184730bc154907f00cbba4
:10012800144907f009bb30bc104907f005bb00bff4
:100138004ab70020c4b6002053b7002049b70020b2
:1001480043b70020d4b60020a0000400ccb600209d
:10015800d0b60020c0b60020bcb6002051b70020a1
:1001680050b7002055b7002052b70020045f0000a8
:08017800205f0000ec5e0000b6
:020000040000fa
:020000040002f8
:100180002de9f74f9846d2e9037bd2f808a0044640
:1001900089460bf0d5f8d8f800301844baf1000fb2
:1001a00001d10bf1ff3a00265645c8f800003ddab0
:1001b0000bf1ff33b34239dde36be26c93421cd2a7
:1001c0005a1ce2631d7828460df0ecfe00283dd154
:1001d000012e26d128460ef01bfe782821d13b782f
:1001e000302b1ed1e36be26c934211d25a1ce263b6
:1001f0001878e36b013be36310e0204609f042f915
:10020000431c0546dfd18eb9284603b0bde8f08f08
:10021000204609f037f9e36c002bead10df0c2fe5d
:10022000a0b9e36c13b1e36b013be3630023bb555f
:10023000102201a938460ef0e0f9019bbb42c9e942
:10024000000114bf01256ff00105dde7bd55d8f8a9
:08025000000001360130a7e7b0
:020000040000fa
:020000040002f8
:100258002de9f84f2e4cddf828a0656cddf82cb0a0
:1002680007460e469146984695b32b6a1b072fd42e
:10027800ac69284b236040f20643e680a380bbf1bb
:10028800000f3fd0dbf80030a360bbf80430a38137
:10029800daf80030c4f81230baf804202b69e28288
:1002a8001d4a226076ba1c22c4f80e90c4f8188041
:1002b800e68038469a810ef023fb40f60603024694
:1002c800514628460bf0aafc80b90020bde8f88ffb
:1002d800124a1c21382003f08bfe05460028f4d072
:1002e8000f4b83600023c3606064c1e700232b6069
:1002f800af62294638460cf083f9c043c0f3c010fa
:10030800bde8f88ff86bb7f84030a060a381bfe76d
:1003180070b0002001000008000108000200010080
:0403280021dd0200d1
:020000040000fa
:020000040002f8
:10032c0070b582b00023012946680193044636d08b
:10033c00032906d0236826491b683046984702b02b
:10034c0070bd506803782d2b154622d14378692b4c
:10035c001fd18378ebb9a86801aa0a2107f0bcfe6b
:10036c00002822db1b4b019a1b6821689a4222d27f
:10037c00194be82000fb023393f8da00012821d056
:10038c00012083f8db004b6814493046984702b0d3
:10039c0070bd13490ef015f90028dcd0cae70368cc
:1003ac0010491b6830469847dce723680e491b68e8
:1003bc0030469847c3e74c680c495a1e3046a04754
:1003cc0002b070bd0b680a493046984702b070bd48
:1003dc0060280000bcb5002038a900209c28000033
:1003ec002c27000028280000402800008827000047
:0403fc007c28000059
:020000040000fa
:020000040002f8
:100400002de9f0470e46054618b34468f4b18368f9
:10041000002b54d0c768c7b13846a0478046002893
:1004200051d000f10f0424f00f043918091b21f0fa
:100430000f01a1f15003b3f5806f0ed26ff00303eb
:1004400006b133702046bde8f0873c464ff0ff33dd
:10045000f6e704464ff0ff33f2e720464fea131960
:100460000ef0daffdff868e00446844600f1500a37
:10047000bee80f00ace80f00bee80f00ace80f00cc
:100480000027def80030ccf80030c4e909aac4e93e
:100490000c7784f83870c4f85490c4f82c90276511
:1004a0006b7884f83930ab68c4e90f830ef0ceff67
:1004b000012384f844300ef0cbff3b46c0e71c46d6
:1004c0004ff0ff33bce704466ff00103b8e700bf0d
:0404d000a4d20200b0
:020000040000fa
:020000040002f8
:1004d4002de9f041074684b0144698460d4609b10b
:1004e40000230b6024b1002222606260a260e260fb
:1004f4002b4a1668002e4cd069463846fef780fd1c
:1005040030b10db1009b2b60002004b0bde8f08138
:1005140069463846f4f782fa40b1002cf4d06d46af
:100524000fcd20606160a260e360ede7306839467a
:1005340008f080f880b303881a060bd590f82730aa
:1005440090f826206bb90ab3002dddd003691b682f
:100554002b60d9e713f4807f14bf6ff004000120ef
:10056400d3e784b1416903f18053013b01eb0313e9
:100574001f685e689968db68e36027606660a16055
:10058400b8f1000fc0d1002abed0dde76ff0010042
:10059400bbe76ff00500b8e74ff0ff30b5e700bfe9
:0405a400e4b500209a
:020000040000fa
:020000040002f8
:1005a80043b2002b62ddc3b20a2b5fd82de9f047b6
:1005b800013804b22e4f154604ebc40207eb820340
:1005c80017f822200e46e100002a34d09a68126dee
:1005d800002a38d09888800625d593f802c0d868b4
:1005e800bcf1040fd0f81880d0f82ca025d1b8f1b0
:1005f800000f22d0baf1000f1fd0b3f906009047c0
:10060800242304fb03771c378146002231463846f1
:10061800c047d8b131463846d04780b2814515d356
:100628003046bde8f087b3f906009047b042f8d2eb
:100638000db1a842f5d20020f3e7214407eb810170
:10064800ff23cb70f7e7ff22da70f4e7002df2d032
:10065800002229463846c0470028ecd029463846ab
:10066800d04780b28145e6d32846dae700207047b4
:04067800b8a5002001
:020000040000fa
:020000040002f8
:10067c00f0b5324f3b680846013316468bb00d4639
:10068c003b6005f05dff30460ef084fb044648bb32
:10069c002b4b1b6823f00203012b20d1cde9030067
:1006ac00cde90500cde9070009900bf0b1fbcde9d0
:1006bc000001d5e904319a89d1f806003b68029310
:1006cc0002254b89cdf81d006846adf810608df8f9
:1006dc001c50adf81220adf82130fcf72fff20464e
:1006ec000bb0f0bd0023cde90533cde907336f69bd
:1006fc0009930bf08dfbcde900010ef053fb02903a
:10070c0038460ef093fd2b69d7f806109a890390a2
:10071c007b89cdf81d1068466969adf81220adf8db
:10072c002130adf81060fcf709ff284601220221a8
:10073c000cf0e8f920460bb0f0bd00bf88b60020e5
:04074c009cb6002037
:020000040000fa
:020000040002f8
:10075000838b70b50446dbb1012b0cd02a4b2b499f
:100760000020c4e9060302226280bde870406ff0f9
:100770000b0206f0e5bf036c254821469847021e90
:1007800025d028db0cf08afee36a98422ed270bd99
:100790008668204972691269c363002a08bf0a4645
:1007a00002640cf039fa05460cf078fe326a1a4bf6
:1007b000126802fb05f505f2e735a3fb053500ebf2
:1007c00095104ff00113e062c4f81a3070bd022397
:1007d000c4f81a3070bd00200223a083a06163809a
:1007e000e2830a49bde8704006f0aabf0b4b0749f7
:1007f0000020c4e9060302226280bde870406ff069
:10080000040206f09dbf00bf0000f4ffcc02000010
:10081000287e020035b30100d34d62100000fbffbb
:020000040000fa
:020000040002f8
:10082000f0b585b0002844d12a4c2378002b40d065
:1008300094f82450002d3cd1e369e0885b69294697
:100840009847431c064639d06369234a9b68019246
:1008500004f12407394621489847e36902909b69cf
:100860008df80c5001a9304698470028e36912db47
:100870002363e36884f85450c4e90a340122022354
:100880003846c4e90d6584f82420e563a4f8405097
:10089000e38405b0f0bddb6930469847104a114942
:1008a00040f26b33284606f04bff0f4a1368002bcb
:1008b000fcd14ff0ff37384605b0f0bd084a094972
:1008c0004ff45573284606f03bff074a1368002b88
:1008d000fcd1eee704af0020000e2707287e0200bf
:0c08e000a0eb0200ac020000e45e00206f
:020000040000fa
:020000040002f8
:1008ec0081692de9f04f304c7422c1f3072302fbd0
:1008fc0003430646d868cbb203eb830300ebc30576
:10090c0030f8333002fb034287b0926a914245d0f3
:10091c00742202fb034405f10c0e6369d5f81890a0
:10092c001f68d4f84c80bee80f000df1040cd5e91b
:10093c0004abace80f00def80030ccf80030236dcf
:10094c0053f82b10636d53f82a2058f82930049370
:10095c00cde9022101a80021b847b269a2620023a7
:10096c0085f8203095f91c104b1c0fd0c1f34a10a0
:10097c0000f502006a7f00f5807001f01f01012371
:10098c00c00103fa01f122b90ef054fd07b0bde825
:10099c00f08f0ef04dfd07b0bde8f08f95f82020dc
:0c09ac00002adfd0b4e700bf90ae0020ae
:020000040000fa
:020000040002f8
:1009b80070b5061e4edb2f4b1b68b3424ad92e4b2f
:1009c8001b6853f82640002c51d00d4600293fd013
:1009d8003822002128460ef03df894f87130012b9a
:1009e8003dd0e26d636cc5e9092394f8703085f851
:1009f8002c30d4e90012521ad4e905032a86d4e926
:100a08000721a3eb000c8a42a5f82ec024d25b1a5a
:100a1800121a134401339bb26b86304606f07efdf2
:100a2800a88694f87030d4f88420d91e02291cd9dd
:100a3800082b0cbf032301239005c2f3072148bfed
:100a480043f004034a0748bf43f0080385f83630eb
:100a5800012070bd002070bd521a93b2dce7e26b32
:100a68006a60226c6a612b70bbe70323e4e72046c7
:0c0a780070bd00bf54b5002064b5002024
:020000040000fa
:020000040002f8
:100a840000250000cd760100082500002425000083
:100a9400450f02002c25000048250000753c02008b
:100aa400502500006425000065fc01006c25000051
:100ab4008425000079ea01008c250000a8250000a7
:100ac400dd3b0200b0250000c8250000917502003e
:100ad400d0250000ec25000065430200f425000049
:100ae4000826000019b701000c2600002c2600007f
:100af400bddd0100342600004826000081d8010035
:100b04005426000068260000795401007026000075
:100b140088260000f1e8000090260000a8260000c6
:100b2400dd9c0100b0260000c8260000d1ff0100b2
:100b3400cc260000dc260000b14b0200e8260000b1
:0c0b4400dc4e0000d1000100fc26000087
:020000040000fa
:020000040002f8
:100b5000002843db10b42f4c2468a04232da2e4c1c
:100b6000246854f820406cb394f85c0081b948bb09
:100b700094f85d30228513f0010325d094f83e30bf
:100b800043f00203012084f83e305df8044b7047c7
:100b900001f1ff3cbcf1010f14d8e0b994f83ec05c
:100ba00084f85c102cf0020c84f83ec0002bdfd0df
:100bb000012915d094f83e3084f85c0043f002031c
:100bc00084f83e300020e0e794f83c2063f3820292
:100bd00084f83c20d2e78842f4d1dfe70020704758
:100be00094f83cc01cf0030fe4d194f83d10186851
:100bf000606141f0010384f83d3094f85d30e061bc
:100c000013f00400b6d1614660f3041184f83c107f
:0c0c1000b0e700bf2cb6002030b600207a
:020000040000fa
:020000040002f8
:100c1c002de9f04f43b2002b9bb059ddc3b20a2b28
:100c2c0056d8013804b22b4e04ebc40006eb8003fb
:100c3c0016f8200000284bd0988880060fd5d8686d
:100c4c00c769002f42d00d4699b1242304fb0360e1
:100c5c001c30b84785b228461bb0bde8f08f9868a9
:100c6c00446c9cb3b3f9060023461bb0bde8f04faf
:100c7c001847194ba3fb02384fea58196423c8468e
:100c8c00632a03fb19291ffa89f912d94ff0240a98
:100c9c0004fb0a6a8b460af11c0a642201a950461d
:100cac00b8470bf1010b1ffa8bf32844984585b21a
:100cbc00f3d8b9f1000fced0242004fb00604a46d3
:100ccc0001a91c30b847284485b2c4e7ff22da706a
:0c0cdc000025c0e7b8a500201f85eb51e3
:020000040000fa
:020000040002f8
:100ce80010b50446d0e9003022495b689847d4e93a
:100cf800003021495b689847d4e900301f495b6898
:100d08009847d4e900301e495b689847d4e9003019
:100d18001c495b689847d4e900301b495b689847d1
:100d2800d4e9003019495b689847d4e9003018497c
:100d38005b689847d4e9003016495b689847d4e95e
:100d4800003015495b689847d4e9003013495b685f
:100d58009847d4e9003012495b689847d4e90030d5
:100d680010495b689847d4e900300f495b68bde8d3
:100d7800104018475454000074540000bc5400003c
:100d88000c55000060550000bc5500000c560000d2
:100d98007c560000dc5600003c57000090570000cd
:0c0da800d8570000205800006c580000d4
:020000040000fa
:020000040002f8
:100db400f0b5456990f8316085b0bdb9032e04469d
:100dc40017d0731e012b3ed8c368c28e1f6b0069f7
:100dd400618ea38e012e1fd000950df10f05019594
:100de400b84790b99df90f30022b1ed1032005b0ee
:100df400f0bdc3680df10f020092de6ac28e418e0f
:100e040000692b46b0470028ecd060610225012020
:100e140084f8305005b0f0bd00960df10f06019630
:100e2400b8470028ded02846f2e70e4a0e494ff4b0
:100e3400b473002006f082fc0c4a1368002bfcd12a
:100e44006ff00100d3e7074a09494ff4ae7328460f
:100e540006f074fc074a1368002bfcd14ff0ff30f6
:100e6400c5e700bf14e00200ac020000e45e00200d
:080e74008c0200000cae00200e
:020000040000fa
:020000040002f8
:100e7c00f0b585b000260c46836cadf806600546cf
:100e8c00039602a9204617469847002819db3146dd
:100e9c00bdf80860ab6a03aa20469847012e28d0fb
:100eac00022e14d07eb92b6d039a1b212046984735
:100ebc00002806db012803d0eb6c01212046984763
:100ecc00012005b0f0bd6ff00b0005b0f0bdbdf812
:100edc000a20ad6d039badf8062020461b21a847c8
:100eec000028eedba0f10100b0fa80f0400905b05b
:100efc00f0bd6b6d0df10601204698470028e0db34
:100f0c000128ddd0bdf80630b90503f010030bd570
:100f1c000222adf80820adf80a30ea6c0299adf85f
:100f2c00063020469047cbe73a0554bf43f40043c4
:080f3c0043f42043ece700bf81
:020000040000fa
:020000040002f8
:100f44002de9f0410129476886b004460addd2f84c
:100f540004800d464046224916460df036fb70b912
:100f6400022d25d123681f491b68384698472368fa
:100f74001d491b68384606b0bde8f04118471b49b7
:100f840040460df022fb0028ecd101ad0ef0cef866
:100f9400294614220af000fb2368154a5b681549a8
:100fa400002818bf2a463846984706b0bde8f081a5
:100fb400b06806f0c1f870b10cf082fc23680e49e9
:100fc4000e4a5b68002818bf0a460d49384606b029
:100fd400bde8f041184723680a491b683846cae748
:100fe400101c0000501c0000741c0000141c0000a5
:100ff400081c0000341c0000f41b0000001c00004e
:08100400181c00007817000021
:020000040000fa
:020000040002f8
:10100c002de9f0411d462f4b9df818801b6823b12c
:10101c00064610b1144602b115b90020bde8f081a6
:10102c0018680f46314607f001fb02460028f4d041
:10103c0003881b06f1d590f82a3018ea0308ecd087
:10104c00b8f1010f20d090f8271043698f4203ebc1
:10105c000713e2d8002004e092f827103e188e42c5
:10106c00dcd80130d3f800c05e689968d3f80ce086
:10107c00c4f80ce08542c4f800c06660a16004f1bd
:10108c001004e9d12846c9e790f8261003698f426d
:10109c0003eb8702c1d8136844f8103b012d0fd025
:1010ac00c7f1010008440123984203f10103b5d0b4
:1010bc0052f8041f44f8101b9d42f5d12846ade7a9
:0810cc000120abe7e4b50020b0
:020000040000fa
:020000040002f8
:1010d40070b52e4d2e4c05eb001c04eb00152d7b3a
:1010e4009cf84ee01ef0030e4fea001c02d1edb254
:1010f400002d3ed10cf1824505f5204504eb0c0e84
:101104000326244c85f84e6001258ef80c5004eb20
:101114000c05b5f800e01ef4806f18bfc9186960ab
:1011240004eb0c010d882d0520d4184d6d88adb24b
:10113400b5f5804f28bf12688a6064449bb2228848
:10114400c2f301220cf1824c13410cf5204c9bb2ea
:101154006380dcf8403043f00203ccf84030dcf824
:10116400403013f4fe4f06d0012070bd1a448a604b
:10117400e3e7704670bd9cf846305b06f4d4034a3e
:101184000123116983400b431361ede700a0004183
:081194002cb3002050b3002031
:020000040000fa
:020000040002f8
:10119c002de9f0472d4c9df820a094f83050814655
:1011ac00884617461e46a5b194f8311094f90030c4
:1011bc00022b17d04ff0ff35b4f908000cf06cfc83
:1011cc0094f8303013b9012384f838302846bde840
:1011dc00f08794f83830012b13d04ff0ff352846a8
:1011ec00bde8f087b8f1000fe4d0c845e2d3184a47
:1011fc000025107878b10135052d02f12002f8d1c7
:10120c00d8e7b4f9080084f8385009f0dffa014641
:10121c0084f83100cae7107550750e4882f802a0a8
:10122c00a8eb090393600388c2f8048045ea0345e0
:10123c000133c2e903769bb24ff6ff76b34208bf87
:10124c00012303800123d5611380b5e7c8b10020c9
:08125c004cac0020a2b80020f8
:020000040000fa
:020000040002f8
:10126400cb1e012b2de9f04104460bd90368284914
:101274005b6840689847d4e9003026495b68bde85c
:10128400f0411847164600220d46706811460df0cd
:1012940001fc002280461146b0680df0fbfb042dd2
:1012a40007460bd0d4e900305c681b49c8f80070cd
:1012b4003b464246a446bde8f04160470022f06840
:1012c40011460df0e7fb02280fd00428ead00128cc
:1012d40017d1fbb288f80030d4e9002054680f49d4
:1012e4004246a446bde8f0416047226860685568fc
:1012f4000b49bbb2a8f800304246ac46bde8f04109
:1013040060472368606807495b68bde8f041184797
:1013140070440000a8440000f8440000d0440000d9
:08132400e44400000c45000048
:020000040000fa
:020000040002f8
:10132c00f8b52a4d854246d10c461646c9b1ab6b71
:10133c001bb1052105f164009847254a111fa2f144
:10134c00740004f0b9f8ab6b13b12248062198472e
:10135c00214f0fcfa446ace80f0097e803008ce8b0
:10136c00030036b3ac6b4cb31c480321a04795f873
:10137c00a420ac6b0023c5f8883092b1d5f894301a
:10138c00013a92b202eb021103f1640202eb810208
:10139c002033002153f8440b93420144fad1c5f891
:1013ac00881014b10d480421a0470d4b0fcb86e8d3
:1013bc000f000020f8bd6ff00500f8bd95f8a420d3
:1013cc00c5f88840002ad9d1efe700bf5cb70020f0
:1013dc00d0b70020c0b70020c8b70020c4b7002089
:0413ec00e0b7002046
:020000040000fa
:020000040002f8
:1013f000d1e90032b3fbf2f3082b19d9102b43d8f3
:10140000036813f0080f4ff48022036816d15b07be
:1014100028d5036823f004030360436823f4e01332
:1014200013434360036843f00403036000207047e4
:101430000022036813f0080f0368e8d023f00803c4
:1014400003600368590714d5036823f0040303609d
:10145000436823f4e01313434360036843f0080335
:101460000360dfe7436823f4e01313434360002085
:101470007047436823f4e01313434360036843f069
:101480000803036000207047202b06d9302b07d9b2
:10149000402b08d84ff48012cbe74ff40022c8e766
:1014a0004ff44022c5e7602b8cbf4ff4c0124ff4bd
:0414b000a012bee7e1
:020000040000fa
:020000040002f8
:1014b400002814db2d4b1b68984210d22c4b1b6860
:1014c40053f8200060b152b10c2908d8dfe801f0cc
:1014d4000e1d292e070734073a404549090000200c
:1014e400704790f8883013700120704790f8863068
:1014f40083f0100183f020030020c1f30011c3f333
:101504004013117053705080eee790f88530b0f8b6
:101514006c105180c3f38013137090f880301371f2
:10152400e2e7d0e905135b1a1380dde7d0e9001385
:101534005b1a01331380d7e790f88730c3f3400375
:101544001370d1e790f88530c3f301131370cbe720
:1015540090f88530db091370c6e790f8813013707a
:10156400c2e790f882301370bee700bf54b5002084
:0415740064b500203a
:020000040000fa
:020000040002f8
:10157800002857d0002955d070b501f10f052d0965
:101588000646013596f84430002bfbd096f84430d7
:10159800b3b9746afcb1002203e023682246d3b1d0
:1015a8001c466368ab42f8d3591b022921d821682d
:1015b800002a3cd01160b16aa14235d01d461ee018
:1015c8000df040ff96f84430013bdbb286f844301a
:1015d8000df03affdde7fa2386f838300df032ffd8
:1015e80096f84430013386f844300df02dff002082
:1015f80070bdab42dbd0616004eb01146560d6e9d5
:101608000c2315449d4288bf756335630df01aff9e
:1016180096f84430013386f844300df015ff04f194
:10162800100070bd00207047b2621d46e7e7716286
:041638000a46c0e7b7
:020000040000fa
:020000040002f8
:10163c00902910b50fdc7f2913dd8039102910d8c3
:10164c00dfe801f02b2b360f110f0f0f200f0f0fb0
:10165c000f0f0f0f3600c02944d0f02942d0a0291b
:10166c0021d000200de019682ab10a1d1a60b1f9c9
:10167c000030da1702e00c1d1c600b88c0e9003248
:10168c00012010bd196822b10a1d1a6091f90030b1
:10169c00efe70c1d1c600b78f0e71968f2b10a1d1e
:1016ac001a600b68e5e71a68111d19601368e0e70a
:1016bc00196852b1073121f0070101f108021a60d3
:1016cc00d1e90023c0e90023dae7ca1d22f00702a2
:1016dc0002f108011960d2e90023f3e70c1d1c602c
:1016ec000b68cbe71a68111d19601368036000239f
:0416fc004360c5e79b
:020000040000fa
:020000040002f8
:1017000053ec102bc3f30a512de9f04140f2fd7068
:101710004c1e84429e4641d8a1f2ff30002833dba4
:1017200033282ddc264c4ff0ff3cc0f12006154637
:10173000a1f21f4104fa06f22cfa00fc4cea020c5a
:1017400024fa01f24cea020cc44003ea040805ea58
:101750000c0757ea080725ea0c0223ea04030fd016
:10176000002b0dda4ff4801404fa06f624fa01f186
:101770000e43b61824fa00f444eb03043246234621
:1017800043ec102bbde8f081002b03db9fed080b31
:10179000bde8f0819fed080bbde8f0810029efd195
:1017a0000a4603f0004343ec102bebe7aff3008055
:1017b0000000000000000000000000000000f0bf7a
:0417c000ffff0f0018
:020000040000fa
:020000040002f8
:1017c4002d49cb684ff6ff02134043f0bf6343f447
:1017d400003310b4cb60bff35f8f62b6274be022b7
:1017e40083f81f234ff00040186083f82023012062
:1017f400586083f82e234ff48040586083f82f23d9
:101804004ff40040586083f830234ff48030586020
:1018140083f831234ff40030586083f832234ff4b7
:101824008020586083f833234ff40020586083f8f5
:1018340034234ff48010586083f835234ff4001498
:101844005c6083f85423986083f86b234ff4006240
:10185400da604b6a5df8044b43f480234b624b69b6
:1018640043f010034b614b6a43f400334b624b6a01
:1018740043f480334b62704700ed00e000e100e088
:020000040000fa
:020000040002f8
:10188400f8b52c4d2c4c2b7e5b074bd5ae6aa36a66
:10189400206be16a0133834228bf0023994227d099
:1018a400e16a9942efd06a6802f00702012af1b2b4
:1018b4002cd0a26a21488154a36294f83430002bbe
:1018c400e1d0e36aa26a934284bf216b5218d31a0f
:1018d400226a002ad7d0616a94f83c2002f0ff0003
:1018e4000ab3a26b9a42ced8236a00209847cae76b
:1018f400226a002ad4d0616a236a01209847a36a25
:10190400226b0133934228bf0023c9e7d4f828c0cf
:101914000a4f4fea4c000130c6f3072207f81c10a7
:101924003a54c9e7f8bda26b9342acd1236a9847f5
:10193400a9e700bf0034004088b10020889200204d
:020000040000fa
:020000040002f8
:101944002de9f043294a2a4bb2eb030983b08046c0
:1019540045d04e4600270125741b05eb5404204650
:1019640007f0eef900283cd009f0c8fc651c2746b6
:10197400b542f1d9d8f800301e495c68d8f80400a3
:101984003b464a46a047002101200cf0cfffd8f87f
:1019940000300446d8b1d8f80490d3f804800df090
:1019a400c5fc054620460df0c9fc064620460df050
:1019b400c1fc074620460df0c5fc0f49cde9007077
:1019c40033462a464846c04703b0bde8f0830b4976
:1019d4005b68d8f8040003b0bde8f04318474f46ed
:1019e400c8e7002cc6d0661ec2e700bff03803204b
:1019f400f0b8002084420000dc4200001c430000d8
:020000040000fa
:020000040002f8
:101a040070b52448244e234d0bf01aff0024012204
:101a140040f2ee51382002f0edfa0022014600288f
:101a240032d0c0e902620134284607f0c9fb082c11
:101a3400edd11a4b1a4a1b48032104f017fa50b18e
:101a44000df09cf9184b187070b90df09ff9174bf5
:101a5400187098b970bd164905f070fe0df08ef936
:101a6400114b18700028f0d01249002005f066fed2
:101a74000df08cf90d4b18700028ebd0bde87040c8
:101a84000d49002005f05abe0c490823224605f0f2
:101a940055fecee770b40020e98c020028730000e4
:101aa4005073000050d5020058b7002057b70020eb
:101ab4005873000078730000ac730000fc720000df
:020000040000fa
:020000040002f8
:101ac40038b58b7b022b0c46054627d0032b07d059
:101ad400012b32d1c0680df0fffa00283bd038bd8d
:101ae400c0680df0f9fa0028f9d1e8680df0f2fbae
:101af400a1880346c1f34402c1f38311e868a360db
:101b040042f0010241f010010bf05afe637b13f026
:101b1400010f14bf06230223a37338bdc0680df060
:101b2400dbfa0028dbd1e8680df0d4fba3680622b9
:101b340043ea0043a273a36038bd0d4a0d4940f245
:101b4400cb43002005f0fafd0b4a1368002bfcd1af
:101b54000723a37338bda288e868c2f3831141f058
:101b64001001c2f344020bf02bfe0323a37338bd10
:0c1b740040e60200940a000034b5002096
:020000040000fa
:020000040002f8
:101b8000c36a70b5c56d01332a7804460bd0036b68
:101b9000013308d00ab390f83e10b5f90400bde84f
:101ba00070400bf07fbf3ab194f85b10b5f90400b8
:101bb000bde870400bf076bf0df048fc0646686843
:101bc000411c31d1a868421c25d1e868431c18d1ba
:101bd0003046bde870400df03bbc0df037fc94f88a
:101be0003d100646b5f910000bf05cffb5f9140086
:101bf00094f83c100bf056ff3046bde870400df0f5
:101c000027bc94f85a1000b20bf04cff3046bde8e8
:101c100070400df01dbc00b294f859100bf042ff5b
:101c2000e868431cd4d0ece700b294f858100bf0ed
:0c1c300039ffa868421cc8d0ede700bfd7
:020000040000fa
:020000040002f8
:101c3c002de9f843274c2068431c04d001f0ccf864
:101c4c004ff0ff332360244fdff89c803b88d8f89b
:101c5c0000501bb3002605e03b880136b34205f16a
:101c6c0080051bddab6dab42f6d1ec6d54b1dff8ea
:101c7c006890214603230222484605f0cbfee46d12
:101c8c00002cf6d1032329461348022205f0c2fe8c
:101c9c003b880136b34205f18005e3dc0df060fab8
:101cac00b86830b1c368d8f800109847b8680df020
:101cbc00affb0a4a0a480b490023c2e900333b73c5
:101ccc0003709360c8f80030bb603b80bb800b6036
:101cdc00bde8f883dcb80020fcb30020a4b40020dd
:0c1cec002db70020f4b5002018b6002031
:020000040000fa
:020000040002f8
:101cf80079b12c4b1b682de9f0410a46b1f9124025
:101d08002bb1002c03db284909688c4203dbbde8b2
:101d1800f04109f09fbf53f824309342f7d1838ee6
:101d28008446e3b9b2f85a60d36816f0010619bfc1
:101d3800d2e91356876a3546374683421ed0b2f831
:101d480056100139a2f8561009f084ff45b33346fe
:101d580039462046ac460122bde8f0416047036a97
:101d6800806a002243f04003acf83420bde8f0411b
:101d7800ccf820300122614605f082be016992f854
:101d88003d0000238b8181075abf13689360acf82c
:101d98005430dcf8203023f00803ccf82030d5e7a5
:0c1da800bde8f08130b600202cb6002011
:020000040000fa
:020000040002f8
:101db4002de9f0412b4c0646012500bf14f81c3ccc
:101dc4008bb134f8183c9b060dd514f81a3c5a1ef6
:101dd400022a08d8012b0dd054f8103c2046db68a9
:101de400984704f81a0c01350b2d04f12404e5d1ad
:101df400bde8f08154f8143c34f9160c5b6998473b
:101e04000028f0d0184f97f80180b8f1010fead1fb
:101e140054f8103c00229b6a7a70984760b954f8d1
:101e2400103c54f8140c1b68984728b9052387f80c
:101e3400018004f81a3cd6e754f8103c34f9162c07
:101e44004ff0010887f8018029469f6830462346f1
:101e5400b84710b104f81b8cbee7052304f81a3cfc
:0c1e6400c1e700bfd4a50020649f00204f
:020000040000fa
:020000040002f8
:101e70002de9f0412a4c84420dd12268294e128866
:101e800041f250039a4218bf0026b4f854302bb9df
:101e90001846bde8f0810020bde8f0814a08cb0873
:101ea00002f0800203f00203134301f00402134323
:101eb0004a0202f4806213430a0902f040024f0909
:101ec00013430d4607f0100732463f2147ea030847
:101ed0000bf0b2f9b4f8563094f8a4209bb223ea80
:101ee0000503a4f85630b4f85a309bb223ea08032d
:101ef0004746a4f85a305ab10025294608483a46c0
:101f00000df0d2f9013594f8a430e9b28b42f5d83e
:101f1000034832463f210cf057f90120bde8f0811b
:081f20005cb7002040b700206f
:020000040000fa
:020000040002f8
:101f280038b518b14ff0ff35284638bd29480d4659
:101f380008f088fd04460028f4d02b070ed4038a45
:101f480023b3038c7bb34ff0ff350df07bfa237876
:101f5800013323700df078fa284638bd8388002baa
:101f6800f1d1038a5bb3038c002becd14ff0011144
:101f7800c4e908140222e36204f12005a36284f88c
:101f88002c20638843f00403638008e00121c4e93e
:101f980004140222e36104f11005a3612277a388e7
:101fa8000133a380d1e74ff001110222e362c4e9b3
:101fb800081404f12005a36284f82c20efe701211e
:101fc8000222e361c4e9041404f11005a361227735
:081fd800d7e700bfa8ab002011
:020000040000fa
:020000040002f8
:101fe0002de9f0410d46c97b99421e4607469046b1
:101ff00014d12946404606f0b1ff85421fd0234a3e
:102000002349244c40f29e53002005f099fb22689e
:10201000002afcd1022e31d0bde8f0811b4a1c49b8
:102020001c4c40f29253002005f08afb21680029e5
:10203000fcd12946404606f091ff8542dfd10023be
:102040002a7b2b606b60ab60eb602b61d7f8843030
:10205000cbb11d60c7f88450d7f888300133c7f87a
:102060008830032a4ff00103eb73d3d1f8680df0e9
:10207000c9f97b8823f008037b80cbe7f868bde8cb
:10208000f0410df025b8c7e92055e5e7ece0020086
:08209000940a000034b50020a1
:020000040000fa
:020000040002f8
:10209800c36a70b5c56d01332a7804460ad0036b4c
:1020a800013307d0fab1b5f9040008f091fb84f8c0
:1020b8003e0070bd32b1b5f9040008f089fb84f820
:1020c8005b0070bd0df0bef906466868411c31d151
:1020d800a868421c25d1e868431c18d13046bde8e1
:1020e80070400df0b1b90df0adf90646b5f9100024
:1020f80008f06efb84f83d00b5f9140008f068fba1
:1021080084f83c003046bde870400df09db900b23f
:1021180008f05efb84f85a003046bde870400df0c8
:1021280093b900b208f054fb84f85900e868431cde
:10213800d4d0ece700b208f04bfb84f85800a8684c
:08214800421cc8d0ede700bf06
:020000040000fa
:020000040002f8
:1021500070b5fab001ad0024102106462846cde93d
:102160000544cde90744cde90944cde90144cde971
:1021700003440b9409f024f80ca80cf085fa96f8a7
:102180007130012b0cd1f36b326c0693f36d059219
:10219000079395e80f000df1200c8ce80f001c242c
:1021a000224605a90ca80cf0e3fc05a90ca80cf02c
:1021b000e7fc09f033fe05460e4674010df00cf8fd
:1021c0006b015b1b44ead56464eb0604640244ead9
:1021d000d3545b025b1946eb04040246a10198014b
:1021e000c01a41ea936161eb0401401946eb010119
:1021f0008009002340ea816089090af025fb059bdc
:0822000018447ab070bd00bf64
:020000040000fa
:020000040002f8
:10220800837d032b45d02de9f041234e356825b158
:10221800013535600120bde8f0810af0f9fc1f4b5b
:10222800dff89080186001231d4cc8f8003003e0e7
:10223800d8f80030ab4222d92046e82200210cf021
:1022480009fc4ff0ff374ff480534ff0010e4ff663
:10225800ff7cc4e9313384f8dae0a763a78784f800
:1022680014c0104900221f2008f0dafce8340135b8
:1022780044f81c0c0028dbd10020bde8f0810a4b93
:102288000a4a0b48042103f0effd0028f4d0356812
:10229800bee70120704700bfb8b50020b4b50020e4
:1022a80038a90020557900004c3100006031000049
:0822b80048c50200bcb500207e
:020000040000fa
:020000040002f8
:1022c00070b52a4d2b7eda0727d5294c1ee06968a8
:1022d00001f00701012903f1010236d02549cb5c49
:1022e000dbb22169914298bf0022e26063f30706e6
:1022f0006b6803f00703012bb6b21abff3b2ab62ef
:10230000ae62237d53b92b7edb0706d5a268e36856
:102310009a42dcd1154b01221a7570bd2269a16861
:10232000e36899423cbf20690918cb1a216800294b
:10233000e9d06168207f013ad21aa36978b193424b
:10234000e1d8236803209847dde7590009480131a7
:1023500010f81330415cdbb261f31f26c1e79342f2
:10236000d1d1236803209847cde700bf0034004057
:0823700088b10020888e0020d6
:020000040000fa
:020000040002f8
:102378002de9f041244a254b90b0cde904230446c9
:1023880004ae06af56f8045b284604f0d3fe0028d6
:1023980032d03a460aa90af077fd1d4923682a4631
:1023a800002824d007980290099801900898009076
:1023b800d3f804806068069bc0470b9a2368029292
:1023c8000f9a01920d9a0092d3f8048011490a9b42
:1023d80060682a46c047be42d4d123680e4a5b686b
:1023e80012680e496068984710b0bde8f0810c4942
:1023f8005b6860689847eee723680a495b6860682d
:102408002a469847e7e700bf3c43000044430000e2
:102418005c4300008443000090b60020c8430000dd
:08242800ac4300004c4300002e
:020000040000fa
:020000040002f8
:1024300038b51d4a1378002b2fd11c480178e9b913
:102440001b4c1c4d0123237003701b4b1b4c186845
:102450001b4b2b60032323601a4c137023601a4b11
:102460001a4c19701a4a1b4b217011701970b0b1b7
:10247000036819495b68406898470ce0174c0d48a1
:102480002370174c0460174d114c12482370012122
:10249000297003701170012038bd002038bd0e492d
:1024a00005f04ef9f7e700bf53b700204bb7002007
:1024b0004cb70020d4b60020c4b60020ccb6002013
:1024c00020000400d0b6002050b7002051b70020f3
:1024d00055b7002052b70020a85e00004eb700207c
:0824e00003ca04004db70020ff
:020000040000fa
:020000040002f8
:1024e80038b5e8b103880446d3b190f90c30022b13
:1024f80016d140680d4608f0a5fa88b164681db188
:10250800eb7b9a1e012a0fd96ff0010554b10cf02c
:1025180099ff2378013323700cf096ff284638bdc5
:102528004ff0ff35284638bdaa7b052a0ad9032b68
:102538000ed104f19802032329462046fff74cfdeb
:102548000025e3e7022b12d104f18c020223f3e702
:1025580040f27f530c4a0d49002005f0edf80c4b72
:102568001a68002afcd1ab7b052be2d8ece740f2d5
:102578007b53054a0549002005f0def8044b1a682c
:10258800002afcd1efe700bf28e60200940a000009
:0425980034b5002036
:020000040000fa
:020000040002f8
:10259c00844691b1294b1b687bb1f0b5b1f97440fd
:1025ac00002c85b003db264a1268944208d360469f
:1025bc0005b0bde8f04009f04bbb604609f048bbe4
:1025cc0053f824308b42f2d10669b3f87620318a65
:1025dc0011f0080f0cbf012103210a401dd19b6c87
:1025ec009842e5d1134615461146dcf8200020f040
:1025fc0008070020ccf85400ccf84800ccf86c004c
:10260c00ccf860003060b081ccf82070a5b12046c9
:10261c00ac4605b0bde8f04060479f6c816a8742cc
:10262c00d3e91e53e1d0cde90231019209f010fb40
:10263c00dde90231019ae9e705b0f0bd64b500208f
:04264c0054b5002061
:020000040000fa
:020000040002f8
:1026500000284ddb294a1268904249da284a12685c
:1026600010b552f82040002c46d00b46002941d02e
:102670005422184600210cf0f1f994f85c20012a4c
:10268000034608d1d4e9050158605961d4e907012e
:102690001a7058625963d4e90002a16a5964121a87
:1026a000a16c606a9864a3f84e20a3f84c1094f8cb
:1026b0003c0094f85d1080f0040441f30002c4f380
:1026c000800402f002022243040758bf42f00402d1
:1026d0008c0748bf42f00802c00658bf42f0100203
:1026e000490748bf42f0200283f85020012010bd66
:1026f00000207047084610bd204610bd2cb60020b3
:0427000030b60020cf
:020000040000fa
:020000040002f8
:10270400002854d0f0b5372793b0164604460d463a
:102714003a46002104a80cf09ff9cde9025604f1d1
:102724000806019701233a46009604a92046f8f7c3
:1027340053fbc8bb04adb646a44610af2c460fcc21
:10274400bc420ef1100e05f110054ef8100c4ef8b7
:102754000c1c4ef8082c4ef8043cefd12868cef837
:102764000000aa88aef80420aa798ef806206446f0
:1027740004ab0df1470000211a4601338342117066
:10278400fad13722cde90211cde90062002304f128
:102794003f012046f8f720fb30b90123c4e900309b
:1027a40084f8800013b0f0bd012013b0f0bd012007
:0427b400704700bfab
:020000040000fa
:020000040002f8
:1027b8008b1e012b2de9f04104460bd903682349f0
:1027c8005b6840689847d4e9003021495b68bde8f8
:1027d800f0411847164600220d46706811460cf065
:1027e80057f9032d074609d0d4e9002054683b68ff
:1027f80018493a46a446bde8f04160470022b0684f
:1028080011460cf045f902280dd00428ecd0012817
:1028180014d1d4e9002054683b780f493a46a446bd
:10282800bde8f0416047d4e900203b8854680b4973
:102838003a46a4469bb2bde8f04160472368606809
:1028480007495b68bde8f041184700bf284500000c
:10285800544500009c450000744500008845000070
:042868000c4500001b
:020000040000fa
:020000040002f8
:10286c0040f2ea53994270b506462ed9224a2348c3
:10287c001d4613680133136006f0cafc044658b3b6
:10288c000369986860612a4631460bf00bfed4e967
:10289c0004031b49858100220e33c4e90212a36193
:1028ac0084f82e2001200bf06dfad0b1154a006d82
:1028bc00136801331360144b1a88aa4238bf1d8069
:1028cc002146bde8704001f037b90c480d4606f0c2
:1028dc009ffc04460028d3d10c4a136801331360c3
:1028ec0070bd0b4a1368014601332046bde87040a9
:1028fc00136006f0f3b900bfdcb6002070b4002002
:10290c00e98c0200e8b60020d2b40020f0b600201a
:04291c00ecb60020f5
:020000040000fa
:020000040002f8
:102920002de9f04f274b90f80441195d83b0002941
:1029300043d14ff001021a55234e41f2901202fb8f
:1029400004f4a319054618460cf088f804f58652dd
:102950001c3200f58c5a3244034600f58b59019223
:1029600000f5865095f804218646d04650340af882
:10297000012f164a03f58a5c34444e4649f8142f59
:102980004ff0010201460746e3460ef8182f019a60
:102990004cf8142f40f80c3f4ff018090420022285
:1029a00001f8100f08f8039f47f8144f0bf8182f81
:1029b0001846356003b0bde8f08f0023184603b019
:1029c000bde8f08f3cb70020e85e00207835424833
:020000040000fa
:020000040002f8
:1029d0002de9f04f85b09246ddf83890002a4cd0b2
:1029e000074698460c460126257b711e012d1ffacd
:1029f00081fb08d0022d32d001213846cdb1584696
:102a000005b0bde8f08f6368cde90289a268019244
:102a1000627b0092226803213846faf731f90028d8
:102a2000edd0731cb2459bb204f1100412d91e46be
:102a3000dae763680195cde90289657b2268009534
:102a4000faf71ef90028dad0731cb2459bb204f1e4
:102a50001004ecd8b346584605b0bde8f08fcde978
:102a6000028900230193617b226800913846294640
:102a7000faf706f90028d4d1c1e79346bfe700bfb3
:020000040000fa
:020000040002f8
:102a800000284dd0b0f84220f8b544f2400313427c
:102a9000044629d10d46f1b1826d904203d0b2f8bf
:102aa0004220134217d01f4eb4f868303461032718
:102ab000012221462846b382b775f8f7e3f8a8b19a
:102ac000286a09f0cdff00f0fd03012b054604d074
:102ad0000cf07cfbe8b90020f8bd0022f07511462f
:102ae0003046f1f785fb68b10120f8bd0cf06efbb4
:102af0000028f0d00cf064fb0b49b4f8682004f017
:102b00001ffee8e73b4604222146304604f088ffda
:102b1000e1e70cf055fb05492a4604f011fedae71f
:102b200000207047fcb30020e03600002036000093
:020000040000fa
:020000040002f8
:102b300070b5d0f8b05082b0eb6904460026006949
:102b40008df807609847012826d02b6a206998479e
:102b500020bbb4f8483013f001061fd06b6b20691e
:102b6000b4f84a500df1070198479df8073018074f
:102b70001fd5b4f84a5045f4005594f84c20a4f8f9
:102b80004a502946204602f05bfc237e002243f097
:102b9000100384f84e20237602b070bd237e23f00c
:102ba000300323760af07afc84f84e60206402b089
:102bb00070bd590706d49a0709d5b4f84a5045f4b0
:102bc0000045dae7b4f84a5045f48055d5e7db070d
:0c2bd00044bfb4f84a5045f48045cee7fd
:020000040000fa
:020000040002f8
:102bdc00002943d0f8b5234f1d460024012600bf21
:102bec0006fa04f22a421cd0e2b21f2a11d8dfe8fe
:102bfc0002f0302b26211010101010101010101095
:102c0c0010101010101010101010101010101010b8
:102c1c00101c3846013402f075fa06fa04f22a4206
:102c2c00e2d10134202cdbd1f8bdbde8f8400e48d0
:102c3c0002f068ba0d4802f065fa0424d0e70c489b
:102c4c0002f060fa0324cbe70a4802f05bfa022494
:102c5c00c6e7094802f056fa0124c1e7014802f020
:102c6c0051ba00bfe4080000cc080000b80800000e
:0c2c7c00a40800008c0800007408000090
:020000040000fa
:020000040002f8
:102c8800294b0122bb21b02083f84c204ff0410c86
:102c980083f84d2083f84e2083f84f2083f8512085
:102ca80083f8522083f8532083f8361083f83710be
:102cb80083f83800222083f8391083f8d8c083f8c5
:102cc800d9c083f8bc004ff49020c3f800014ff43a
:102cd8009820c3f81001062083f84e01402083f89d
:102ce8004f01002083f8520183f8542183f85621bc
:102cf80083f8572183f859c183f85b214ff00b0cf7
:102d080083f85c2183f83701202283f839010220f7
:102d180083f83ac183f83b1183f83c2183f83d21bd
:0c2d280083f83e01704700bf00800041ae
:020000040000fa
:020000040002f8
:042d3400704700bf25
:020000040000fa
:020000040002f8
:102d3800002945d070b5054600283ed1244c012312
:102d480084f838300b686360db680e469847e821e2
:102d58001da3d3e90023e060a0fb010109f070fd89
:102d68004ff6ff73b288a36147f6ff73256122818e
:102d7800e36100220023c4e90a23636884f8305021
:102d880002301b68206265631248294698476368c9
:102d98001a6912b1208b90476368e0695b6980b259
:102da800984763685b689847a02200210a480bf09f
:102db80051fe02232370064870bd4ff0ff3070bdee
:102dc8004ff0ff30704700bf000e270700000000db
:0c2dd800c8b10020c9f901004cac00207b
:020000040000fa
:020000040002f8
:102de4002de9f041274c94f83030054693b394f81c
:102df40031706b1e033322d8abb2042b1fd8224e82
:102e040006eb43104fea4318c3699d4217d1037878
:102e1400abb1437883bb06eb08030025b4f9080083
:102e24001d7539461d705d750af03afe94f8303010
:102e340013b9012384f838302846bde8f081b4f989
:102e4400080039460af02cfe94f830300125002b96
:102e5400f2d1eee794f83820012a03d00125284660
:102e6400bde8f081b4f9080084f8383007f0b2fc0a
:102e7400074684f83100bce707f03efa00234370ac
:0c2e8400c9e700bfc8b100204cac002022
:020000040000fa
:020000040002f8
:102e900010b51e4c944210d1082932d8dfe801f059
:102ea0000e13171c2125292d0500194802f030f9b1
:102eb000002384f8d83084f8943010bdbde8104069
:102ec000144802f025b9144802f022f9f0e7bde8f1
:102ed0001040124802f01cb9bde81040104802f042
:102ee00017b9104802f014f9e2e70f4802f010f9a0
:102ef000dee70e4802f00cf9dae70d4802f008f9b7
:102f0000d6e7bde810400b4802f002b920a7002028
:102f1000580a000094090000ac090000c409000030
:102f2000dc090000f8090000100a00002c0a00006b
:082f3000440a00006c0a0000d5
:020000040000fa
:020000040002f8
:102f380038b58b7b022b0c46054623d0032b07d0d4
:102f4800012b27d1c0680cf0c5f8002830d038bd57
:102f5800c0680cf0bff80028f9d1a1886389e86837
:102f6800c1f34402c1f3831142f0010241f01001a0
:102f78000af082f9637b13f0010f14bf06230223c2
:102f8800a37338bdc0680cf0a5f80028dfd106236c
:102f9800a37338bd0d4a0e494ff49f63002004f017
:102fa800cbfb0c4a1368002bfcd10723a37338bd55
:102fb800a2882389e868c2f3831141f01001c2f3a3
:102fc80044020af059f90323a37338bd88e50200c7
:082fd800940a000034b500204a
:020000040000fa
:020000040002f8
:102fe000f0b5274f002378683b82adf5017d0af0ec
:102ff000e9f900bf0bf084fe0028fbd1786800f5ea
:1030000000500af0dff900bf0bf07afe04460028fa
:10301000fad14ff40072ff2168460bf01ffd194be7
:1030200000934ff40056102579686846314409f042
:10303000b1fd786830440af0b3f900bf0bf060fed0
:103040000028fbd10135adb2202d06f5007614d055
:103050002b07f7d44ff40072ff2168460bf0fefcfb
:10306000013405f00f03a4b2012badf80040dbd111
:1030700043f27613adf80230d6e70df5017df0bdd1
:08308000a0a100200000454d55
:020000040000fa
:020000040002f8
:1030880038b5837d032b04d01b4d2c681cb101344b
:103098002c60012038bd194a01881160184b194a63
:1030a8001948112102f0e0fe88b1184b18491c603c
:1030b80022461e2007f0b4fd164b186060b1164b6f
:1030c8001c7009f0a5fd154b2c681860dfe70cf0a3
:1030d80079f858b9002038bd0cf074f80028f9d0f8
:1030e8000cf06af80e4904f027fbf3e70cf064f8db
:1030f8000c4904f021fbede7a0b50020b0b5002095
:10310800582400006c240000840a02007cb50020ca
:10311800511c0100a4b5002025b700209cb5002053
:0831280098240000742400004b
:020000040000fa
:020000040002f8
:10313000002846d070b50d4600293fd0064604460b
:1031400056f80c3b5a1c02608022f2540368382b5c
:1031500027d8f018c3f1380200210bf07ffcd4e926
:1031600001305a0f02ebc002db0031466364a264f7
:103170002046e9f7c9fbe16c636d226da06d296003
:10318000ab601149114be8606a60c4e91313104a3f
:10319000104b0020c4e91523c4e90000a06020669c
:1031a00070bdc3f14002f01800210bf057fc31460e
:1031b0002046e9f7a9fb38223046cde76ff0ac0096
:1031c00070bd6ff0ac0070470123456789abcdef50
:0831d000fedcba9876543210bf
:020000040000fa
:020000040002f8
:1031d80038b5058c826804462807136922d5d907b3
:1031e80020d55178eb0ac8074fea4313b4f84400d6
:1031f80048bf43f4806343f0010322289ab22ad0df
:10320800890748bf43f400620421204601f0b0fe5c
:1032180038b140f20113ab430cbf134b134bc4f846
:103228001a3038bd15f4c0421cbfc3f30012520354
:1032380015f4a04f18bf42f48072db0548bf42f472
:1032480080420021204601f093fe0028e9d0084b77
:10325800c4f81a3038bdb4f8460000f4b150b0f5df
:10326800b15fcdd1d0e700bf04000600040008001c
:0432780004000a0044
:020000040000fa
:020000040002f8
:10327c00274b1b68984241d100283fd030b50068dd
:10328c008db015460bf0eafa044600283cd0a26833
:10329c0020686168e368ee46aee80f00206961695a
:1032ac00aee80300206861680df1180cace80f0063
:1032bc00206961691822ace80300714668460af07f
:1032cc009af90028e3d19df80030db0719d595b1a8
:1032dc00bdf81020aa80dde90112bdf8003003987a
:1032ec009df8124028601b0ac5e90212ab71ddf88b
:1032fc001330ec712b6100200db030bd6ff00b0062
:10330c0070476ff00e00f7e76ff00d00f4e700bfa9
:04331c0040b6002097
:020000040000fa
:020000040002f8
:1033200070b516468eb0a0b1254a056f4ff0000c5f
:10333000964600bfdef80040a5420ef10c0e18d0f4
:103340000cf1010cbcf1080ff4d16ff487700eb0d2
:1033500070bd1b4a8446964605e000bf0cf1010c87
:10336000bcf1080ff1d0def8004002340ef10c0e73
:10337000f4d00ceb4c0c02eb8c046568002de4d00f
:103380009fed0d7bcde90363002305900291cde90c
:103390000633cde90833cde90a338ded007ba26811
:1033a00020680c936946a84710f1ae0fcdd00eb03f
:1033b00070bd00bfaff300800100000006000000f8
:0433c00070af0020ca
:020000040000fa
:020000040002f8
:1033c40030b5a7b02d9d002b3cd0002d3ad004463b
:1033d400084619469cbb2e9b802b40d1309b029300
:1033e4002f9bcde9002303462a9a05a804f04efc3e
:1033f40060b92cb1dde92b1205a8fff781f928b9d2
:103404008022294605a8f1f7affdf0b14ff0ff3057
:1034140005ab00211a460133117026aa9342f9d153
:103424000df113030df1970c002200bf13f8011fd7
:10343400634542ea0102f9d18ab927b030bd2b9b1a
:10344400002bc8d16ff0ac00f7e78022294605a80d
:10345400f1f78afd003818bf01204042d8e74ff049
:04346400ff30eae764
:020000040000fa
:020000040002f8
:1034680030b5044619481a4900681a4a1a4b85b0fb
:10347800029009681268cde90021184a2568606839
:103488001b68174912686d68a847164816490088ce
:10349800164a0290098892f90020154bcde90021bf
:1034a800144a256860681b68134912686d68a84744
:1034b8002368124a5d6812491268606840f2ea534c
:1034c800ac4605b0bde83040604700bfe8b6002014
:1034d800ecb60020f0b60020f4b60020f8b60020c4
:1034e800606f0000868e0020d2b4002056b70020fe
:1034f800e0b60020e4b60020b46f0000dcb600207f
:043508000870000047
:020000040000fa
:020000040002f8
:10350c002de9f041d2e900230c4686b005465fea6e
:10351c00d378d1e901060968e76805913fd052429a
:10352c0063eb4303002808db21f002010591b8f19d
:10353c00000f02d10599480722d5711e05a80290eb
:10354c000a20cde90010204603f092fab8f1000fe2
:10355c001ad001382d233b542269059b0093013a64
:10356c003346121a3918284603f028f86b68db0525
:10357c0003d563689842b8bf184606b0bde8f08121
:10358c000807dad43146d9e7059b590702d501382b
:10359c002b23e0e71a07dfd501382023dbe70028cf
:0435ac00c2dac7e7d1
:020000040000fa
:020000040002f8
:1035b00000294ad02de9f04702eb820802eb021203
:1035c000824699460f464fea8808960000250ce08f
:1035d0000c60d4601169013111611bb106210af13f
:1035e000640098470135bd422cd0daf8a030daf8f3
:1035f000284043440022d9890e39382089b2a04797
:103600000446d8b1b9f1000f04d00269138a43f01f
:1036100004031382daf838302bb105210af1640073
:103620009847daf83830daf89420324400212160e3
:10363000d1680029ccd1c2e90244cbe74ff0ff307a
:10364000bde8f0870020bde8f0870020704700bf8c
:020000040000fa
:020000040002f8
:1036500038b590f87020931e0446082b45d8dfe853
:1036600003f00b0b090909090b090500002120468d
:10367000faf7a0ff002038bd94f88630db061cd492
:1036800001bba1682369994218bf102507d12ae020
:10369000b4f86030c3b1a26823699a4214d0012201
:1036a00029462046eaf716f80028f1da94f8853022
:1036b00043f0080384f8853038bd23682361c4e9ea
:1036c000023381b11125eae794f8702094f885302f
:1036d000082a23f0080314bf0422092284f8853045
:1036e00084f8702038bd0020f0e7012038bd00bf0d
:020000040000fa
:020000040002f8
:1036f0000b882de9f0470c46590605462dd4164691
:10370000826ddff88880b2f87600d8f80470c0ebdc
:1037100000101b0607eb80072cd5143704f1040ab0
:103720005146384601f0d6ff4ff002092288d8f8fa
:10373000143022f0c00242f0800222801eb13068b4
:103740002061b288a282e360012351463846e382b9
:1037500004f1100605f036fd03e04ff0030904f113
:1037600010064b46324604f108012846bde8f047f2
:1037700005f0debf04f1040a07f12400514601f010
:10378000a9ff14374ff00109d0e700bf70b0002047
:020000040000fa
:020000040002f8
:103790002de9f84f1668924689469df82820314653
:1037a0001f4607f085fa0546002836d0002f37d08f
:1037b0008468b3464ff00008eb891b4a1b491c4440
:1037c000a41be04340f26713c00f0bf039faaa893b
:1037d000ba42a3b228bf3a469a42144628bf1c46b2
:1037e00024b92d68a5b1ae683446e5e748462246bf
:1037f00031460af05dfe2d683f1ba044bfb206ebc8
:10380000040ba1441ffa88f815b1ae68002febd164
:10381000caf800b04046bde8f88fb3468046f7e7e7
:10382000b846b346f4e700bf10eb0200c432000014
:020000040000fa
:020000040002f8
:10383000244a136830b423f00203234c234d136051
:103840000023e360002914bf8c46ac46a360d36913
:10385000002bfcd148b30168b1eb5c0f2fd8136883
:1038600023f040531360d0e901434900bcfbf1fc55
:103870000cf1ff3c1168c068bcf1ff0f43ea040380
:1038800028bf4ff0ff0c0b435ffa8cfc136082f8eb
:103890000cc053680b4923f007035360536803437c
:1038a0005360cb69002bfcd10120064a136843f01a
:1038b00002031360d369002bfcd130bc704718465b
:1038c000f3e700bf003000403cb2002000879303c4
:020000040000fa
:020000040002f8
:1038d000f8b5254c94f83030054673b994f8382083
:1038e000012a02d001252846f8bdb4f9080084f861
:1038f000383006f071ff84f831006b1e03331fd897
:10390000abb2042b1cd8194e5f0106eb4313da69e6
:10391000954215d11a789ab15a787ab99a680ab943
:103920005a689a6094f83030f019cbb905f004f871
:103930003e4400230122337572707375002500e048
:10394000012594f83110b4f908000af0abf894f8a6
:103950003030002bc7d1012384f838302846f8bd19
:1039600002f0d8ffe4e700bfc8b100204cac002053
:020000040000fa
:020000040002f8
:10397000836b2de9f04106460f4613b103216830f1
:10398000984707eb07184fea8808012505e02169e9
:10399000f7f720f80328054615d0d6f894004044e0
:1039a000183009f08ffe04463a463046002ceed11e
:1039b000b36b1bb1042106f168009847edb2012ded
:1039c00014d8bde8f081d6e9243001334044c6f86c
:1039d0009030214618300af0ebfbb36b002bf0d08f
:1039e00006f168000421bde8f0411847d6f88c3094
:1039f000346b0133c6f88c3041f2500223466ff02d
:0c3a00000201bde8f0410020184700bfa3
:020000040000fa
:020000040002f8
:103a0c002de9f047044682b00f4611b100230b603c
:103a1c008b8094b3237883b30025b946e84600bf66
:103a2c0094f9000027780af0b7fa58b394f901001a
:103a3c0094f801a00af0b0fa20b36af3070667f312
:103a4c000f26b0b208f02afba37808f8010b033458
:103a5c00ebb13a2b05f1010501d02d2b12d1062d1e
:103a6c00ded14f46002527b10098bdf804303860f0
:103a7c00bb80284602b0bde8f0870125284602b07d
:103a8c00bde8f0870025284602b0bde8f087a5f117
:0c3a9c000505b5fa85f54f466d09e4e715
:020000040000fa
:020000040002f8
:103aa8002de9f84f0f68551e0e46aab239468146d1
:103ab800984604f081f810b90020bde8f88f4ff05f
:103ac800000b014607f800b00446384602f04cf9ee
:103ad800a0eb070ada45174a17494ff4ad73b4bf8c
:103ae800002001200bf0a8f81ffa8af2a41aa4b249
:103af800cab9002ce0d00d2138460af0bfff28b122
:103b080037600120a8f80040bde8f88f0a21384640
:103b18000af0b4ff0028f3d1281bb0fa80f040095e
:103b28004000bde8f88f59464846fdf773f817fa84
:0c3b38008af7dee724eb0200c432000034
:020000040000fa
:020000040002f8
:103b4400f8b5234d85422ed191f82f3095f8a42055
:103b540093420c4624d2d5f8bc10cf5cff2f2fd053
:103b6400ba421dd907eb0716b60014e0ab6b03b1dc
:103b74009847d5f8940030442146183009f0b0fd38
:103b8400ab6b1448042103b19847236a43f008033c
:103b94002362246854b123690e480321002be5d124
:103ba4006ff00a00f8bd6ff00500f8bd084839460b
:103bb400fff7dcfe06480bf063f920b90020f8bdde
:103bc40000263746e7e739460148f3f76bfff5e788
:083bd4005cb70020c4b700201b
:020000040000fa
:020000040002f8
:103bdc00f0b50229476887b004460cdc03681c4921
:103bec001b683846984723681a491b68384607b043
:103bfc00bde8f04018475068154603f099fa0646a0
:103c0c0098b1a86801a9fbf7f7f9b0b101a9304642
:103c1c000af058fb2368104a10491b68002818bf8b
:103c2c0011463846984707b0f0bd23680c491b680d
:103c3c00384607b0bde8f040184702a9a868f0f76d
:103c4c00e9fe236807491b683846984707b0f0bd62
:103c5c00a4190000e0190000681900008419000084
:083c6c0078170000041a0000a3
:020000040000fa
:020000040002f8
:103c7400032970b54668044615460dd003681268da
:103c84005b681b493046984723682a6819495b6872
:103c94003046bde870401847506803f04dfaf8b15b
:103ca400a86803786f3b13d0246833b963682a6823
:103cb40011493046bde87040184710490af085fca8
:103cc4000028f3d023680e493046bde870401847f9
:103cd400437824686e3b08bf8378002be6d0ece77a
:103ce400236808491b683046bde87040184700bf88
:103cf400042400002824000040240000442600007e
:083d0400b41f0000a41c000024
:020000040000fa
:020000040002f8
:103d0c00f8b5224b1c68002c3dd088b190f842309d
:103d1c00626823f00803824280f8423004bf00231b
:103d2c006360a368834204bf0023a36009b9012028
:103d3c00f8bd2768002ffad0fb68002bf7d00026bf
:103d4c0009e0206829460af07ffd0023eb84fb681c
:103d5c0001369e42ebd2314638460af07ffd03789d
:103d6c00da070546f3d503881b06ead4e08c084a2b
:103d7c000849013800b2e084c04340f21713c00f69
:103d8c000af058ffdde72046f8bd00bfe4b500207f
:083d9c00b8e5020094320000ba
:020000040000fa
:020000040002f8
:103da400f0b504b2631c97b00bd0204b1b8913f001
:103db400020509d001220df103012046fcf72cff76
:103dc40058bb002017b0f0bd01ae52223146204648
:103dd40003f0f4fe0028f4d0371801463d70304655
:103de40001f0c4ff3f1a0546f843114a11494ff444
:103df400ad73c00fbfb20af021ff0fb115f8017bfc
:103e04000b4a0c498df80370ad1be8434ff4ad73b6
:103e1400c00f0af013ffaab21ab99df8030017b035
:103e2400f0bd00212046fcf7f7fef6e7c8b40020f9
:083e340024eb0200c43200007f
:020000040000fa
:020000040002f8
:103e3c0070b5204b856804469d420cbf1d4600257d
:103e4c0003f0baff38b3a38e63849b050ad509f03f
:103e5c001ffbe36a98421fd220460021bde8704048
:103e6c0000f0fcbf08f0d2fe064609f011fb2a6aee
:103e7c00114b526802fb06f606f2e736a3fb063638
:103e8c0000eb9610e0620121204600f0e7ff10b134
:103e9c000523c4f81a3070bd084b09490020c4e949
:103eac00060302226280bde870406ff0090203f045
:103ebc0041bc00bf04af0020d34d62100000f6ffe0
:043ecc00cc02000024
:020000040000fa
:020000040002f8
:103ed00010b582b004469df810e0d0f8f0008c4692
:103ee000bef1040f32d8dfe80ef00b1727150300e0
:103ef00082b1d4f8e8100b400120136002b010bd6d
:103f00000023cde90033134901230cf00f0209f01f
:103f100029fc58b90020f1e70023cde900330e4910
:103f20000123022209f01efc0028f3d094f800318e
:103f3000013384f80031ede700220092074b084975
:103f4000012209f0fffb0028e4d0efe7ff2384f80b
:103f50009430dfe7d8000400da000400f1cd02005d
:043f6000d900040080
:020000040000fa
:020000040002f8
:103f640070b5224d696849b32b6813b301f1240479
:103f7400002600bf54f8240ca0b108f059fd2046d7
:103f840005f0fefba4f1100005f0fafba4f12000fb
:103f940005f0f6fba86854f8241cc368984700236e
:103fa40044f8243c2b680136b34204f13c04e1d8c4
:103fb4006968a868c368984700236b600c48a968bf
:103fc40009f0c8f9e8690024ac6010b10af04efeab
:103fd400ec61686c20b1036a1b0702d500236b6493
:103fe40070bd07f039fe00236b64f9e770b0002060
:043ff40090b0002069
:020000040000fa
:020000040002f8
:103ff800382838bf38202de9f04701f11d03033078
:104008004ff6f07920f0030003ea09091b4b84b24c
:1040180009f11e0818681ffa88f804f1180a0e46f4
:1040280008eb0a01436889b2174698470546f8b174
:104038002c44524600210af00dfd04f1330222f00f
:104048000f020f48a4f80e90a4f812806260911c29
:1040580042f8080c27f00107012042f80c5c208286
:104068002c61a16069612f622eb9002385f82f3079
:104078002846bde8f0871032aa61f6e71cb6002092
:04408800defaadded1
:020000040000fa
:020000040002f8
:10408c00012910b504460cdd5068002110220af0fd
:10409c00fdfc194b1860032826d8dfe800f0101738
:1040ac001e09036815495b684068bde81040184755
:1040bc002368606812495b68bde8104018472368a4
:1040cc00606810495b68bde8104018472368606859
:1040dc000d495b68bde810401847236860680b49c0
:1040ec005b68bde8104018472368606808495b6846
:1040fc00bde81040184700bf9cb60020b04500003a
:10410c0050460000e8450000084600002c46000020
:04411c007c460000dd
:020000040000fa
:020000040002f8
:10412000032970b504460bd0036818495b684068e2
:104130009847d4e9003016495b68bde870401847dd
:104140001546144b00221146186068680af0a4fc5a
:10415000002203461146a8681d460af09dfc0e4a3f
:10416000137853b90d490e4c0d600e492370086049
:104170000d4802211170037070bd236860680b4afe
:104180005b680b49bde87040184700bf205a00002b
:10419000505a0000c4b6002053b70020d4b6002007
:1041a00055b70020d0b6002052b700207c5a00003e
:0441b000d403000034
:020000040000fa
:020000040002f8
:1041b400f0b54ff000428368c0f8322040f201119c
:1041c400018645695a88c28685b08db9c3680df1e8
:1041d4000f010126019100961f6b04464ff4004322
:1041e40000692946b84728b184f83050c4f81a60e9
:1041f40005b0f0bd9df90f30022bf9d04ff4b47324
:104204000a4a0b4903f09afa0a4b18680028fcd1b1
:10421400094b0a49022262806ff00b02c4e90603cb
:1042240005b0bde8f04003f089ba00bf14e0020015
:10423400ac020000e45e00200000f4ffcc020000a9
:020000040000fa
:020000040002f8
:10424400f8b5224e86421fd10af01afef8b996f844
:10425400a450013d69b20029edb213db05eb05154d
:104264001a4fad00d6f894302b44ccb29b69384633
:1042740021460bb1fff77afb611e49b24b1ca5f135
:104284004405efd10020f8bd6ff00500f8bd3046bd
:104294000af0f0fd96f8a430013b59b20029dbb2d4
:1042a400f0db03eb03139d00d6f894302b44ccb21f
:1042b4005b6a304621460bb1f3f7f4fb611e49b249
:1042c4004a1ca5f14405efd1c1e700bf5cb700204b
:020000040000fa
:020000040002f8
:1042d400037bc3f303139b00143b13f0ff0329d0a8
:1042e400143010b500eb030e744602467245944632
:1042f4001dd0a2421bd21cf8011bc1b1012912d04e
:10430400013b1844801a022900f0ff0015d001284f
:104314000dd9537898420ad3991cc31adbb25018aa
:1043240000eb030ee1e7624672459446e1d14ff497
:10433400067010bd4ff4067070470228f7d9537801
:10434400042bf4d1508840ba80b240f2b45398425e
:1043540028bf1846b0f5067f38bf4ff4067010bd6d
:020000040000fa
:020000040002f8
:10436400f0b50329466883b004460cd003681a49a3
:104374001b6830469847236818491b68304603b0c9
:10438400bde8f04018475068154602f0d5fe236892
:104394000746e0b112495b68aa6830469847a868a6
:1043a4006946fff731fb30b923680e491b68304674
:1043b400984703b0f0bd6946384609f091fa0028e1
:1043c400f7d1236808491b6830469847f1e7074945
:1043d4001b683046d3e700bf48180000741800007b
:1043e400a0180000b0180000d018000078170000d2
:020000040000fa
:020000040002f8
:1043f400f8b5044617461e460d4607f0a1fb08b95a
:104404000020f8bd237e012b07d01b4a1b4940f234
:10441400ba4300200af012fcf2e7fb699d420ad07d
:104424002b6933bb2a465369002be9d0012387f853
:104434002930fd61f8bd97f82b2097f8293002b197
:104444000133012b0dd805eb830211690029eed14c
:10445400002be8d0002ed3d02b69002bd0d00b46f4
:10446400e5e7002eccd02b691bb96b69002bc7d0b4
:10447400dce70023dbe700bf48eb020094320000d6
:020000040000fa
:020000040002f8
:10448400f8b5044658b310f001060f46154627d177
:10449400c0431d4a1d4900f0010040f239230af0cf
:1044a400cdfb7b08581e80b263b301302a4604eb6f
:1044b400400000bf34f8023b84421a44fad1154646
:1044c400fb0744bf0378ed182b0c13fa85f202ebbb
:1044d400124290b20eb140ba80b2c04380b2f8bd6d
:1044e40014f8013b094902eb0323e043064a63f352
:1044f4000f0500f0010040f23923013f0af09efb52
:10450400bfb2cee72046dbe700ee0200c432000073
:020000040000fa
:020000040002f8
:104514000ab9184670472de9f843174601220e469a
:10452400984606f0c3fb054670b381684ff0000956
:10453400ea89ab891144891b89b213b1994228bf16
:104544001946b94228bf39460c4621b92d68ddb158
:10455400ae683146ece700223046fff791ff19f0d0
:10456400010f6fea000080b2a7eb040704eb090116
:1045740001d040ba80b22d68bfb21ffa81f98044dd
:1045840015b1ae68002fe4d14fea184313fa88f34b
:1045940003eb1343db439bb21846bde8f88300bf2b
:020000040000fa
:020000040002f8
:1045a4002de9f04f01f1080383b007461846884609
:1045b400019309f087ff78b3fc69d7f800b07d68f0
:1045c40007f12009a4eb0904a042064627da00bf3c
:1045d400dbf8003013492846013c9847a642f7d13e
:1045e400dff848a0dbf80030514628469847013ce4
:1045f400f8d1019948460af029fe0b49dbf800304e
:10460400284698474e44dbf80030284649469847e8
:10461400c7e90666c7f8d48003b0bde8f08f002c64
:10462400ded1e6e7083b0000683900000c3b0000df
:020000040000fa
:020000040002f8
:10463400012938b5044621dc194d28782368194925
:10464400194a5b68002818bf0a46184960689847e9
:104654002b7873b1236816495b6860689847d4e97e
:10466400003014495b689847d4e9003012495b680c
:1046740098472046bde83840fef7f4be13460022b2
:1046840011465868064d0af005fa003818bf012093
:10469400820328704ff48041084803f0e9fdcce719
:1046a40057b70020644e0000604e0000f87100000f
:1046b4001872000060720000ac720000f908030078
:020000040000fa
:020000040002f8
:1046c400818b10b50446d9b101290cd01b4b1c4970
:1046d4000020c4e9060302226280bde810406ff0a6
:1046e4000b0203f02bb803f06bfb40b194f93530a7
:1046f400002b0ddb0023c4e906330222628010bdc7
:1047040000f0b0fb0028fad00e4bc4f81a3010bdec
:1047140008f0c2fee36a984203d20223c4f81a30b6
:1047240010bd094b06490020c4e906030222628039
:10473400bde810406ff0030203f000b80000f4ff7e
:0c474400cc020000020001000000fcff9d
:020000040000fa
:020000040002f8
:1047500090f8a430002b3fd02de9f041002604460c
:104760000f46b046354600bfd4f89430334400219c
:104770009a6920468ab109f033fd3a462946204617
:1047800000f082fc294620460af000f8012120466c
:1047900009f026fdd4f8943033445b6a00212046aa
:1047a00073b109f01dfd3a4629462046f5f716fc7f
:1047b0002946204609f0eaff0121204609f010fdb4
:1047c00094f8a43008f101085ffa88f5ab4206f1cd
:0c47d0004406c9d8bde8f081704700bf66
:020000040000fa
:020000040002f8
:1047dc002de9f8431f4c844238d10d460bb12d21e5
:1047ec00196085b32d2a914628bf4ff02d0952b37d
:1047fc00194e00273446ac4606f12008a646bee802
:10480c000f00c645ccf80000ccf80410ccf80820fa
:10481c00ccf80c3004f110040cf1100ceed1218802
:10482c00a2788cf802200023acf8001085f8233015
:10483c00736a084898470137b945686206f128063b
:10484c0005f12805d6d80020bde8f8836ff00500e7
:0c485c00bde8f8835cb7002000c200003b
:020000040000fa
:020000040002f8
:10486800204ad0f8ac30116941f4804110b411618c
:10487800d16941f00401d1611a6822f008021a6076
:104888001a684ff0ff3422f004021a60dc621a68da
:1048980040f23f1142f020020f241a601c62596155
:1048a80090f8da201049920392b211435a6a59607b
:1048b80090f8b9201ab15a6842f080725a60d0f85c
:1048c8009820c3f88820b0f89c10d0f8b420c3f81a
:1048d8008c10927a5df8044bd2074cbf002201225b
:0c48e800da6070470008004003210e0059
:020000040000fa
:020000040002f8
:1048f4002de9f0410f46164606f0d6fd68b303884d
:104904001b4d742202fb0355044695f8263073b9f7
:1049140095f87180b8f1010f0dd00af055fc40b143
:104924000af04cfcbde8f041124907f013bfc0e99e
:104934000176bde8f08185f871302846fdf7aafbc1
:1049440095f82630c4e90176002bf2d12846fdf70c
:1049540015f985f87180bde8f0810af035fc00286e
:10496400e7d00af02bfcbde8f041034907f0f2bea2
:0c49740090ae0020540b00001c0b000053
:020000040000fa
:020000040002f8
:10498000f8b5837d032b04d0184d2b681bb1013380
:104990002b600120f8bd16492122062006f044f9bb
:1049a000144b18600028f5d01348144c124f0af02d
:1049b000b9fb13480af0b6fb04f1900621463846cd
:1049c000243409f079fcb442f8d108f025f94ff409
:1049d000fa720c4b0c4900fb02f202f2e732a3fb25
:1049e000023292092b680a60d1e700bf40b500206f
:1049f000f58301003cb500208cb40020ecac002015
:0c4a000080b40020d34d621038b50020b7
:020000040000fa
:020000040002f8
:104a0c00f8b51e4e1e4f316851b33b6843b30025b9
:104a1c0010e0012b1ad894f8873043f001030021e1
:104a2c00204684f88730f9f7bffd31683b680135c3
:104a3c00ab4215d951f82540002cf7d094f87030c2
:104a4c00052ba3f10802e4d9012ae4d823682361d9
:104a5c00c4e90233002214212046e8f735fedae7d8
:104a6c00084b094d1868c3689847286800243460bf
:104a7c003c6010b10af0f6f82c60f8bd64b500206b
:0c4a8c0054b5002058b5002050b50020a3
:020000040000fa
:020000040002f8
:104a980000282adb1f4b1b68984226d21e4b1b6836
:104aa80010b553f820407cb394f886309b061ed589
:104ab80094f87030072b25d028d8023b032b08d850
:104ac80023682361c4e90233002214212046e8f751
:104ad800fdfd94f8873043f001032046002184f857
:104ae8008730f9f763fd012010bd0020704794f866
:104af800873001210b4384f887302046fef7a4fd58
:104b08000028d5d1012010bd204610bd083b012b3f
:0c4b1800dfd8d5e754b5002064b50020bc
:020000040000fa
:020000040002f8
:104b2400f8b51446021e2ddb0d461e490968914254
:104b340028d91d49096851f822701fb304b3d7e975
:104b440007018842ba691fd27e69801b561a304415
:104b5400013080b21e198642c8bfc01a1944c8bfaa
:104b640084b2914203d97b69d31adb431944561aa0
:104b74000136b6b2b4420ad82246284606f03efab6
:104b84002046f8bd0020f8bd401a80b2e2e7324664
:104b9400284606f033faa8197969a21b06f02efa02
:0c4ba4002046eee754b5002064b5002068
:020000040000fa
:020000040002f8
:104bb000f0b50229466885b0044606dc23681a4928
:104bc0001b683046984705b0f0bd15460023a8681d
:104bd000039303aa0a2103f085fa6868039f037808
:104be0006f2b19d143786e2b16d1837801219bb995
:104bf00038b20af00dfc6a680c490d4d23688446f2
:104c0000bcf1000f18bf29465c680091bbb209498e
:104c10003046a04705b0f0bd074909f0d8fc002890
:104c2000ccd10146e4e700bf54110000dc0b0000ca
:0c4c300028110000301100004426000094
:020000040000fa
:020000040002f8
:104c3c00174b186808b11748704710b50c4619b3d4
:104c4c001549164a086016491060164a086016493c
:104c5c00104b1060154a086015491860c3e9020032
:104c6c00c3e904005860106007f070fd1148124a47
:104c7c0063690360012111700bb1064810bd204619
:104c8c00eaf7a4f80028f8d14ff0ff3010bd00bfb0
:104c9c0018b60020fcb3002010b6002008b6002087
:104cac0004b600200cb60020fcb50020f8b500209e
:0c4cbc00b8360000f0b500202db7002035
:020000040000fa
:020000040002f8
:104cc8002de9f041204f8eb00e461546044688b1b6
:104cd8004169bc46002300bfdcf8002091420cf17a
:104ce8000c0c13d00133082bf6d16ff487700eb07b
:104cf800bde8f081bc46034602e00133082bf4d03e
:104d0800dcf8002002320cf10c0cf6d003eb430364
:104d180007eb8307d7f80480b8f1000fe5d0242209
:104d2800002105a809f096fe0423cde90246ba68d9
:104d38003868049501a90193c04710f1ae0fd4d08b
:0c4d48000eb0bde8f08100bf70af00208d
:020000040000fa
:020000040002f8
:104d5400f8b50146044648220020f8f725ff60bb59
:104d6400d4e90056184a194b676c194815601e603f
:104d740004f1ff3c04f1430e4ff0ff321cf8013ff5
:104d840008215a4042f300030340013983ea5202e6
:104d9400f8d1f445f2d1d243d01b0e4bb0fa80f0d7
:104da400400918700c4b9d4209d003f1774303f579
:104db400780303f6f3339d4201d00020f8bd052e9d
:104dc40018bf0020f8bd00bfb0b60020acb600206c
:0c4dd4002083b8ed42b700205242495441
:020000040000fa
:020000040002f8
:104de00010b50446006982b030b3e36861699b6b1b
:104df00001aa984701281cd000280cdb94f8313018
:104e0000032b04bf019ba38600200023636184f869
:104e1000303002b010bd0f4a0f4940f29f130020fe
:104e200002f08efc0d4a1368002bfcd16ff00100dc
:104e3000ebe7022002b010bd064a094940f2931385
:104e400002f07efc074a1368002bfcd14ff0ff30c4
:104e5000dfe700bfbcd50200ac020000e45e00202a
:084e60008c0200000cae0020e2
:020000040000fa
:020000040002f8
:104e680040f201338268038643695288c2864186cc
:104e78008bb930b585b004460df10f05c0680095b3
:104e8800c56a2069a84740b102226061012084f800
:104e9800302005b030bd002070479df90f30022b3f
:104ea80002d1002005b030bd4ff4b473094a0a4955
:104eb80002f042fc094b18680028fcd1084b09494c
:104ec80002226280c4e906036ff00b0202f034fc90
:104ed800e7e700bf14e00200ac020000e45e002037
:084ee8000000f4ffcc02000001
:020000040000fa
:020000040002f8
:104ef00038b5044602f066ffc8b1a08e10f0200558
:104f00000ad108f0cbfae36a984211d22046012177
:104f1000bde83840fff7a8bf94f82330da0614d56f
:104f200013f002031fd1c4e906330222628038bda8
:104f30000f4b1049c4e906530222628028466ff0e5
:104f40000a02bde8384002f0fbbb6ff007031a46c7
:104f5000002002216180a083a061e3830549bde8b0
:104f6000384002f0edbb6ff009031a46f0e700bfce
:084f70000000f5ffcc02000077
:020000040000fa
:020000040002f8
:104f7800f0b5044640f20115806866692586134637
:104f88004288e28685b06186a38696b90df10f0541
:104f9800e068019501250095076b2069b84720b1a5
:104fa800284684f8306005b0f0bd9df90f30022b1b
:104fb80002d1002005b0f0bd4ff4b473094a0a4984
:104fc80002f0bafb094b18680028fcd1084b0949c4
:104fd80002226280c4e906036ff00b0202f0acfb08
:104fe800e7e700bf14e00200ac020000e45e002026
:084ff8000000f4ffcc020000f0
:020000040000fa
:020000040002f8
:1050000000283fd0f8b503690446fbb10d460026e1
:105010001a8a1f681e60520719d4b5f8d8309b074a
:1050200007d4d5f89430d5f8a0201b8ad2889a42ac
:105030000dd2eb6a2046984747b17968012228468d
:1050400007f0aefe03690446002be1d1f8bdaa6b60
:1050500022b1052105f164009047aa6bd5f8943080
:105060002660d96859b10c60dc6019690131196199
:10507000002ae1d0062105f164009047dce7c3e98e
:085080000244f2e7704700bf93
:020000040000fa
:020000040002f8
:1050880001eb01112de9f047054690468e0000f12d
:1050980068071ee003213846a047d5f8943033440a
:1050a800d3f81890b9f1000f20d0ac6bda694a45f3
:1050b8001a6a14bfd9f80010002102f1ff3208bfa4
:1050c800d96199611a6214b104213846a0472b6b43
:1050d800a3b9ac6b002cddd1d5f894303344d3f8a8
:1050e8001890b9f1000fe1d1bde8f087ab6b002b48
:1050f800fad038460421bde8f0471847484641f23f
:08510800500241469847e4e71c
:020000040000fa
:020000040002f8
:105110000fb470b582b00af02ff91a4d08f0eefe08
:105120002b6804461bb1c31ab3f57a7f0ad2164a1c
:1051300013680133052b13600cd902b0bde8704031
:1051400004b07047104e3268052a15d8002201239a
:105150002a60336007ab069a0c480193502103f094
:10516000dbfc0a4a0a492c60002002f0e9fa02b08e
:10517000bde8704004b070470649053a002002f0cf
:10518000dffae3e730b50020e4b40020d0af002020
:08519000d4030000c403000079
:020000040000fa
:020000040002f8
:10519800002839d170b51e4c94f90630022b0d4603
:1051a80004d16388db0701d5204670bd1848a422c6
:1051b800002109f04ffc0db30af044f901262670ce
:1051c8000af042f90222134ba2716a68d4f8885097
:1051d800668000212181e26003f15000de731960ce
:1051e800d4f884206ab11360c4f88430143383423d
:1051f800f4d104350648c4f8885070bd4ff0ff302c
:1052080070bdc4e92033f1e74ff0ff30704700bfad
:08521800a8ab0020d8ab002078
:020000040000fa
:020000040002f8
:1052200070b5044682b008460d460af065f81d4b7d
:10523000e16b0268e2618b4318bf626128460af0a5
:1052400057f894f83c30066801969a0626620cd509
:10525000238daa6a62621bb194f83e309b0602d489
:10526000eb691b88238502b070bda86a01a907f00d
:1052700023fc0028ecd106f0f006e02ee8d0019bdc
:10528000a2699a4206d094f83c20a36160f3c71249
:1052900084f83c2094f83c3043f0400384f83c30e0
:0852a000d6e700bf0001100079
:020000040000fa
:020000040002f8
:1052a80043b2002b31ddc3b20a2b2ed82de9f041d1
:1052b800013804b204ebc403194e16f823209f00ea
:1052c800e50006eb8303d2b19a88920606d5db681f
:1052d8001b691bb107f11c00304498472c4406ebae
:1052e8008404a3689b6a63b10e4db4f9060098471d
:1052f80095f80180b8f1010f08d0fc23e370bde8f0
:10530800f081ff23e370bde8f0817047f019242293
:10531800002109f09ffb85f80180bde8f08100bffe
:08532800b8a50020649f0020dd
:020000040000fa
:020000040002f8
:105330002de9f8431c4e3568a5b11c4c2378002b91
:10534000fcd0237813b92846bde8f8830af07ef82c
:105350002378013bdbb223700af07af835682846df
:10536000bde8f883124f3b68002becd102230f4cb1
:10537000dff840803b604ff001090af067f884f8dd
:1053800000900af065f8404609f058fd002805da5b
:1053900033683d60002bd6d01d46cfe7c6f80080ad
:1053a000c7f800904546c9e780b6002041b7002005
:0853b0007cb6002030a80020ab
:020000040000fa
:020000040002f8
:1053b80008b5194b9847194b9847eff3108172b607
:1053c800174ad2f8883043f47003c2f88830bff324
:1053d8004f8fbff36f8f01b962b6124a936823f0fb
:1053e80001039360d36813f0010ffbd10d4b242206
:1053f8005a6001229a6007f027f80b4b23f07f03cd
:10540800074a9360094b9847094b9847094b9847b7
:1054180009f0aafcfee700bf81f4020081f4020053
:1054280000ed00e00060004100000000a18d0200d6
:0854380081f4020081f402007e
:020000040000fa
:020000040002f8
:1054400010b4d0f8ac40236823f00803236023682d
:1054500023f004032360636811f0020f14bf43f0cc
:10546000020323f0020311f0100f14bf43f00103f5
:1054700023f0010312074cbf43f4005323f40053fd
:1054800063604b041bd50023e36090f8a41059b16e
:10549000d0f8943044223e3312fb0132002100bf89
:1054a00043f8441b9342fbd1236843f00403236079
:1054b000236843f0080323605df8044b7047012321
:0454c000e360e2e7dc
:020000040000fa
:020000040002f8
:1054c4002de9f04190f8a46088461146002e36d0ac
:1054d40006eb06164ff0000cb700d0f8a040664665
:1054e400624605e00cf1440cbc4504f114041cd0e4
:1054f400637c012bf6d12588002df3d0d0f89430ad
:1055040063445b6803ebc50e1d68032d04d91d6855
:10551400ed074cbf0132013608339e45f4d10cf13e
:10552400440cbc4504f11404e2d1b8f1000f01d0dd
:10553400c8f8002001b10e600020bde8f0813246b9
:04554400f3e700bfca
:020000040000fa
:020000040002f8
:1055480030b59df80c4084461cb311f0070037d1e4
:105558000f291dd9cc08013ca4b2b4eb930f17d87e
:105568000cebc405e64600bf5ef8081fdef8043001
:105578001bba09badb438b420ad1ae45f4d1043acf
:105588005cf8083f1bbaac4542f8043ff8d1204606
:1055980030bd0839c1f38f00b0eb930ff7d80cf189
:1055a80008010028f4d0831c9bb2043a0ceb830c4e
:1055b80051f8043b1bba614542f8043ff8d130bdad
:0455c800002030bdd2
:020000040000fa
:020000040002f8
:1055cc00f8b55c1e2606bdf8205005d4e6b2ac0832
:1055dc005d1cb4eb450f01d20020f8bda0b1069cb8
:1055ec0004eb830e079c844604ebc303274600bfe1
:1055fc005ef8044de04300ba24ba43f8044c43f877
:10560c000809bb42f4d16046c2f3034343ea0111db
:10561c0041ea40110023100a61f3070360f30f23e2
:10562c007600f6b262f31743079a66f31f631360b2
:10563c00104608f061f800f001000643d670e8004f
:04564c00f8bd00bfe6
:020000040000fa
:020000040002f8
:10565000f8b58469876ae388d7f804c05bba164650
:105660006288e3800546e3680846217a52bac4e9b5
:1056700003c3628009b96423237223782a699b00db
:1056800003f03c0193890b44938130b10023638183
:1056900097f8702012f0040215d006b9f8bd6b69b6
:1056a000d3f806105a8919609a80aa6a991d02b126
:1056b0003c321068c3f8060093888b802a6993896e
:1056c0000e339381f8bd2046fef7dcfe6081002e8c
:0456d000e4d0e4e757
:020000040000fa
:020000040002f8
:1056d40070b5447bbcb106460d46337b002bfcd031
:1056e400337bebb93468a54225d02cb123689d42a5
:1056f4000bd01c46002cf9d109f0a6fe337b0133f4
:10570400337309f0a3fe204670bd726819682160e6
:105714009342b26808bf7460013a1c46b260ebe77a
:1057240009f092fe337b013bdbb2337309f08efe4a
:105734003468a542d9d1002cded073689c42b3688a
:1057440014bf2268002203f1ff3308bf7260326085
:04575400b360d1e786
:020000040000fa
:020000040002f8
:1057580070b590f85c30012b044629d094f83e309f
:10576800002262f34103e26084f83e3004f1400510
:1057780001e007f0c9f9284608f050f809226ff04f
:1057880010010028f5d1e06a20b109226ff010015c
:1057980007f0baf90d490e4bb4f9122008681b68d6
:1057a800002143f822102146c368bde8704018471d
:1057b800c0680028d2d0036a1b07cfd406f04afa83
:1057c800b4f85630013ba4f85630c7e728b6002095
:0457d80030b60020c7
:020000040000fa
:020000040002f8
:1057dc002de9f0431c4c0746e36aa56a084651b311
:1057ec00ab4208bf002027d01849194e4ff0000ccf
:1057fc0007f1ff3e0be0cb5c0ef80c30226b424500
:10580c008cbf43460023844515d0ab4217d0726839
:10581c0002f00702012a0cf1010c03f10108ead194
:10582c00ba1e11f8139002f81c905b000133cb5c8c
:10583c000ef81c30e2e71d46e562bde8f0836046d9
:10584c00e562bde8f08300bf88b10020889200209b
:04585c0000340040d4
:020000040000fa
:020000040002f8
:10586000cc3c000041fd0100b4470000d0470000df
:1058700041b20200dc470000f4470000a9fa010031
:10588000fc470000284800008d400200304800001e
:105890001c0d000079230200644800008c480000c1
:1058a0004519020094480000cc48000085b401006e
:1058b000d4480000fc480000b92702000449000059
:1058c0003c4900006512020044490000884900007c
:1058d0008dbe020094490000b84900009989020079
:0458e000c0490000bb
:020000040000fa
:020000040002f8
:1058e400022970b504460bd0036814495b6840680c
:1058f4009847d4e9003012495b68bde87040184706
:105904001346104d58682c600022114609f0c2f865
:105914000d4a137853b90d490d4c08600d490e48d2
:105924000b70012111702370037070bd23686068cf
:105934000a4a5b680a49bde870401847845b000066
:10594400a45b0000c4b6002053b70020d4b60020e6
:1059540050b7002055b7002052b700207c5a0000f1
:04596400d403000068
:020000040000fa
:020000040002f8
:10596800dff87cc0f0b5dcf800400346002c35d0e9
:105978000022214615461046d1f800e00e699e45e2
:1059880009d12ab1166101f11000f0bd3146f3e7e3
:10599800ccf80060f7e705d9e8b10768be453cbf19
:1059a800154608460a46002ef0d10028edd00146db
:1059b800066951f8102bd21a102a05d903600b4436
:1059c800103a1e611a601e4684420cbfccf8006073
:1059d8002e610846d9e715460846e3e72046d4e78e
:0459e80014b70020d0
:020000040000fa
:020000040002f8
:1059ec00902930b50fdc7f2913dd8039102910d8b0
:1059fc00dfe801f02929200f110f0f0f190f0f0fde
:105a0c000f0f0f0f2000c02924d0f02922d0a0297d
:105a1c0020d0002006e0196800680a1d1a600b6887
:105a2c001880012030bd196800680a1d1a600b68c7
:105a3c001870f6e719680a1dd0e900451a600b6862
:105a4c00c3e90045ede7196800680a1d1a600b6888
:105a5c001860e6e71a680168101d18601368196071
:025a6c00dfe772
:020000040000fa
:020000040002f8
:105a700070b48468028c418c2369150758bf23f0e9
:105a8000010311f4405f08bf23f0080312f4c04f74
:105a900002f4c05601f480751dd1a6b123f01003a5
:105aa00002f4a046354308bf23f0020312f4205f3e
:105ab0000cd0856a2361002202212b8070bcc0e9d2
:105ac0000622418070475db123f030030a0658bfbb
:105ad00023f00403ede7002ee2d123f02003dfe7fb
:105ae00023f032030a0658bf23f00403e1e700bfa6
:020000040000fa
:020000040002f8
:105af00010b5044602f066f9f8b1a38e13f0200148
:105b0000dab21bd1a36a1bb14ff480521a6019712b
:105b1000154b16490020c4e9060302226280bde845
:105b200010406ff00a0201f00bbe06212046fff77d
:105b30009bf910b10523c4f81a3010bd12f004020d
:105b400005d1a36a002be3d01a601a71e0e7db05e8
:105b5000ebd50f212046fff787f90028edd002236f
:105b6000c4f81a3010bd00bf0000f5ffcc020000e1
:020000040000fa
:020000040002f8
:105b7000838b012b10b5044615d0022b08d023bb14
:105b80000221fff771f910b1164bc4f81a3010bd9d
:105b900002f018f90028fad0a28ea4f846200323b8
:105ba000c4f81a3010bd02f00df90028efd0a38e12
:105bb000a4f8443003212046fff756f90028e6d028
:105bc0004ff00213c4f81a3010bd074b07490020ec
:105bd000c4e9060302226280bde810406ff00b02a8
:105be00001f0aebd020001000000f4ffcc02000095
:020000040000fa
:020000040002f8
:105bf00030b41e4ad0f8834090f88730b0f85e5039
:105c0000a0f86e50224042f40032c0f8832042696e
:105c100004680461c0e907220122a0f86020a0f80e
:105c20006a2013f0400208bfc2631a065cbf00225c
:105c3000a0f85c2090f88620c2f30102002180f8d1
:105c4000712013f008024ff0ff35c0e90d11016516
:105c500008bf4264002113f01003c0e902448565c7
:105c600080f8731030bc08bf036470470001f873fc
:020000040000fa
:020000040002f8
:105c7000002935d00b689bb370b5044618b190f875
:105c80004230580602d46ff0050070bda36d174a6c
:105c9000b3f876305668c3eb031306eb830630681f
:105ca00002f0cafc0546f0b103885a0616d41b065a
:105cb0004cbf06f1140006f12400291dfff70afd70
:105cc0003068294608f0c6fd20466ff00103002227
:105cd00005f1080103f02cfd002070bd301dece73c
:105ce0006ff0040070474ff0ff3070bd70b00020bf
:020000040000fa
:020000040002f8
:105cf000dab310b501eb820e0378a3f13002092a62
:105d000007d80ae010f8013fa3f1300cbcf1090fed
:105d100003d913f0df0ff5d110bd002202eb820290
:105d200003eb4202044610f8013fa3f1300cbcf132
:105d3000090fa2f13002f1d96b2b0dd012d84b2be9
:105d40000ad04d2b03d1094ba01c03fb02f241f8f2
:105d5000042b7145d0d110bd4ff47a7303fb02f2ce
:105d6000a01cf4e76d2beed0f1e7704740420f0026
:020000040000fa
:020000040002f8
:105d700000293cd00378ff2b39d100b54378f03ba4
:105d80000f2b0dd8dfe803f00808080808080808fa
:105d90000808100e0e0e0e3002300378ff2bedd0e7
:105da0005df804fb0330f8e70229f9d98b1e9bb29a
:105db000012b00f1020205d1f2e700bf1ffa8ef3ba
:105dc000012bedd01178ff29944603f1ff3e02f13b
:105dd0000102f3d11178f029f0d1023b99b20cf114
:105de00002000029d9d1dbe701305df804fb7047e0
:020000040000fa
:020000040002f8
:105df0000eb470b5adf20c4d0df21c434ff4806142
:105e000053f8042b019302a802f086fe40f2fe3301
:105e1000421e9a4220d8134e02aa3568002313541a
:105e20002a18b2f5806f33bf0f4b0f4d3360ed185a
:105e3000044602a9284608f01bfe0c4b421b2946cb
:105e4000588807f001f914f003031cbfc3f10403e1
:105e5000e4183368234433600df20c4dbde8704004
:105e600003b0704768b600208896002064b6002012
:020000040000fa
:020000040002f8
:105e70002de9f0474ff0ff3c1b4d07468a46904600
:105e80009946002404e0be421dd00134082c07d0fe
:105e90002e681835002ef6d1a4460134082cf7d10f
:105ea000bcf1ff3f19d00023104d1a460ceb4c0cef
:105eb00005ebcc04c4e900a7c4e90289c4e90423c2
:105ec0000120bde8f087094d04eb440605ebc6064a
:105ed0004046b16808f07bfb10b10020bde8f087b8
:105ee000d6e90423a446e1e7ecaa0020e8aa0020b2
:020000040000fa
:020000040002f8
:105ef000fc3c0000043d0000a4b80020143d00005c
:105f0000243d0000343d0000343d0000403d0000d1
:105f1000e80b000009000000ac8e02000000000049
:105f20000000000000000000000000000000000071
:105f300008030000483d000090b80020543d0000d8
:105f4000243d0000643d0000343d0000403d000061
:105f5000e80b000009000000fc8d020000000000ba
:105f60000000000000000000000000000000000031
:020000040000fa
:020000040002f8
:105f7000d3e160c35b99f340b2628264d175106073
:105f8000e0045da383ff57a57d73a673d2b8d80d37
:105f9000aaf6a6c35a91bb4579d73fd0c8fed11106
:105fa000b0391306828adfed528f018121b3febd25
:105fb000c343e797b87dbb63db1333ded9d1ece194
:105fc00077cfa6b71fe8ab1da46624ed6415e51cca
:105fd000cde2c7ca86e283990eeaeb91120415520c
:105fe0008b2295910281b02dd431f4c9f70427dfbb
:020000040000fa
:020000040002f8
:105ff00004eec63bb231df2c630a1afbe724949d02
:10600000005a587851e1aa795e477347c8b0566282
:106010001c18bddcdd8d99fc5fc2b92053d8cfac14
:10602000fb0bb8831205fad1ddd6c071318a601836
:10603000f03b73f5ede4d4d071f9de03fd7aea109c
:106040005d9299b8af99aa075bdb4db9aa28c18dbb
:10605000174b56ee2a014d098896ff2282c955a892
:106060001969e069fa8ce007a180183a07dfae17da
:020000040000fa
:020000040002f8
:1060700030b50c4689b0054620220021684608f05c
:10608000edfc2078b0b163786bb1013c012000bf1a
:1060900014f8013f83b928460124034610f8012b68
:1060a000c2b9581b06e02b461a46013311788142cb
:1060b000fad0501b09b030bd5a0908a901eb820281
:1060c00003f01f0352f8201c00fa03f30b4342f8bd
:1060d000203cdde751090df1200c0ceb810102f0b1
:1060e0001f0251f8201c04fa02f20a42d5d1d8e767
:020000040000fa
:020000040002f8
:1060f000002833d0f8b51b4e8368b342044624d140
:10610000b0f90230022b23d10d4621b3174612b34a
:10611000736903b31a68f2b15a68e2b19b68d3b1ec
:106120008b6813b11048214698472b687380ab8861
:106130003361ab797381eb79737001204ff4803355
:10614000c4e90603a7626080f8bd6ff00d00f8bdda
:106150006ff00c00f8bd6ff00b00f8bd6ff00d0094
:0c616000704700bf04af0020287e020042
:020000040000fa
:020000040002f8
:10616c0010b5044601f028feb8b1a08e10f008005e
:10617c0014d0a36840f201114ff090522186c4f85c
:10618c0032205b88e3862046faf70efe002811dbee
:10619c0003281cbf0223c4f81a3010bd0c4b0d4948
:1061ac00c4e9060302226280bde810406ff00802c9
:1061bc0001f0c0ba084b07490020c4e906030222cb
:1061cc006280bde810406ff00b0201f0b3ba00bf63
:0c61dc000000f7ffcc0200000000f4ff00
:020000040000fa
:020000040002f8
:1061e800f8b58b6bc0f896308b8fa0f89a300446c0
:1061f80000f1240301f140070e684d688868ca68f9
:10620800da601031b9421e605d60986003f11003d6
:10621800f2d1a28a0123002540f2dc5184f89e3095
:10622800a4f89c50a4f8a01084f8093192b10a4e41
:1062380004f1b807e18a636b012208469847c0e970
:1062480002640146384602f0b9ff0135a38aedb26f
:0c625800ab42efd8f8bd00bf85c90200c2
:020000040000fa
:020000040002f8
:10626400f8b51b4b1f68002f2fd03e686eb3f36840
:10627400002523b91ae0f3680135ab4216d9294643
:10628400304608f0effa04460028f4d00378da0721
:10629400f1d503881b060bd53868214608f0d8fad7
:1062a4000023e384f3680135ab42e8d80020f8bd4d
:1062b400f88c084a0849013800b2f884c04340f217
:1062c4001713c00f08f0bafce6e76ff00500f8bd3d
:0c62d400e4b50020b8e5020094320000a0
:020000040000fa
:020000040002f8
:1062e00030b1f8b50d4609b1282a02d80020f8bd12
:1062f0007047044600f11006207808f071fc302841
:106300004ff03a071ad005f8010b207808f070fc1e
:1063100005f8010b607808f063fc05f8010b607864
:1063200008f066fc0234b442287012d06f702078f6
:1063300008f056fc302805f10205e4d1207808f079
:1063400057fc3028e4d1607808f04afc3028e6d0c9
:0c635000e3e700236b700120f8bd00bfe4
:020000040000fa
:020000040002f8
:10635c002de9f84306b2731c01d1bde8f883084659
:10636c000f4608f0abf885b205f052fd8946804621
:10637c0008f02cff4ff4fa71a0fb01014ff47a7274
:10638c00002306f05bfa10eb080849eb0109c5b1d4
:10639c00002402e09cb2ac4213d22a1b92b23919ef
:1063ac00304601f0d3fb03190028f3d105f030fd82
:1063bc00404561eb0901002903da08f04ff8ac42c3
:0c63cc00ebd33046bde8f84305f03cb9c7
:020000040000fa
:020000040002f8
:1063d80043b2002b2de9f04116ddc3b20a2b13d8c6
:1063e800013804b2dff8608004ebc40208eb8207ce
:1063f80018f82220e6003ab1ba68126a02b3b7f96f
:1064080006009047054618b900252846bde8f081e2
:10641800bb889b06f9d5bb78012bf6d97b784bb1a5
:10642800fb681b6933b1242004fb00801c309847ab
:1064380000237b70264408eb860301229a70e4e768
:0c644800ff23fb70e0e700bfb8a50020b8
:020000040000fa
:020000040002f8
:10645400184b194a194830b50021194c1170516074
:1064640091601173117451619161117758639c6348
:106474005c69144d44f081345c61134c1c6440f23b
:10648400094404804ff0010c032440f6090e83f8fc
:10649400451082f800c083f84d401d65a0f810e057
:1064a40083f8551082f810c040f6027183f85d40fd
:1064b400198030bd00a000412cb3002050b300204f
:0c64c40070b30020000420000005200040
:020000040000fa
:020000040002f8
:1064d00070b51d4c666b62692261002e2ed0b268c9
:1064e000b2f5004f35bfb2686569656947f6ff725e
:1064f0000023ad1843eb030663689b699847226944
:1065000082424ff0000303d94ff6ff7280185b41bf
:10651000226a121843f10003954276eb030334bf5d
:10652000e261e561e3699bb20bb90123e361e069d4
:10653000636880b2bde870405b691847656947f6db
:0c654000ff72ad187641d7e7c8b100200b
:020000040000fa
:020000040002f8
:10654c0038b51a4b1b78044613b9194b1b7863b337
:10655c00184a1368013313603cb323692bb3656984
:10656c001db3134a107860b907f00cfce8b108f0c1
:10657c00b1f90146c8b10622284607f03cf8a0b98b
:10658c0023690d48998902686ff4bc630132cb18fa
:10659c009bb202604ff61122934206d90e31284667
:1065ac0089b2bde83840fcf75bb938bd58b700205c
:0c65bc0057b70020f8b60020f4b600200d
:020000040000fa
:020000040002f8
:1065c8002de9ff471d460c9b13f0010806460f46b0
:1065d800144601d195420bd822463946304605f07b
:1065e800e9f8a54204d82546284604b0bde8f08756
:1065f800a5eb04094a46102a28bf10222021684624
:10660800ca4608f027fa00bfbaf10f0f0ed809f0f2
:106618000f026946304605f0cdf8b8f1000fe3d116
:1066280022463946304605f0c5f8dde710226946ae
:0c663800304605f0bff8aaf1100ae5e7b3
:020000040000fa
:020000040002f8
:1066440010b5044601f0bcfb00b3628ca38e910428
:106654005abf23f400739bb243f4007312492163bd
:10666400d204a26858bf23f480735288e2864cbfd8
:1066740043f480739bb2a3862046faf799fb002863
:1066840005db03281cbf094bc4f81a3010bd084ba6
:1066940008490020c4e9060302226280bde81040d4
:1066a4006ff00b0201f04ab8010109000400080070
:0866b4000000f4ffcc0200001d
:020000040000fa
:020000040002f8
:1066bc0078bb38b50c4649b3174d95f8071129bb73
:1066cc004ff48872284608f0c3f9144a2a60144a19
:1066dc001449c5f8dc10012385f807312b711378a8
:1066ec00a44601331370bce80f0005f108040fc475
:1066fc009ce8070084e8070004f1a00007f09cf870
:10670c0004f1b00007f098f8284638bd4ff0ff3080
:10671c0038bd4ff0ff30704720a70020ac8e020030
:08672c0085b10020372516722b
:020000040000fa
:020000040002f8
:10673400f0b583b01b4f089cbc4214d194f80601f9
:1067440088b91d46d4f8b030164673b11a699068fa
:106754002a46304407f0aafebeb1d7f8b0301a6911
:1067640093892b44938103b0f0bdd4f8b8208ab147
:1067740007f1b800cde9003102f04efd0269009b3b
:10678400c7f8b00001999381e1e7d7f8b0301b69ed
:106794009d81e8e7a36f0122134484f80621a367cf
:0867a400e1e700bf20a700207f
:020000040000fa
:020000040002f8
:1067ac0002000000556201001d8002000300000081
:1067bc0081c4010099f30100060000008149020028
:1067cc00ddc00200090000007df401009db901004c
:1067dc000a0000009dcd0100c5e301000f00000080
:1067ec00395901006d910200180000005d9e0100f6
:1067fc00a5d902001e0000008930020079c10200f8
:10680c001f00000009220200559c02002600000017
:08681c00d11f010045d9020063
:020000040000fa
:020000040002f8
:1068240090f83d2038b5c2f3c003044692074feafe
:10683400c35348bf43f004030d464cbf60204820b7
:10684400228a43f00203082106f04af9e8b194f8d9
:106854003d30104a9b07c0e9022417d5036900f1b3
:1068640048021a600123a0f85830002345b1228a57
:10687400a3601a44c4e90032012184f85c10e0608a
:10688400b4f856300133a4f8563038bdc369083320
:08689400ece700bff91c020053
:020000040000fa
:020000040002f8
:10689c001a4a1b4810604ff622014ff44033918185
:1068ac005360d369002bfcd11368144943f00203e5
:1068bc001360cb69002bfcd1124a13629362d36232
:1068cc0082f8343082f83c309363d3871360936042
:1068dc00d3601375137793614b6803f00703012b97
:1068ec0014bf4ff480634ff4007313631361034bb5
:1068fc008021042299759a75704700bf00340040be
:08690c000401104088b10020d5
:020000040000fa
:020000040002f8
:10691400f0b5054648b31b4a8668536b33b3996890
:106924008e424ff0000027d38446864608e09968db
:1069340011eb0c014ef100048e4270eb040409d3f8
:106944009a681f469b6912eb0c024ef1000e9446a6
:10695400002becd1ab61bd61ab69b61aae604bb133
:106964000020a9689a68521a9a60f0bd86600120d6
:106974005563f0bd1846f0bd55630120ab61ae60b0
:08698400efe700bfc8b10020dd
:020000040000fa
:020000040002f8
:10698c001b4b70b51b4d1b682868023b0130012b5b
:10699c008ab0286002d900200ab070bd00230c46d2
:1069ac001646cde90333cde90533cde90733099319
:1069bc0005f02efa23692c689a890294cde900011e
:1069cc009968adf810600120d1f806308df81a00e6
:1069dc000320cdf81d308df81c004b89adf812202a
:1069ec006846adf82130f6f7a9fd00200ab070bd5d
:0869fc009cb6002084b60020c7
:020000040000fa
:020000040002f8
:106a040030b50d46097889b0044609b16b782bb9c5
:106a1400204602f04ff8001b09b030bd20220021af
:106a2400684608f019f8013d012000bf15f8013f40
:106a3400a3b921460125084611f8013b002bead0f1
:106a44005a090df1200c0ceb820203f01f0352f8db
:106a5400202c05fa03f31342edd0dce75a0908a908
:106a640001eb820203f01f0352f8201c00fa03f327
:086a74000b4342f8203cd9e776
:020000040000fa
:020000040002f8
:106a7c002de9f84f0446dde90a9a6668d4f80c80d3
:106a8c0024690c9f013c1946002e4ff00003d7f8e7
:106a9c0000b008f804301046b8bf01264d4601235b
:106aac00002c03dcdbb12046bde8f88f50ea010274
:106abc0009d1a6eb09022a44002a04dc002df1dde1
:106acc001bf0020feed052464feaea7305f0b6fe09
:106adc00013c1346303208f80420013de0e73b68e6
:086aec0023f010033b60dee71c
:020000040000fa
:020000040002f8
:106af4001b4bdc2202fb0033b3f85820114000d1b9
:106b04007047b3f85a2010b548004feac10e92b24c
:106b14000a4300f480704fea512c0ef0100ea3f8d3
:106b24005a204eea000e0cf0020c0801b3f856206d
:106b3400dc6d4cea0e0c00f4806040ea0c0001f0bd
:106b4400040192b201430a43a3f856203cb1b3f8be
:106b54005600196e80b22346bde81040184710bd98
:046b64005cb70020fa
:020000040000fa
:020000040002f8
:106b680038b58b7b012b0c4605461bd0022b0dd06c
:106b7800154a164940f25743002000f0ddfd144a3b
:106b88001368002bfcd10723a37338bdc06808f035
:106b9800a1fa0028f9d1e86808f09afb0623a37344
:106ba800a06038bdc06808f095fa0028edd1a28829
:106bb800e188e86806f002fe637b13f0010f14bf5a
:106bc80006230223a37338bde8ea0200940a0000f2
:046bd80034b50020b0
:020000040000fa
:020000040002f8
:106bdc0031b3f8b50b6823b118b190f842305c06ac
:106bec0001d40020f8bd836d154fb3f876307e6864
:106bfc00c3eb031306eb83061446306801f016fd55
:106c0c0005460028edd0038813f0c00fe9d01cb165
:106c1c0000692060aa8aa2801b0603d40120f8bd5b
:106c2c000020704714362c1d21463046fef74cfdd3
:106c3c007b69eb602146304602f0befaeee700bffe
:046c4c0070b0002004
:020000040000fa
:020000040002f8
:106c500030b51b4c87b0002300eb4000cde900337a
:106c6000cde90233cde904330d4604eb800405e0a1
:106c70009a6aaa4208bf684607f01efb204606f043
:106c8000d1fd0346014603a8002bf1d1684606f06a
:106c9000c9fd01226ff00a0148b105f039ff6846cd
:106ca00006f0c0fd01226ff00a010028f5d1039b18
:106cb0001bb103a9204603f095ff07b030bd00bf0c
:046cc0007cad002087
:020000040000fa
:020000040002f8
:106cc40070b5174d2b681b6883421ad1c668b6b1dc
:106cd400002401e02b681868214607f0c3fd0378ff
:106ce400da0704f1010408d503880e4adb0504d44d
:106cf400136842689b1a002b02dca642ead10020ea
:106d040070bd094a094940f61c03002000f016fd35
:106d1400074a1368002bfcd12b681868d6e700bf1c
:106d240040b6002038b6002054de0200b43800001b
:046d34003cb6002049
:020000040000fa
:020000040002f8
:106d38002de9f041044688b30f4616460025222166
:106d4800204607f09bfe804640b10023037005e013
:106d5800ae4288bf47f82540013500242046104937
:106d680004f008f804460028f2d1b8f1000f12d058
:106d780008f101082221404607f080fe48b180450d
:106d880007d0b542047038bf47f82580441c013548
:106d9800d5e74ff0ff352846bde8f0810546fae70c
:046da800703b00003c
:020000040000fa
:020000040002f8
:106dac002de9f041184c194e84b004f1080800bfcd
:106dbc0056f8040b00f0bcf9012301aa69460546fc
:106dcc0078b127680097a768019727690297a76988
:106ddc00039701f01bfd02a9284607f073fa039be9
:106dec0063b904344445e3d1094b93f8381093f854
:106dfc00340004b0bde8f04100f00cb803a92846fb
:106e0c0007f06cfaede700bfc0b00020c8f3020039
:046e1c00b8b00020ea
:020000040000fa
:020000040002f8
:106e200070b5124c0246207882b0b8b90b461049b2
:106e3000104e0a701049114d0b7042ea0321009167
:106e400031600f4908700f4908700f49296002210d
:106e500021700e4900f074fc02b070bd0c49002096
:106e600002b0bde8704000f06bbc00bf53b700201b
:106e7000eab80020d0b60020e9b80020d4b600203f
:106e800055b7002052b7002002ca0400445e00003b
:046e9000105e000090
:020000040000fa
:020000040002f8
:106e9400012938b504461cdc144d287823681449ac
:106ea400144a5b68002808bf0a461349606898477b
:106eb4002b784bb1236811495b6860689847d4e923
:106ec40000300f495b6898472046bde83840fcf71e
:106ed400c9ba134600225868044d114607f0dafd7a
:106ee400003818bf01202870d8e700bf58b7002029
:106ef400604e0000644e00006c7000008c70000056
:046f0400d470000045
:020000040000fa
:020000040002f8
:106f0800f0b50c46d1e9011787b02368059300292d
:106f1800a4bf23f00203059305abe6680293082398
:106f2800cde900730546d2e900232046fff7a2fd0c
:106f3800059bd90642bf00f1ff3030233354059b2f
:106f48001a0742bf00f1ff30202333542269059b02
:106f58000093013a3b46121a31182846fff730fbd6
:106f68006b68db0503d563689842b8bf184607b05d
:026f7800f0bd6a
:020000040000fa
:020000040002f8
:106f7c0070b5194b866804469e420cbf1e4600260f
:106f8c0000f01affe0b1a36aa28e6284cbb105f0c7
:106f9c003dfe054606f07cfa326a104b926802fb05
:106fac0005f505f2e735a3fb053500eb9510e0621e
:106fbc0000212046fdf752ff10b10423c4f81a300b
:106fcc0070bd01212046fdf749ff0028f8d00323ae
:106fdc00c4f81a3070bd00bf04af0020d34d62104e
:020000040000fa
:020000040002f8
:106fec00d0f8a02001eb810102eb810332f82120c3
:106ffc0032b35a8922b3da89511eb1f5c06f21d24e
:10700c0010b45c7c197c012c104c40f206434fea06
:10701c00921218bf00230129d0f8ac1044ea0242a6
:10702c000a6190f8ba2008bf43f407631ab10a69e1
:10703c0042f400620a6100205df8044b8b627047d9
:10704c00062070476ff00200704700bf0407000174
:020000040000fa
:020000040002f8
:10705c0010b5029b184ca34209d194f8063103b920
:10706c0031b9236f0022013384f80621236710bd48
:10707c00d4f8b010a26e501c0a699268c4f8b030f3
:10708c0002f10e03a066c1e9052313780b48ff2b10
:10709c0016bf0b6a202343f010030b6202f08cf82e
:1070ac00b4f8a800636ca16c40f01000a4f8a80020
:1070bc00bde81040184700bf20a70020e8a700201b
:020000040000fa
:020000040002f8
:1070cc0038b58b7b012b0c46054617d0022b0dd007
:1070dc00144a15494ff48f63002000f02bfb134a20
:1070ec001368002bfcd10723a37338bdc06807f0cd
:1070fc00efff0028f9d10623a37338bdc06807f051
:10710c00e7ff0028f1d12389a288e188e86806f01e
:10711c00b1f8637b13f0010f14bf06230223a37392
:10712c0038bd00bfc0ea0200940a000034b500204c
:020000040000fa
:020000040002f8
:10713c00194a1a4b2de9f04116881f683eb3804658
:10714c003c46002504e00135b54204f1800409d029
:10715c00414604f1790007f034fa0028f3d12046b7
:10716c00bde8f081404602f0bffdb0f5805f0ed067
:10717c00002303e0b34207f1800708d07a888242eb
:10718c0003f10103f6d13c462046bde8f081002412
:10719c002046bde8f08100bffcb3002018b60020eb
:020000040000fa
:020000040002f8
:1071ac0000280fdb184b1b6898420bda174b1b6837
:1071bc0010b553f820401cb194f85c30012b03d06f
:1071cc00002010bd00207047e36883b11b6a1a07ca
:1071dc000bd494f83d309b0702d54ff4b86010bd2a
:1071ec00d4e90103c01a80b210bd0023e360b4f8e7
:1071fc005620b4f854309a42e2d201212046fff7cf
:10720c000bfb0028e5d1dbe72cb6002030b60020c4
:020000040000fa
:020000040002f8
:10721c0000280fdb184b1b6898420bda174b1b68c6
:10722c0010b553f820401cb194f85c30012b03d0fe
:10723c00002010bd00207047e36883b11b6a1a0759
:10724c000bd494f83d309b0702d54ff4b86010bdb9
:10725c00d4e90103c01a80b210bd0023e360b4f876
:10726c005620b4f854309a42e2d201212046fff75e
:10727c00d3fa0028e5d1dbe72cb6002030b600208d
:020000040000fa
:020000040002f8
:10728c00a9b1aab1002815db174b1b68984211da7b
:10729c00164b10b51b6853f8204082b01cb194f803
:1072ac005c30012b09d00022104602b010bd0a46fa
:1072bc0010467047002210467047e368002bf2d04e
:1072cc001b6a1b07efd4d4e901301b1a9bb29a42fc
:1072dc0028bf1a46002ae7d0019203f08bfea36860
:1072ec00019a1344a360dfe72cb6002030b60020cf
:020000040000fa
:020000040002f8
:1072fc0038b505460c464ff41270012106f03efedf
:10730c0048b300f120030022c0e90633c0e9005461
:10731c0000f1d80300f5127c72b11a60d0f8d010cd
:10732c0059600b605360c0f8cc305c339c450ad07c
:10733c00d0f8cc20002af0d1c0e93333c3e90033b4
:10734c005c339c45f4d1054b1a68002181601ab15d
:10735c005a689060586038bd1860fbe7e8b40020ac
:020000040000fa
:020000040002f8
:10736c0020b3f8b51646134b134a0f46c0e9002359
:10737c001249134b0446c0e902131248124bc4e9dc
:10738c000403124ba36103f17453a3f523030025eb
:10739c00a3f69243c4e91855e361a566a56708f006
:1073ac0009f8c4e91b7665672846f8bd6ff0ac0098
:1073bc00704700bf85ae67bb67e6096a72f36e3c27
:1073cc003af54fa57f520e518c68059babd9831fa4
:020000040000fa
:020000040002f8
:1073dc00902910b50fdc7f2911dd803910290ed8ca
:1073ec00dfe801f00f0f250d170d0d0d1e0d0d0d06
:1073fc000d0d0d0d2500a02903d0c02901d00020b2
:10740c0006e019680c1d1c600b6803601a600120f3
:10741c0010bd19680c1d1c600b6803601a80f6e720
:10742c0019680c1d1c600b6803601a70efe7196873
:10743c000c1d1c600b680360d117c3e90021e6e743
:020000040000fa
:020000040002f8
:10744c0078b338b5184b0446806898421cd1b4f90f
:10745c000230012b1fd1238b012b1cd1638b012bf1
:10746c0001d0042b17d194f83050bdb940f2013340
:10747c0061862386e2862046f9f796fc00280ddb10
:10748c00032804d0284638bd6ff00d0038bd84f8b1
:10749c003050012038bd6ff00c0038bd6ff00b0080
:0c74ac0038bd6ff00d00704704af0020e9
:020000040000fa
:020000040002f8
:1074b800037e9a0610b504460fd513f008031ad0b8
:1074c800d4f8b03020699b6b0022114698470028f9
:1074d80018db032384f84e3010bd05f0dbffd4e938
:1074e8001023801a9842f7d3237e43f02003237693
:1074f80013f00803e4d1227e84f84e3042f01003e2
:10750800237610bd237e23f03003237605f0c2ffd7
:0c751800002384f84e30206410bd00bf3a
:020000040000fa
:020000040002f8
:1075240000280cdb174b1b68834208d9164b1b68d9
:1075340053f8200028b390f87130012b01d00020bb
:107544007047836c002bfad090f87030032b01d075
:10755400082bf4d1d0e9002310b4d0e902419b1ade
:107564008c429bb228bf641a03f1ff322cbf1b1b51
:107574000b1b013b92b29bb2d31a98b25df8044b39
:0c7584007047704754b5002064b500202b
:020000040000fa
:020000040002f8
:10759000032970b5466804460bd0036812491b687e
:1075a00030469847236811491b683046bde8704053
:1075b000184750681546fff7c1fd68b1a96804f087
:1075c00077fe23680a490b4a1b68002818bf11463a
:1075d0003046bde870401847236807491b683046ad
:1075e000bde87040184700bf18190000401900009e
:0c75f00000190000ec18000078170000e3
:020000040000fa
:020000040002f8
:1075fc0038b5174b1d6845b30146286828b309b345
:10760c0001f014f80446d0b10378da0708d50388e2
:10761c001b0607d52868214607f016f90023e384da
:10762c00002038bde88c0b4a0b49013800b2e884c5
:10763c00c04340f21713c00f07f0fcfaeae74ff013
:10764c00ff3038bd6ff0080038bd6ff0050038bd55
:0c765c00e4b50020b8e502009432000004
:020000040000fa
:020000040002f8
:10766800013938b5044605292ed8dfe801f024058c
:10767800071a030500230360012038bd20b32378cf
:10768800002bfcd0237803f0ff00002bf5d007f087
:10769800d9fe2378013bdbb2237007f0d5fe012029
:1076a80038bd88b107f0cefe23780133237007f088
:1076b800cbfe012038bd38b1012507f0c3fe257087
:0c76c80007f0c2fe284638bd002038bd87
:020000040000fa
:020000040002f8
:1076d40038b5154c206918b107f0c8fa00232361a6
:1076e400206838b105f0a4f9d4e90010c3689847bc
:1076f400002323600d4d01e004f0aefa284606f0a5
:107704008ff80028f8d10a4d02e06068c3689847f2
:10771400284606f085f801460028f6d1054a064bae
:107724001060186038bd00bff89c0020149d002034
:0c773400209d002040b6002044b600203c
:020000040000fa
:020000040002f8
:1077400088b90eb4f0b5164d95f9003082b02bb162
:107750006b681bb1134e3378012b05d002b0bde826
:10776000f04003b0704770470f4f079a307008ab76
:107770000446c8213846019301f0cef9431ec62bba
:10778000024605d83c54d5e9013039465b69984733
:107790000123337002b0bde8f04003b0704700bf72
:0c77a000b0b400203eb7002020aa00205a
:020000040000fa
:020000040002f8
:1077ac002de9f043a1f104084446042c28bf04241d
:1077bc00b8f1000f27d00025814606460f46284613
:1077cc0005eb040cecb1cc44344432464ff0000ec3
:1077dc0012f8013b1cf8011b944283ea01034eeaa8
:1077ec00030ef5d1bef1000f08bf032004357c1b3e
:1077fc00042c28bf0424a84506f10406e0d8bde8f3
:0c780c00f0830320f2e74046bde8f08363
:020000040000fa
:020000040002f8
:1078180048b338b5174c8568a5421ed1b0f9024067
:10782800012c1dd1048b012c1ad1448b012c01d0c1
:10783800042c15d190f83040c4b940f20124418697
:1078480004868286c386f9f7b1fa00280edba0f118
:107858000300b0fa80f0400938bd6ff00d0038bd64
:107868006ff00c0038bd6ff00d0070476ff00b0023
:0878780038bd00bf04af002081
:020000040000fa
:020000040002f8
:1078800040bb174b1a78012a27d04a69da610ab33c
:1078900010b4cc684a68b1f81cc0096a83f82400a7
:1078a000da60a28a1881002a08bf4ff48242a3f846
:1078b0005c20e28a196201210a48a3f85e2019704f
:1078c00002225c6198615df8044ba3f806c018467b
:1078d0009a8070474ff0ff3070471846704700bfde
:0878e00004af0020287e020025
:020000040000fa
:020000040002f8
:1078e80048b338b5174c8568a5421ed1b0f9024097
:1078f800012c1dd1048b012c1ad1448b012c01d0f1
:10790800042c15d190f83040c4b940f201144186d6
:1079180004868286c386f9f749fa00280edba0f1af
:107928000300b0fa80f0400938bd6ff00d0038bd93
:107938006ff00c0038bd6ff00d0070476ff00b0052
:0879480038bd00bf04af0020b0
:020000040000fa
:020000040002f8
:1079500068b338b58268174b9a4204461cd1b0f917
:107960000230012b1dd1038b012b1ad1438b012b2c
:107970000d4601d0042b14d194f83030022b13d1d2
:107980002046fdf72dfa00280edb022807d00db1a6
:10799000a38e2b80002038bd6ff00d0038bd012074
:1079a00038bd6ff00c0038bd6ff00b0038bd6ff0c4
:0879b0000d00704704af002038
:020000040000fa
:020000040002f8
:1079b80010b4164c23680bb3834207d018b19a6de4
:1079c800836d9a4202d05df8044b7047104a114b00
:1079d80010881a68034668b1002103e0814202f169
:1079e800800207d092f8423013f0400301f1010100
:1079f800f4d0936d23605df8044b70470449054a41
:107a0800088812680028e7d1f4e700bf14b6002000
:087a1800fcb3002018b60020a9
:020000040000fa
:020000040002f8
:107a2000f8b5184c0e46b1f868108182054606611b
:107a30008275c375a4f1780754f8043c28460c3cc1
:107a40009847bc42f8d131460120fff701f9b36de8
:107a50009e420bd0b6f8423023f48043002223f03c
:107a60004003c6e91322a6f84230f8bd306d10b1cc
:107a7000736c1b6a9847f06c0028ebd0736cdb6862
:087a80009847e7e724680200c3
:020000040000fa
:020000040002f8
:107a880070b50d6a044645f008050d6213488c620e
:107a9800154606f00dfc05b970bda56d104c07f034
:107aa800d1fcb5f86a300f4943f010030a68a5f80d
:107ab8006a30238b013243f001030a60238307f005
:107ac800c3fc6569002de7d0012204f11000ac4623
:107ad8000023bde870401146604700bf88ad002014
:087ae800889a002010b600206e
:020000040000fa
:020000040002f8
:107af00000281ddb38b5154b1b68984216da144b6d
:107b00001b6853f82050f5b1124c2378002bfcd0a1
:107b100023787bb92846fdf71ffe07f097fc2378f2
:107b20000133237007f094fc012038bd002038bddc
:107b30000020704707f08afc2378013bdbb22370fa
:107b400007f086fce6e7284638bd00bf2cb60020cb
:087b500030b600203ab7002016
:020000040000fa
:020000040002f8
:107b580043b2002b2bddc3b20a2b28d810b501384d
:107b680000b2144b00ebc00e03eb8e0c13f82e4042
:107b7800dcb1bcf80440a4060bd5dcf80c40646901
:107b880084b14ff0240c00fb0c301c30a04780b2ad
:107b980010bddcf808309b6c23b1bde81040bcf97f
:107ba80006001847ff238cf80330002010bd002082
:087bb800704700bfb8a50020d2
:020000040000fa
:020000040002f8
:107bc00043b2002b2bddc3b20a2b28d810b50138e5
:107bd00000b2144c00ebc00304eb830c14f8233008
:107be000dbb1bcf8043013f020030bd0dcf80c3010
:107bf0005b6a7bb14ff0240c00fb0c401c309847b3
:107c000080b210bddcf80800446b1cb1bcf9060062
:107c1000a04710bdff238cf80330002010bd0020ca
:087c2000704700bfb8a5002069
:020000040000fa
:020000040002f8
:107c28000300000040ed0200060000000000000014
:107c38000200000070d002000900000098f3020062
:107c48000a00000090f302000f0000000cea020096
:107c5800180000008cf202001e0000000000000066
:107c68001f0000000000000001000000b8b800205c
:107c78005010000054be02001011000060b800202f
:087c88002600000024db0200cd
:020000040000fa
:020000040002f8
:107c9000f0b585b004460d461646002184221f46e5
:107ca00006f0dcfe0b9ba3670c9be3670a9bcde908
:107cb000005604f10805cde902733722042320465b
:107cc0002946f3f78bf810b1012005b0f0bd37223b
:107cd000cde902000346cde9005204f13f01204600
:107ce000f3f77cf80028efd10123c4e9003084f8d1
:087cf000800005b0f0bd00bfeb
:020000040000fa
:020000040002f8
:107cf80038b517a3d3e90023134d1449c5e9002368
:107d0800681e05f1430c4ff0ff3200bf10f8013f29
:107d180008245a4042f300030b40013c83ea520214
:107d2800f8d16045f2d1d34307496b644822204615
:107d3800f4f782fe08b1204638bd05f07df8b0faa8
:107d480080f0400938bd00bfb8b000202083b8edee
:087d58005242495405000000ed
:020000040000fa
:020000040002f8
:107d600082681369518913f4c07f26d023f0010380
:107d700023f4007311f0080f06d043f400530121df
:107d80001361c0f81a10704711f0040f06d043f4c5
:107d9000805301211361c0f81a10704711f0020fcf
:107da00003bf41f3000101f480410b4343f400435e
:107db00001211361c0f81a10704713f0010fd9d1d7
:047dc000d6e700bf43
:020000040000fa
:020000040002f8
:107dc40070b590f83060022e08d10546fdf706f82c
:107dd40000280fdb023818bf012070bd40f28d135c
:107de4000b4a0c490020fff7a9fc0b4b186800282c
:107df400fcd1efe7094b0a496e8000242046c5e90f
:107e040006436ff00b02fff799fc204670bd00bfdc
:107e1400bcd50200ac020000e45e00200000f4ffc8
:047e2400cc0200008c
:020000040000fa
:020000040002f8
:107e28008178020079cd0200b1e602009de60200e9
:107e380085d102002108020061d1020041dc020064
:107e48005ddc020035b4020045d60200f160020094
:107e5800a5bf0200a9c80200bdb30200f9a802002c
:107e6800259a0200f9b3020025d6020079dc020047
:107e78004d74020051790200e97802001978020075
:047e8800c1a402008f
:020000040000fa
:020000040002f8
:107e8c0070b500f580519df8105091f8874104b3fe
:107e9c0091f8d0c091f8d1e0d1f8cc600cf1ff3c56
:107eac000cea0e0c0ceb8c0c06eb8c0c0ef1010e90
:107ebc00acf81030059b8cf812208cf81350ccf8d1
:107ecc000430069bccf8003091f8883181f8d1e071
:107edc000bb1204670bd91f886110029f9d1e8f755
:047eec001ffbf6e79b
:020000040000fa
:020000040002f8
:107ef00038b58b7b012b0c46054618d0043b012b73
:107f000007d8c068083107f07ffa08b10523a373ca
:107f100038bd0d4a0d4940f295430020fff710fc93
:107f20000b4a1368002bfcd10723a37338bdc0682c
:107f300007f0d4f80028ebd1a288e188e86807f0c0
:107f40005ffaa07338bd00bffcea0200940a00008b
:047f500034b5002024
:020000040000fa
:020000040002f8
:107f540010b5164b5c68228882b00023072a009370
:107f64008df804300bd86288b4f802321049adf8a9
:107f740000206846adf8023006f027fba0b104f5f6
:107f840000542388072b02d9002002b010bd628858
:107f9400b4f802320649adf800206846adf8023064
:107fa40006f013fb0028efd10120eee7a0a100208a
:047fb4008c0b000032
:020000040000fa
:020000040002f8
:107fb8009ab1002811db10b4144c2468a04208d2ee
:107fc800134c246854f8200020b190f87140a14265
:107fd80005d000205df8044b70470020704790f8ea
:107fe8007040a4f1030cbcf1020ff2d9082cf0d0b8
:107ff8000129eed11268c2632bb190f8873043f0a3
:10800800400380f887300120e4e700bf54b5002022
:0480180064b500202b
:020000040000fa
:020000040002f8
:10801c00174ad368002b05dd817d042903d0013b71
:10802c00d3600bb37047137c002bfbd00369996da5
:10803c008b42f7d1b3f8763010b55468c3eb031309
:10804c0014eb830412d0206880b104f0edfc04f131
:10805c00240000f04bfb04f1140000f047fb201d42
:10806c00bde8104000f042bbfbf776bf10bd00bf6f
:04807c0070b00020c0
:020000040000fa
:020000040002f8
:1080800070b5114c206818b106f0e6f800232360a3
:108090000e4c0f4821680f4d05f05ef90e4b0f484e
:1080a00000261e6001f06efb286810b106f0e0fdae
:1080b0002e600b4d296821b12068c36898470023c2
:1080c0002b600023236070bdd0b50020dcb50020fc
:1080d00050b40020d8b50020c8b5002060b40020fe
:0480e000d4b50020f3
:020000040000fa
:020000040002f8
:1080e4002de9f041164682b0044620b30f4606f04f
:1080f400e9f90546c0b1dff8488000233a4601a9f2
:108104002046c8f8003006f0c5fcd8f80030024616
:1081140073b9019b1b1b581b18bf4ff0ff3006b1ee
:10812400326002b0bde8f08102464ff0ff30f6e75e
:108134004ff0ff30f3e702464ff0ff30efe700bfa8
:0481440018b7002048
:020000040000fa
:020000040002f8
:10814800002817db154b1b68984213da144b1b6881
:1081580053f8203073b119b191f8422052060bd46c
:1081680000225a6293f83e2042f00202012083f86e
:108178003e2070470020704793f93f205962002a3b
:10818800f0db93f85d2012f00202ebd193f83c107b
:1081980062f3c30183f83c10e4e700bf2cb600206b
:0481a80030b60020cd
:020000040000fa
:020000040002f8
:1081ac00f8b5144e144f33883c689bb100256068b9
:1081bc0018b101f0ddfb00236360b4f90000431c2f
:1081cc0001d0fdf76bf833880135ab4204f118048c
:1081dc00edd83c68094b0a4d18682146c36898478e
:1081ec00286800243c60348010b106f03bfd2c6004
:1081fc00f8bd00bfc8b4002058b600205cb6002003
:04820c0050b6002048
:020000040000fa
:020000040002f8
:1082100038b544b2002c1eddc4b20a2c1bd801387c
:1082200000b2124d00ebc00005eb800415f82000f1
:1082300088b1aab1a068c56badb1206948b96261c7
:10824000a3610b4ab4f906002346a847206120b178
:1082500038bdf923e370002038bdf723e37038bd43
:10826000f823e370f7e7ff23e370f4e7b8a50020f5
:0482700069cb0200d4
:020000040000fa
:020000040002f8
:1082740030b40e4c2378b3b90d4d28600d480e4d23
:1082840001600e4802600e4802600e4a11600e4af8
:108294000e4913700e4a0b701370032301202370d0
:1082a400287030bc7047002030bc704753b70020a2
:1082b400d4b60020ccb6002051b70020d0b60020a0
:1082c400c0b60020bcb6002050b7002055b700202f
:0482d40052b700207d
:020000040000fa
:020000040002f8
:1082d80070b5d0f8b0600446f36900699847012882
:1082e8000fd0336a206998470546a8b90146f36b51
:1082f800206904f148029847002803db042384f826
:108308004e3070bd237e23f03003237605f0c2f88b
:1083180084f84e50206470bd237e23f0300323760a
:1083280005f0b8f8002384f84e30206470bd00bf13
:020000040000fa
:020000040002f8
:1083380038b5d0f8b0500446eb6900699847012871
:1083480010d02b6a2069984768b9b4f8483013f000
:108358000105237e12d0db0656bf022384f84e00a7
:1083680084f84e3038bd237e23f03003237605f0a1
:1083780091f8002384f84e30206438bd23f0300390
:10838800237605f087f884f84e50206438bd00bf86
:020000040000fa
:020000040002f8
:1083980038b5164b984223d190f91430022b044675
:1083a80021d10d46d1b103f02dfe0321012240f267
:1083b800dc536b81e9802a7294f8b92094f8ba00ea
:1083c80094f8bb10002362f3070360f30f2394f8bb
:1083d800c02061f3174362f31f63eb60002038bdd0
:1083e8006ff0050038bd6ff0010038bd5cb70020a4
:020000040000fa
:020000040002f8
:1083f800431e033370b522d810f47f441fd1134aab
:108408009568c3b2ab4218d2d56803eb830305eb7a
:10841800c3056b6a984210d1ec7874b191b18c465f
:10842800bce80f0005f10c0eaee80f000126dcf8e1
:108438000030cef8003085f82060204670bd00245a
:10844800204670bd0c46204670bd00bf90ae00208f
:020000040000fa
:020000040002f8
:1084580038b503f0abff144b6fea80401c686fea35
:10846800904080b2a4b1114b1b684ff4804c4ff67a
:10847800ff75a3f1040e7146002300bf51f8042fc5
:1084880001331ab1b2f85e20824202d0a342f5d17c
:1084980038bda8421abf013080b24ff44040bcf149
:1084a800010ce8d1604638bd54b5002064b5002001
:020000040000fa
:020000040002f8
:1084b800b0f1000c1bdb38b51446134a126894451a
:1084c80013d2124a126852f82c5075b195f87020e0
:1084d800a2f1030cbcf1020f07d9082a05d043b159
:1084e8001a460123fff764fd18b9002038bd0020a3
:1084f80070473cb195f88730a5f85c4043f080039d
:1085080085f88730012038bd54b5002064b50020b7
:020000040000fa
:020000040002f8
:1085180070b5104d2b6804460e4623b1184602f07c
:10852800b3fa00232b600c4b002219681e2004f0bc
:108538004ff80a4b00221a7044b12168084b094ac7
:108548004c681b68126808493046a047074b002250
:108558001a6070bd8cb50020a4b5002025b7002096
:108568007cb5002080b50020d8130000a8b50020f5
:020000040000fa
:020000040002f8
:1085780038b5054640b300bf95f84430002bfbd012
:1085880095f84430abb96c6a44b10022d4e9004193
:108598008a4238bf0a46002cf8d1140106f052ff6f
:1085a80095f84430013385f8443006f04dff2046f5
:1085b80038bd06f047ff95f84430013bdbb285f83b
:1085c800443006f041ffdee70446204638bd00bfd0
:020000040000fa
:020000040002f8
:1085d8002de9f84304464369d0f810908846984737
:1085e800e3680bb3064600270be0e3699847c0b180
:1085f800e3684e44b34207f1010798bff61abb423d
:1086080012d9a368256803fb065542462b78db0779
:1086180029462046e9d4236a9847636a6f80013364
:1086280063622846bde8f88300252846bde8f8833c
:020000040000fa
:020000040002f8
:108638002de9f84306464369d0f8109088469847d4
:10864800f368cbb105460027b168346801fb0544df
:10865800424694f800c01cf0010f2146304603d072
:10866800f369984760b1f3684d44ab4207f10107dd
:1086780098bfed1abb42e7d800242046bde8f8832e
:10868800237860f3410323702046bde8f88300bfd8
:020000040000fa
:020000040002f8
:1086980070b505460e46fff79bff044658b1237890
:1086a800da075abf23f0030343f0030323f002035e
:1086b8002370204670bd6a6aeb689a42f9d1ab69ab
:1086c800002bf6d0284698470028f2d00378d9071f
:1086d80005d564f3000303706b6a013b6b62314696
:1086e8002846fff775ff0028e3d00446d7e700bf08
:020000040000fa
:020000040002f8
:1086f800437b03b9704710b50446237b002bfcd09d
:10870800237bc3b923686bb1d4e9011202e01b686b
:10871800013a23b19942fad100236360013a002358
:108728002360a26006f08efe237b01332373bde82d
:10873800104006f089be06f085fe237b013bdbb2c4
:10874800237306f081fe2368002bddd1eae700bf22
:020000040000fa
:020000040002f8
:10875800f0b130b4056825b9f1b1124b186830bcd6
:108768007047114a114b14881868002cf4d0002364
:1087780090f84220520603f1010302d5426895425f
:10878800edd09c4200f18000f2d10029e5d103e050
:1087980029b1044b18687047084630bc7047084632
:1087a800704700bf14b60020fcb3002018b60020a4
:020000040000fa
:020000040002f8
:1087b80031b330b40c68c4b11349144b098802466c
:1087c8001868f9b100239ab990f842c01cf0400f1c
:1087d80006d0456884ea050c85681cea050f05d0b3
:1087e80001338b4200f18000edd1002030bc70478e
:1087f8009042e9d001338b4200f18000f8d1f4e7d0
:10880800084670470846f1e7fcb3002018b6002078
:020000040000fa
:020000040002f8
:108818008446b8b190f8420010f0400000d170478b
:10882800bcf8420040070dd1d1b10968ccf804105a
:1088380053b1ccf818105ab11268ccf80820ccf80b
:108848001c2005e00020704712b11368ccf80830ee
:108858009cf8433023f0100301208cf84330704714
:10886800002af5d01268ccf80820002bf0d0e6e7f3
:020000040000fa
:020000040002f8
:1088780001281bd9f8b5134f0c46010107eb00106e
:108888001546b0f808c0466844ea0c0ca0f808c0c1
:108898001eb1090900232246b047e30503d50a4a59
:1088a8001368013313601db10120f8bd0020704723
:1088b8007e69002ef8d005482b4622460121b04794
:1088c8000120f8bd889a0020f4b50020989a00206d
:020000040000fa
:020000040002f8
:1088d80070b505f019fe144b1e686fea80406fea08
:1088e8009040002e80b212dd104b1c684ff4804e71
:1088f8004ff6ff75043c2146002300bf51f8042fb2
:10890800013312b1528d824202d0b342f6d170bd0a
:10891800a8421abf013080b24ff44040bef1010ea8
:10892800e9d1704670bd00bf2cb6002030b60020db
:020000040000fa
:020000040002f8
:108938002de97043154d6b689b6906469847686139
:108948006b692c69a34298bf03f580331c1b204632
:1089580002f0b8fe06f076fdd5e90a8914eb0802a4
:1089680049f10003c5e90a2306f06efd3046fdf71c
:10897800cdff08b9bde8708306f064fd0446fdf735
:10898800a3fd2046bde8704306f05ebdc8b10020d7
:020000040000fa
:020000040002f8
:1089980070b51349d1f8003ad1f8042a82b00446d8
:1089a8009b1ad1f80c2ad1f8081a0091256840685a
:1089b8000c49402601966d6803f03f03a84740f232
:1089c800ee5010212268084bcde900100749556880
:1089d8006068d3f8e02e45f6e063a84702b070bda2
:1089e80078700020f8410000005000202c42000060
:020000040000fa
:020000040002f8
:1089f800006d0000e90c0200086d0000306d0000f9
:108a0800e55802003c6d00006c6d00002141020039
:108a1800786d0000b46d000061cb0100bc6d0000f2
:108a2800fc6d0000d1e10100086e0000506e0000ee
:108a380039ad02005c6e00009c6e00009dcc020007
:108a4800a86e0000f46e000051800100f86e00006e
:020000040000fa
:020000040002f8
:108a5800f0b594468bb002469ded107b0846bcf1fc
:108a6800000f1bd09cf800509cf801609cf8021085
:108a78009cf803709cf804e09cf805400291cde94d
:108a880005438ded087b0346cde9037ecde900560d
:108a980006490020fef750fe0bb0f0bd6446e646de
:108aa8006746614666466546e8e700bfc875000048
:020000040000fa
:020000040002f8
:108ab80011f0ff0170b504461fd003469a07184607
:108ac8001fd14ff001354d43186880ea0506a0f123
:108ad800013222ea0002a6f1013020ea0600024330
:108ae80012f0803f1c4603f10403edd0204614f831
:108af800013b2bb18b42f9d102e005f0e1fc2044a7
:108b080070bd13f8012b002afad08a42d6d1f7e7b4
:020000040000fa
:020000040002f8
:108b1800f0b59bb004460d46164600214c2207a826
:108b28001f4605f097ff4ff0ff324ff48173cde9f0
:108b3800022304b901accde9044555b16b1e002de3
:108b4800069308da094b4f221a604ff0ff301bb02a
:108b5800f0bd2b46f3e71cbf002323703a4631468d
:108b680002a8cde9074405f027faf0e718b7002076
:020000040000fa
:020000040002f8
:108b780010b50446fff722f900b910bd94f8233068
:108b8800a28ed90609d513f0020314d1920616d580
:108b9800c4e906330222628010bd6ff007031a464b
:108ba800002002216180a083a061e3830649bde81b
:108bb8001040fef7c1bd6ff009031a46f0e76ff0e9
:0c8bc8000a031a46ece700bfcc020000d4
:020000040000fa
:020000040002f8
:108bd40043b2002b25ddc3b20a2b22d8013800b2e0
:108be400114b00ebc00103eb810213f82110c1b15a
:108bf4009188890605d49368db6c83b1b2f90600c9
:108c04001847917804290cd1d168096a39b1242212
:108c140000fb023010b51c30884780b210bdff2322
:0c8c2400d3700020704700bfb8a50020ee
:020000040000fa
:020000040002f8
:108c300038b5d0e9003011491b68114d98471148eb
:108c4000c022002105f00aff2c684cb16a68a242dc
:108c5000204609d0a4682c6002f052fb002cf5d10c
:108c6000094b01221a6038bd0022c5e9002202f03a
:108c700047fb054b01221a6038bd00bf203b0000b6
:0c8c8000e8b40020e8aa002060b6002044
:020000040000fa
:020000040002f8
:108c8c00f8b516460f4606f071fb00eb800000ebc2
:108c9c00800006f0e3fafeb13e447c1e013ec7f1b3
:108cac00010701e0b44217d005f02cfc3d194342fa
:108cbc00dbb205f00705c0b258bf5842072d04f8c7
:108ccc00010fefd106f052fb00eb800000eb8000af
:0c8cdc0006f0c4fab442e7d10020f8bd55
:020000040000fa
:020000040002f8
:108ce80010b490f92e30012b01460bd02bb10e4851
:108cf8000e4c02682370013202600d485df8044b87
:108d080000f05cba0b4a0c4813680c690133b4f8dc
:108d18000cc0136003886345efd2a0f800c05df86b
:108d2800044b034800f04abae0b6002056b70020ca
:0c8d380070b40020e4b60020868e0020fd
:020000040000fa
:020000040002f8
:108d440037b5144d2b68044673b104f029ff019024
:108d540001a805f045fc0f30019920f00f0005f043
:108d6400c9fb58b100232b60012c38bf01240f34f8
:108d740034f00f0405d1084b0c221a60002003b014
:108d840030bd2046fcf7eefd0028f8d040f8044c36
:0c8d9400f5e700bfe0b8002018b7002091
:020000040000fa
:020000040002f8
:108da0000e4a38b5002313600d4a0e4c13600e4a6c
:108db0000e4d13600e4a13600e4a13600e4a536242
:108dc00013610123936005f0fbffedf772fdac42e8
:108dd00000d338bd54f8043b9847f8e720b700208b
:108de0002cb000207002000028b0002074020000a7
:0c8df00020b0002024b0002030b0002093
:020000040000fa
:020000040002f8
:108dfc0050100100080300005139010081e102000c
:108e0c00352d0200b1dc020035ee010085d60200e2
:108e1c0069e1020001ae0200b99f02008db60200aa
:108e2c00453b02003d980100454202002d13020013
:108e3c0099830200dd47020051a50200098b010055
:088e4c00711e020029e702007b
:020000040000fa
:020000040002f8
:108e540070b5134b994282b013d10d46064606f005
:108e640089fa05f049f80022044600920d4bc5f832
:108e7400ec4001220821304604f062fc48b102b003
:108e840070bd06f077fa05f037f80023c3f8ec302c
:108e9400ffde0121304602b0bde87040eaf7e2b8d7
:088ea40020a7002059a10100e4
:020000040000fa
:020000040002f8
:108eac0010110100880a0000e9c40200e9f3020075
:108ebc00edf30200b9f2020081b1000079a80100c3
:108ecc00659b0200f1f30200c1f20200f5f302000f
:108edc00edf00100c5a90200c9f20200159b0200c9
:108eec0019ce0200b144010081a90200b9f00200c0
:088efc00c1ae0200d1f2020038
:020000040000fa
:020000040002f8
:108f040030b583b029b30446f0b103880191dbb1d5
:108f140090f90c30022b17d1406801f095fd98b1ff
:108f240064680199e068f8f761fa638843f0020322
:108f34006380054606f088fa23780133237006f02f
:108f440085fa284603b030bd4ff0ff35284603b0fc
:088f540030bd6ff00605f9e7de
:020000040000fa
:020000040002f8
:108f5c0002460068884216d028b103688b4203d0c1
:108f6c0018460028f9d1704753688b42936810b4a7
:108f7c0003f1ff330c68046008bf50605df8044bcc
:108f8c009360084670470029edd053689942936866
:108f9c0014bf0868002003f1ff3308bf5060106055
:088fac0093600846704700bf06
:020000040000fa
:020000040002f8
:108fb40010b5144b93f81222adf5007d0c4612b196
:108fc4005a8a824213d018445b68027a4ff40071c3
:108fd40003eb4222684605f089fe4ff4fe7201a9b4
:108fe400204605f063fa00200df5007d10bd4ff416
:108ff400fe7203f11601204605f058fa00200df523
:08900400007d10bda0a10020b9
:020000040000fa
:020000040002f8
:10900c0038b5d0e90552d0e90743511b9c42b0f862
:10901c0062c089b21cd2d31a641b234401339bb2a5
:10902c00cb1a9bb299420dd09c4509d2b0f868205e
:10903c0049088a42a3eb0c0328bf0a46934201dc81
:10904c00002038bd01221021e4f73efb012038bd81
:08905c00e41aa3b2e4e700bf2f
:020000040000fa
:020000040002f8
:1090640000280fdb08b5124b1b68834208d9114b4b
:109074001b6853f8200020b190f87120012a03d016
:10908400002008bd00207047836c0bb9184608bd4a
:10909400816803699942f3d0b0f86030002bf5d0b1
:1090a4001021e4f715fbb0fa80f0400908bd00bfb9
:0890b40054b5002064b5002052
:020000040000fa
:020000040002f8
:1090bc00002810b519db124b1b68834215d9114bd4
:1090cc001b6853f8200098b1d0e90714a14212d2c2
:1090dc00d0e90532141bcb1a1c440134a4b22cb1b8
:1090ec000162fff78dff204610bd0024204610bd05
:1090fc000446204610bd0a1b94b2002cf6d0efe7b4
:08910c0054b5002064b50020f9
:020000040000fa
:020000040002f8
:1091140031b370b50e6882b0e6b118b190f8426010
:10912400750603d46ff0050002b070bd53b190f81a
:109134004330db0611d400920123021df4f7b8fd7d
:1091440002b070bdfdf748fd00280cbf4ff0ff30a2
:109154000220e9e76ff00400e6e76ff00700e3e7b9
:089164006ff00400704700bf2a
:020000040000fa
:020000040002f8
:10916c00f0b5134d2b68002b97b001dc17b0f0bd98
:10917c00104f3e68044601a9b6f92400f9f762facb
:10918c0018b1139a23699a420cd0a37d022bedd10e
:10919c002c68013c2c60002ce8d1304602f0e8fc35
:1091ac003c60e3e7b6f924000121f5f74ffdece74d
:0891bc00e0b50020e4b500203d
:020000040000fa
:020000040002f8
:1091c40038b5437bc3b104460d46237b002bfcd04a
:1091d400237b93b9636800222a60dbb11d60a36816
:1091e40065600133a36006f02ff9237b01332373f9
:1091f400bde8384006f02ab938bd06f025f9237bce
:10920400013bdbb2237306f021f9636800222a6074
:08921400002be3d12560e2e725
:020000040000fa
:020000040002f8
:10921c0038b5457bd5b10446237b002bfcd0237b92
:10922c00b3b925685db163689d42a36814bf2a6811
:10923c00002203f1ff3308bf62602260a36006f0d6
:10924c00fff8237b0133237306f0fcf8284638bd66
:10925c0006f0f6f8237b013bdbb2237306f0f2f841
:08926c002568002ddfd1eae7bf
:020000040000fa
:020000040002f8
:1092740030b1124b186818b190f842305b0615d41f
:109284000f4a104b11881868a9b1002390f84220a6
:10929400520603f1010303d590f87420d20709d4d0
:1092a4008b4200f18000f1d10020704790f87430b7
:1092b400d907e5d570470846fce700bf14b600207f
:0892c400fcb3002018b60020e5
:020000040000fa
:020000040002f8
:1092cc0095bc020021900100510b0200d9ba01009b
:1092dc00fd290100b9a602000000000000000000fa
:1092ec0059ec010000000000f17a02005126020046
:1092fc00d96c010000000000cdbc020001a70200e7
:10930c0019c3020061f501008d72020001b1020067
:08931c00ad71020011d3020043
:020000040000fa
:020000040002f8
:1093240061f3020021900100510b0200d9ba01003f
:10933400fd290100b9a602000000000000000000a1
:1093440059ec010000000000f17a020051260200ed
:10935400d96c010000000000cdbc020001a702008e
:1093640019c3020061f501008d72020001b102000f
:08937400ad71020011d30200eb
:020000040000fa
:020000040002f8
:10937c0005e802009de70100b9840200b514020063
:10938c00f1d0010025b50200d5ba0200b1c9020026
:10939c000dbb0200d5aa0200994a0200b9090200cd
:1093ac0065900200254b0200bd900200e1a5020071
:1093bc0011c1020001f10200718e010041af0200e7
:0893cc00dd960200edd2020063
:020000040000fa
:020000040002f8
:1093d400a9e601009de70100b9840200b51402006a
:1093e400f1d0010025b50200d5ba0200b1c90200ce
:1093f4000dbb0200d5aa0200994a0200b909020075
:1094040065900200254b0200bd900200e1a5020018
:1094140011c1020001f10200718e010041af02008e
:08942400dd960200edd202000a
:020000040000fa
:020000040002f8
:10942c0010b5104b82b000244ff47a701c7004f00d
:10943c006dfd012301460c4a00932046234604f09f
:10944c003bfbfaf73ffa094b094a0a480b21fcf798
:10945c0009fd03f033fc03f047fc02b0bde81040fb
:10946c0003f058bc24b7002071cc02001047000058
:08947c002047000060580200c7
:020000040000fa
:020000040002f8
:1094840038b5036d04463bb1426d934204dc0023be
:10949400e3644ff0ff3038bd204603f04bfe002854
:1094a400f5db236dd4e90f12a3b1656d5b1b551a6f
:1094b400ab420fdc013b0b44e36422b1636d521aef
:1094c40001321344636511f8013c834218bf01f86b
:0894d400010ce0e71346efe78d
:020000040000fa
:020000040002f8
:1094dc002de9ff41134ed1f80080b788adf80c7020
:1094ec0005463068029002acb0798df80e00002a67
:1094fc0018bf1446d1e901671a461bb9204604f07f
:10950c00ddff0246002e02dbb24228bf3246cdf808
:10951c0000803b4621462846fdf750f804b0bde8d4
:08952c00f08100bffbdb02002f
:020000040000fa
:020000040002f8
:10953400f0b50c46d1e9011687b0236805930029dc
:10954400a4bf23f00203059305abe76802930a2343
:10955400cde900630546d2e900232046fdf78cfae5
:109564002269059b0093013a3346121a391828469a
:10957400fdf728f86b68db0503d563689842b8bf2c
:06958400184607b0f0bd1f
:020000040000fa
:020000040002f8
:10958c0010b500f5805282b011b992f88c315bb1f4
:10959c000023d2f8601182f88c3100911a461946da
:1095ac00fdf756fd02b010bd00f58b51103151f88e
:1095bc00084c51f8041c0c4302d000f58b530833b3
:1095cc00d2f86011b2f8782100910121fdf740fd2d
:0495dc0002b010bd0c
:020000040000fa
:020000040002f8
:1095e000f0b583b0104b099a9a4218d192f80c3119
:1095f0009bb100250d4f0e4e82f80c51044603e03e
:1096000001212046e9f730fd00953b460122314615
:10961000204604f097f80028f2d003b0f0bd0023f4
:1096200093f80c31ffde00bf20a70020dd2b0200e5
:0496300087000a00a5
:020000040000fa
:020000040002f8
:1096340070b51646d9b10546f0b10388e3b190f987
:109644000c30022b18d140680c4601f0fdf998b19a
:10965400ac600eb1002333706d6835b105f0f4fed3
:109664002b7801332b7005f0f1fe204670bd0ab152
:10967400fd231370002070bd002efbd0ff23337038
:04968400f8e700bf44
:020000040000fa
:020000040002f8
:1096880070b5134c94f81452012d01d0002070bd10
:1096980004230026a4f813322670f9f79dfc84f8f9
:1096a8001262f5f74dfb228a4ff6ff739a4202d0f9
:1096b800fef74cfc38b9032384f813320020012349
:1096c80084f8143270bd84f813622570f7e700bf80
:0496d800a0a100202d
:020000040000fa
:020000040002f8
:1096dc00002818db114b1b68834214d9104b1b68f4
:1096ec0053f8200080b1836c6bb190f87030032b71
:1096fc0001d0082b07d1d0e902239a4205d29b1a3c
:10970c00013b98b2704700207047d0e90001d21a93
:10971c000b1a013b9b1a98b2704700bf54b500203e
:04972c0064b5002000
:020000040000fa
:020000040002f8
:109730002de9f043064683b010481f4689469046ff
:1097400002f082fd0e4b1c6a24b911e0b54208d02c
:1097500024686cb1e5683b46424649463046002dd8
:10976000f4d1a56800956568a8472468002cf1d15c
:10977000024803b0bde8f04304f074b890b0002094
:0497800070b00020a5
:020000040000fa
:020000040002f8
:10978400437bcbb110b50446237b002bfcd0237b59
:109794009bb923686bb1d4e9011202e01b68013a5a
:1097a40023b19942fad100236360013a0023236074
:1097b400a2600023637310bd704705f045fe237b50
:1097c400013bdbb2237305f041fe2368002be2d199
:0497d400efe700bffc
:020000040000fa
:020000040002f8
:1097d8000cb4f0b583b008ab0d4653f8042b0193d5
:1097e800fff796f90d4f0e4e0446c043c00f3a4698
:1097f800314640f61f1305f01ffaac428cbf00201b
:10980800012040f623133a46314605f015fa204662
:1098180003b0bde8f04002b0704700bf80f202001c
:049828000433000005
:020000040000fa
:020000040002f8
:10982c00b1f86a3010f0160f43ea000306d10f4a64
:10983c00a1f86a30136801331360704730b40c48d8
:10984c000a4ca1f86a302268038b4569013243f057
:10985c0001032260038335b10122ac46002330bce6
:10986c0011461030604730bc704700bf10b6002066
:04987c00889a0020a6
:020000040000fa
:020000040002f8
:1098800000280cdb114b1b68984208da104b1b6850
:1098900053f820301bb193f85c00012801d0002060
:1098a0007047d8680028fbd0006a0007f7d4186812
:1098b0004ab902460a448242f1d359689142eed332
:1098c0009a60012070479a68f4e700bf2cb6002028
:0498d00030b600208e
:020000040000fa
:020000040002f8
:1098d40082b012490022019291f84e30dbb201931a
:1098e400019b13f0020f4ff002000d4b03d081f8df
:1098f4004e0001201a73019ad20706d507490120a8
:10990400002281f84e0002201a735a681ab199682d
:109914005b6802b0184702b0704700bf00a0004166
:049924002cb3002040
:020000040000fa
:020000040002f8
:1099280082b012490022019291f85e30dbb20193b5
:10993800019b13f0020f4ff002000d4b03d081f88a
:109948005e0001201a77019ad20706d5074901203f
:10995800002281f85e0002201a775a691ab19969c3
:109968005b6902b0184702b0704700bf00a0004111
:049978002cb30020ec
:020000040000fa
:020000040002f8
:10997c0013490b68bbb1c0b1834210b502d115e0dd
:10998c00984205d01a469b68002bf9d1184610bd99
:10999c0048689c6894609842184608bf4a6001f079
:1099ac00a9fc012010bd1846704770474b688342d4
:1099bc000abf002383684b600b6001f09bfcf0e74f
:0499cc00e8b40020db
:020000040000fa
:020000040002f8
:1099d00070b500239ab098420393a6bf00f10043ec
:1099e00003f1ff334ff0ff330d4611900490002137
:1099f000044602a81646129304f096fddde91e23e4
:109a00003146cde9002302a80122e7f797fb35b1e3
:109a1000dde911329b1a179a13441c442c601ab0ca
:029a200070bd17
:020000040000fa
:020000040002f8
:109a2400e8b110b4114984688c4210d1b0f90240f5
:109a3400022c11d1b2b1012103844ff48033c0e967
:109a440006438262418008465df8044b70476ff01c
:109a54000d005df8044b70476ff00c00f4e76ff0f5
:109a64000d0070476ff00b00eee700bf04af00205d
:020000040000fa
:020000040002f8
:109a740070b5114a8568836a044695420cbf154641
:109a8400002523b9c0e906330222428070bd03f0e9
:109a9400c1f8064603f000fd2a6a084b126802fb6f
:109aa40006f606f2e736a3fb063600eb9610022311
:109ab400e062c4f81a3070bd04af0020d34d6210c8
:020000040000fa
:020000040002f8
:109ac40010b50446fef77cf9a8b1a368a18e1a6903
:109ad400d00702f008030fd53bb1c2f340035b0388
:109ae400520748bf43f480530b40084a6384002163
:109af400e163c4f81a2010bd002bf6d093074cbfc5
:109b040001f4005301f48053efe700bf04000300a5
:020000040000fa
:020000040002f8
:109b140019b312b310b54368586ed3f868c0d3f8bc
:109b24006ce01c6fcc600860c1f804c0c1f808e0a8
:109b3400586fd3f878c0c1f814c00861d3f8800016
:109b4400d3f87cc0d3f88410d3f88830d360506045
:109b5400c2f800c09160002010bd6ff0050070478e
:020000040000fa
:020000040002f8
:109b6400f8b54468114f054605f06efc237938704a
:109b7400012b04bf00232371d4f88c00f2f71cfae4
:109b840094f8033138784ff0ff321344002684f8f8
:109b940003310123c4f88c2084f80561237105f096
:109ba40055fc2e606e6084f89460f8bdafb300205d
:020000040000fa
:020000040002f8
:109bb40020b338b503880446fbb190f90c30022b6e
:109bc4001bd1406800f040ffb8b12046eff7d6fb48
:109bd4006568ff232373aa886b88002123f004039c
:109be400013a21806b80aa8005f02efc2b7801338a
:109bf4002b70bde8384005f029bc38bd704700bf64
:020000040000fa
:020000040002f8
:109c040010b590f87140012c01d1c26b12b94ff01c
:109c1400ff3010bd818fc28f0a44b0f85c100a4433
:109c2400b0f85e104a400949a0f86e2009684ff068
:109c3400000c8908c16480f872c022460221e3f74f
:109c440047fd0028e5d0e2dd204610bd44b50020e4
:020000040000fa
:020000040002f8
:109c5400104b70b51c68002c02dd827d022a00d0f6
:109c640070bd013c1c60002cfad10b4e3368002bf4
:109c7400f6d00a4dd5f8cc0020b104f0f7ff00234c
:109c8400c5f8cc3033680134a34205f1e805f1d8b6
:109c940070bd00bfb8b50020bcb5002038a90020b5
:020000040000fa
:020000040002f8
:109ca400124b1b6803b310b50c460146d0b1012c0e
:109cb40002d0022c18bf03241868fef7bbfc03462d
:109cc40080b1028811060dd590f82a20144014f0b2
:109cd400010018bf93f82600a20744bf93f8273069
:109ce400c01810bd002010bd00207047e4b500204e
:020000040000fa
:020000040002f8
:109cf400f0b1114a114b2de9f041b2f800801c6813
:109d0400b8f1000f0dd007460025666c38461eb129
:109d1400716804f05afc40b10135454504f18004f2
:109d2400f3d14ff48050bde8f0813088bde8f08174
:109d34004ff48050704700bffcb3002018b60020d9
:020000040000fa
:020000040002f8
:109d440070b5044690b1b0f8423044f240021a4271
:109d54000bd0836d98420ad00c4803230422214679
:109d6400fdf75cfe2046fdf725fe012070bdc56da4
:109d7400002df1d0054e2946032304223046fdf779
:109d84004dfeed6d002df6d1e6e700bffcb30020db
:020000040000fa
:020000040002f8
:109d940038b50446403003f043fd0546e06a18b187
:109da4000922022102f0b2fee56275b12969eb696c
:109db4008a892163083aa28694f85c209988e1860e
:109dc4000833012aa36304d038bdc4e90c55a56344
:109dd40038bd29462046bde83840fbf71fba00bf0e
:020000040000fa
:020000040002f8
:109de40008b5124b9a7da2b11a7e9b7d1906d2b298
:109df40010d40e4a137e927dd007dbb201d5d90769
:109e04000dd40a4a137e927d5207dbb201d55b075b
:109e140008d408bd1306ecd500f094fce9e7f8f784
:109e24004dfaeee7bde80840f7f72abd00340040dc
:020000040000fa
:020000040002f8
:109e340070b5064682b00d461c4603b900b122b97e
:109e44004ff0ff34204602b070bd0c4bd86800239d
:109e5400a2fb00014ff47a7202f0f4fc0094014674
:109e64002b4632460020f7f797f9431c0446e9d005
:109e7400f9f72cfd204602b070bd00bfc8b1002028
:020000040000fa
:020000040002f8
:109e840038b5124b1b7893b1044680b1036973b1a2
:109e94009d6865b1002003f079ff40b104f01efd18
:109ea400014620b10622a81803f0a9fb00b138bd71
:109eb400236999894b1e40f2ed529bb29342f6d826
:109ec4002846bde83840f8f7cfbc00bf58b700209b
:020000040000fa
:020000040002f8
:109ed400836810b50146044658699a7a03680d48a8
:109ee400984728b94ff00413e063c4f81a3010bd42
:109ef4000128fcd0002302229842a383a36162803c
:109f0400e083f4da0246bde8104003491846fdf741
:0c9f140015bc00bf287e0200cc0200003b
:020000040000fa
:020000040002f8
:109f200010b50446fdf74eff88b194f834305a0757
:109f30000ed5a26a32b1c3f38001db0648bf41f0ff
:109f4000040111800023c4e906330222628010bd9f
:109f5000228c002aedd001212046faf785ff002847
:0c9f6000f5d00223c4f81a3010bd00bf79
:020000040000fa
:020000040002f8
:109f6c0010b50446fdf728ff68b1a08e10f008006c
:109f7c000ad04ff4905200212046faf7f7ff10b1a7
:109f8c00074bc4f81a3010bd064b0749c4e9060349
:109f9c0002226280bde810406ff00802fdf7cabbd8
:0c9fac0004000a000000f7ffcc020000d7
:020000040000fa
:020000040002f8
:109fb800114b83421ad110b586b000230c4600938a
:109fc800adf8043029b106226946204603f015fb96
:109fd80078b900220023cde9022302a906488df8aa
:109fe8001430eef7cffb002006b010bd6ff005006f
:0c9ff800704704940123f0e75cb70020e0
:020000040000fa
:020000040002f8
:10a0040070b582b0104c069da54202d195f80a4164
:10a0140014b1002002b070bd104600931a460346e6
:10a0240005f1900001900126d5f88c0085f80a61ad
:10a03400edf756f9d5f89030013302d0304602b02e
:0ca0440070bd85f80a41e4e720a7002069
:020000040000fa
:020000040002f8
:10a0500038b5f0b103880446dbb190f90c30022b1f
:10a0600017d140680d4600f0f1fc90b1a368ab42f7
:10a0700004bf0025a560646818bf6ff0020554b1e5
:10a0800005f0e4f923780133237005f0e1f928465f
:0ca0900038bd4ff0ff35284638bd00bf3a
:020000040000fa
:020000040002f8
:10a09c0070b500f0d5fc00b3054600f1100400f1da
:10a0ac00300623884bb91034b442fad12846a42286
:10a0bc00bde87040002104f0cbbc2046eff75af904
:10a0cc0063680021ff222180227399885a88013904
:0ca0dc0022f0040299805a80e5e770bd74
:020000040000fa
:020000040002f8
:10a0e8008b6910b50f4c7421c3f3072201fb0242a0
:10a0f800dbb2d26803eb830332f8333001fb03444d
:10a10800636c03b910bd00221146e06a03f0b6fc87
:10a11800636c0549626be06af6f7d8ff0023636455
:0ca1280010bd00bf90ae002040b400202d
:020000040000fa
:020000040002f8
:10a1340070b5114c4ff482724ff47c230026a4f8be
:10a1440013226360054684f81262f4f7fbfd228a49
:10a154004ff6ff739a4208d0fdf7fafe28b10123a7
:10a1640084f813622370284670bd032384f81332e5
:0ca174004ff0ff3070bd00bfa0a1002024
:020000040000fa
:020000040002f8
:10a18000d0b130b50d468bb099b183781446c27802
:10a19000cde9013214214278037800920deb0100e1
:10a1a000094afff719fb05a804f08ef9421ca242e8
:10a1b00004d900200bb030bd0020704705a9284607
:0ca1c00004f076f90120f5e73c330000c4
:020000040000fa
:020000040002f8
:10a1cc000f4b0968994217d00e4a0f4b10b41488e4
:10a1dc00186894b1002303e0a34200f1800007d07b
:10a1ec004268914203f10103f6d15df8044b7047cc
:10a1fc0000205df8044b704770472046f5e700bf20
:0ca20c007f000001fcb3002018b6002009
:020000040000fa
:020000040002f8
:10a2180072b100280cdb0f4b1b68984208da0e4b12
:10a228001b6853f820301bb193f85c00884201d0ba
:10a23800002070470128fbd193f83c108907f7d11b
:10a2480093f83d1012685a6141f0010283f83d20ed
:0ca25800704700bf2cb6002030b600207c
:020000040000fa
:020000040002f8
:10a26400f8b5114b1e68b04211d1044670b1476a6b
:10a27400066b0b46154639b100f134018c221846a1
:10a2840004f014f9c76346641db90120f8bd002029
:10a29400f8bd4ff40c72002104f1340004f0dcfb2f
:0ca2a400e766e667f1e700bf40b6002067
:020000040000fa
:020000040002f8
:10a2b0000f4b1a7810b504461ab90e4801220270e5
:10a2c0001a7024b919b10c4b93f9002012b14ff058
:10a2d000ff3010bdd1e901204ff0020cc3e901208d
:10a2e0000968526883f800c09047204610bd00bf3f
:0ca2f0003fb700203eb70020b0b40020b3
:020000040000fa
:020000040002f8
:10a2fc00114a536bb3b1834230b402d113e08342a1
:10a30c0005d01a469b69002bf9d130bc7047836984
:10a31c001bb181689c68214499609361002330bc17
:10a32c00836170477047996919b19c688d682c449a
:0ca33c008c609b695363f1e7c8b10020fe
:020000040000fa
:020000040002f8
:10a3480030b5114c0023a646a44600bfdcf80050e7
:10a35800a8420cf10c0c0ed00133082bf6d10023c7
:10a368002568023504f10c0405d00133082bf7d118
:10a378006ff0830030bd03eb43030eeb8303c3e9a7
:0ca3880000019a60002030bd70af002082
:020000040000fa
:020000040002f8
:10a3940001f000428b1aa3f16051b1f5801f0adb72
:10a3a400b1f17f6f09d242eac102c10071f10041eb
:10a3b40042eb507070471046704701285b4113f51b
:10a3c400001f02d842f0ff407047c90041ea5070b4
:0ca3d400104340f4800040f080407047cf
:020000040000fa
:020000040002f8
:10a3e00038b50f4d2b68044663b1002c12da0d4ac4
:10a3f0002b6812689b1a6242934208db2868044467
:10a400002c6006e002f008fa2b68002bedd14ff02b
:10a41000ff3038bd044b2a681b689b1aa342ece747
:0ca42000bcb40020c4b40020c0b4002074
:020000040000fa
:020000040002f8
:10a42c0010b590f948305a1e134380f84830d0e9e3
:10a43c0005239a42044603d90022c36a1146984761
:10a44c0060680023c4e90533a362830755bfd4e9d0
:10a45c00023240f010009b18606056bfc4e90f3305
:0aa46c004ff0ff3040f3c00010bdb8
:020000040000fa
:020000040002f8
:10a47600c1f30a5340f21e42d21a0edd202a0ad830
:10a48600cb0243ea505040f00040d04090eae170e1
:10a49600b0ebe1707047002070474b00004218bfd8
:10a4a60043f0010313f5001f88bf21f0004111f0ae
:0aa4b600004058bf6ff000407047ef
:020000040000fa
:020000040002f8
:10a4c00008b590f83030022b09d1faf789fc002842
:10a4d00011dba0f10200b0fa80f0400908bd40f2a3
:10a4e0008d13064a06490020fdf72af9054b186826
:10a4f0000028fcd1ede76ff00b0008bdbcd50200d1
:08a50000ac020000e45e002043
:020000040000fa
:020000040002f8
:10a5080010b50446fdf75afc60b194f8350010f018
:10a51800100008d000212046faf7a2fc10b102234f
:10a52800c4f81a3010bd064b0649c4e906030222d6
:10a538006280bde810406ff00702fdf7fdb800bf6c
:08a548000000f8ffcc02000046
:020000040000fa
:020000040002f8
:10a5500030b40f4c844205d10bb13820186009b1da
:10a56000372a03d80024204630bc7047094d8c465a
:10a570000fcdace80f000fcdace80f000fcdace86d
:10a580000f0095e8030038248ce80300ebe700bfd8
:08a590005cb70020f4b70020c5
:020000040000fa
:020000040002f8
:10a5980099510200fdf302009da00200a5d7020018
:10a5a800dd740100291f0200058f0200b59b02001f
:10a5b80019c502003596020051a00200f9e1020017
:10a5c800cddc020011e202005db80100e9240200be
:08a5d800e9dc020029e20200a7
:020000040000fa
:020000040002f8
:10a5e00084461046dab1bcf1000f12db0c4a126847
:10a5f00094450ed20b4a126852f82c204ab110b47e
:10a60000946f44b95df8044b9067a2f87610d36755
:10a6100070470020704700205df8044b704770477a
:08a6200054b5002064b50020d0
:020000040000fa
:020000040002f8
:10a62800d9b110b50b6882b00c4683b103f066f956
:10a638000246a8b190f8433013f010030ad10093f2
:10a64800043201232146f3f731fb02b010bd6ff04d
:10a658000400fae76ff00700f7e76ff004007047af
:08a668006ff00500f1e700bfef
:020000040000fa
:020000040002f8
:10a6700070b50e46154618b190f8422052060bd41c
:10a6800073b9304600f07cfc044618b1204604f053
:10a6900031f92860204670bd0446002bf6d0f9e75a
:10a6a00029460020fef788f804460028f2d13046fb
:08a6b000bde8704000f064bc3d
:020000040000fa
:020000040002f8
:10a6b800002811db0e4b1b6898420dda0d4b1b6806
:10a6c80010b553f820402cb1236b63b194f85c307b
:10a6d800012b03d0002010bd0020704760690038ae
:10a6e80018bf012010bd2046fff750fbeee700bf62
:08a6f8002cb6002030b6002052
:020000040000fa
:020000040002f8
:10a7000084461046dab1bcf1000f12db0c4a126825
:10a7100094450eda0b4a126852f82c204ab110b454
:10a72000d46c44b9c2e913035df8044ba2f85a1083
:10a7300070470020704700205df8044b7047704759
:08a740002cb6002030b6002009
:020000040000fa
:020000040002f8
:10a748000f4b5a8b12f0070200d1704710b40d4c12
:10a7580007218020e287187659831a7e510703d58e
:10a768009a6a1a7e5207fbd4236a2bb1616a236a5c
:10a778005df8044b022018475df8044b704700bf92
:08a788000034004088b10020fc
:020000040000fa
:020000040002f8
:10a79000dc3c0000c5de020003000000e03c0000dd
:10a7a00009e4020003000000e43c0000e5d90200d7
:10a7b00003000000e83c00000dd40200030000008c
:10a7c000ec3c000081c3020004000000f43c0000e7
:08a7d000c9c6020004000000ec
:020000040000fa
:020000040002f8
:10a7d80038b5044604f0e4f8002c17db63099b0045
:10a7e80003f1604303f5614304f01f041d6801226f
:10a7f800e540a24005f00105c3f88020bff34f8f64
:10a80800bff36f8f04f0d6f8284638bd002504f052
:08a81800d1f8284638bd00bf4d
:020000040000fa
:020000040002f8
:10a820000346012b084602d900230b70704730b550
:10a830000b4903eb430301eb430211f81330547946
:10a84000117987b0cde90314d578947851780091c7
:10a85000cde90145034a122103f02efc07b030bdbb
:08a86000e0b00020144f0000dd
:020000040000fa
:020000040002f8
:10a868000278202a034600f10100f9d0a2f109017b
:10a878000429f5d92b2a06d02d2a13d10121013319
:10a88800013b002006e00021f9e700bf00eb800053
:10a89800c2eb400013f8012f303a092af6d901b962
:08a8a800404270470021ebe77c
:020000040000fa
:020000040002f8
:10a8b000812910b50fd0832903d0802912d0002020
:10a8c00010bd1368191d1160d0e900011b68c3e9b0
:10a8d00000010120f4e71368191d11601b68d0e91d
:10a8e0000001f4e713681c1dd0e9000114601c6826
:08a8f000fff750fd2060ece7ca
:020000040000fa
:020000040002f8
:10a8f800a8b10f4b8168994211d1b0f90230022bef
:10a9080010d192b110b44ff480310424c0e906414b
:10a918000123826243805df8044b184670476ff04c
:10a928000d0070476ff00c0070476ff00b00704718
:04a9380004af002048
:020000040000fa
:020000040002f8
:10a93c00836810b50146044658691a8a43680a4868
:10a94c009847021e04db04bf084bc4f81a3010bd34
:10a95c0000200223a083a0616380e2830449bde848
:10a96c001040fcf7e7be00bf287e02000400050083
:04a97c00cc02000009
:020000040000fa
:020000040002f8
:10a980001b2a01d80020704710b54268d2f808c0d1
:10a99000d068d2f810e05469cc60c1f800c04860bb
:10a9a000c1f808e0d2f818c0d069d2f820e0c1f8a8
:10a9b00018e0c1f810c048610bb11c221a601c20bd
:04a9c00010bd00bf07
:020000040000fa
:020000040002f8
:10a9c40038b54368d3f8c8000d46144698b103f16e
:10a9d400c800fef721fc2db100280cbf6ff00d0359
:10a9e40000232b7034b16379021e18bf012262f375
:10a9f4000413637138bd0029f4d06ff00d032b707c
:04aa0400f0e700bfb8
:020000040000fa
:020000040002f8
:10aa080030b585b09df82040b0b90d4890f994c094
:10aa1800bcf1020f0dd10a9dd0f8f0000295099df6
:10aa2800cde9004502f016fc80f0010040b205b007
:10aa380030bd6ff00400fae76ff01200f7e700bfcf
:04aa480020a7002023
:020000040000fa
:020000040002f8
:10aa4c0038b50446054660b190f90630022b0ad1a0
:10aa5c00438813f0010312d02378002bfcd0237809
:10aa6c0023b9284638bd0025284638bd04f0e8fc3b
:10aa7c002378013bdbb2237004f0e4fcf1e71d46c4
:04aa8c00284638bd63
:020000040000fa
:020000040002f8
:10aa9000c8b10e4b10b51c6844b1844202d108e025
:10aaa000a04207d021462468002cf9d16ff00500a0
:10aab00010bd0021054800f0c3fa0548214603f007
:10aac000fbfb002010bd6ff00500704780b4002034
:04aad0008cb4002022
:020000040000fa
:020000040002f8
:10aad40000280fdb0d4b1b6898420bd20c4b1b68f4
:10aae40010b553f820401cb194f870300b2b03d0f0
:10aaf400002010bd002070472046fff781f8002891
:10ab0400f6db012084f8700010bd00bf54b50020ae
:04ab140064b5002004
:020000040000fa
:020000040002f8
:10ab1800f8b50f4b1e68c368f769bbb1054600243a
:10ab28002146284603f09cfe0378da0704f1010465
:10ab380009d503881b0606d5726902b9826983683c
:10ab4800fb1a934203d2eb68a342e9d80020f8bd70
:04ab5800e4b5002040
:020000040000fa
:020000040002f8
:10ab5c0038b50b78da070ad50b881b060c46054668
:10ab6c0006d52868214603f06ffe0023e38438bd28
:10ab7c00c08c064a0649013800b2e884c04340f252
:10ab8c001713c00f04f056f8ebe700bfb8e502004e
:04ab9c0094320000ef
:020000040000fa
:020000040002f8
:10aba0000f4b70b51e682eb1044618b190f84230b4
:10abb0005b0601d4002070bd0d46012101f066ff47
:10abc0000028f7d094f84230012d43f0080384f8b0
:10abd000423003d0022d08bfb46070bd746070bdf8
:04abe000e4b50020b8
:020000040000fa
:020000040002f8
:10abe4000b68ebb170b400264a689a4208bf4e6005
:10abf4008a68446814bf1d680025013a0d608a60a4
:10ac04001e604cb1236043602b468268013282602f
:10ac1400002be9d170bc7047c0e900330b68f4e73e
:04ac2400704700bfb6
:020000040000fa
:020000040002f8
:10ac280049b1831e242b06d80c4b03eb0010036894
:10ac38001bb18b4201d00020704701602ab1084b3c
:10ac4800b3f900309a42b8bf1a46002362f30f03e3
:10ac580062f31f43c0f80a30704700bf889a00208b
:04ac6800fcb5002017
:020000040000fa
:020000040002f8
:10ac6c0038b50e4b044600eb4000154603eb800054
:10ac7c0003f01cfb0db9012038bd094800eb041092
:10ac8c0021010389446843f001030381002cf2d0b5
:10ac9c00002301220909a047012038bd7cad00200a
:04acac00889a002062
:020000040000fa
:020000040002f8
:10acb000034600699ab188b1da698c468368934289
:10acc00003d8c1890b449a4203d900680028f5d102
:10acd0007047624561460bd8634509d37047002829
:10ace000fcd083688b4203d8c28913449942f5d9ba
:04acf0000068f4e71d
:020000040000fa
:020000040002f8
:10acf40010b592b004466846faf72af830b92368ca
:10ad040009495b686068984712b010bd48226946db
:10ad1400064803f0cbfbfcf747f8d4e900300449bc
:10ad24005b68984712b010bdcc500000b8b000204a
:04ad34009c5000002f
:020000040000fa
:020000040002f8
:10ad3800012910b50cdd134600225868114603f0ae
:10ad4800a7fe094bbde810401978c0b2fcf764b8fb
:10ad58000168054b4c68054a1b781278044940681d
:10ad6800a446bde810406047e9b80020eab80020d2
:04ad78007c5e0000fd
:020000040000fa
:020000040002f8
:10ad7c00f8b50f4e0f46044608b934683cb1394655
:10ad8c002046fbf76ff9235c25181bb933600025af
:10ad9c002846f8bd39462846fbf72efe2b5c2a18b0
:10adac0023b1531c336000231370f1e73360efe7da
:04adbc0010b70020ac
:020000040000fa
:020000040002f8
:10adc00010b5054c237833b9044b13b10448aff3e5
:10add00000800123237010bdb0b3002000000000ec
:10ade0000000000008b5034b1bb103490348aff353
:10adf000008008bd00000000b4b300200000000087
:020000040000fa
:020000040002f8
:10ae00000d4b984215d110b50446007e10f0040099
:10ae10000ed0d4f8b030e0681b69984794f84e2003
:10ae2000064b204653f822309847207ec0f300108e
:10ae300010bd0020704700bf5cb700203ce7020057
:020000040000fa
:020000040002f8
:10ae400000f5805393f88701c0b193f8d1c093f80f
:10ae5000d20093f8d020aceb0000c0b290420cd2ec
:10ae6000013ad3f8cc3002ea0c0202eb820203eb87
:10ae7000820308330b60012070470020704700bf39
:020000040000fa
:020000040002f8
:10ae8000014612b9431c01d0a8b970470b4bd3f847
:10ae900084001a6f01300132c3f884001a67a1f1ef
:10aea0000101b1fa81f1002293f8010183f80a212e
:10aeb0004909f3f70bba014bf1e700bf20a70020c7
:020000040000fa
:020000040002f8
:10aec00038b544680d4604f0c1fab4f8a8300b4a0e
:10aed00023ea0501d4f8c8301070a4f8a81033b1e3
:10aee000b4f8a63003f010031943a4f8a810012504
:10aef000257104f0adfa284638bd00bfafb300207d
:020000040000fa
:020000040002f8
:10af000070b50d4b0d4db0f974201b680c21044633
:10af100080f870102868002143f822106169c36826
:10af2000984728682168c368984728682146c368fd
:10af3000bde87040184700bf64b5002058b5002038
:020000040000fa
:020000040002f8
:10af4000002814db0c4b1b68834210d90b4b1b6889
:10af500053f8200060b1d0e907218a4209d2d0e934
:10af60000503121a5b1a1344013398b2704700208c
:10af70007047521a90b2704754b5002064b5002053
:020000040000fa
:020000040002f8
:10af800070b50546d8b10068c8b104f0d7f80128fb
:10af900006460fd90024204602f0fafe02f0b2fc69
:10afa000013428b14368296882684b40134206d0b7
:10afb000a642f0d1bde870400120fef75bb970bd3c
:020000040000fa
:020000040002f8
:10afc0000e4b1b68b3b198b1d3e9012110b4c0e9ad
:10afd00000211a68dc69b3f826c0516ad36803827d
:10afe0008460a0f80cc0c1815df8044b002070475c
:10aff000002070476ff00500704700bfe4b50020e7
:020000040000fa
:020000040002f8
:10b0000010b502f00304920817d0a0f1040c4fea27
:10b01000820e01eb820300bf51f8042b4cf8042f81
:10b020009942f9d170443cb101381c4413f8012b0a
:10b0300000f8012f9c42f9d110bd0b46f3e700bf89
:020000040000fa
:020000040002f8
:10b04000034681b1086868b15a6882429a6810b4b0
:10b0500002f1ff3204680c605df8044b08bf5960d0
:10b060009a607047704700680028fbd05a68904289
:10b070009a6814bf01685960013a19609a60704774
:020000040000fa
:020000040002f8
:10b0800048b130b50c4687b011b1112a114603d82a
:10b09000002007b030bd704742790379cde9033213
:10b0a000c2788378cde9013245780378034a009568
:10b0b0002046fef791fb0120ebe700bf483300007c
:020000040000fa
:020000040002f8
:10b0c0000d4a0e4b30b414881b689cb1002200bf9f
:10b0d00093f84210490602f1010203d501685d6848
:10b0e0008d4204d0a24203f18003f1d1002318461f
:10b0f00030bc70472346fae7fcb3002018b60020a6
:020000040000fa
:020000040002f8
:10b10000002814db0c4b1b68984210da0b4b1b68b1
:10b1100010b553f8204064b1236b0bb1e08e28b911
:10b120002046fef737fe236b1bb1e08e10bd0020da
:10b130007047002010bd00bf2cb6002030b60020a4
:020000040000fa
:020000040002f8
:10b140000d4a012310b41360136913f00103fbd1fe
:10b15000102003211060094c11734ef65f2033213b
:10b160009083917220200449236050720b69002b58
:10b17000fcd15df8044b704700380040dcb400207f
:020000040000fa
:020000040002f8
:10b1800008b583b2bbb90d4b80b200eb400003ebb6
:10b190008003586850b1426a98689047012808d0e7
:10b1a000022804d0003818bf0120404208bd012009
:10b1b00008bd022008bd4ff0ff3008bdb0b400202c
:020000040000fa
:020000040002f8
:10b1c00038b50546a0b10c4609b9204638bdfaf796
:10b1d000aff880b12246294603f0dafc04f036f9d4
:10b1e000064a13780133137004f032f9204638bd53
:10b1f0000446204638bd0446f0e700bf41b70020b2
:020000040000fa
:020000040002f8
:10b2000090b110b40a4a0b4c0b49c0e913420b4ae7
:10b210005df8044b0023c0e91512c0e90033c36593
:10b2200083600366184670476ff0ac00704700bf3c
:10b2300089abcdef01234567fedcba987654321016
:020000040000fa
:020000040002f8
:10b2400070b50446d0e900300a4d5b68294698473e
:10b25000d4e9003008495b689847d4e900300749d1
:10b260005b689847d4e9003029465b68bde87040c8
:10b27000184700bf5c41000088410000b441000055
:020000040000fa
:020000040002f8
:10b2800088420fd98b1883420cd900eb020ca2b173
:10b290006246844613f8010d02f8010d9942f9d176
:10b2a0006046704752b1431e84460a4411f8010bb0
:10b2b00003f8010f8a42f9d160467047704700bf1a
:020000040000fa
:020000040002f8
:10b2c00030b40446481e07e010f8011f03f8011bc4
:10b2d000551e39b12a461c462346002af4d1204681
:10b2e00030bc7047a0183db103f8011b8342fbd16d
:10b2f000002cf4d130bc70471846002cefd1f9e790
:020000040000fa
:020000040002f8
:10b3000070b5c0b10d4c2268a0f11005a2b150f883
:10b31000101c43189a42136807d110331269026057
:10b320000b4440f8103c256005e01033d618b542b8
:10b3300002d11944116070bd0260f4e714b7002017
:020000040000fa
:020000040002f8
:10b3400038b504460025e36be26c934211d25a1cd7
:10b35000e2631878202806d00938042803d9e36c62
:10b360001bb9284638bd0135ede7e36b013be363cc
:0eb37000f7e72046fef786f8431cebd1f1e725
:020000040000fa
:020000040002f8
:10b37e002de9f041856b02f5807706468846144626
:10b38e0000213a46284602f000f900b1471bbc42a4
:10b39e0028bf3c4629462246404603f082f82b1928
:0eb3ae003d44f3633564b5632046bde8f0818d
:020000040000fa
:020000040002f8
:10b3bc00a0b10d4b8168994210d1b0f90230022b2b
:10b3cc000fd110b44ff480310324c0e9064101239e
:10b3dc00826243805df8044b184670476ff00d0095
:0cb3ec0070476ff00c00704704af0020a9
:020000040000fa
:020000040002f8
:10b3f800a0b10d4b82689a4210d1b0f90230022bed
:10b408000fd110b44ff480320624c0e9064201235c
:10b41800816243805df8044b184670476ff00d0059
:0cb4280070476ff00c00704704af00206c
:020000040000fa
:020000040002f8
:10b4340098b10b4a8168914203460ed110b5094a6e
:10b44400094900240220c3e9064258806ff00e0225
:10b454002046fcf773f9204610bd6ff00d007047cd
:0cb4640004af00200000f1ffcc0200004b
:020000040000fa
:020000040002f8
:10b47000b8b90d4890f994c0bcf1020f0ed110b5c7
:10b4800082b0d0f8f000059c0194049c009402f076
:10b4900069f980f0010040b202b010bd6ff0040005
:0cb4a00070476ff01200704720a70020da
:020000040000fa
:020000040002f8
:10b4ac00421e0332034614d810f47f4c11d10a49c2
:10b4bc00c2b2886882420cd2c86802eb820200ebee
:10b4cc00c200426a934204d1c378002b08bf00200b
:0cb4dc0070470020704700bf90ae0020b9
:020000040000fa
:020000040002f8
:10b4e800d0e9012319bac389b0f802c010b55bba14
:10b4f800b0f800e0c38114ba438a028a9efa9efe1d
:10b508009cfa9cfc52ba5bbac0e90141a0f800e081
:0cb51800a0f802c00282438210bd00bff8
:020000040000fa
:020000040002f8
:10b5240000280fdb0b4b1b6898420bd20a4b1b689d
:10b5340053f8200028b190f87000c31e022b03d8e2
:10b544000120704700207047a0f10800b0fa80f095
:0cb554004009704754b5002064b5002089
:020000040000fa
:020000040002f8
:10b56000f8b50668ceb1f368bbb107460025294699
:10b57000304603f079f904460146304603f06af993
:10b5800038696168c368984730220021204603f07b
:0cb5900065faf3680135ab42e9d8f8bd5c
:020000040000fa
:020000040002f8
:10b59c00f8b50d46164690b100f17904204602f03c
:10b5ac008dff07464db146b158b1013e324621469a
:10b5bc00284603f04dfe0023ab553846f8bd11b1bb
:0cb5cc000ab100232b7000273846f8bda0
:020000040000fa
:020000040002f8
:10b5d80000280cdb0b4b1b68984208da0a4b1b68e7
:10b5e80053f820301bb193f85c20012a01d00020c9
:10b5f8007047d8680028fbd0026a1207f7d4986809
:0cb60800704700bf2cb6002030b60020b8
:020000040000fa
:020000040002f8
:10b6140043b2002b16ddc3b20a2b13d8013800b293
:10b62400094b00ebc00003eb800c13f820304bb146
:10b63400dcf808301b6913b1bcf906001847ff2376
:0cb644008cf8033000207047b8a50020ef
:020000040000fa
:020000040002f8
:10b6500008b543b2002b15ddc3b20a2b12d801384e
:10b6600000b2094b00ebc00003eb800213f820305e
:10b6700043b193681b6b1bb1b2f90600984708bd34
:0cb68000ff23d370002008bdb8a50020f7
:020000040000fa
:020000040002f8
:04b68c0001207047e2
:020000040000fa
:020000040002f8
:10b69000034670b10a4a006810609fed077b0949b4
:10b6a0005888094b508081ed007b002119600120f2
:10b6b00070477047aff300800000000000000000fa
:0cb6c00064b60020e8b4002060b6002052
:020000040000fa
:020000040002f8
:10b6cc0010b40d4c636b5bb150b100219a6882428f
:10b6dc009a680ad299609b69801a0bb10028f5d13f
:10b6ec00636923615df8044b7047121a9a606369b1
:0cb6fc0023615df8044b7047c8b10020ca
:020000040000fa
:020000040002f8
:10b7080010b50c46094902f05eff20b908492046e9
:10b7180002f059ff28b107490020fcf70df8002076
:10b7280010bd0549fcf708f8012010bd20440000b1
:0cb7380028440000544400003444000089
:020000040000fa
:020000040002f8
:10b7440010b504460a48f1f787fffcf7d3fa30b97d
:10b754002368606807495b68bde810401847fbf739
:10b7640023fbd4e9003004495b68bde81040184766
:0cb77400b8b00020645000002450000019
:020000040000fa
:020000040002f8
:10b7800004530000fd5101000c5300003c53000025
:10b790005d36010044530000985300001dc40200b0
:10b7a000a0530000d0530000f5ac0200d8530000b5
:0cb7b0001854000045b7020024540000ab
:020000040000fa
:020000040002f8
:10b7bc0038b5436813f4807f0446154611d00369ed
:10b7cc009a4228bf1d465db12a46406902f06afec6
:10b7dc00636922692b44521b2261002263611a7037
:0cb7ec0038bddb06fcd402f0a5fef9e736
:020000040000fa
:020000040002f8
:10b7f8004ff4001c1ceb410f98bf1ceb430f11d8f2
:10b8080051ea030c50ea4c0c5cea020c0cd004d24e
:10b8180082428b418041013070479042994180417a
:0cb828000130704700207047012070477d
:020000040000fa
:020000040002f8
:10b83400428b022a034603d8084b53f82230184798
:10b84400074a084900204ff0020cc3e90602a3f896
:10b8540002c06ff00b02fbf771bf00bf6cee020079
:08b864000000f4ffcc0200001b
:020000040000fa
:020000040002f8
:10b86c00428b022a034603d8084b53f82230184760
:10b87c00074a084900204ff0020cc3e90602a3f85e
:10b88c0002c06ff00b02fbf755bf00bf60ee020069
:08b89c000000f4ffcc020000e3
:020000040000fa
:020000040002f8
:10b8a400428b072a034603d8084b53f82230184723
:10b8b400074a084900204ff0020cc3e90602a3f826
:10b8c40002c06ff00b02fbf739bf00bf64d6020061
:08b8d4000000f4ffcc020000ab
:020000040000fa
:020000040002f8
:10b8dc00428b052a034603d8084b53f822301847ed
:10b8ec00074a084900204ff0020cc3e90602a3f8ee
:10b8fc0002c06ff00b02fbf71dbf00bf38e1020066
:08b90c000000f4ffcc02000072
:020000040000fa
:020000040002f8
:10b91400828b0a2a034603d8084b53f8223018476f
:10b92400074a084900204ff0020cc3e90602a3f8b5
:10b9340002c06ff00b02fbf701bf00bf00c9020099
:08b944000000f4ffcc0200003a
:020000040000fa
:020000040002f8
:10b94c00428b022a034603d8084b53f8223018477f
:10b95c00074a084900204ff0020cc3e90602a3f87d
:10b96c0002c06ff00b02fbf7e5be00bf54ee020005
:08b97c000000f4ffcc02000002
:020000040000fa
:020000040002f8
:10b98400428b042a034603d8084b53f82230184745
:10b99400074a084900204ff0020cc3e90602a3f845
:10b9a40002c06ff00b02fbf7c9be00bf14e7020030
:08b9b4000000f4ffcc020000ca
:020000040000fa
:020000040002f8
:10b9bc0010b50446fcf700fa58b1a38eb3f5805fbe
:10b9cc0008d309212046f9f749fa10b10323c4f82a
:10b9dc001a3010bd06212046f9f740fa0028f8d09d
:08b9ec000523c4f81a3010bd58
:020000040000fa
:020000040002f8
:10b9f400d0f8b01038b500230d6c00f148020446ad
:10ba040019460069a847002803db012384f84e3057
:10ba140038bd237e23f03003237601f03dfd00235f
:08ba240084f84e30206438bda7
:020000040000fa
:020000040002f8
:10ba2c00d0f8943073b1022907d0012900d07047a7
:10ba3c00d0f89430054a5a607047d0f89430044ad4
:10ba4c005a617047034bc0f89430ece750ae0020bd
:08ba5c0010ae002000b1002033
:020000040000fa
:020000040002f8
:10ba6400d0f8a03070b50446b3f91200094e0d4663
:10ba7400fef7b0fe33680122aa400146d4f8a000c4
:10ba840023ea02033360b0f91200bde8704002f00b
:08ba940007b800bf4cb300200d
:020000040000fa
:020000040002f8
:10ba9c00a8b90c4890f994c0bcf1020f0cd110b5a8
:10baac0082b0d0f8f000049c009401f045fe80f0c8
:10babc00010040b202b010bd6ff0040070476ff08f
:08bacc001200704720a70020c2
:020000040000fa
:020000040002f8
:10bad400002811db0a4b1b6898420dd2094b1b68e6
:10bae40053f8202042b192f8853013f0020005d0bb
:10baf40023f0020382f8853001207047704700bfad
:08bb040054b5002064b50020d7
:020000040000fa
:020000040002f8
:10bb0c0000280cdb08b50a4b1b68984205d2094b80
:10bb1c001b6853f8200020b908bd002008bd002088
:10bb2c0070470121f7f78efdc043c0f3c01008bd6c
:08bb3c0054b5002064b500209f
:020000040000fa
:020000040002f8
:10bb440038b5054608460c4600f02cfd58b194f86b
:10bb5400423013f0080305d02b7e012b00d0fee702
:10bb640063680bb9184638bd2369002bfbd16069a3
:08bb7400003818bf012038bda4
:020000040000fa
:020000040002f8
:10bb7c0010b50446b0f92400431c04d0fbf7b2ff07
:10bb8c004ff6ff73a384e06818b103f06bf8002341
:10bb9c00e3602046fff7defc20692168c368984704
:08bbac0000232360e38410bdb7
:020000040000fa
:020000040002f8
:10bbb40070b50d4682b02f210446164602f08efc65
:10bbc40048b1441c074900962b4622460020fbf747
:10bbd400b5fd02b070bd5c21204602f07ffc002858
:08bbe400efd1efe76c33000024
:020000040000fa
:020000040002f8
:10bbec000b480c4903890a6810b44469013243f0cc
:10bbfc0002030a6003813cb1a44600235df8044ba8
:10bc0c0002220121103060475df8044b704700bfe1
:08bc1c00889a00200cb60020fc
:020000040000fa
:020000040002f8
:10bc2400c2b110b5446904f1060c29b1d1f800e0a1
:10bc3400c4f800e08988a1801168c4f806109288cd
:10bc4400acf8042002695bbaa38193890e33012006
:08bc5400938110bd10467047fa
:020000040000fa
:020000040002f8
:10bc5c00036ada0714d470b504690a4e05464cb170
:10bc6c00214624680b8adb07f9d43068c3689847ef
:10bc7c00002cf5d130682946c368bde870401847e0
:08bc8c00704700bf1cb6002048
:020000040000fa
:020000040002f8
:10bc9400022813d008b5012013460a460221eef704
:10bca40039fd431c09d0074b1b6853f8202092f838
:10bcb4003e3043f0020382f83e3008bd4ff0ff30bf
:08bcc400704700bf30b60020fc
:020000040000fa
:020000040002f8
:10bccc00002810b50fdb0a4b1b6898420bda094ba6
:10bcdc001b6853f8200048b1046b04b1c48efef706
:10bcec0053f8204610bd0024204610bd0446fbe747
:08bcfc002cb6002030b6002038
:020000040000fa
:020000040002f8
:10bd04001b5b324a1b5b33316d1b5b316d204d690c
:10bd140063726f636869702054656c6e6574205338
:10bd2400657276657220312e311b5b306d0d0a20f1
:08bd34004c6f67696e3a2000b4
:020000040000fa
:020000040002f8
:10bd3c0043b2002b14ddc3b20a2b11d8013800b268
:10bd4c00084b00ebc00003eb800213f820303bb132
:10bd5c0093689b6913b1b2f906001847ff23d3709f
:08bd6c0000207047b8a500207b
:020000040000fa
:020000040002f8
:10bd740043b2002b14ddc3b20a2b11d8013800b230
:10bd8400084b00ebc00003eb800213f820303bb1fa
:10bd94009368db6913b1b2f906001847ff23d37027
:08bda40000207047b8a5002043
:020000040000fa
:020000040002f8
:10bdac0043b2002b14ddc3b20a2b11d8013800b2f8
:10bdbc00084b00ebc00003eb800213f820303bb1c2
:10bdcc009368db6a13b1b2f906001847ff23d370ee
:08bddc0000207047b8a500200b
:020000040000fa
:020000040002f8
:10bde4000a4b0b4a00214ff400301962197799600d
:10bdf400d9605060d369002bfcd1064b04491d2047
:10be040010731360cb69002bfcd170473cb2002047
:08be1400003000400e00301068
:020000040000fa
:020000040002f8
:10be1c0070b50c4c03f014fb63689b69064698479d
:10be2c002369d4e90a12984296bfc3f58033c31a2a
:10be3c001b185c18304642f1000503f003fb20464a
:08be4c00294670bdc8b10020b9
:020000040000fa
:020000040002f8
:10be540000000000000000007cb800200100f40194
:10be64003742000000080042287e0200e4d40200a9
:10be74000000000128b70020010000002cb70020ba
:08be8400470800000000000067
:020000040000fa
:020000040002f8
:10be8c0030b40a4b0168d3f8004ac3f8044a084d91
:10be9c004c68406807490022c3f8082ac5f8e02e10
:10beac00c3f80c2a234630bc184700bf787000201a
:08bebc0000500020dc410000f1
:020000040000fa
:020000040002f8
:10bec40030b4084d084b094c0949024628680968f2
:10bed400c3e90140074c0020c3e90341586130bc69
:10bee4001360704760f4020014b40020f05e020096
:08bef4005cf40200287c02004e
:020000040000fa
:020000040002f8
:10befc0030b50c4a0146002012f810301bb902eb89
:10bf0c004002507830bd0c6825789d4209bf02eb89
:10bf1c004003431c5878013414bfd8b20c600a2873
:08bf2c00ead9efe710e602007c
:020000040000fa
:020000040002f8
:10bf34004ff4001c1ceb410f98bf1ceb430f11d8ae
:10bf440051ea030c50ea4c0c5cea020c0ad004d20d
:10bf540082428b41804140427047904299418041e6
:08bf64004042704700207047c5
:020000040000fa
:020000040002f8
:10bf6c004ff4001c1ceb410f98bf1ceb430f11d876
:10bf7c0051ea030c50ea4c0c5cea020c0ad004d2d5
:10bf8c009042994180414042704782428b418041ae
:08bf9c0040427047002070478d
:020000040000fa
:020000040002f8
:10bfa40080b10b4b82689a420cd1b0f90230022b5b
:10bfb4000bd1012305214ff48032c0e906124380de
:10bfc400184670476ff00d0070476ff00c00704713
:04bfd40004af002096
:020000040000fa
:020000040002f8
:10bfd8008268136913f0060f08bf43f0040313f0d7
:10bfe800380f08bf43f0200310b501211361044640
:10bff800f8f736ff10b1024bc4f81a3010bd00bf75
:04c00800040001002f
:020000040000fa
:020000040002f8
:10c00c00d0f8ac30d3f888200a70d3f88820120a04
:10c01c004a70d3f88820120c8a70d3f88820120e3c
:10c02c00ca70d3f88c200a71d3f88c301b0a00200c
:04c03c004b7170478d
:020000040000fa
:020000040002f8
:10c0400010b4019a0a498a420fd1d2e91f14184646
:10c050001b6a013c013123f00803c2e91f14d0e937
:10c0600002215df8044b036210475df8044b7047f2
:04c0700020a70020e5
:020000040000fa
:020000040002f8
:10c0740010b50b4c94f8123203b910bd638a626890
:10c084002344187a02eb402001f088f902f036fece
:10c094000028fbd1bff34f8f84f8120210bd00bffc
:04c0a400a0a1002037
:020000040000fa
:020000040002f8
:10c0a800030ab0f58e4f28bf203bc0b228bfdbb2d1
:10c0b800462884bf2038c0b2392b8cbf373b303b71
:10c0c80039288cbf37383038dbb2c0b240ea0310a9
:04c0d800c0b270473b
:020000040000fa
:020000040002f8
:10c0dc000a4a38b51468002c02dd817d022900d093
:10c0ec0038bd013c1460002cfad1054d286800289d
:10c0fc00f6d002f0b7fd2c6038bd00bf40b5002073
:04c10c003cb500201e
:020000040000fa
:020000040002f8
:10c1100000280bdb094b1b68984207d2084b1b68b1
:10c1200053f8200018b1836f8b4201d00020704774
:10c1300000238367a0f876300120704754b50020b3
:04c1400064b50020c2
:020000040000fa
:020000040002f8
:10c1440099b130b50a4d0446a86885b058b1cde917
:10c154000224019100240146102305f120006a46bf
:10c16400009400f067fa05b030bd0846704700bf80
:04c1740070b0002087
:020000040000fa
:020000040002f8
:10c178000a4a38b51468002c02dd817d022900d0f6
:10c1880038bd013c1460002cfad1054d2868002800
:10c19800f6d002f069fd2c6038bd00bfa0b50020c4
:04c1a800a4b500201a
:020000040000fa
:020000040002f8
:10c1ac00f0240000f4240000f8240000e424000033
:10c1bc00010000004c26000002000000406b000053
:10c1cc00030000004426000003000000e8240000e7
:04c1dc00040000005b
:020000040000fa
:020000040002f8
:10c1e000a0b138b5436a044653b1056b45b9242262
:10c1f000294602f033fcd4e90f039847284638bd9e
:10c20000f92384f838306ff0060038bd6ff008006d
:04c21000704700bfb4
:020000040000fa
:020000040002f8
:10c2140070b500240646c473451e00bf15f8010f0f
:10c2240002f0fbfd287018b101340f2cf6d170bd5b
:10c23400c4f10f023019d2b2bde87040202102f0df
:04c244000bbc00bf70
:020000040000fa
:020000040002f8
:10c2480038b5457b0db9284638bd0446237b002bfd
:10c25800fcd0237b03f0ff0213b91546284638bdee
:10c2680003f0f0f8237b013bdbb2237303f0ecf817
:04c27800284638bd5f
:020000040000fa
:020000040002f8
:10c27c000a4b83420ed179b110b4094c8c460fccc9
:10c28c00ace80f0094e803005df8044b8ce8030065
:10c29c00012070470020704701207047fcb300203c
:04c2ac00e4b30020d7
:020000040000fa
:020000040002f8
:10c2b000b0b108b590f8423013f0400301d11846f0
:10c2c00008bdd1f800c04a688b68c9688163c0f8ae
:10c2d0002cc0026343632c30fff79cff012008bd94
:04c2e000704700bfe4
:020000040000fa
:020000040002f8
:10c2e400002811db094b1b6898420dda084b1b68c8
:10c2f40053f8200048b190f83e30018543f0020322
:10c3040080f83e3001207047002070472cb6002092
:04c3140030b600201f
:020000040000fa
:020000040002f8
:10c31800002811db094b1b6898420dda084b1b6893
:10c3280053f8200048b1c36c8b4205d10023c36485
:10c33800a0f85a3001207047002070472cb6002022
:04c3480030b60020eb
:020000040000fa
:020000040002f8
:10c34c0043b2002b11ddc3b20a2b0ed8013800b258
:10c35c00074b00ebc00003eb800213f8203023b135
:10c36c000023b2f90600d37070476ff004007047d9
:04c37c00b8a5002040
:020000040000fa
:020000040002f8
:10c38000f0b5826900f12005521b85b001d105b0de
:10c39000f0bdd0e900760446054901a801f099fef8
:10c3a0003b6801a930469847a56105b0f0bd00bfc4
:04c3b000183b000036
:020000040000fa
:020000040002f8
:10c3b40000b583b000230193f8f7b8ff20b104223d
:10c3c4000deb020102f0e2fb03f03ef8044a13789d
:10c3d4000133137003f03af8019803b05df804fbdd
:04c3e40041b700203d
:020000040000fa
:020000040002f8
:10c3e80050ed02000000000001000000283000406d
:10c3f80028300040b8b200200100000098d00200a8
:10c40800b0f30200a8f302000100000008b3002006
:04c4180050e40200ea
:020000040000fa
:020000040002f8
:10c41c0010b50446fbf76afc30b92368606807491d
:10c42c005b68bde810401847faf7bafcd4e9003055
:10c43c0003495b68bde81040184700bf4c51000031
:04c44c00f4500000a8
:020000040000fa
:020000040002f8
:10c4500038b50a480a4d016821b9436813b9e9f7ac
:10c46000f8fe38bd0389426855f8233000f10c040a
:10c470002046984704eb8000ede700bf60a700006e
:04c4800048ea020084
:020000040000fa
:020000040002f8
:10c484004ff4001c1ceb410f98bf1ceb430f0cd85e
:10c4940050ea410c08bf52ea430c08d0904208bf4e
:10c4a40099420cbf012000207047002070470120f2
:02c4b4007047cf
:020000040000fa
:020000040002f8
:10c4b80070b50a4e82b00446002501e0e6f7d0fdcb
:10c4c8003346092100950122204601f037f9034639
:10c4d80001212046002bf1d002b070bd5189010026
:020000040000fa
:020000040002f8
:10c4e800a0f58850103880b20f2838b503d94ff01e
:10c4f800ff35284638bd0c468968faf7dbf8431c37
:10c508000546f6d06168f9f76bfe284638bd00bfce
:020000040000fa
:020000040002f8
:10c5180090b1038883b190f90c30022b0cd1436899
:10c5280053b193f90600022806d15b8813f0010f76
:10c5380008bf4ff0ff3070474ff0ff30704700bf23
:020000040000fa
:020000040002f8
:10c54800603100000dd0000068310000803100002b
:10c558002d030200883100009c310000f9c701005a
:10c56800a4310000c8310000917c0100d0310000e6
:020000040000fa
:020000040002f8
:10c5780002460a4889b1114400ebc0035b0003eb93
:10c58800c01312f801cb034403eb002303eb006054
:10c598008a428cea0000efd170477047c59d1c8124
:020000040000fa
:020000040002f8
:10c5a800024688b190f8423013f0400000d170473d
:10c5b80092f8743013f0010307d092f8430080f02a
:10c5c8001000c0f30010704770471846704700bf4e
:020000040000fa
:020000040002f8
:10c5d80089b1086880b12ab1084bb3f900309a4292
:10c5e800b8bf1a46002362f30f0362f31f43c1f872
:10c5f8000a30012070470846704700bffcb500208c
:020000040000fa
:020000040002f8
:10c608000346006d10b560b15b6c1b6b9847041e48
:10c6180005da0549054841f2e542fff7c7fa204621
:10c6280010bd6ff00d04fae7d4ea0200fc370000f1
:020000040000fa
:020000040002f8
:10c638002de9f041d1f804800746084619461d4601
:10c648001646c047044640b11eb12a46314601f09d
:10c658002bff21463846fcf7b1fd2046bde8f081a6
:020000040000fa
:020000040002f8
:10c6680038b50a4d00232b60044648b13821436889
:10c678009847014628b1e3682046984701202c6076
:10c6880038bd2868003818bf012038bd1cb6002006
:020000040000fa
:020000040002f8
:10c6980010b40a4c247f34b921b118b15df8044ba9
:10c6a800f1f70cbc1bb900205df8044b7047002a59
:10c6b800f9d05df8044bf1f701bc00bf3cb2002093
:020000040000fa
:020000040002f8
:10c6c800d0e90632d21a00d1704770b50446d4e9d1
:10c6d800006584b0054901a801f0f7fc336801a999
:10c6e80028469847e369a36104b070bd103b000079
:020000040000fa
:020000040002f8
:10c6f80088b938b5094c6579012d02d04ff0ff3063
:10c7080038bd0346637123688c461b681146604632
:10c718009847657138bd4ff0ff307047f0b400207e
:020000040000fa
:020000040002f8
:10c7280088b938b5094c6579012d02d04ff0ff3032
:10c7380038bd0346637123688c46db681146604642
:10c748009847657138bd4ff0ff307047f0b400204e
:020000040000fa
:020000040002f8
:10c7580090b970b5094d95f9003063b16e6856b15e
:10c7680008460c4601f0acfe736902462146a868eb
:10c77800bde87040184770bd704700bfb0b40020d6
:020000040000fa
:020000040002f8
:10c78800a65ad0f345db4e0effe875c3a2e71f4259
:10c79800c7129d620ff5c119a9ef55f05185e0fb4d
:10c7a8008581f9317517276e06e9607ddbcbcc2ec4
:020000040000fa
:020000040002f8
:10c7b80063363377e41e86468deb0ab4a8ed683fee
:10c7c8006a134e47e014c700454e81e95358a569de
:10c7d800808aa38f2a72a62359915a9f8a04ca680d
:020000040000fa
:020000040002f8
:10c7e80070b598b004460d4616460021602268468a
:10c7f80002f030f9054b02943246294668460e94f9
:10c80800119301f0e7fb18b070bd00bf9df4020062
:020000040000fa
:020000040002f8
:10c81800064b1a680ab9064a1a60064a116809b925
:10c82800054911601a68054b1a607047c4b40020a6
:10c83800f0b80020c0b40020f0380320bcb40020b9
:020000040000fa
:020000040002f8
:10c8480053b94ab9002908bf00281cbf4ff0ff316f
:10c858004ff0ff3002f020beadf1080c6de904ceb8
:10c86800e8f730faddf804e0dde9022304b07047a8
:020000040000fa
:020000040002f8
:10c8780010b50b681b78202b0c4602d0093b042b03
:10c888000bd8fef759fd23685a1c22605b78202bd1
:0ec89800f9d0093b042bf6d910bd0020fce7b7
:020000040000fa
:020000040002f8
:10c8a80060b1084b82689a4208d1074bdb6819b11e
:10c8b80003f0010301330b70002070476ff00d0087
:0cc8c800704700bf04af002000080042d1
:020000040000fa
:020000040002f8
:10c8d40010b50446fbf774fa78b1a36a43b194f82f
:10c8e4003410c1f38002c90648bf42f004021a8022
:0cc8f4000023c4e906330222628010bd5c
:020000040000fa
:020000040002f8
:10c90000d9bf020071d70100c59a0200d59e02006e
:10c910003da90200d931020021e102004566020072
:0cc9200009e102006d9f0200715a020044
:020000040000fa
:020000040002f8
:10c92c00cb070fd5d0f8a030b3f91230002b09dbb0
:10c93c005a09054803f01f030121603201fa03f381
:0cc94c0040f82230704700bf00e100e01e
:020000040000fa
:020000040002f8
:10c95800cb0700d47047d0f8a030b3f91230002bc1
:10c96800f8db05495809012203f01f0302fa03f313
:0cc9780041f82030704700bf00e100e0f3
:020000040000fa
:020000040002f8
:10c98400094a91420b460dd110b4d3e91924013c54
:10c994000132c3e9192401465df8044b03f1b800e0
:0cc9a400fcf70ebc704700bf20a700206d
:020000040000fa
:020000040002f8
:10c9b00000280ddb074b1b68984209d2064b1b6809
:10c9c00053f8200028b190f88500c0f3800070472c
:0cc9d0000020704754b5002064b5002022
:020000040000fa
:020000040002f8
:10c9dc00406808b5436a33b1074a99685369526b8a
:10c9ec005b1a934205d21430fcf712fc00b10438e8
:0cc9fc0008bd2430f8e700bf70b0002038
:020000040000fa
:020000040002f8
:10ca080092b170b510460d46144601f059fd402804
:10ca180028bf402006463246286a214601f044fdd8
:0cca28002b6a00229a5570bd704700bfb9
:020000040000fa
:020000040002f8
:10ca340070b4c56802687db1866800211378dc078c
:10ca440001f1010105d5446a23f00103013c13708f
:0cca54004462a9423244f1d170bc70472a
:020000040000fa
:020000040002f8
:10ca600070b5054660b1084c04f12006616828469f
:10ca700011b101f0acfd20b10834b442f6d1002070
:0cca800070bd207870bd00bf84d802009b
:020000040000fa
:020000040002f8
:10ca8c0020b102290ad0012901d00020704790f86a
:10ca9c00420080f01000c0f30010704790f8420084
:0ccaac0080f00800c0f3c000704700bf1d
:020000040000fa
:020000040002f8
:10cab80028b190f8423013f0400301d1184670476e
:10cac8000b685a1c08d0d0e9010260ea0200c01abb
:0ccad800b0fa80f0400970470120704760
:020000040000fa
:020000040002f8
:10cae40013f4003f38b501eb020c0cbf14252825c4
:10caf400ac440c461a461ffa8cf1f7f77bfa18b1ce
:0ccb040014b183692b44c36138bd00bf2d
:020000040000fa
:020000040002f8
:10cb100009b180f82e1083680bb1c168184710b5b1
:10cb200002f054fb012800d810bd02f049fbbde81b
:0ccb300010400149faf704be5038000024
:020000040000fa
:020000040002f8
:10cb3c000eb410b5b5b037ab044653f8042b0193c3
:10cb4c00c82102a8fbf7e2ff02a92046f9f700fc76
:0ccb5c0035b0bde8104003b0704700bfca
:020000040000fa
:020000040002f8
:10cb680030b45c695cb10748074d181a801005fba2
:10cb780000f00130a4469b6930bc00b2604730bc6d
:0ccb8800704700bfb8a50020398ee338cc
:020000040000fa
:020000040002f8
:10cb9400094ba1eb000c00221a800cf1040c031fba
:10cba40000f5fe700ceb030253f8041f116083427e
:0ccbb400f8d10120704700bf38b7002006
:020000040000fa
:020000040002f8
:10cbc00010b5094c82b060888df80710fef7d8face
:10cbd000022801d002b010bd608801220df10701ca
:0ccbe00000f032fa02b010bd64b6002074
:020000040000fa
:020000040002f8
:10cbec0000030000f9e90200f9c6020081cf02003f
:10cbfc00a9cf020029c70200f9cf0200d1cf020051
:0ccc0c0049f4020031ed020045f4020082
:020000040000fa
:020000040002f8
:10cc180010b5094c23682bb102f0dafa2368b0fb8f
:10cc2800f3f010bd012001f073f9206002f0d0fa92
:0ccc38002368b0fbf3f010bd74b60020c0
:020000040000fa
:020000040002f8
:10cc440010b5e2f79dfd074c074ba0691b69984797
:10cc5400e068def705ff206af5f7aaf8bde81040a2
:0ccc6400eaf72abe90b2002098a502005a
:020000040000fa
:020000040002f8
:10cc7000064a13680bb1013b1360054a0549136866
:10cc8000096805481160cb1a0360704798b6002008
:0ccc90008cb6002094b6002090b6002066
:020000040000fa
:020000040002f8
:10cc9c00064b1b782bb10368054a5b680549406855
:10ccac001847054b1860f5f7bdbb00bf53b7002004
:0cccbc007c5a0000d4030000c4b6002025
:020000040000fa
:020000040002f8
:10ccc80008b5064a064b07480821f9f7cdf800b120
:10ccd80008bdbde808400449faf72ebdf069000018
:0ccce800c8690000f8890200f46900002f
:020000040000fa
:020000040002f8
:10ccf40008b5064a064b07480221f9f7b7f800b110
:10cd040008bdbde808400449faf718bd44760000a0
:0ccd14001476000098e402004c76000049
:020000040000fa
:020000040002f8
:10cd200008b5064a064b07480121f9f7a1f800b1fa
:10cd300008bdbde808400449faf702bdec780000e0
:0ccd4000b878000044f20200f87800000f
:020000040000fa
:020000040002f8
:10cd4c00812903dc7f2903dc002070478329fbd178
:10cd5c001368073323f0070303f108011160d3e9cb
:0acd6c000023c0e9002301207047f6
:020000040000fa
:020000040002f8
:10cd7800084b98420cd1002310b4ca684c6880f85c
:10cd880024300221c46081805df8044b4261704701
:08cd9800704700bf04af00204a
:020000040000fa
:020000040002f8
:10cda00010b4446b0346084624b1234611465df88f
:10cdb000044b1847d3f8d410b3f9d0305df8044bc6
:08cdc0000140c858704700bf94
:020000040000fa
:020000040002f8
:10cdc800074a516a40f20643194204d0054a1368db
:10cdd80043f00103136089b20020f9f787be00bf52
:08cde800000800424cb30020da
:020000040000fa
:020000040002f8
:10cdf000019a084882420bd192f8000129b1013012
:10ce0000c2f8e83082f800017047013882f800016a
:08ce1000704700bf20a70020bd
:020000040000fa
:020000040002f8
:10ce180079b14368d3f89a00d3f896c0d3f89e2026
:10ce2800d3f8a230cb604860c1f800c08a60002007
:08ce380070474ff0ff30704716
:020000040000fa
:020000040002f8
:10ce400070b5084d95f81462012e01d0042070bd14
:10ce5000002485f81442fff70df985f81462204686
:08ce600070bd00bfa0a100207d
:020000040000fa
:020000040002f8
:10ce680000280adb064b1b68984206d2054b1b6854
:10ce780053f8200010b1406c70470020704700bf85
:08ce880054b5002064b5002040
:020000040000fa
:020000040002f8
:10ce9000844680b108b590f8423013f0400000d1cc
:10cea00008bddcf84430dcf85000db6b9847b0fa82
:08ceb00080f0400908bd704745
:020000040000fa
:020000040002f8
:10ceb80010b5864620b190f842c01cf0400000d161
:10cec80010bddef84440def85000646ca047b0faac
:08ced80080f0400910bd00bf0d
:020000040000fa
:020000040002f8
:10cee0000a68511c03460ad0806d40b105498a4248
:10cef00006d04168914203d0c06d0028f9d1184690
:08cf0000704700bf7f00000133
:020000040000fa
:020000040002f8
:10cf080000280adb064b1b68984206da054b1b68ab
:10cf180053f8200010b1406a70470020704700bfe6
:08cf28002cb6002030b60020f9
:020000040000fa
:020000040002f8
:10cf3000000100f1824202f52042136c23f002034b
:10cf40001364136c9b07fcd4024b034489b2012089
:08cf50001980704750b3002066
:020000040000fa
:020000040002f8
:10cf5800074b5a7a52b1074a987a33219972136863
:10cf6800c0b21bb110b1516813681847704700bfb1
:08cf780000380040dcb4002089
:020000040000fa
:020000040002f8
:10cf800068b938b5074c6579012d02d04ff0ff30f4
:10cf900038bd236860715b689847657138bd4ff094
:08cfa000ff307047f0b40020df
:020000040000fa
:020000040002f8
:10cfa80068b938b5074c6579012d02d04ff0ff30cc
:10cfb80038bd236860719b689847657138bd4ff02c
:08cfc800ff307047f0b40020b7
:020000040000fa
:020000040002f8
:10cfd00068b938b5074c6579012d02d04ff0ff30a4
:10cfe00038bd236860715b699847657138bd4ff043
:08cff000ff307047f0b400208f
:020000040000fa
:020000040002f8
:10cff80068b938b5074c6579012d02d04ff0ff307c
:10d0080038bd236860711b699847657138bd4ff05a
:08d01800ff307047f0b4002066
:020000040000fa
:020000040002f8
:10d0200060b9084b93f9000040b1586830b110b4b2
:10d030008468986823465df8044b18474ff0ff302a
:08d04000704700bfb0b40020ee
:020000040000fa
:020000040002f8
:10d0480060b9084b93f9000040b1586830b110b48a
:10d058004469986823465df8044b18474ff0ff3041
:08d06800704700bfb0b40020c6
:020000040000fa
:020000040002f8
:10d070000500000001000000b00400003c000000ba
:10d0800002000000320000004b0000000100000020
:08d09000030000000100000094
:020000040000fa
:020000040002f8
:10d098000000000001000000ffffffffffffffff8f
:10d0a800ffffffffffffffffffffffffffffffff88
:08d0b800ffffffffffffffff78
:020000040000fa
:020000040002f8
:10d0c00003ca0400180004001a000400360004001b
:10d0d00024000400250004002600040027000400aa
:08d0e00012020100f608020033
:020000040000fa
:020000040002f8
:10d0e8000168064b064a1b681268406810b44c6811
:10d0f8000449a4465df8044b604700bffcb6002015
:08d1080000b70020e4740000f0
:020000040000fa
:020000040002f8
:10d1100030b57ab101388d1810f8012f0c4632b1b4
:10d1200011f8013b1bb1a94201d09a42f4d02378f7
:08d13000d01a30bd1046fce7e7
:020000040000fa
:020000040002f8
:10d1380013b50446fdf776f918b14ff0ff3002b089
:10d1480010bd636c01220df10701204698470128a4
:08d15800f3d19df80700f2e796
:020000040000fa
:020000040002f8
:10d1600068b1074b82689a4210b5044606d1d0e9ef
:10d170000330db69984700232370638010bd70473c
:04d1800004af0020d8
:020000040000fa
:020000040002f8
:10d18400064b984208d190f824302bb1828f044b7f
:10d19400243053f822301847704700bf04af0020f2
:04d1a40094dc020015
:020000040000fa
:020000040002f8
:10d1a80010b50446faf70afe00b910bda38e6384d1
:10d1b80004212046f7f754fe0028f6d00723c4f8c8
:04d1c8001a3010bd4c
:020000040000fa
:020000040002f8
:10d1cc0010b50446faf7f8fd00b910bda38e238400
:10d1dc0005212046f7f742fe0028f6d00623c4f8b6
:04d1ec001a3010bd28
:020000040000fa
:020000040002f8
:10d1f00010b50446faf7e6fd00b910bda38ee3842e
:10d2000006212046f7f730fe0028f6d00523c4f8a3
:04d210001a3010bd03
:020000040000fa
:020000040002f8
:10d2140010b50446faf7d4fd00b910bda38ea3845b
:10d224000a212046f7f71efe0028f6d00423c4f88e
:04d234001a3010bddf
:020000040000fa
:020000040002f8
:10d23800cb0700d47047d0f8a03010b5b3f912006e
:10d2480014461ab1fdf7c4fa207010bdbde81040ad
:04d25800fdf7beba66
:020000040000fa
:020000040002f8
:10d25c0010b584b001939df818300093dde90734c4
:10d26c00cde9023413460a460321eff703fd04b05f
:04d27c0010bd00bf22
:020000040000fa
:020000040002f8
:10d28000c90501f078619204194302f4f8021143d0
:10d2900041f0a04141f40031416383685b07fcd554
:04d2a000704700bf14
:020000040000fa
:020000040002f8
:10d2a400e1c102007915020059dd020015bc01003c
:10d2b40001f302007985020019f1020009f302006a
:04d2c40089e20200f9
:020000040000fa
:020000040002f8
:10d2c800c16802680023436251b110b484681846eb
:10d2d80001338b4210802244fad15df8044b704729
:04d2e800704700bfcc
:020000040000fa
:020000040002f8
:10d2ec00074b03f128011a880ab1904204d0043389
:10d2fc008b42f8d100207047588800f0010070472d
:04d30c0038b800200d
:020000040000fa
:020000040002f8
:10d31000074b03f128011a880ab1904204d0043364
:10d320008b42f8d1002070475888c0f34000704706
:04d3300038b80020e9
:020000040000fa
:020000040002f8
:10d33400064b03eb0013188920ea01021a81cb057e
:10d3440003d5034a1368013b13607047889a002091
:04d35400f4b500200c
:020000040000fa
:020000040002f8
:10d3580038b505460c4601e0e36898472846fbf7d0
:10d3680059ff014620460029f6d12846bde8384035
:04d37800fcf704ba00
:020000040000fa
:020000040002f8
:10d37c00074b1b68984204d120b1d0f864328b4221
:10d38c0001d0002070470023c0f8643201207047a0
:04d39c0040b6002077
:020000040000fa
:020000040002f8
:10d3a000064a074b002119805061138803f03003af
:10d3b00013b94af2035393800120704700400041a3
:04d3c00038b700205a
:020000040000fa
:020000040002f8
:10d3c40010b4064a064c03464af20151002020805c
:10d3d400012053615df8044b918070470040004187
:04d3e40038b7002036
:020000040000fa
:020000040002f8
:10d3e800074a537943f08003537113695b07fcd4f0
:10d3f800034a53791f2bfcd8908a80b2704700bf2c
:04d4080000380040a8
:020000040000fa
:020000040002f8
:10d40c0082690346203082420ad91868096810b430
:10d41c0004685868013a9a6123465df8044b184732
:04d42c00704700bf86
:020000040000fa
:020000040002f8
:10d43000943c000021e402009c3c0000ac3c000055
:10d44000318c0200b03c0000cc3c000085be0100e5
:04d45000d43c0000c8
:020000040000fa
:020000040002f8
:10d45400064b0748022210b44c681a70098904600c
:10d46400598000205df8044b704700bf70b600205f
:04d474006cb6002072
:020000040000fa
:020000040002f8
:10d47800bff34f8f0549064bca6802f4e0621343b5
:10d48800cb60bff34f8f00bffde700bf00ed00e0aa
:04d498000400fa058d
:020000040000fa
:020000040002f8
:10d49c0010b5074c236833b1fef7bafc22680023a1
:10d4ac00fff7ccf910bd012000f030fd2060f3e750
:04d4bc0074b6002022
:020000040000fa
:020000040002f8
:10d4c00010b5074c236833b1fef7a8fc226800238f
:10d4d000fff7baf910bd012000f01efd2060f3e750
:04d4e00074b60020fe
:020000040000fa
:020000040002f8
:10d4e40000000000000800420000010050e10200ba
:10d4f4000000000098a50200a0f302000000000054
:04d50400c8b8002083
:020000040000fa
:020000040002f8
:10d5080010b40548054c064a2170036001235df8f4
:10d51800044b1370704700bfd8b6002054b70020e2
:04d5280055b70020d3
:020000040000fa
:020000040002f8
:10d52c000548064a10b4064c0360012321705df8cf
:10d53c00044b1370704700bfc8b6002055b70020cd
:04d54c0054b70020b0
:020000040000fa
:020000040002f8
:10d55000444b0000956e0200f8730000e84b000099
:10d56000354602003874000090740000bde40100ec
:04d570009c740000a7
:020000040000fa
:020000040002f8
:10d574000b0d40f21e42d21a09dbcb0243ea505093
:10d5840040f00040202a28bf2022d04070474900a4
:04d59400804170471b
:020000040000fa
:020000040002f8
:10d59800c9b262b10346024401e0934205d018467d
:10d5a80013f801cb8c45f8d170470020704710461e
:04d5b800fae700bfcf
:020000040000fa
:020000040002f8
:10d5bc00465f4452565f5048595f534d495472610f
:10d5cc006e7366657257616974436f6d706c6574c8
:02d5dc006500e8
:020000040000fa
:020000040002f8
:10d5e000060000000000000000000a00000000002b
:10d5f000000000000000000000000000000000002b
:02d6000009001f
:020000040000fa
:020000040002f8
:10d60200f0b500244f1ea24209d0651c035d7e5d69
:10d61200b34202d00a5d981af0bd2c46f3e700200f
:02d62200fae725
:020000040000fa
:020000040002f8
:10d6240040b1064b82689a4204d109b1c36b0b60c6
:10d63400002070476ff00d00704700bf04af00205a
:020000040000fa
:020000040002f8
:10d6440040b1064983688b4204d10ab15b881360f8
:10d65400002070476ff00d00704700bf04af00203a
:020000040000fa
:020000040002f8
:10d6640001e70200f15a0200bdb9020015d202001e
:10d67400f1d10200cdd10200a9d1020029f70100a5
:020000040000fa
:020000040002f8
:10d684000648037ed90705d59a0703d443f002035d
:10d69400037670474ff0ff30704700bf5cb700203f
:020000040000fa
:020000040002f8
:10d6a400d0f8ac301a6842f008021a601a6842f0e6
:10d6b40004021a601a6842f080021a60704700bfc0
:020000040000fa
:020000040002f8
:10d6c4000346006858b15a6882429a6814bf0168d8
:10d6d400002102f1ff3208bf596019609a60704757
:020000040000fa
:020000040002f8
:10d6e400436800220a602bb11960836841600133ea
:10d6f4008360704783680133c0e900118360704719
:020000040000fa
:020000040002f8
:10d70400006800ba80ea104080ea102080ea101015
:10d7140080ea900080ea5000c04300f001007047a6
:020000040000fa
:020000040002f8
:10d7240000f5805383f8871111b193f8882102b171
:10d73400704793f88631002bfad10121e2f7f4be49
:020000040000fa
:020000040002f8
:10d7440010b584b01c46069b039300230092cde9d8
:10d7540001340a460221eff791fa04b010bd00bf6c
:020000040000fa
:020000040002f8
:10d7640010b584b0069c0093079b03930023cde976
:10d77400013413460a460121eff780fa04b010bdc4
:020000040000fa
:020000040002f8
:10d78400019a0648824207d121b1c3f3c03382f81b
:10d794000b31704782f80b11704700bf20a700209f
:020000040000fa
:020000040002f8
:10d7a400034650b190f90600022806d15b8813f0b5
:10d7b400010f08bf4ff0ff3070474ff0ff30704744
:020000040000fa
:020000040002f8
:10d7c400c905920401f0786102f4f802114341f0b2
:10d7d400c04141f40031416383685b07fcd5704765
:020000040000fa
:020000040002f8
:10d7e40038b5054608460c4600f06cfe0146204656
:10d7f400fef7c0feeb68b0fbf3f202fb130038bd8a
:020000040000fa
:020000040002f8
:10d80400012a134607d0022b0a464ff0010308bf32
:10d814000021f2f75dbe00220123f2f759be00bfda
:020000040000fa
:020000040002f8
:10d824000346006858b15a6882429a6814bf016876
:10d83400002102f1ff3208bf596019609a607047f5
:020000040000fa
:020000040002f8
:10d8440038b5002304460125c0e90033836001f0a4
:10d85400fbfd257301f0fafd6573284638bd00bf52
:020000040000fa
:020000040002f8
:10d8640038b5457b0db9284638bd044601f0ecfdba
:10d87400237b0133237301f0e9fd284638bd00bf43
:020000040000fa
:020000040002f8
:10d88400000000000000000001000000e80b0000a0
:10d89400020000006833000003000000242600009a
:020000040000fa
:020000040002f8
:10d8a40000b1704700b583b08c460093034913461a
:10d8b4006246f9f743ff03b05df804fb68340000e7
:020000040000fa
:020000040002f8
:10d8c400024650b190f8423013f0400301d118469b
:10d8d4007047024b01201a607047704714b600204d
:020000040000fa
:020000040002f8
:10d8e40028b190f8423013f0400301d11846704734
:10d8f4000b68c3638b88a0f840300120704700bfd9
:020000040000fa
:020000040002f8
:10d9040028b190f8423013f0400301d11846704713
:10d9140090f8743013f0010f08bf0020704700bf67
:020000040000fa
:020000040002f8
:10d924000346084623b193f8421011f0400101d197
:10d9340000207047196e0029fad1c3e91802704714
:020000040000fa
:020000040002f8
:10d94400064a1368002b02dd817d022900d070474e
:10d95400013b1360002bfad1f9f7babe44b600209c
:020000040000fa
:020000040002f8
:10d96400064b1b68984207d138b1d0f864321bb912
:10d97400c0f86412084670470020704740b6002083
:020000040000fa
:020000040002f8
:10d9840000b500b283b0431c8df8071004d0012207
:10d994000df10701faf7def803b05df804fb00bff0
:020000040000fa
:020000040002f8
:10d9a400064a1368002b02dd817d022900d07047ee
:10d9b400013b1360002bfad1faf7f6bb54b60020f2
:020000040000fa
:020000040002f8
:10d9c400064b1b7833b929b10b78012b02d80846d2
:10d9d400ebf7f8bf4ff0ff30704700bf649f0020a3
:020000040000fa
:020000040002f8
:10d9e400d0e906239a420ad2036809681b6810b575
:10d9f400044640689847a3690133a36110bd70478a
:020000040000fa
:020000040002f8
:10da040000b5064b83b0588801220df10701fff7da
:10da140005fb9df8070003b05df804fb64b6002025
:020000040000fa
:020000040002f8
:10da240010b508460c4600f04dfd044b0246214655
:10da34005888bde81040fff705bb00bf64b600205e
:020000040000fa
:020000040002f8
:10da440040b9064b93f9002022b15a6812b1d2684a
:10da5400986810474ff0ff30704700bfb0b4002003
:020000040000fa
:020000040002f8
:10da640040b9064b93f9002022b15a6812b1d26929
:10da7400986810474ff0ff30704700bfb0b40020e3
:020000040000fa
:020000040002f8
:10da840070b505460c46164601f020f9344320f4df
:10da9400406121432846bde87040fff747ba00bf04
:020000040000fa
:020000040002f8
:10daa40001b970470028fcdb044a4109012300f056
:10dab4001f00834042f82130704700bf00e100e0be
:020000040000fa
:020000040002f8
:10dac40010b49df8044004b922b101945df8044bec
:10dad400f3f762bb4ff0ff305df8044b704700bfb3
:020000040000fa
:020000040002f8
:10dae40030b4054c154684462560044830bc0123f7
:10daf4006246fcf79db900bf78b60020e5f102004c
:020000040000fa
:020000040002f8
:10db0400d49302007c93020024930200cc9202007e
:10db14000000000000000000000000000000000001
:020000040000fa
:020000040002f8
:10db24002c0101001100080000061000020400008e
:10db340002000000e4b80020000000000000000023
:020000040000fa
:020000040002f8
:10db4400e62b8a8ee8f141b6980566e3bfe3c04947
:10db540003dad4ac2cdf9f2280010a6739bc83d35b
:020000040000fa
:020000040002f8
:10db64008c6b0000b46b0000e46b0000146c0000cc
:10db7400446c0000746c0000a46c0000d46c0000c1
:020000040000fa
:020000040002f8
:10db840038b555ec124b53ec112b51ec100beef74e
:10db9400ddfb22462b46e8f73bfa41ec100b38bd7f
:020000040000fa
:020000040002f8
:10dba40010b5054c23680bb9fef734fe034b186817
:10dbb4002368c01a10bd00bfbcb40020c0b400204c
:020000040000fa
:020000040002f8
:10dbc40054435049505f4d41435f427269646765f5
:0fdbd4005f50726f636573735061636b657400ac
:020000040000fa
:020000040002f8
:10dbe300286e696c29002500494e4600696e66005f
:0fdbf3004e414e006e616e00286e756c6c2900fd
:020000040000fa
:020000040002f8
:10dc020010b50023934206d113f0030018bf012080
:0edc120000eb930010bdc45ccc540133f2e76c
:020000040000fa
:020000040002f8
:10dc2000465f4d41435f4272696467655f53746f3d
:0ddc30007265506b74467764446370740035
:020000040000fa
:020000040002f8
:10dc400030b1054b82689a4202d190f902007047c8
:0cdc50004ff0ff30704700bf04af002011
:020000040000fa
:020000040002f8
:10dc5c0030b1054b82689a4202d190f91e00704790
:0cdc6c006ff00d00704700bf04af0020f7
:020000040000fa
:020000040002f8
:10dc780030b1054b82689a4202d1c16300207047d7
:0cdc88006ff00d00704700bf04af0020db
:020000040000fa
:020000040002f8
:10dc94002dfc000085b9020035b80200ddb8020091
:0cdca400a5b802006db802004db90200e6
:020000040000fa
:020000040002f8
:10dcb000054b984205d1037edb0702d590f914008d
:0cdcc00070474ff0ff3070475cb7002049
:020000040000fa
:020000040002f8
:10dccc0010b584b09df818400094079c0194022470
:0cdcdc000294edf779fc04b010bd00bf0d
:020000040000fa
:020000040002f8
:10dce80010b584b09df818400094079c0194052451
:0cdcf8000294edf76bfc04b010bd00bfff
:020000040000fa
:020000040002f8
:10dd04000b4610b5042104461846fef733fce368bd
:0cdd1400b0fbf3f202fb130010bd00bfd7
:020000040000fa
:020000040002f8
:10dd2000054b5b6c834201d0fdf798bf1a6a22f065
:0cdd300008021a62704700bf70b00020ab
:020000040000fa
:020000040002f8
:10dd3c0028b190f8423013f0400301d118467047d7
:0cdd4c00b0f86e00143880b2704700bfc1
:020000040000fa
:020000040002f8
:10dd580038b502fb01f52946f3f70afc044618b169
:0cdd68002a46002100f076fe204638bd5f
:020000040000fa
:020000040002f8
:10dd7400044b834206bf044b93f900004ff0ff307d
:0cdd8400704700bffcb300202db700204a
:020000040000fa
:020000040002f8
:10dd9000044b1b88834283bf034b1b6803ebc010fb
:0cdda00000207047fcb3002018b60020e3
:020000040000fa
:020000040002f8
:10ddac0028b190f8423013f0400301d11846704767
:0cddbc00d0e9010360ea0300704700bfdb
:020000040000fa
:020000040002f8
:10ddc80028b190f8423013f0400301d1184670474b
:0cddd80090f8740000f00100704700bfdc
:020000040000fa
:020000040002f8
:10dde400044b834204d1044b1b680bb1f3f724bfeb
:0cddf400704700bffcb3002018b60020f0
:020000040000fa
:020000040002f8
:10de000038b50446084621461546f7f763fc20b1ad
:0cde1000eb68214628469847012038bde9
:020000040000fa
:020000040002f8
:10de1c000b4610b5062104461846fef7a7fbe3682f
:0cde2c00b0fbf3f202fb130010bd00bfbe
:020000040000fa
:020000040002f8
:10de3800465f4d41435f4272696467655f5365742d
:0cde4800486f7374456e74726965730056
:020000040000fa
:020000040002f8
:10de5400465f4d41435f4272696467654861736818
:0cde6400456e74727944656c657465004d
:020000040000fa
:020000040002f8
:10de7000044b1a681ab9044a1860116070470020f0
:0cde8000704700bf4cb6002048b60020e0
:020000040000fa
:020000040002f8
:10de8c00054a106bd36a916a8b4284bf126b891856
:0cde9c00cb1a0138c01a704788b1002072
:020000040000fa
:020000040002f8
:10dea800054a10699168d36899423cbf126989187c
:0cdeb800cb1a0138c01a704788b1002056
:020000040000fa
:020000040002f8
:10dec400d0f8d430d0f8cc2023b11968914204d0d2
:0cded400f6f766bb1146f6f763bb70471b
:020000040000fa
:020000040002f8
:10dee00038b504460d4600f0f3fe20f4407045ead4
:0cdef00000012046bde83840fff71ab8da
:020000040000fa
:020000040002f8
:10defc0008b5054a4ff47a71d2680023a0fb0101e2
:0cdf0c00fef79cfc08bd00bfc8b100205f
:020000040000fa
:020000040002f8
:10df180008b5054bd9684ff47a720023a0fb0101bc
:0cdf2800fef78efc08bd00bfc8b1002051
:020000040000fa
:020000040002f8
:10df3400a9f10200d9e30200f1e3020069f302004f
:0cdf440011ed020021ed0200e9d3020003
:020000040000fa
:020000040002f8
:10df500000b583b000236ff00102009219461a4603
:0cdf6000ebf7f8fd03b05df804fb00bf18
:020000040000fa
:020000040002f8
:10df6c0010b50346c9b202449a4201d1002004e024
:0cdf7c00013a104614788c42f6d110bd1a
:020000040000fa
:020000040002f8
:10df880038b501fb00f52846faf7d8fe044618b163
:0cdf98002a46002100f05efd204638bd46
:020000040000fa
:020000040002f8
:10dfa400a0f13003092b07d940f02000613805287f
:0cdfb4008cbf0020012070470120704746
:020000040000fa
:020000040002f8
:10dfc00013b50446019201aae4f7b6fe636813f0a4
:0cdfd000100f18bf4ff0ff3002b010bd62
:020000040000fa
:020000040002f8
:10dfdc0013b50446019201aae2f7b6fc636813f08c
:0cdfec00100f18bf4ff0ff3002b010bd46
:020000040000fa
:020000040002f8
:10dff80050b140f21d42b0fa80f1521a8840c30a6b
:0ce00800400503eb025170470100704717
:020000040000fa
:020000040002f8
:10e01400465f4452565f5048595f534d49547261ac
:0be024006e73666572537461727400c5
:020000040000fa
:020000040002f8
:10e03000465f4d41435f4272696467655f4765743f
:0be04000506b744677644463707400fa
:020000040000fa
:020000040002f8
:10e04c00465f4d41435f4272696467655f466f721c
:0be05c00776172645061636b657400b3
:020000040000fa
:020000040002f8
:10e0680054435049505f495056345f446973706156
:0ae078007463685061636b65740007
:020000040000fa
:020000040002f8
:10e0840054435049505f495056345f5061636b6547
:0ae0940074466f726d6174547800d9
:020000040000fa
:020000040002f8
:10e09e000eb403b503aa52f8041b0192fef79dfbc2
:0ae0ae0002b05df804eb03b0704708
:020000040000fa
:020000040002f8
:10e0b8000cb407b504ab53f8042b0193faf728fd09
:0ae0c80003b05df804eb02b07047ee
:020000040000fa
:020000040002f8
:10e0d2000eb403b503aa52f8041b019201f0c9f869
:0ae0e20002b05df804eb03b07047d4
:020000040000fa
:020000040002f8
:10e0ec00465f4452565f4d49494d5f52656c6561c0
:09e0fc0073654f704463707400f9
:020000040000fa
:020000040002f8
:10e1080010b501210446f6f7abfe10b1014bc4f877
:08e118001a3010bd04000900db
:020000040000fa
:020000040002f8
:10e1200010b509210446f6f79ffe10b1014bc4f863
:08e130001a3010bd04000700c5
:020000040000fa
:020000040002f8
:10e13800c5e6020009a502007d6f0200798b020086
:08e148003d3e0200f14e020011
:020000040000fa
:020000040002f8
:10e15000b1eb02007d0e020099f202000000000007
:08e160000000000000000000b7
:020000040000fa
:020000040002f8
:10e16800044b984205d1037eda0744bf23f002032b
:08e17800037670475cb700203c
:020000040000fa
:020000040002f8
:10e18000044a904202d1037edb0700d47047eaf7cd
:08e1900049b800bf5cb7002094
:020000040000fa
:020000040002f8
:10e19800d0f8ac301a6822f008021a601a6822f027
:08e1a80004021a605b6a704773
:020000040000fa
:020000040002f8
:10e1b00031b103682bb10b60836801600133836068
:08e1c00070474160f8e700bf61
:020000040000fa
:020000040002f8
:10e1c800cb0707d532b1d0f8a0301178b3f91200d7
:08e1d800fff764bc704700bfb3
:020000040000fa
:020000040002f8
:10e1e000d0f8ac301a6819b142f008021a607047d2
:08e1f00022f008021a607047da
:020000040000fa
:020000040002f8
:10e1f80010b584b001240093069bcde901340023b7
:08e20800edf7e4f904b010bdcc
:020000040000fa
:020000040002f8
:10e2100010b584b003240093069bcde9013400239c
:08e22000edf7d8f904b010bdc0
:020000040000fa
:020000040002f8
:10e2280010b584b004240093069bcde90134002383
:08e23800edf7ccf904b010bdb4
:020000040000fa
:020000040002f8
:10e24000465f4452565f4d49494d5f4f704c69736c
:08e250007452656d6f766500e4
:020000040000fa
:020000040002f8
:10e2580028b104498a6812b12031fff7cdbd0020ea
:08e26800704700bf70b00020f8
:020000040000fa
:020000040002f8
:10e2700054435049505f495056345f4172704c6965
:08e280007374507572676500ac
:020000040000fa
:020000040002f8
:10e28800034628b1002290f9380083f838207047f7
:08e298006ff00800704700bfa1
:020000040000fa
:020000040002f8
:10e2a00054435049505f444e535f436c69656e74ec
:08e2b00050726f636573730087
:020000040000fa
:020000040002f8
:10e2b800436800220a602bb119608368416001330a
:08e2c800836070470160f8e774
:020000040000fa
:020000040002f8
:10e2d00028b190f8423013f0400301d1184670473e
:08e2e0000b68c36001207047c8
:020000040000fa
:020000040002f8
:10e2e80028b190f8423013f0400301d11846704726
:08e2f8000b680361012070476f
:020000040000fa
:020000040002f8
:10e3000028b190f8423013f0400301d1184670470d
:08e310000b6843610120704716
:020000040000fa
:020000040002f8
:10e31800034620b190f8420010f0400000d1704749
:08e3280093f87500704700bf77
:020000040000fa
:020000040002f8
:10e3300040b1006930b1002382890068134400288d
:08e34000fad198b2704700bf4a
:020000040000fa
:020000040002f8
:10e34800044b1b68984203d118b190f91b00704721
:08e358000020704740b60020d0
:020000040000fa
:020000040002f8
:10e36000044b1b68984203d118b10368d868704702
:08e370000020704740b60020b8
:020000040000fa
:020000040002f8
:10e37800465f4d41435f4272696467655f50616300
:08e388006b6574436f707900ae
:020000040000fa
:020000040002f8
:10e39000465f4d41435f4272696467655f476574dc
:08e3a0004677644463707400c9
:020000040000fa
:020000040002f8
:10e3a800044bd86a9a6a904285bf1b6b9b18101a57
:08e3b800181a704788b100201b
:020000040000fa
:020000040002f8
:10e3c000044a9368d06883423cbf12699b18181aac
:08e3d000704700bf88b1002076
:020000040000fa
:020000040002f8
:10e3d800044a136843f00203136013699b07fcd4d3
:08e3e800704700bf003800403f
:020000040000fa
:020000040002f8
:10e3f000044a136823f00203136013699b07fcd4db
:08e40000704700bf0038004026
:020000040000fa
:020000040002f8
:10e40800d0f8d42032b15168d0f8d0308b4201d046
:08e41800f6f7c4b8704700bf1d
:020000040000fa
:020000040002f8
:10e4200008b5d0e9003003491b689847bde80840ab
:08e43000fff722b8543b000085
:020000040000fa
:020000040002f8
:10e43800dd570200a9e302008dde020045f6010067
:08e44800c1e30200a9de02009d
:020000040000fa
:020000040002f8
:10e45000000000002e0000002f000000300000002f
:08e460001f0000002000000075
:020000040000fa
:020000040002f8
:10e4680010b5044ce068ddf7f9fa206abde8104001
:08e47800f3f79cbc90b20020f8
:020000040000fa
:020000040002f8
:10e4800010100000d86a0000fc6a0000206b000039
:08e49000446b0000686b000002
:020000040000fa
:020000040002f8
:10e498006c760000b568010078760000c47600004c
:08e4a800e9d00200d07600006b
:020000040000fa
:020000040002f8
:10e4b0004ab1431e84460a4411f8010b03f8010fc8
:08e4c0009142f9d1604670475a
:020000040000fa
:020000040002f8
:10e4c80003783bb1034600bf13f8012f002afbd1a4
:08e4d800181a7047184670473e
:020000040000fa
:020000040002f8
:10e4e00038b504460d46fff7efff2946421c20468b
:08e4f000bde83840fff73abd1a
:020000040000fa
:020000040002f8
:10e4f800044a136823b91060036101600120704762
:08e508000020704714b7002049
:020000040000fa
:020000040002f8
:10e51000034b044a1868504301301860400c7047a0
:08e520001cb700202d7f954c73
:020000040000fa
:020000040002f8
:10e52800d0e90f2310b59c1a0165446511b18c42de
:08e53800c8bf5318c36410bdf5
:020000040000fa
:020000040002f8
:10e5400010b4c46a1cb123465df8044b1847006838
:08e550005df8044b00f00cbf64
:020000040000fa
:020000040002f8
:10e55800465f444e53436f6d706c657465486173d4
:07e5680068456e7472790032
:020000040000fa
:020000040002f8
:10e57000465f4d41435f4272696467655f476574fa
:07e58000467764506b740044
:020000040000fa
:020000040002f8
:10e588004d49494d5f50726f636573735f57726988
:06e5980074654578740073
:020000040000fa
:020000040002f8
:10e5a00054435049505f495056345f41727048613e
:06e5b0006e646c65720050
:020000040000fa
:020000040002f8
:10e5b800465f444e535f436c65616e4361636865b3
:06e5c800456e747279003b
:020000040000fa
:020000040002f8
:10e5ce0010b50023c25ccc5ca24202d10133002afa
:06e5de00f8d1101b10bd76
:020000040000fa
:020000040002f8
:10e5e4000068002808b501da002008bdfbf7f6fe34
:06e5f400431cfad1f8e718
:020000040000fa
:020000040002f8
:10e5fa0037b54ff0ff344ff0ff35cde90045fbf753
:06e60a00e2f903b030bd8f
:020000040000fa
:020000040002f8
:10e6100068076c094c836a9074a07ac0008068888f
:06e6200000846c82008101
:020000040000fa
:020000040002f8
:10e62800465f4452565f4d49494d5f4765744f7088
:05e63800446370740052
:020000040000fa
:020000040002f8
:10e640004d49494d5f50726f636573735f526561e9
:05e65000644578740030
:020000040000fa
:020000040002f8
:10e65800465f4452565f4d49494d5f50726f63653e
:05e6680073734f700008
:020000040000fa
:020000040002f8
:10e6700054435049505f54454c4e45545f50726f5f
:05e680006365737300e7
:020000040000fa
:020000040002f8
:10e6880020b108b5fcf7b8fd002008bd6ff0ac005c
:04e69800704700bf08
:020000040000fa
:020000040002f8
:10e69c00034b98420cbf90f904004ff0ff307047c9
:04e6ac0004af002097
:020000040000fa
:020000040002f8
:10e6b000034b984203d1002383800370436170476a
:04e6c00004af002083
:020000040000fa
:020000040002f8
:10e6c40010b500210446f6f7cdfb10b10123c4f8c0
:04e6d4001a3010bd2b
:020000040000fa
:020000040002f8
:10e6d80010b501210446f6f7c3fb10b10123c4f8b5
:04e6e8001a3010bd17
:020000040000fa
:020000040002f8
:10e6ec0010b501210446f6f7b9fb10b10123c4f8ab
:04e6fc001a3010bd03
:020000040000fa
:020000040002f8
:10e7000010b501210446f6f7affb10b10123c4f8a0
:04e710001a3010bdee
:020000040000fa
:020000040002f8
:10e71400617d020051070200715b020009f80100eb
:04e7240015b9020021
:020000040000fa
:020000040002f8
:10e72800034b984206bfb0f8560080b200207047ed
:04e738005cb70020aa
:020000040000fa
:020000040002f8
:10e73c00f5b9020039830200b9740200d9820200d3
:04e74c00312b02006b
:020000040000fa
:020000040002f8
:10e75000d0f8bc10002203460a70d3f8c430012060
:04e760001a70704774
:020000040000fa
:020000040002f8
:10e76400034b186800f001000138c0b2704700bfc5
:04e774004cb3002082
:020000040000fa
:020000040002f8
:10e77800d0f8ac20536823f0105323f4fc730b43f8
:04e788005360704723
:020000040000fa
:020000040002f8
:10e78c00d0f8943001eb011103eb81030022c3f8a4
:04e79c003e20704764
:020000040000fa
:020000040002f8
:10e7a00011b10121fef7bebf0148f6f7b1bc00bfb1
:04e7b000fc08000061
:020000040000fa
:020000040002f8
:10e7b400034b994204bf012381f80831704700bf1d
:04e7c40020a700206a
:020000040000fa
:020000040002f8
:10e7c800465f4452565f4d49494d5f4f70526573dd
:04e7d800756c7400e8
:020000040000fa
:020000040002f8
:10e7dc00465f4452565f4d49494d5f5265706f72aa
:04e7ec00744f7000f6
:020000040000fa
:020000040002f8
:10e7f000696b0200cd700200f17e0200c51a0200b2
:04e80000392f0200aa
:020000040000fa
:020000040002f8
:10e804000128134603d10a460146e6f765bf4ff0d7
:04e81400ff3070471a
:020000040000fa
:020000040002f8
:10e81800b2f5007f00d07047012211461f20faf799
:04e8280027b800bf4e
:020000040000fa
:020000040002f8
:10e82c00b2f5807f00d07047012211461f20faf705
:04e83c001db800bf44
:020000040000fa
:020000040002f8
:10e84000b2f5807f00d07047012211460f20faf701
:04e8500013b800bf3a
:020000040000fa
:020000040002f8
:10e854000b78da0705d5426a23f00103013a0b70fd
:04e864004262704755
:020000040000fa
:020000040002f8
:10e86800c3688b4283bf8368006803fb01000020f4
:04e87800704700bf26
:020000040000fa
:020000040002f8
:10e87c0028b190f8423013f0400301d1184670478c
:04e88c004068704729
:020000040000fa
:020000040002f8
:10e8900028b190f8423013f0400301d11846704778
:04e8a000c068704795
:020000040000fa
:020000040002f8
:10e8a40028b190f8423013f0400301d11846704764
:04e8b4000069704740
:020000040000fa
:020000040002f8
:10e8b80028b190f8423013f0400301d11846704750
:04e8c80040697047ec
:020000040000fa
:020000040002f8
:10e8cc0028b190f8423013f0400301d1184670473c
:04e8dc008068704799
:020000040000fa
:020000040002f8
:10e8e00028b190f8423013f0400301d11846704728
:04e8f0003c30704701
:020000040000fa
:020000040002f8
:10e8f40028b190f8423013f0400301d11846704714
:04e9040040687047b0
:020000040000fa
:020000040002f8
:10e9080028b190f8423013f0400301d118467047ff
:04e918003c307047d8
:020000040000fa
:020000040002f8
:10e91c00034b00eb400003eb8000fef77dbf00bf14
:04e92c007cad00209e
:020000040000fa
:020000040002f8
:10e93000034b1a7b82420cbf98680020704700bfcf
:04e94000fcb3002004
:020000040000fa
:020000040002f8
:10e9440034380000383800003c38000044380000f7
:04e95400483800003f
:020000040000fa
:020000040002f8
:10e95800034b1a68136e01331366ebf7b5bc00bf9f
:04e9680040b6002095
:020000040000fa
:020000040002f8
:10e96c0000b2421c01d10020704708b5faf72cf90f
:04e97c0008bd00bf13
:020000040000fa
:020000040002f8
:10e98000b2f5007f00d07047012211461820f9f738
:04e9900073bf00bf92
:020000040000fa
:020000040002f8
:10e994005d6302003dcb020085d902006de90200ef
:04e9a400a53d02008b
:020000040000fa
:020000040002f8
:10e9a800eff3108072b6bff35f8fb0fa80f04009c2
:04e9b800704700bfe5
:020000040000fa
:020000040002f8
:10e9bc0018b1bff35f8f62b6704772b6bff35f8f4b
:04e9cc00704700bfd1
:020000040000fa
:020000040002f8
:10e9d000034b187e80f00200c0f34000704700bf78
:04e9e00000300040c3
:020000040000fa
:020000040002f8
:10e9e40025da0200f15d0200c1cb0200b5f102009c
:04e9f40005da02003e
:020000040000fa
:020000040002f8
:10e9f80028b9034b0968196040f201129a807047e0
:04ea0800f0b4002046
:020000040000fa
:020000040002f8
:10ea0c0001000000050000000000000005000100ee
:04ea1c0001000000f5
:020000040000fa
:020000040002f8
:10ea20000248034b017001221a70704754b700204e
:04ea300055b70020b6
:020000040000fa
:020000040002f8
:10ea34001c6a0000306a0000606a00007c6a000002
:04ea4400ac6a0000b8
:020000040000fa
:020000040002f8
:10ea480037eb020003dc020091f4020091f40200ab
:04ea580091f4020033
:020000040000fa
:020000040002f8
:10ea5c0032b1c9b20244034603f8011b9a42fbd1fe
:04ea6c00704700bf30
:020000040000fa
:020000040002f8
:10ea7000034600bf11f8012b184603f8012b002aaa
:04ea8000f8d1704712
:020000040000fa
:020000040002f8
:10ea840010b50c46faf716f80378e4b2a34218bf9f
:04ea9400002010bd91
:020000040000fa
:020000040002f8
:10ea980037b54ff0ff340025cde90045faf794ff6c
:04eaa80003b030bdca
:020000040000fa
:020000040002f8
:10eaac0037b54ff000440025cde90045faf78aff51
:04eabc0003b030bdb6
:020000040000fa
:020000040002f8
:10eac0004d49494d5f50726f636573735f5772694b
:03ead0007465006a
:020000040000fa
:020000040002f8
:10ead4005443504950537461636b5061636b657464
:03eae40054780063
:020000040000fa
:020000040002f8
:10eae8004d49494d5f50726f636573735f5265613d
:02eaf8006400b8
:020000040000fa
:020000040002f8
:10eafc004d49494d5f50726f636573735f5363612a
:02eb0c006e0099
:020000040000fa
:020000040002f8
:10eb100046435f55385074724469666632554931d0
:02eb20003600bd
:020000040000fa
:020000040002f8
:10eb240046435f436850747244696666325549319e
:02eb34003600a9
:020000040000fa
:020000040002f8
:10eb36000a440023914201d10020704701f8013bad
:02eb4600f8e7ee
:020000040000fa
:020000040002f8
:10eb4800465f444e535f56616c69646174654966fb
:01eb580000bc
:020000040000fa
:020000040002f8
:10eb5c00465f444e535f53656e645f5175657279c1
:01eb6c0000a8
:020000040000fa
:020000040002f8
:10eb700010b109b1eff72aba6ff0ac00704700bfcf
:020000040000fa
:020000040002f8
:10eb800010b109b1f4f7d4ba6ff0ac00704700bf10
:020000040000fa
:020000040002f8
:10eb900010b109b1ebf758bc6ff0ac00704700bf83
:020000040000fa
:020000040002f8
:10eba0004452565f4554485048595f4f70656e0057
:020000040000fa
:020000040002f8
:10ebb00012f0010f0cbf6ff006000020704700bf7d
:020000040000fa
:020000040002f8
:10ebc00020b100f5805090f881017047ff20704718
:020000040000fa
:020000040002f8
:10ebd00001b1704701481146f6f79aba580800008b
:020000040000fa
:020000040002f8
:10ebe00003099f288cbf03f1570003f130007047e1
:020000040000fa
:020000040002f8
:10ebf00000f00f0009288cbf57303030704700bf3d
:020000040000fa
:020000040002f8
:10ec000000000000c4240000d0240000d82400002c
:020000040000fa
:020000040002f8
:10ec100010b10378012b01d000207047f1f7f0bb51
:020000040000fa
:020000040002f8
:10ec200010b582b001240094f2f7f0f902b010bde3
:020000040000fa
:020000040002f8
:10ec300010b582b002240094f2f7e8f902b010bdda
:020000040000fa
:020000040002f8
:10ec40008c46114618b91a466046fcf7b3bf7047a8
:020000040000fa
:020000040002f8
:10ec500010b1b0f8680070474ff0ff30704700bf48
:020000040000fa
:020000040002f8
:10ec600010b1b0f8680070474ff0ff30704700bf38
:020000040000fa
:020000040002f8
:10ec700020b10023036043608360c360704700bf1e
:020000040000fa
:020000040002f8
:10ec800020b1836d984214bf02200120704700bf5d
:020000040000fa
:020000040002f8
:10ec90000608020000000100000803000000000058
:020000040000fa
:020000040002f8
:10eca00010b9024b186870470020704740b600202a
:020000040000fa
:020000040002f8
:10ecb00046435f5074724469666632554931360086
:020000040000fa
:020000040002f8
:10ecc000024b03eb00104160826070472cb30020c0
:020000040000fa
:020000040002f8
:10ecd000024b03eb0013188880b2704750b300203a
:020000040000fa
:020000040002f8
:10ece000024b40f204521a80704700bf00400041be
:020000040000fa
:020000040002f8
:10ecf00008b50b4611461a46fff7dafb012008bd9e
:020000040000fa
:020000040002f8
:10ed0000024b588ac04300f00100704700400041a8
:020000040000fa
:020000040002f8
:10ed1000024a908313695b06fcd4704700380040b8
:020000040000fa
:020000040002f8
:10ed2000024ad08313691b06fcd4704700380040a8
:020000040000fa
:020000040002f8
:10ed300010b9024b1879704703207047f0b40020d7
:020000040000fa
:020000040002f8
:10ed40000a000000000000000000000000000000b9
:020000040000fa
:020000040002f8
:10ed50003138020099c60200d1e902009df102009b
:020000040000fa
:020000040002f8
:10ed6000002202491046fbf7efba00bfb9f30200d8
:020000040000fa
:020000040002f8
:10ed700008b50020eef72ef9fdf764fffce700bfb1
:020000040000fa
:020000040002f8
:10ed8000024bd86b003818bf01207047b8b0002084
:020000040000fa
:020000040002f8
:10ed9000024b186c003818bf01207047b8b0002033
:020000040000fa
:020000040002f8
:10eda00048f6b503c01ab0fa80f04009704700bfba
:020000040000fa
:020000040002f8
:10edb000024b186801301860704700bffcb6002095
:020000040000fa
:020000040002f8
:10edc00008b5edf73cfeedf73afeedf738fe08bd6d
:020000040000fa
:020000040002f8
:0fedd0004452565f4d49494d5f5461736b730058
:020000040000fa
:020000040002f8
:0fede000465f444e535f526561644e616d65003e
:020000040000fa
:020000040002f8
:0fedf000465f444e53507574537472696e6700da
:020000040000fa
:020000040002f8
:0fee000046435f4370747238325074723136007b
:020000040000fa
:020000040002f8
:0eee1000a0f14103192b98bf40f0200070477d
:020000040000fa
:020000040002f8
:0eee1e00a0f16103192b98bf00f05f00704750
:020000040000fa
:020000040002f8
:0dee2c00465f444e534765744461746100b5
:020000040000fa
:020000040002f8
:0cee3c0008b1fff787b86ff0ac0070471a
:020000040000fa
:020000040002f8
:0cee480000230222c0e90633428070471c
:020000040000fa
:020000040002f8
:0cee5400b5410200759a0200c54602009c
:020000040000fa
:020000040002f8
:0cee6000ede602006d61020049ee0200c8
:020000040000fa
:020000040002f8
:0cee6c00d9e60200219f0200d5c8020078
:020000040000fa
:020000040002f8
:0cee7800d0f8ac3020225a61704700bf77
:020000040000fa
:020000040002f8
:0cee8400d0f8ac305869c0f34010704763
:020000040000fa
:020000040002f8
:0cee9000d0f8ac30d3f80001704700bf90
:020000040000fa
:020000040002f8
:0cee9c00d0f8ac30d3f80401704700bf80
:020000040000fa
:020000040002f8
:0ceea800d0f8ac30d3f80801704700bf70
:020000040000fa
:020000040002f8
:0ceeb400d0f8ac30d3f80c01704700bf60
:020000040000fa
:020000040002f8
:0ceec000d0f8ac30d3f81001704700bf50
:020000040000fa
:020000040002f8
:0ceecc00d0f8ac30d3f81401704700bf40
:020000040000fa
:020000040002f8
:0ceed800d0f8ac30d3f81801704700bf30
:020000040000fa
:020000040002f8
:0ceee400d0f8ac30d3f81c01704700bf20
:020000040000fa
:020000040002f8
:0ceef000d0f8ac30d3f82001704700bf10
:020000040000fa
:020000040002f8
:0ceefc00d0f8ac30d3f82401704700bf00
:020000040000fa
:020000040002f8
:0cef0800d0f8ac30d3f82801704700bfef
:020000040000fa
:020000040002f8
:0cef1400d0f8ac30d3f82c01704700bfdf
:020000040000fa
:020000040002f8
:0cef2000d0f8ac30d3f83001704700bfcf
:020000040000fa
:020000040002f8
:0cef2c00d0f8ac30d3f83401704700bfbf
:020000040000fa
:020000040002f8
:0cef3800d0f8ac30d3f83801704700bfaf
:020000040000fa
:020000040002f8
:0cef4400d0f8ac30d3f83c01704700bf9f
:020000040000fa
:020000040002f8
:0cef5000d0f8ac30d3f84001704700bf8f
:020000040000fa
:020000040002f8
:0cef5c00d0f8ac30d3f84401704700bf7f
:020000040000fa
:020000040002f8
:0cef6800d0f8ac30d3f84801704700bf6f
:020000040000fa
:020000040002f8
:0cef7400d0f8ac30d3f84c01704700bf5f
:020000040000fa
:020000040002f8
:0cef8000d0f8ac30d3f85001704700bf4f
:020000040000fa
:020000040002f8
:0cef8c00d0f8ac30d3f85401704700bf3f
:020000040000fa
:020000040002f8
:0cef9800d0f8ac30d3f85801704700bf2f
:020000040000fa
:020000040002f8
:0cefa400d0f8ac30d3f85c01704700bf1f
:020000040000fa
:020000040002f8
:0cefb000d0f8ac30d3f86001704700bf0f
:020000040000fa
:020000040002f8
:0cefbc00d0f8ac30d3f86401704700bfff
:020000040000fa
:020000040002f8
:0cefc800d0f8ac30d3f86801704700bfef
:020000040000fa
:020000040002f8
:0cefd400d0f8ac30d3f86c01704700bfdf
:020000040000fa
:020000040002f8
:0cefe000d0f8ac30d3f87001704700bfcf
:020000040000fa
:020000040002f8
:0cefec00d0f8ac30d3f87401704700bfbf
:020000040000fa
:020000040002f8
:0ceff800d0f8ac30d3f87801704700bfaf
:020000040000fa
:020000040002f8
:0cf00400d0f8ac30d3f87c01704700bf9e
:020000040000fa
:020000040002f8
:0cf01000d0f8ac30d3f88001704700bf8e
:020000040000fa
:020000040002f8
:0cf01c00d0f8ac30d3f88401704700bf7e
:020000040000fa
:020000040002f8
:0cf02800d0f8ac30d3f88801704700bf6e
:020000040000fa
:020000040002f8
:0cf03400d0f8ac30d3f88c01704700bf5e
:020000040000fa
:020000040002f8
:0cf04000d0f8ac30d3f89001704700bf4e
:020000040000fa
:020000040002f8
:0cf04c00d0f8ac30d3f89401704700bf3e
:020000040000fa
:020000040002f8
:0cf05800d0f8ac30d3f89801704700bf2e
:020000040000fa
:020000040002f8
:0cf06400d0f8ac30d3f89c01704700bf1e
:020000040000fa
:020000040002f8
:0cf07000d0f8ac30d3f8a001704700bf0e
:020000040000fa
:020000040002f8
:0cf07c00d0f8ac30d3f8a401704700bffe
:020000040000fa
:020000040002f8
:0cf08800d0f8ac30d3f8a801704700bfee
:020000040000fa
:020000040002f8
:0cf09400d0f8ac30d3f8ac01704700bfde
:020000040000fa
:020000040002f8
:0cf0a000d0f8ac30d3f8b001704700bfce
:020000040000fa
:020000040002f8
:0cf0ac0000f58050002380f88a31704786
:020000040000fa
:020000040002f8
:0cf0b80043680120a3f8a610704700bfb9
:020000040000fa
:020000040002f8
:0cf0c400036843f010030360704700bfb6
:020000040000fa
:020000040002f8
:0cf0d000036823f010030360704700bfca
:020000040000fa
:020000040002f8
:0cf0dc00806880f00400c0f380007047e2
:020000040000fa
:020000040002f8
:0cf0e800014b93f813027047a0a1002018
:020000040000fa
:020000040002f8
:0cf0f400014b1868704700bf54b50020a5
:020000040000fa
:020000040002f8
:0cf100000ab1eff70bbf1046704700bfcc
:020000040000fa
:020000040002f8
:0cf10c0088681368c01a18bf0120704703
:020000040000fa
:020000040002f8
:0cf1180018b1d0e90b329b1a18017047a7
:020000040000fa
:020000040002f8
:0cf124000023c0e900338360704700bf87
:020000040000fa
:020000040002f8
:0cf13000014b1868704700bf14b60020a7
:020000040000fa
:020000040002f8
:0cf13c00014b1888704700bffcb3002096
:020000040000fa
:020000040002f8
:0cf1480010b1406c00b14068704700bf7f
:020000040000fa
:020000040002f8
:0cf1540018b190f84200c0f38010704722
:020000040000fa
:020000040002f8
:0cf16000b0f8420000f00700704700bf4c
:020000040000fa
:020000040002f8
:0cf16c00014b00221a6070471cb6002006
:020000040000fa
:020000040002f8
:0cf178001368cb6093880b82704700bfc7
:020000040000fa
:020000040002f8
:0cf1840008460c3011460622fef739ba8e
:020000040000fa
:020000040002f8
:0cf1900003695a400a405a40026170476f
:020000040000fa
:020000040002f8
:0cf19c00014b1862596270473cb2002021
:020000040000fa
:020000040002f8
:0cf1a800014b186059607047dcb4002077
:020000040000fa
:020000040002f8
:0cf1b400014b5888fef744bc64b60020f4
:020000040000fa
:020000040002f8
:0cf1c000014b5888704700bf70b600205b
:020000040000fa
:020000040002f8
:0cf1cc00014b1868704700bf6cb60020b3
:020000040000fa
:020000040002f8
:0cf1d800014bd868704700bfc8b1002090
:020000040000fa
:020000040002f8
:0cf1e400014b00211b68184778b6002082
:020000040000fa
:020000040002f8
:0cf1f0000000000004000000000000000f
:020000040000fa
:020000040002f8
:0cf1fc0058f40200eccb02000000000000
:020000040000fa
:020000040002f8
:0cf20800014b93f834007047b8b00020b0
:020000040000fa
:020000040002f8
:0cf21400014b93f838007047b8b00020a0
:020000040000fa
:020000040002f8
:0cf22000014b1878704700bf58b7002061
:020000040000fa
:020000040002f8
:0cf22c00014b1878704700bf57b7002056
:020000040000fa
:020000040002f8
:0cf2380010b1d0f80e0000ba704700bf03
:020000040000fa
:020000040002f8
:0cf24400ec78000035af01001c790000e0
:020000040000fa
:020000040002f8
:0cf2500010b50446fff70cfc204610bd72
:020000040000fa
:020000040002f8
:0cf25c0010b50446fcf72ef8204610bd4b
:020000040000fa
:020000040002f8
:0cf26800014b0138186070471cb70020f3
:020000040000fa
:020000040002f8
:0cf2740013460a466ff00041f9f74cbc4d
:020000040000fa
:020000040002f8
:0bf2800046435f737072696e74660095
:020000040000fa
:020000040002f8
:0af28c000200800c000017000000d3
:020000040000fa
:020000040002f8
:08f2980000487047a025260084
:020000040000fa
:020000040002f8
:08f2a000d0f8ac30586a704749
:020000040000fa
:020000040002f8
:08f2a800d0f8ac309a62704707
:020000040000fa
:020000040002f8
:08f2b000d0f8ac30da627047bf
:020000040000fa
:020000040002f8
:08f2b80090f99400704700bfbb
:020000040000fa
:020000040002f8
:08f2c0006ff00500704700bf6c
:020000040000fa
:020000040002f8
:08f2c8006ff00500704700bf64
:020000040000fa
:020000040002f8
:08f2d0004368b3f8a800704781
:020000040000fa
:020000040002f8
:08f2d800406b80b2704700bfdb
:020000040000fa
:020000040002f8
:08f2e00013688b60704700bf4a
:020000040000fa
:020000040002f8
:08f2e80001460122e6f772bda8
:020000040000fa
:020000040002f8
:08f2f00080691030704700bf77
:020000040000fa
:020000040002f8
:08f2f80080690c30704700bf73
:020000040000fa
:020000040002f8
:08f3000008b1c06a000170476a
:020000040000fa
:020000040002f8
:08f3080008b1406b00017047e1
:020000040000fa
:020000040002f8
:08f31000086a1146fff75bb922
:020000040000fa
:020000040002f8
:08f318000022eef739bb00bf33
:020000040000fa
:020000040002f8
:08f320000023f1f7d7b800bf8c
:020000040000fa
:020000040002f8
:08f3280000b12c30704700bf5a
:020000040000fa
:020000040002f8
:08f3300008b10369184770479a
:020000040000fa
:020000040002f8
:08f3380008b143691847704752
:020000040000fa
:020000040002f8
:08f3400008b18369184770470a
:020000040000fa
:020000040002f8
:08f3480008b1c36918477047c2
:020000040000fa
:020000040002f8
:08f350006ff00b00704700bfd5
:020000040000fa
:020000040002f8
:08f3580000487047defaadde4b
:020000040000fa
:020000040002f8
:08f360000123edf7a9bd00bf78
:020000040000fa
:020000040002f8
:08f36800004870470087930381
:020000040000fa
:020000040002f8
:08f370004ff0ff30704700bfb1
:020000040000fa
:020000040002f8
:08f3780008b5fcf74ffd08bdcc
:020000040000fa
:020000040002f8
:08f3800034df02006b00000005
:020000040000fa
:020000040002f8
:08f388000100000004db02009b
:020000040000fa
:020000040002f8
:08f390000a0000000002000267
:020000040000fa
:020000040002f8
:08f398000a0000020000000061
:020000040000fa
:020000040002f8
:08f3a00000000000000800421b
:020000040000fa
:020000040002f8
:08f3a80000000010000000004d
:020000040000fa
:020000040002f8
:08f3b000000000000000002035
:020000040000fa
:020000040002f8
:08f3b8006ff48770704700bf7d
:020000040000fa
:020000040002f8
:08f3c0006ff00100704700bf6f
:020000040000fa
:020000040002f8
:08f3c8003c4300004443000037
:020000040000fa
:020000040002f8
:08f3d00083f00043e6f71ebec6
:020000040000fa
:020000040002f8
:06f3d8000180c2000000ec
:020000040000fa
:020000040002f8
:04f3e0000020704752
:020000040000fa
:020000040002f8
:04f3e4000846704720
:020000040000fa
:020000040002f8
:04f3e800704700bfab
:020000040000fa
:020000040002f8
:04f3ec00704700bfa7
:020000040000fa
:020000040002f8
:04f3f0000120704741
:020000040000fa
:020000040002f8
:04f3f400002070473e
:020000040000fa
:020000040002f8
:04f3f800704700bf9b
:020000040000fa
:020000040002f8
:04f3fc00704700bf97
:020000040000fa
:020000040002f8
:04f40000072070472a
:020000040000fa
:020000040002f8
:04f40400704700bf8e
:020000040000fa
:020000040002f8
:04f408000020704729
:020000040000fa
:020000040002f8
:04f40c00fcf726bc27
:020000040000fa
:020000040002f8
:04f410000020704721
:020000040000fa
:020000040002f8
:04f41400002070471d
:020000040000fa
:020000040002f8
:04f41800704700bf7a
:020000040000fa
:020000040002f8
:04f41c000368184722
:020000040000fa
:020000040002f8
:04f4200043681847de
:020000040000fa
:020000040002f8
:04f42400836818479a
:020000040000fa
:020000040002f8
:04f42800c368184756
:020000040000fa
:020000040002f8
:04f42c00fef70aba23
:020000040000fa
:020000040002f8
:04f430000c207047f5
:020000040000fa
:020000040002f8
:04f43400704700bf5e
:020000040000fa
:020000040002f8
:04f43800006a7047af
:020000040000fa
:020000040002f8
:04f43c008161704733
:020000040000fa
:020000040002f8
:04f44000416170476f
:020000040000fa
:020000040002f8
:04f4440001207047ec
:020000040000fa
:020000040002f8
:04f44800704700bf4a
:020000040000fa
:020000040002f8
:04f44c00fff7acba60
:020000040000fa
:020000040002f8
:04f45000fff7b4ba54
:020000040000fa
:020000040002f8
:04f4540000000000b4
:020000040000fa
:020000040002f8
:04f4580038e4020092
:020000040000fa
:020000040002f8
:04f45c000d0000009f
:020000040000fa
:020000040002f8
:04f4600002000000a6
:020000040000fa
:020000040002f8
:04f46400fee700bf00
:020000040000fa
:020000040002f8
:04f46800fee700bffc
:020000040000fa
:020000040002f8
:04f46c00fee700bff8
:020000040000fa
:020000040002f8
:04f47000fee700bff4
:020000040000fa
:020000040002f8
:04f47400fee700bff0
:020000040000fa
:020000040002f8
:04f47800fee700bfec
:020000040000fa
:020000040002f8
:04f47c00fee700bfe8
:020000040000fa
:020000040002f8
:04f48000704700bf12
:020000040000fa
:020000040002f8
:04f48400704700bf0e
:020000040000fa
:020000040002f8
:04f48800fcf7e8bbea
:020000040000fa
:020000040002f8
:04f48c00fcf7e6bbe8
:020000040000fa
:020000040002f8
:04f4900000207047a1
:020000040000fa
:020000040002f8
:04f49400002070479d
:020000040000fa
:020000040002f8
:04f498000020704799
:020000040000fa
:020000040002f8
:04f49c00fbf76fbf4c
:020000040000fa
:020000040002f8
:04f4a000704700bff2
:020000040000fa
:0200000400807a
:044000003912003c35
:020000040000fa
:0200000400807a
:044004008000a82a66
:020000040000fa
:0200000400807a
:04400800ffffffffb8
:00000001FF
